5,4,4,5,1,1,6,3,1,5,1,8,1,3,2,2,3,6,3,8,3,2,1,2,1,4,3,3,3,5,4,3,5,3,2,2,3,5,3,3,2,2,1,1,1,1,2,6,2,3,3,2,2,3,4,5,7,4,3,5,2,7,1,6,1,4,1,2,2,3,2,4,2,2,4,3,2,7,5,2,4,2,5,3,3,3,1,5,7,3,2,3,4,9,5,3,1,3,3,2,6,4,1,5,2,5,3,3,5,2,3,7,6,1,2,1,2,6,2,1,3,0,5,3,2,2,4,7
5,4,4,5,1,1,6,3,1,5,1,8,1,3,2,2,3,6,3,8,3,2,1,2,1,4,3,3,3,5,4,3,5,3,2,2,3,5,3,3,2,2,1,1,1,1,2,6,2,3,3,2,2,3,4,5,7,4,3,5,2,7,1,6,1,4,1,2,2,3,2,4,2,2,4,3,3,2,3,7,1,6,3,2,5,1,3,3,4,4,7,2,3,2,3,20,0,4,1,2,3,6,8,5,4,4,0,3,3,4,3,3,5,3,5,2,3,3,1,3,1,3,3,1,3,5,6,1
2,1,2,2,2,7,3,3,10,4,2,3,3,3,2,1,7,6,2,2,4,5,5,3,0,3,4,4,3,3,3,3,3,4,2,7,3,1,3,3,2,3,5,4,3,1,0,2,1,2,4,3,3,2,2,3,1,5,3,1,4,4,6,3,7,7,7,3,2,1,2,4,4,4,2,9,3,2,3,7,1,6,3,2,5,1,3,3,4,4,7,2,3,2,3,20,0,4,1,2,3,6,8,5,4,4,0,3,3,4,3,3,5,3,5,2,3,3,1,3,1,3,3,1,3,5,6,1
2,1,2,2,2,7,3,3,10,4,2,3,3,3,2,1,7,6,2,2,4,5,5,3,0,3,4,4,3,3,3,3,3,4,2,7,3,1,3,3,2,3,5,4,3,1,0,2,1,2,4,3,3,2,2,3,1,5,3,1,4,4,6,3,7,7,7,3,2,1,2,4,4,4,2,9,4,3,4,2,1,9,4,5,3,33,11,1,1,0,6,2,3,2,3,4,4,5,3,4,1,4,2,4,3,5,2,8,1,4,8,9,1,4,1,3,6,1,3,3,2,2,4,8,5,5,2,6
2,5,7,1,4,4,4,6,3,4,2,6,3,2,3,1,3,3,5,1,3,1,4,3,4,4,4,2,1,4,2,2,4,6,4,6,3,4,2,5,7,1,1,4,2,2,3,2,4,6,2,2,1,2,1,1,3,3,3,5,3,3,1,5,3,0,4,4,5,1,1,4,0,4,3,9,4,3,4,2,1,9,4,5,3,33,11,1,1,0,6,2,3,2,3,4,4,5,3,4,1,4,2,4,3,5,2,8,1,4,8,9,1,4,1,3,6,1,3,3,2,2,4,8,5,5,2,6
2,5,7,1,4,4,4,6,3,4,2,6,3,2,3,1,3,3,5,1,3,1,4,3,4,4,4,2,1,4,2,2,4,6,4,6,3,4,2,5,7,1,1,4,2,2,3,2,4,6,2,2,1,2,1,1,3,3,3,5,3,3,1,5,3,0,4,4,5,1,1,4,0,4,3,7,3,3,5,3,3,4,3,1,3,1,6,3,1,5,3,0,4,3,5,1,2,5,4,3,3,3,5,3,2,4,4,2,4,8,3,4,3,4,5,5,1,8,3,1,4,5,1,4,2,4,4,2
3,5,2,2,6,3,2,4,8,1,2,4,2,3,1,1,3,1,7,2,6,1,1,4,3,9,3,1,2,2,3,4,1,5,3,1,0,2,3,2,3,6,4,2,2,4,2,5,3,2,1,6,2,2,3,3,3,5,3,6,1,2,3,3,4,6,5,1,2,1,5,6,4,3,2,2,3,3,5,3,3,4,3,1,3,1,6,3,1,5,3,0,4,3,5,1,2,5,4,3,3,3,5,3,2,4,4,2,4,8,3,4,3,4,5,5,1,8,3,1,4,5,1,4,2,4,4,2
3,5,2,2,6,3,2,4,8,1,2,4,2,3,1,1,3,1,7,2,6,1,1,4,3,9,3,1,2,2,3,4,1,5,3,1,0,2,3,2,3,6,4,2,2,4,2,5,3,2,1,6,2,2,3,3,3,5,3,6,1,2,3,3,4,6,5,1,2,1,5,6,4,3,2,8,6,3,2,1,2,3,4,2,26,4,0,1,4,1,4,3,1,3,3,7,2,1,3,4,1,4,2,3,8,7,3,4,5,2,4,3,2,7,6,1,1,3,6,2,4,1,1,5,1,2,1,2
7,3,1,2,1,0,5,3,2,1,4,5,2,2,4,2,2,1,5,1,6,1,5,3,4,2,2,3,6,3,4,2,4,2,2,2,5,8,5,4,4,5,3,4,6,5,3,5,4,5,1,4,2,2,7,1,5,1,3,1,2,2,3,4,4,4,8,4,3,4,1,4,4,3,2,8,6,3,2,1,2,3,4,2,26,4,0,1,4,1,4,3,1,3,3,7,2,1,3,4,1,4,2,3,8,7,3,4,5,2,4,3,2,7,6,1,1,3,6,2,4,1,1,5,1,2,1,2
7,3,1,2,1,0,5,3,2,1,4,5,2,2,4,2,2,1,5,1,6,1,5,3,4,2,2,3,6,3,4,2,4,2,2,2,5,8,5,4,4,5,3,4,6,5,3,5,4,5,1,4,2,2,7,1,5,1,3,1,2,2,3,4,4,4,8,4,3,4,1,4,4,3,2,3,4,1,3,2,2,4,3,2,5,4,4,1,2,2,3,2,31,1,0,4,2,1,4,2,3,2,3,3,0,2,5,7,2,2,2,5,1,1,3,3,2,2,2,2,1,4,0,3,3,4,4,3
5,5,3,1,1,4,3,4,1,4,4,1,1,3,6,6,1,4,3,2,4,9,4,2,5,6,7,5,5,3,0,4,6,2,2,6,4,3,2,9,4,2,2,2,4,2,2,3,5,2,2,1,3,3,1,5,0,2,2,3,4,7,5,3,2,3,4,2,2,2,2,2,4,1,4,4,4,1,3,2,2,4,3,2,5,4,4,1,2,2,3,2,31,1,0,4,2,1,4,2,3,2,3,3,0,2,5,7,2,2,2,5,1,1,3,3,2,2,2,2,1,4,0,3,3,4,4,3
5,5,3,1,1,4,3,4,1,4,4,1,1,3,6,6,1,4,3,2,4,9,4,2,5,6,7,5,5,3,0,4,6,2,2,6,4,3,2,9,4,2,2,2,4,2,2,3,5,2,2,1,3,3,1,5,0,2,2,3,4,7,5,3,2,3,4,2,2,2,2,2,4,1,4,4,2,1,5,1,2,5,1,4,40,3,4,1,3,1,2,2,1,5,5,8,2,4,1,2,5,6,1,3,1,4,2,3,4,3,1,6,3,4,5,2,3,5,4,4,3,3,3,2,1,3,3,3
4,0,4,7,6,4,1,6,2,2,2,4,6,7,3,4,2,5,5,2,2,2,2,4,5,1,2,3,3,7,2,4,2,2,3,1,6,5,2,4,1,3,2,2,4,3,4,2,2,7,4,3,3,2,7,5,2,1,2,3,3,3,4,1,1,3,3,3,7,5,2,4,6,3,2,2,2,1,5,1,2,5,1,4,40,3,4,1,3,1,2,2,1,5,5,8,2,4,1,2,5,6,1,3,1,4,2,3,4,3,1,6,3,4,5,2,3,5,4,4,3,3,3,2,1,3,3,3
4,0,4,7,6,4,1,6,2,2,2,4,6,7,3,4,2,5,5,2,2,2,2,4,5,1,2,3,3,7,2,4,2,2,3,1,6,5,2,4,1,3,2,2,4,3,4,2,2,7,4,3,3,2,7,5,2,1,2,3,3,3,4,1,1,3,3,3,7,5,2,4,6,3,2,6,3,4,1,4,5,2,1,1,32,0,3,3,1,5,1,3,2,3,3,3,6,6,3,2,2,2,4,2,3,3,2,1,5,4,3,3,3,4,2,2,1,4,2,4,3,3,3,2,8,2,2,3
7,2,6,2,2,1,4,3,7,1,1,1,4,2,3,3,4,4,5,1,2,6,8,2,7,3,2,3,2,0,2,2,4,3,5,1,8,2,2,2,1,4,4,2,4,2,1,4,2,7,4,3,5,5,2,3,1,6,3,2,2,4,4,4,3,6,1,3,4,5,1,2,7,6,4,6,3,4,1,4,5,2,1,1,32,0,3,3,1,5,1,3,2,3,3,3,6,6,3,2,2,2,4,2,3,3,2,1,5,4,3,3,3,4,2,2,1,4,2,4,3,3,3,2,8,2,2,3
7,2,6,2,2,1,4,3,7,1,1,1,4,2,3,3,4,4,5,1,2,6,8,2,7,3,2,3,2,0,2,2,4,3,5,1,8,2,2,2,1,4,4,2,4,2,1,4,2,7,4,3,5,5,2,3,1,6,3,2,2,4,4,4,3,6,1,3,4,5,1,2,7,6,4,3,1,2,3,3,2,3,2,3,17,3,4,4,2,2,3,3,3,3,3,3,1,3,5,1,3,5,2,3,5,2,2,2,5,2,6,5,3,1,2,2,1,4,4,4,4,4,5,3,5,3,1,8
4,2,2,7,0,4,5,4,3,4,4,6,2,2,2,3,4,5,2,3,2,8,5,9,4,1,3,5,3,2,3,4,6,6,3,4,4,1,2,2,2,4,1,2,3,2,4,2,2,6,4,2,3,0,4,3,4,3,5,0,2,3,3,1,3,2,5,4,2,4,4,1,4,2,2,3,1,2,3,3,2,3,2,3,17,3,4,4,2,2,3,3,3,3,3,3,1,3,5,1,3,5,2,3,5,2,2,2,5,2,6,5,3,1,2,2,1,4,4,4,4,4,5,3,5,3,1,8
3,2,2,7,0,4,5,4,3,4,4,6,2,2,2,3,4,5,2,3,2,8,5,9,4,1,3,5,3,2,3,4,6,6,3,4,4,1,2,2,2,4,1,2,3,2,4,2,2,6,4,2,3,0,4,3,4,3,5,0,2,3,3,1,3,2,5,4,2,4,4,1,4,2,2,2,5,2,2,3,3,3,1,3,1,4,5,6,3,3,4,3,2,30,1,4,2,2,1,3,2,1,2,7,1,5,2,3,4,2,3,2,5,4,2,3,1,2,5,3,2,5,5,3,4,6,2,5
7,3,4,6,1,3,4,2,1,3,5,2,2,6,3,2,4,3,5,3,6,1,2,2,3,1,1,8,4,3,2,7,4,3,3,2,1,6,3,6,6,5,2,1,2,5,4,7,5,3,5,4,1,2,2,1,3,3,3,2,4,5,6,2,6,8,4,3,1,2,1,4,1,2,3,10,5,2,2,3,3,3,1,3,1,4,5,6,3,3,4,3,2,30,1,4,2,2,1,3,2,1,2,7,1,5,2,3,4,2,3,2,5,4,2,3,1,2,5,3,2,5,5,3,4,6,2,5
7,3,4,6,1,3,4,2,1,3,5,2,2,6,3,2,4,3,5,3,6,1,2,2,3,1,1,8,4,3,2,7,4,3,3,2,1,6,3,6,6,5,2,1,2,5,4,7,5,3,5,4,1,2,2,1,3,3,3,2,4,5,6,2,6,8,4,3,1,2,1,4,1,2,3,10,3,1,5,4,4,6,2,3,23,1,4,2,7,2,1,5,3,7,3,0,1,2,3,2,4,5,4,5,8,3,4,1,2,4,0,5,2,1,6,1,4,5,7,5,3,3,2,1,4,1,2,5
2,9,3,4,4,1,1,4,2,2,2,7,2,3,4,2,2,6,2,4,2,3,6,5,2,3,7,5,4,3,4,2,2,1,3,2,1,0,2,2,5,2,6,4,2,3,5,2,4,3,2,0,7,5,3,1,2,8,5,1,1,6,5,6,6,5,6,2,8,2,2,3,1,6,2,10,3,1,5,4,4,6,2,3,23,1,4,2,7,2,1,5,3,7,3,0,1,2,3,2,4,5,4,5,8,3,4,1,2,4,0,5,2,1,6,1,4,5,7,5,3,3,2,1,4,1,2,5
2,9,3,4,4,1,1,4,2,2,2,7,2,3,4,2,2,6,2,4,2,3,6,5,2,3,7,5,4,3,4,2,2,1,3,2,1,0,2,2,5,2,6,4,2,3,5,2,4,3,2,0,7,5,3,1,2,8,5,1,1,6,5,6,6,5,6,2,8,2,2,3,1,6,2,2,3,0,3,9,2,3,12,2,2,3,1,4,3,4,3,6,2,6,4,1,4,7,4,3,3,6,1,4,2,2,4,5,10,1,5,0,1,4,2,3,4,2,4,1,3,2,3,1,6,2,4,3
2,2,2,2,10,2,2,4,2,5,4,3,3,4,8,3,1,3,1,2,10,4,3,4,3,6,4,2,1,1,3,3,2,4,5,4,2,1,1,2,2,3,3,2,2,1,2,5,2,1,4,4,4,3,3,8,1,6,2,1,2,2,3,1,6,4,1,3,4,5,3,1,3,3,6,2,3,0,3,9,2,3,12,2,2,3,1,4,3,4,3,6,2,6,4,1,4,7,4,3,3,6,1,4,2,2,4,5,10,1,5,0,1,4,2,3,4,2,4,1,3,2,3,1,6,2,4,3
1,2,2,2,10,2,2,4,2,5,4,3,3,4,8,3,1,3,1,2,10,4,3,4,3,6,4,2,1,1,3,3,2,4,5,4,2,1,1,2,2,3,3,2,2,1,2,5,2,1,4,4,4,3,3,8,1,6,2,1,2,2,3,1,6,4,1,3,4,5,3,1,3,3,6,5,2,4,2,2,1,8,2,1,3,37,0,0,2,3,2,2,2,0,8,7,2,5,4,3,0,3,1,0,3,3,2,4,4,2,6,6,1,3,3,2,5,6,5,3,1,4,3,5,5,6,2,2
3,4,1,7,3,5,2,4,2,2,3,2,1,5,3,5,7,2,4,2,6,2,1,3,3,7,7,3,5,4,3,4,3,0,5,2,5,3,3,3,3,3,4,2,2,7,3,3,3,2,4,4,1,3,3,1,6,4,1,4,4,6,6,3,4,6,2,6,0,2,2,4,7,2,1,5,2,4,2,2,1,8,2,1,3,37,0,0,2,3,2,2,2,0,8,7,2,5,4,3,0,3,1,0,3,3,2,4,4,2,6,6,1,3,3,2,5,6,5,3,1,4,3,5,5,6,2,2
3,4,1,7,3,5,2,4,2,2,3,2,1,5,3,5,7,2,4,2,6,2,1,3,3,7,7,3,5,4,3,4,3,0,5,2,5,3,3,3,3,3,4,2,2,7,3,3,3,2,4,4,1,3,3,1,6,4,1,4,4,6,6,3,4,6,2,6,0,2,2,4,7,2,1,2,4,3,2,4,3,4,5,1,2,1,7,3,3,2,5,4,4,5,2,3,1,4,3,2,5,1,1,7,3,7,1,2,3,3,3,5,2,2,6,3,1,3,7,4,4,5,4,2,1,6,3,4
2,5,5,5,1,2,5,3,8,2,2,1,2,2,6,3,2,5,4,1,3,9,5,2,1,4,2,2,3,5,1,3,4,1,6,6,3,6,1,7,1,5,4,1,2,2,5,5,4,1,5,4,0,4,3,3,1,1,5,2,3,2,1,3,5,1,5,1,3,4,6,7,1,2,2,2,4,3,2,4,3,4,5,1,2,1,7,3,3,2,5,4,4,5,2,3,1,4,3,2,5,1,1,7,3,7,1,2,3,3,3,5,2,2,6,3,1,3,7,4,4,5,4,2,1,6,3,4
2,5,5,5,1,2,5,3,8,2,2,1,2,2,6,3,2,5,4,1,3,9,5,2,1,4,2,2,3,5,1,3,4,1,6,6,3,6,1,7,1,5,4,1,2,2,5,5,4,1,5,4,0,4,3,3,1,1,5,2,3,2,1,3,5,1,5,1,3,4,6,7,1,2,2,2,2,6,4,2,4,3,5,4,3,2,4,3,31,10,5,0,0,5,1,1,3,1,2,3,2,3,4,7,4,3,5,5,3,4,6,1,5,2,3,3,2,7,4,4,6,1,2,2,2,2,3,1
2,10,1,3,3,2,2,6,3,6,1,7,1,8,3,7,1,2,3,8,2,3,3,3,4,4,2,2,7,4,2,4,9,7,4,4,1,3,5,3,2,5,4,8,3,1,2,3,1,2,3,3,3,3,3,1,4,1,2,3,3,2,3,4,1,3,4,3,3,1,5,2,4,2,2,2,2,6,4,2,4,3,5,4,3,2,4,3,31,10,5,0,0,5,1,1,3,1,2,3,2,3,4,7,4,3,5,5,3,4,6,1,5,2,3,3,2,7,4,4,6,1,2,2,2,2,3,1
2,10,1,3,3,2,2,6,3,6,1,7,1,8,3,7,1,2,3,8,2,3,3,3,4,4,2,2,7,4,2,4,9,7,4,4,1,3,5,3,2,5,4,8,3,1,2,3,1,2,3,3,3,3,3,1,4,1,2,3,3,2,3,4,1,3,4,3,3,1,5,2,4,2,2,4,1,2,3,1,2,4,3,5,30,5,2,2,0,2,5,3,1,8,1,5,0,3,8,4,3,4,3,2,2,1,5,7,2,3,2,0,3,3,3,2,5,5,3,3,3,5,2,3,4,4,2,4
3,1,5,4,4,2,2,2,3,4,4,2,3,4,1,8,7,4,0,3,4,3,3,4,3,3,3,5,3,4,2,3,2,2,2,5,5,3,2,2,2,7,4,5,6,1,2,2,3,3,5,2,2,5,3,2,2,5,4,2,2,2,7,3,2,1,5,3,7,2,2,3,3,5,2,4,1,2,3,1,2,4,3,5,30,5,2,2,0,2,5,3,1,8,1,5,0,3,8,4,3,4,3,2,2,1,5,7,2,3,2,0,3,3,3,2,5,5,3,3,3,5,2,3,4,4,2,4
3,1,5,4,4,2,2,2,3,4,4,2,3,4,1,8,7,4,0,3,4,3,3,4,3,3,3,5,3,4,2,3,2,2,2,5,5,3,2,2,2,7,4,5,6,1,2,2,3,3,5,2,2,5,3,2,2,5,4,2,2,2,7,3,2,1,5,3,7,2,2,3,3,5,2,1,2,3,7,4,7,1,2,5,2,3,3,6,28,2,4,1,6,1,2,1,3,3,4,0,3,7,2,1,2,1,4,7,6,4,3,3,1,1,4,5,1,2,3,3,3,2,7,2,1,4,1,2
4,4,3,4,3,1,2,6,2,2,2,2,6,3,3,1,3,3,3,4,4,7,3,3,3,1,2,2,4,2,2,2,2,6,1,1,6,1,6,5,7,4,4,1,2,8,9,3,2,4,3,3,3,3,2,2,7,3,2,0,3,2,4,2,4,2,1,2,1,5,1,6,4,2,5,1,2,3,7,4,7,1,2,5,2,3,3,6,28,2,4,1,6,1,2,1,3,3,4,0,3,7,2,1,2,1,4,7,6,4,3,3,1,1,4,5,1,2,3,3,3,2,7,2,1,4,1,2
4,4,3,4,3,1,2,6,2,2,2,2,6,3,3,1,3,3,3,4,4,7,3,3,3,1,2,2,4,2,2,2,2,6,1,1,6,1,6,5,7,4,4,1,2,8,9,3,2,4,3,3,3,3,2,2,7,3,2,0,3,2,4,2,4,2,1,2,1,5,1,6,4,2,5,4,8,7,0,2,4,2,14,2,8,4,2,4,2,2,2,6,4,2,1,3,9,2,4,5,4,4,5,6,3,3,4,2,4,2,4,3,4,3,2,3,2,3,1,6,2,2,5,2,7,3,7,3
2,2,2,4,1,3,1,21,1,1,2,3,1,1,6,6,4,6,2,3,2,3,4,4,1,4,2,2,2,2,2,6,2,5,5,1,4,4,5,3,1,2,4,3,5,2,2,4,5,2,2,4,2,3,5,3,3,3,1,3,1,2,5,6,3,6,3,7,2,2,0,1,2,3,4,4,8,7,0,2,4,2,14,2,8,4,2,4,2,2,2,6,4,2,1,3,9,2,4,5,4,4,5,6,3,3,4,2,4,2,4,3,4,3,2,3,2,3,1,6,2,2,5,2,7,3,7,3
2,2,2,4,1,3,1,21,1,1,2,3,1,1,6,6,4,6,2,3,2,3,4,4,1,4,2,2,2,2,2,6,2,5,5,1,4,4,5,3,1,2,4,3,5,2,2,4,5,2,2,4,2,3,5,3,3,3,1,3,1,2,5,6,3,6,3,7,2,2,0,1,2,3,4,4,3,5,1,2,7,3,7,3,8,4,1,2,1,2,3,3,4,5,4,3,2,2,2,2,5,2,3,4,2,2,4,0,1,1,1,2,3,5,1,6,3,2,6,7,2,8,3,1,3,2,2,2
4,6,1,1,4,1,9,3,3,6,2,2,2,7,4,3,2,4,1,4,5,2,4,2,1,3,5,2,4,2,2,3,2,3,4,2,2,2,5,3,6,3,1,2,6,4,2,4,4,4,7,3,3,6,3,3,3,4,7,2,2,2,1,3,4,1,4,2,5,2,0,3,2,3,2,4,3,5,1,2,7,3,7,3,8,4,1,2,1,2,3,3,4,5,4,3,2,2,2,2,5,2,3,4,2,2,4,0,1,1,1,2,3,5,1,6,3,2,6,7,2,8,3,1,3,2,2,2
4,6,1,1,4,1,9,3,3,6,2,2,2,7,4,3,2,4,1,4,5,2,4,2,1,3,5,2,4,2,2,3,2,3,4,2,2,2,5,3,6,3,1,2,6,4,2,4,4,4,7,3,3,6,3,3,3,4,7,2,2,2,1,3,4,1,4,2,5,2,0,3,2,3,2,4,1,6,1,4,7,1,4,1,4,3,1,3,2,5,1,3,2,4,18,3,2,3,2,2,1,4,4,6,3,1,4,4,2,2,3,3,3,2,4,6,5,2,2,2,3,4,4,3,6,6,3,4
2,4,5,2,4,0,3,2,2,4,6,2,3,5,1,1,4,6,2,7,1,6,1,3,5,3,1,2,6,5,2,1,4,5,5,3,7,6,2,2,2,5,3,6,5,3,5,4,2,2,5,3,1,4,2,2,6,4,3,2,3,5,1,4,3,5,5,2,2,6,4,1,5,4,3,4,1,6,1,4,7,1,4,1,4,3,1,3,2,5,1,3,2,4,18,3,2,3,2,2,1,4,4,6,3,1,4,4,2,2,3,3,3,2,4,6,5,2,2,2,3,4,4,3,6,6,3,4
2,4,5,2,4,0,3,2,2,4,6,2,3,5,1,1,4,6,2,7,1,6,1,3,5,3,1,2,6,5,2,1,4,5,5,3,7,6,2,2,2,5,3,6,5,3,5,4,2,2,5,3,1,4,2,2,6,4,3,2,3,5,1,4,3,5,5,2,2,6,4,1,5,4,3,6,6,2,3,2,4,8,14,1,3,3,3,3,3,3,4,2,4,2,2,1,6,4,5,4,3,6,3,3,1,2,1,1,5,5,5,2,5,5,4,4,1,3,2,6,6,1,2,8,3,2,2,6
3,2,5,3,3,3,1,2,2,7,3,4,5,6,3,5,4,3,2,3,3,3,1,1,2,5,2,6,3,3,6,2,1,5,1,4,10,2,3,2,3,4,3,2,2,3,6,2,2,4,4,1,6,5,2,5,1,3,3,5,2,6,2,2,5,4,4,4,5,2,1,1,6,3,1,6,6,2,3,2,4,8,14,1,3,3,3,3,3,3,4,2,4,2,2,1,6,4,5,4,3,6,3,3,1,2,1,1,5,5,5,2,5,5,4,4,1,3,2,6,6,1,2,8,3,2,2,6
3,2,5,3,3,3,1,2,2,7,3,4,5,6,3,5,4,3,2,3,3,3,1,1,2,5,2,6,3,3,6,2,1,5,1,4,10,2,3,2,3,4,3,2,2,3,6,2,2,4,4,1,6,5,2,5,1,3,3,5,2,6,2,2,5,4,4,4,5,2,1,1,6,3,1,3,1,1,6,0,3,4,1,2,6,1,2,2,3,4,4,5,8,2,31,2,2,2,0,3,3,2,2,5,4,1,3,3,4,4,3,3,6,7,3,5,3,3,3,5,2,5,2,4,2,2,3,5
1,5,2,7,4,2,4,1,5,4,1,2,4,3,1,4,1,3,2,5,4,7,4,4,5,2,6,4,2,1,1,2,2,4,3,3,5,7,4,5,4,1,4,2,2,4,5,3,1,2,2,3,3,5,5,1,3,4,3,2,3,8,4,2,5,4,3,6,2,3,4,3,5,12,3,3,1,1,6,0,3,4,1,2,6,1,2,2,3,4,4,5,8,2,31,2,2,2,0,3,3,2,2,5,4,1,3,3,4,4,3,3,6,7,3,5,3,3,3,5,2,5,2,4,2,2,3,5
2,5,2,7,4,2,4,1,5,4,1,2,4,3,1,4,1,3,2,5,4,7,4,4,5,2,6,4,2,1,1,2,2,4,3,3,5,7,4,5,4,1,4,2,2,4,5,3,1,2,2,3,3,5,5,1,3,4,3,2,3,8,4,2,5,4,3,6,2,3,4,3,5,12,3,2,1,2,6,4,6,3,1,5,2,6,4,0,2,3,0,3,41,4,3,2,4,2,4,1,4,1,5,4,2,5,2,6,1,2,7,3,1,5,1,2,4,1,4,1,3,2,0,5,4,3,1,3
2,2,3,2,4,2,1,4,3,4,1,5,2,4,2,5,2,0,2,2,4,3,2,3,2,6,3,3,2,2,2,4,4,6,5,2,3,3,4,5,3,5,6,2,3,3,2,2,1,2,3,5,4,2,9,2,3,2,3,9,3,2,3,3,2,3,3,2,5,2,3,1,3,6,5,2,1,2,6,4,6,3,1,5,2,6,4,0,2,3,0,3,41,4,3,2,4,2,4,1,4,1,5,4,2,5,2,6,1,2,7,3,1,5,1,2,4,1,4,1,3,2,0,5,4,3,1,3
2,2,3,2,4,2,1,4,3,4,1,5,2,4,2,5,2,0,2,2,4,3,2,3,2,6,3,3,2,2,2,4,4,6,5,2,3,3,4,5,3,5,6,2,3,3,2,2,1,2,3,5,4,2,9,2,3,2,3,9,3,2,3,3,2,3,3,2,5,2,3,1,3,6,5,2,1,4,1,4,3,4,4,27,0,5,0,3,1,3,4,1,4,1,2,3,2,8,7,6,2,5,1,4,0,4,2,3,3,2,3,6,1,1,2,3,9,4,2,3,0,3,1,1,1,3,4,3
3,6,2,2,3,2,4,2,4,6,5,2,2,4,2,2,5,2,4,2,1,5,3,4,6,2,2,5,2,1,4,4,4,1,9,4,3,8,4,5,2,3,1,5,2,6,4,6,5,2,2,1,2,1,3,4,4,5,1,4,2,2,5,1,2,2,4,4,3,2,3,3,5,5,2,2,1,4,1,4,3,4,4,27,0,5,0,3,1,3,4,1,4,1,2,3,2,8,7,6,2,5,1,4,0,4,2,3,3,2,3,6,1,1,2,3,9,4,2,3,0,3,1,1,1,3,4,3
3,6,2,2,3,2,4,2,4,6,5,2,2,4,2,2,5,2,4,2,1,5,3,4,6,2,2,5,2,1,4,4,4,1,9,4,3,8,4,5,2,3,1,5,2,6,4,6,5,2,2,1,2,1,3,4,4,5,1,4,2,2,5,1,2,2,4,4,3,2,3,3,5,5,2,4,1,5,3,3,3,3,6,5,23,1,2,2,9,2,2,0,2,2,2,3,3,3,4,5,3,2,5,2,5,2,4,2,4,2,1,4,5,3,2,3,4,2,3,7,1,2,1,3,2,2,2,5
1,2,2,4,0,4,5,4,2,1,6,4,1,6,2,0,2,5,3,5,2,3,4,3,5,3,1,3,4,4,2,1,3,5,3,1,5,3,2,3,4,0,3,4,2,4,4,2,1,3,2,4,4,2,7,3,5,1,5,5,6,3,3,2,2,1,3,1,3,3,3,2,4,2,2,4,1,5,3,3,3,3,6,5,23,1,2,2,9,2,2,0,2,2,2,3,3,3,4,5,3,2,5,2,5,2,4,2,4,2,1,4,5,3,2,3,4,2,3,7,1,2,1,3,2,2,2,5
1,2,2,4,0,4,5,4,2,1,6,4,1,6,2,0,2,5,3,5,2,3,4,3,5,3,1,3,4,4,2,1,3,5,3,1,5,3,2,3,4,0,3,4,2,4,4,2,1,3,2,4,4,2,7,3,5,1,5,5,6,3,3,2,2,1,3,1,3,3,3,2,4,2,2,4,6,4,6,2,11,1,29,17,3,3,4,2,5,1,2,5,3,3,0,2,2,3,2,4,3,6,4,2,1,4,3,2,5,8,2,4,2,3,3,3,2,3,3,2,2,4,4,1,1,5,5,4
5,1,6,5,3,4,2,4,4,4,6,2,2,2,3,3,1,6,3,3,4,2,2,2,8,4,5,1,2,2,1,6,6,1,8,5,3,4,10,4,2,2,4,2,3,5,1,3,3,3,2,6,2,2,3,1,3,0,3,1,5,4,1,4,2,4,4,2,2,1,2,4,6,3,2,4,6,4,6,2,11,1,29,17,3,3,4,2,5,1,2,5,3,3,0,2,2,3,2,4,3,6,4,2,1,4,3,2,5,8,2,4,2,3,3,3,2,3,3,2,2,4,4,1,1,5,5,4
5,1,6,5,3,4,2,4,4,4,6,2,2,2,3,3,1,6,3,3,4,2,2,2,8,4,5,1,2,2,1,6,6,1,8,5,3,4,10,4,2,2,4,2,3,5,1,3,3,3,2,6,2,2,3,1,3,0,3,1,5,4,1,4,2,4,4,2,2,1,2,4,6,3,2,6,2,1,2,5,5,4,5,25,0,3,4,0,6,2,4,2,2,4,4,2,4,5,2,4,5,1,2,6,3,4,2,3,5,6,2,4,4,2,1,1,3,3,2,1,1,2,2,6,4,5,4,2
5,1,1,3,4,3,2,2,6,3,2,3,1,5,2,3,3,1,3,6,4,2,5,3,4,5,2,1,3,4,7,6,4,3,0,1,3,3,4,3,1,1,1,5,1,4,4,3,2,3,4,2,3,2,6,3,2,2,5,2,0,2,4,5,2,1,7,6,2,2,5,6,4,2,2,6,2,1,2,5,5,4,5,25,0,3,4,0,6,2,4,2,2,4,4,2,4,5,2,4,5,1,2,6,3,4,2,3,5,6,2,4,4,2,1,1,3,3,2,1,1,2,2,6,4,5,4,2
5,1,1,3,4,3,2,2,6,3,2,3,1,5,2,3,3,1,3,6,4,2,5,3,4,5,2,1,3,4,7,6,4,3,0,1,3,3,4,3,1,1,1,5,1,4,4,3,2,3,4,2,3,2,6,3,2,2,5,2,0,2,4,5,2,1,7,6,2,2,5,6,4,2,2,2,4,4,4,2,3,6,3,28,2,4,4,0,6,1,3,5,4,7,3,1,3,5,2,2,3,3,7,3,8,3,5,1,7,1,1,2,6,1,3,3,2,3,5,3,2,3,2,4,4,7,5,2
3,4,2,11,1,1,7,2,5,1,2,2,5,4,3,5,2,1,4,2,4,6,4,2,2,2,3,7,5,2,1,4,3,3,4,4,2,1,3,3,2,3,2,2,5,3,4,3,3,4,2,4,3,4,2,4,1,2,4,5,4,2,2,5,2,2,4,1,3,3,0,4,5,2,3,2,4,4,4,2,3,6,3,28,2,4,4,0,6,1,3,5,4,7,3,1,3,5,2,2,3,3,7,3,8,3,5,1,7,1,1,2,6,1,3,3,2,3,5,3,2,3,2,4,4,7,5,2
3,4,2,11,1,1,7,2,5,1,2,2,5,4,3,5,2,1,4,2,4,6,4,2,2,2,3,7,5,2,1,4,3,3,4,4,2,1,3,3,2,3,2,2,5,3,4,3,3,4,2,4,3,4,2,4,1,2,4,5,4,2,2,5,2,2,4,1,3,3,0,4,5,2,3,5,3,4,2,3,6,4,3,24,1,2,8,2,4,3,4,3,2,4,0,3,4,6,3,2,5,2,2,2,4,6,9,0,2,4,5,3,3,1,5,5,2,1,8,6,6,3,2,3,5,2,4,2
1,0,3,2,1,2,2,2,3,1,4,5,4,5,3,4,2,6,4,6,1,11,3,2,0,4,2,2,6,8,4,1,4,6,2,3,2,6,5,3,2,9,2,2,7,8,3,2,4,2,6,7,0,3,1,4,4,3,4,5,3,3,5,4,2,2,3,2,6,1,3,5,3,7,1,5,3,4,2,3,6,4,3,24,1,2,8,2,4,3,4,3,2,4,0,3,4,6,3,2,5,2,2,2,4,6,9,0,2,4,5,3,3,1,5,5,2,1,8,6,6,3,2,3,5,2,4,2
3,0,3,2,1,2,2,2,3,1,4,5,4,5,3,4,2,6,4,6,1,11,3,2,0,4,2,2,6,8,4,1,4,6,2,3,2,6,5,3,2,9,2,2,7,8,3,2,4,2,6,7,0,3,1,4,4,3,4,5,3,3,5,4,2,2,3,2,6,1,3,5,3,7,1,1,2,4,4,2,3,16,2,1,1,2,2,3,3,4,4,7,5,3,4,1,2,4,6,2,4,3,8,4,3,1,3,4,5,1,4,4,3,4,1,4,1,1,1,2,1,4,6,4,3,4,3,3
4,2,2,4,3,3,3,4,3,3,10,1,4,2,5,3,2,3,1,2,3,2,3,3,3,5,3,3,6,1,3,2,2,0,4,4,2,2,2,3,6,4,1,2,4,2,2,4,4,4,4,4,6,3,3,2,0,5,1,4,8,6,3,2,0,3,4,2,5,4,5,4,4,3,5,1,2,4,4,2,3,16,2,1,1,2,2,3,3,4,4,7,5,3,4,1,2,4,6,2,4,3,8,4,3,1,3,4,5,1,4,4,3,4,1,4,1,1,1,2,1,4,6,4,3,4,3,3
4,2,2,4,3,3,3,4,3,3,10,1,4,2,5,3,2,3,1,2,3,2,3,3,3,5,3,3,6,1,3,2,2,0,4,4,2,2,2,3,6,4,1,2,4,2,2,4,4,4,4,4,6,3,3,2,0,5,1,4,8,6,3,2,0,3,4,2,5,4,5,4,4,3,5,4,3,2,7,6,12,1,4,4,3,1,4,5,1,2,4,1,2,7,3,1,4,1,3,3,2,2,1,4,3,1,2,4,3,4,4,3,2,5,2,1,3,5,3,2,3,2,6,5,3,3,3,7
7,4,2,2,1,3,3,2,2,2,3,5,3,1,4,5,4,1,8,1,1,2,1,3,2,2,2,1,6,3,3,1,3,1,1,2,2,3,2,2,1,3,2,3,6,4,2,5,2,2,6,3,3,1,5,1,5,1,5,1,3,3,1,5,1,1,6,3,4,1,2,0,1,5,3,5,2,2,4,1,5,2,23,7,3,1,1,2,3,2,4,6,4,2,2,4,4,2,3,1,2,3,4,7,2,2,5,4,3,7,6,2,1,2,2,2,1,2,2,3,5,2,2,5,1,8,4,1
7,4,2,2,1,3,3,2,2,2,3,5,3,1,4,5,4,1,8,1,1,2,1,3,2,2,2,1,6,3,3,1,3,1,1,2,2,3,2,2,1,3,2,3,6,4,2,5,2,2,6,3,3,1,5,1,5,1,5,1,3,3,1,5,1,1,6,3,4,1,2,0,1,5,2,5,3,4,10,5,1,2,3,3,7,22,2,2,1,4,3,4,2,0,1,6,4,3,0,0,6,2,2,6,2,4,4,3,2,3,5,3,8,1,2,2,2,4,1,5,11,2,5,2,3,3,2,5
4,5,1,3,2,4,3,4,3,2,4,2,4,2,8,3,5,4,3,2,2,2,5,3,3,3,5,3,3,4,4,5,1,4,1,2,2,2,4,4,3,3,6,4,3,2,2,5,1,2,4,4,2,2,3,2,2,2,3,3,3,4,4,1,2,2,1,4,5,3,5,1,2,1,7,5,3,4,10,5,1,2,3,3,7,22,2,2,1,4,3,4,2,0,1,6,4,3,0,0,6,2,2,6,2,4,4,3,2,3,5,3,8,1,2,2,2,4,1,5,11,2,5,2,3,3,2,5
4,5,1,3,2,4,3,4,3,2,4,2,4,2,8,3,5,4,3,2,2,2,5,3,3,3,5,3,3,4,4,5,1,4,1,2,2,2,4,4,3,3,6,4,3,2,2,5,1,2,4,4,2,2,3,2,2,2,3,3,3,4,4,1,2,2,1,4,5,3,5,1,2,1,7,3,4,1,5,4,17,1,1,4,2,6,7,4,6,1,2,2,6,1,0,3,5,2,4,5,2,5,2,2,6,3,3,5,3,2,1,4,5,5,3,2,3,7,5,2,2,4,3,2,4,5,2,10
1,3,3,1,3,3,4,2,2,2,5,2,1,5,1,5,1,5,3,4,3,8,5,6,2,0,3,1,4,3,1,5,5,3,7,5,2,4,4,1,4,4,2,5,6,1,4,6,2,3,5,0,1,2,2,2,7,4,0,6,4,2,6,3,3,2,5,3,4,2,2,2,3,1,5,3,4,1,5,4,17,1,1,4,2,6,7,4,6,1,2,2,6,1,0,3,5,2,4,5,2,5,2,2,6,3,3,5,3,2,1,4,5,5,3,2,3,7,5,2,2,4,3,2,4,5,2,10
1,3,3,1,3,3,4,2,2,2,5,2,1,5,1,5,1,5,3,4,3,8,5,6,2,0,3,1,4,3,1,5,5,3,7,5,2,4,4,1,4,4,2,5,6,1,4,6,2,3,5,0,1,2,2,2,7,4,0,6,4,2,6,3,3,2,5,3,4,2,2,2,3,1,5,4,5,1,6,1,4,4,3,2,5,4,3,7,3,1,5,5,7,4,3,5,4,1,5,2,5,1,5,3,7,1,4,2,3,0,5,1,5,10,1,2,2,5,2,2,6,2,5,2,5,3,3,3
6,4,1,3,4,2,5,3,3,3,1,5,4,3,6,4,3,3,3,6,1,2,7,1,3,4,4,3,2,5,1,2,3,1,2,3,3,5,5,2,4,2,5,1,5,2,2,3,2,4,3,3,2,5,2,3,6,1,4,4,3,5,5,3,3,4,1,1,2,6,4,5,4,2,2,4,5,1,6,1,4,4,3,2,5,4,3,7,3,1,5,5,7,4,3,5,4,1,5,2,5,1,5,3,7,1,4,2,3,0,5,1,5,10,1,2,2,5,2,2,6,2,5,2,5,3,3,3
6,4,1,3,4,2,5,3,3,3,1,5,4,3,6,4,3,3,3,6,1,2,7,1,3,4,4,3,2,5,1,2,3,1,2,3,3,5,5,2,4,2,5,1,5,2,2,3,2,4,3,3,2,5,2,3,6,1,4,4,3,5,5,3,3,4,1,1,2,6,4,5,4,2,2,7,4,2,2,0,16,1,6,1,1,1,5,2,5,5,4,2,2,4,9,6,1,4,4,1,2,3,1,1,7,3,4,0,5,3,2,4,1,3,3,3,4,3,13,7,3,5,3,4,4,7,3,2
3,2,5,3,3,3,3,3,3,4,2,4,6,2,1,2,3,3,2,2,2,4,3,8,6,1,5,4,1,4,2,3,5,4,5,0,4,5,2,4,4,1,5,5,3,3,2,4,2,4,3,1,4,7,2,2,3,3,0,2,2,1,1,1,4,3,2,1,4,3,4,3,2,2,5,7,4,2,2,0,16,1,6,1,1,1,5,2,5,5,4,2,2,4,9,6,1,4,4,1,2,3,1,1,7,3,4,0,5,3,2,4,1,3,3,3,4,3,13,7,3,5,3,4,4,7,3,2
3,2,5,3,3,3,3,3,3,4,2,4,6,2,1,2,3,3,2,2,2,4,3,8,6,1,5,4,1,4,2,3,5,4,5,0,4,5,2,4,4,1,5,5,3,3,2,4,2,4,3,1,4,7,2,2,3,3,0,2,2,1,1,1,4,3,2,1,4,3,4,3,2,2,5,3,2,2,4,4,5,3,13,3,2,4,3,3,5,3,10,2,4,2,4,2,4,1,3,10,1,2,4,3,3,1,5,1,3,4,4,4,3,2,6,3,1,1,4,1,5,4,1,1,1,5,4,7
3,1,1,1,6,3,4,2,3,2,7,2,4,2,3,2,0,3,1,4,3,2,3,4,2,2,3,3,4,1,6,0,4,3,3,4,1,3,4,6,2,3,2,3,5,7,1,4,3,6,4,3,4,2,8,3,6,5,1,5,7,3,2,4,3,3,6,4,2,4,5,2,3,4,4,3,2,2,4,4,5,3,13,3,2,4,3,3,5,3,10,2,4,2,4,2,4,1,3,10,1,2,4,3,3,1,5,1,3,4,4,4,3,2,6,3,1,1,4,1,5,4,1,1,1,5,4,7
4,1,1,1,6,3,4,2,3,2,7,2,4,2,3,2,0,3,1,4,3,2,3,4,2,2,3,3,4,1,6,0,4,3,3,4,1,3,4,6,2,3,2,3,5,7,1,4,3,6,4,3,4,2,8,3,6,5,1,5,7,3,2,4,3,3,6,4,2,4,5,2,3,4,4,2,3,1,2,2,27,0,6,5,1,1,2,7,1,2,2,5,1,9,1,5,1,2,2,4,1,2,5,6,2,3,3,4,5,4,2,3,2,6,4,2,5,1,1,7,2,5,2,4,4,5,3,3
4,0,1,4,3,4,4,5,4,3,3,2,2,5,2,4,5,2,7,4,2,5,4,6,3,4,0,2,2,5,2,1,6,3,2,3,2,2,3,4,7,3,1,3,3,4,3,2,4,3,3,2,3,3,4,6,1,2,2,2,6,2,11,1,1,6,4,3,5,3,1,2,4,5,10,2,3,1,2,2,27,0,6,5,1,1,2,7,1,2,2,5,1,9,1,5,1,2,2,4,1,2,5,6,2,3,3,4,5,4,2,3,2,6,4,2,5,1,1,7,2,5,2,4,4,5,3,3
3,0,1,4,3,4,4,5,4,3,3,2,2,5,2,4,5,2,7,4,2,5,4,6,3,4,0,2,2,5,2,1,6,3,2,3,2,2,3,4,7,3,1,3,3,4,3,2,4,3,3,2,3,3,4,6,1,2,2,2,6,2,11,1,1,6,4,3,5,3,1,2,4,5,10,6,1,8,5,5,1,4,3,21,4,0,1,1,3,1,2,4,8,2,4,6,3,2,3,7,3,4,7,4,2,1,3,2,4,4,2,3,4,4,4,3,5,1,2,5,3,3,1,3,1,6,3,1
3,3,2,3,2,5,4,1,4,5,4,3,2,0,4,4,2,4,3,3,7,3,1,2,2,6,4,3,5,5,4,3,4,2,3,2,3,2,2,3,3,1,0,2,13,0,1,3,3,2,2,2,2,3,1,6,3,2,4,2,5,2,3,5,4,2,2,4,4,2,3,3,2,2,3,6,1,8,5,5,1,4,3,21,4,0,1,1,3,1,2,4,8,2,4,6,3,2,3,7,3,4,7,4,2,1,3,2,4,4,2,3,4,4,4,3,5,1,2,5,3,3,1,3,1,6,3,1
3,3,2,3,2,5,4,1,4,5,4,3,2,0,4,4,2,4,3,3,7,3,1,2,2,6,4,3,5,5,4,3,4,2,3,2,3,2,2,3,3,1,0,2,13,0,1,3,3,2,2,2,2,3,1,6,3,2,4,2,5,2,3,5,4,2,2,4,4,2,3,3,2,2,3,2,8,9,0,2,8,5,4,15,7,7,1,3,3,2,4,2,2,2,5,3,2,2,2,2,6,5,3,2,2,1,5,3,3,3,6,7,2,2,3,1,4,2,4,2,2,2,3,5,5,6,3,4
3,5,4,8,4,2,3,4,4,3,2,4,1,1,6,5,4,6,5,4,3,4,6,3,2,4,1,1,2,6,4,5,4,6,4,7,2,3,1,3,7,2,5,6,5,3,1,1,2,7,3,5,4,3,5,7,1,5,4,2,2,5,1,1,3,2,4,7,4,2,6,5,1,5,4,2,8,9,0,2,8,5,4,15,7,7,1,3,3,2,4,2,2,2,5,3,2,2,2,2,6,5,3,2,2,1,5,3,3,3,6,7,2,2,3,1,4,2,4,2,2,2,3,5,5,6,3,4
3,5,4,8,4,2,3,4,4,3,2,4,1,1,6,5,4,6,5,4,3,4,6,3,2,4,1,1,2,6,4,5,4,6,4,7,2,3,1,3,7,2,5,6,5,3,1,1,2,7,3,5,4,3,5,7,1,5,4,2,2,5,1,1,3,2,4,7,4,2,6,5,1,5,4,5,2,4,3,5,25,1,5,4,3,3,6,2,4,4,1,2,2,1,4,4,1,3,1,3,6,4,3,7,4,3,5,8,5,1,5,7,3,3,3,5,8,7,3,4,4,2,4,3,2,6,2,2
6,5,2,7,3,4,7,2,1,3,4,4,1,3,3,2,6,1,4,7,5,2,4,1,0,2,1,3,4,1,2,3,5,11,4,2,3,2,2,2,3,4,3,1,0,5,2,2,3,1,1,4,3,4,6,7,3,1,5,3,3,4,2,2,7,2,1,1,5,3,1,3,1,2,4,5,2,4,3,5,25,1,5,4,3,3,6,2,4,4,1,2,2,1,4,4,1,3,1,3,6,4,3,7,4,3,5,8,5,1,5,7,3,3,3,5,8,7,3,4,4,2,4,3,2,6,2,2
6,5,2,7,3,4,7,2,1,3,4,4,1,3,3,2,6,1,4,7,5,2,4,1,0,2,1,3,4,1,2,3,5,11,4,2,3,2,2,2,3,4,3,1,0,5,2,2,3,1,1,4,3,4,6,7,3,1,5,3,3,4,2,2,7,2,1,1,5,3,1,3,1,2,4,3,2,3,3,3,3,4,5,33,1,1,1,1,5,4,4,2,7,3,2,1,1,1,7,4,5,2,3,6,6,4,2,1,2,1,1,6,5,6,3,3,5,1,5,2,4,4,2,3,6,3,3,5
2,2,7,5,2,3,4,6,4,2,2,2,4,1,2,6,3,5,3,6,4,4,3,2,2,3,2,3,3,2,5,3,4,3,8,4,4,4,3,4,3,2,3,5,3,6,4,5,2,3,2,6,3,4,3,1,3,4,2,2,5,6,3,4,1,1,3,1,7,2,2,3,2,1,2,3,2,3,3,3,3,4,5,33,1,1,1,1,5,4,4,2,7,3,2,1,1,1,7,4,5,2,3,6,6,4,2,1,2,1,1,6,5,6,3,3,5,1,5,2,4,4,2,3,6,3,3,5
2,2,7,5,2,3,4,6,4,2,2,2,4,1,2,6,3,5,3,6,4,4,3,2,2,3,2,3,3,2,5,3,4,3,8,4,4,4,3,4,3,2,3,5,3,6,4,5,2,3,2,6,3,4,3,1,3,4,2,2,5,6,3,4,1,1,3,1,7,2,2,3,2,1,5,8,3,2,3,14,10,8,2,3,3,10,4,3,4,3,4,2,3,3,3,2,1,5,3,0,3,1,6,3,3,5,1,4,5,2,1,2,2,4,4,2,3,3,4,4,5,5,4,3,3,4,1,3
3,3,4,3,2,3,8,6,6,6,4,5,3,8,3,6,3,2,5,4,4,5,0,3,2,3,6,3,3,4,3,2,7,1,3,1,3,5,4,3,0,5,2,3,6,3,3,1,3,3,4,2,1,5,3,2,2,6,3,3,2,1,6,1,3,4,3,5,3,2,1,3,6,1,2,8,3,2,3,14,10,8,2,3,3,10,4,3,4,3,4,2,3,3,3,2,1,5,3,0,3,1,6,3,3,5,1,4,5,2,1,2,2,4,4,2,3,3,4,4,5,5,4,3,3,4,1,3
3,3,4,3,2,3,8,6,6,6,4,5,3,8,3,6,3,2,5,4,4,5,0,3,2,3,6,3,3,4,3,2,7,1,3,1,3,5,4,3,0,5,2,3,6,3,3,1,3,3,4,2,1,5,3,2,2,6,3,3,2,1,6,1,3,4,3,5,3,2,1,3,6,1,2,5,4,3,3,3,2,2,4,6,16,5,6,6,3,3,5,3,5,5,5,2,4,3,3,1,3,2,3,4,2,4,2,1,9,1,3,2,4,2,3,3,2,4,2,1,7,1,2,2,2,2,1,1
3,10,2,5,2,2,2,4,3,2,3,5,3,6,4,0,2,2,1,4,3,4,5,8,3,6,2,5,2,2,4,4,2,1,3,3,2,5,4,1,3,2,3,3,3,4,2,4,4,8,6,1,3,4,2,5,5,0,3,4,2,4,1,9,3,3,2,5,4,5,1,3,6,2,0,5,4,3,3,3,2,2,4,6,16,5,6,6,3,3,5,3,5,5,5,2,4,3,3,1,3,2,3,4,2,4,2,1,9,1,3,2,4,2,3,3,2,4,2,1,7,1,2,2,2,2,1,1
3,10,2,5,2,2,2,4,3,2,3,5,3,6,4,0,2,2,1,4,3,4,5,8,3,6,2,5,2,2,4,4,2,1,3,3,2,5,4,1,3,2,3,3,3,4,2,4,4,8,6,1,3,4,2,5,5,0,3,4,2,4,1,9,3,3,2,5,4,5,1,3,6,2,0,3,2,2,3,3,5,4,14,1,6,0,0,3,7,1,2,2,2,2,3,2,6,2,4,4,5,3,3,7,3,2,2,3,4,2,6,3,3,6,1,4,3,2,4,2,4,3,5,4,2,6,2,1
3,3,9,6,2,3,0,2,4,2,3,6,5,4,5,6,3,2,3,3,3,2,1,4,5,3,1,5,2,6,5,6,4,2,4,5,4,4,3,2,6,0,2,3,3,3,2,4,2,2,1,2,2,4,7,2,1,4,5,6,6,3,9,5,1,1,3,2,2,3,5,3,2,1,9,3,2,2,3,3,5,4,14,1,6,0,0,3,7,1,2,2,2,2,3,2,6,2,4,4,5,3,3,7,3,2,2,3,4,2,6,3,3,6,1,4,3,2,4,2,4,3,5,4,2,6,2,1
3,3,9,6,2,3,0,2,4,2,3,6,5,4,5,6,3,2,3,3,3,2,1,4,5,3,1,5,2,6,5,6,4,2,4,5,4,4,3,2,6,0,2,3,3,3,2,4,2,2,1,2,2,4,7,2,1,4,5,6,6,3,9,5,1,1,3,2,2,3,5,3,2,1,9,2,4,5,9,1,2,0,9,1,3,3,4,5,0,4,2,3,2,6,7,13,1,2,5,4,1,4,0,1,3,6,7,3,5,2,4,1,1,4,3,3,2,2,6,2,2,2,3,2,5,1,2,2
1,3,3,4,5,4,4,1,7,3,1,2,2,5,3,2,2,3,4,10,6,6,2,5,1,3,5,2,3,3,2,4,2,5,4,2,2,2,4,3,2,2,3,5,2,4,4,1,1,3,2,4,6,2,2,11,2,2,3,2,3,2,5,8,2,2,2,3,1,6,2,2,8,5,7,2,4,5,9,1,2,0,9,1,3,3,4,5,0,4,2,3,2,6,7,13,1,2,5,4,1,4,0,1,3,6,7,3,5,2,4,1,1,4,3,3,2,2,6,2,2,2,3,2,5,1,2,2
1,3,3,4,5,4,4,1,7,3,1,2,2,5,3,2,2,3,4,10,6,6,2,5,1,3,5,2,3,3,2,4,2,5,4,2,2,2,4,3,2,2,3,5,2,4,4,1,1,3,2,4,6,2,2,11,2,2,3,2,3,2,5,8,2,2,2,3,1,6,2,2,8,5,7,2,3,2,3,6,8,2,1,3,2,3,4,5,5,1,4,2,3,2,6,4,2,4,3,7,4,1,1,1,1,1,7,7,3,2,3,2,5,8,1,5,4,2,3,2,2,2,4,1,4,4,4,2
3,3,3,2,4,3,8,3,8,4,2,2,4,4,2,3,6,3,6,2,3,3,3,2,1,2,6,4,3,1,1,2,3,3,6,3,2,3,4,4,2,2,1,2,3,1,1,3,5,2,10,4,3,6,2,3,7,3,1,3,3,1,5,2,3,3,7,3,5,3,2,5,3,1,4,2,3,2,3,6,8,2,1,3,2,3,4,5,5,1,4,2,3,2,6,4,2,4,3,7,4,1,1,1,1,1,7,7,3,2,3,2,5,8,1,5,4,2,3,2,2,2,4,1,4,4,4,2
3,3,3,2,4,3,8,3,8,4,2,2,4,4,2,3,6,3,6,2,3,3,3,2,1,2,6,4,3,1,1,2,3,3,6,3,2,3,4,4,2,2,1,2,3,1,1,3,5,2,10,4,3,6,2,3,7,3,1,3,3,1,5,2,3,3,7,3,5,3,2,5,3,1,4,3,4,7,2,6,20,1,0,4,3,1,4,3,7,2,3,2,4,2,4,3,2,6,2,1,4,2,4,3,6,1,3,3,3,7,3,6,3,3,3,1,3,1,4,1,3,0,3,5,2,2,3,1
5,1,4,2,4,4,5,2,4,4,4,1,6,3,3,4,7,5,7,1,1,1,7,2,2,1,1,3,3,4,4,2,3,4,3,4,2,1,6,3,4,5,7,4,2,2,2,1,3,2,5,3,3,8,1,1,3,5,2,3,4,5,3,3,2,4,4,5,1,5,1,4,2,3,4,3,4,7,2,6,20,1,0,4,3,1,4,3,7,2,3,2,4,2,4,3,2,6,2,1,4,2,4,3,6,1,3,3,3,7,3,6,3,3,3,1,3,1,4,1,3,0,3,5,2,2,3,1
5,1,4,2,4,4,5,2,4,4,4,1,6,3,3,4,7,5,7,1,1,1,7,2,2,1,1,3,3,4,4,2,3,4,3,4,2,1,6,3,4,5,7,4,2,2,2,1,3,2,5,3,3,8,1,1,3,5,2,3,4,5,3,3,2,4,4,5,1,5,1,4,2,3,4,2,3,2,2,8,2,5,16,6,1,3,1,2,7,2,5,4,3,4,2,3,8,3,3,3,2,4,2,4,2,3,2,6,8,3,6,1,4,4,2,2,3,3,3,2,2,4,5,2,3,6,3,3
2,2,4,4,3,1,5,4,3,1,2,2,5,4,2,3,2,2,5,1,2,4,7,2,2,4,5,2,1,2,4,5,2,4,4,4,4,2,2,2,2,4,3,2,4,5,2,4,3,1,3,1,2,2,3,1,3,4,1,5,4,4,0,3,2,1,5,2,4,8,1,3,4,4,3,2,3,2,2,8,2,5,16,6,1,3,1,2,7,2,5,4,3,4,2,3,8,3,3,3,2,4,2,4,2,3,2,6,8,3,6,1,4,4,2,2,3,3,3,2,2,4,5,2,3,6,3,3
0,2,4,4,3,1,5,4,3,1,2,2,5,4,2,3,2,2,5,1,2,4,7,2,2,4,5,2,1,2,4,5,2,4,4,4,4,2,2,2,2,4,3,2,4,5,2,4,3,1,3,1,2,2,3,1,3,4,1,5,4,4,0,3,2,1,5,2,4,8,1,3,4,4,3,2,2,4,1,12,4,3,6,2,1,6,1,5,3,3,1,4,6,1,2,3,1,2,3,4,5,2,4,1,2,5,6,1,8,2,4,1,2,4,11,3,7,2,2,7,3,0,5,2,4,4,8,3
3,4,2,6,5,3,4,1,1,3,3,3,3,1,2,2,3,2,9,1,1,2,2,3,1,2,5,3,6,1,2,2,7,2,1,5,5,2,1,2,4,6,5,1,5,5,2,3,2,2,6,1,3,4,2,2,2,1,1,3,9,6,2,2,2,2,3,1,3,3,4,6,3,4,4,2,2,4,1,12,4,3,6,2,1,6,1,5,3,3,1,4,6,1,2,3,1,2,3,4,5,2,4,1,2,5,6,1,8,2,4,1,2,4,11,3,7,2,2,7,3,0,5,2,4,4,8,3
3,4,2,6,5,3,4,1,1,3,3,3,3,1,2,2,3,2,9,1,1,2,2,3,1,2,5,3,6,1,2,2,7,2,1,5,5,2,1,2,4,6,5,1,5,5,2,3,2,2,6,1,3,4,2,2,2,1,1,3,9,6,2,2,2,2,3,1,3,3,4,6,3,4,4,0,3,3,2,0,27,1,0,1,3,3,7,4,3,2,3,4,7,6,2,3,3,1,4,1,2,4,7,2,5,2,6,2,6,1,3,2,9,4,2,2,2,3,3,3,3,4,4,3,5,1,5,5
4,2,2,3,4,2,3,4,1,5,7,2,3,4,2,2,3,10,2,2,3,5,3,1,1,3,6,9,5,1,2,2,2,4,2,4,2,2,4,1,2,4,7,1,3,3,4,3,3,1,5,6,6,2,4,2,8,3,5,3,5,4,1,4,2,3,8,3,5,4,4,4,1,3,1,0,3,3,2,0,27,1,0,1,3,3,7,4,3,2,3,4,7,6,2,3,3,1,4,1,2,4,7,2,5,2,6,2,6,1,3,2,9,4,2,2,2,3,3,3,3,4,4,3,5,1,5,5
4,2,2,3,4,2,3,4,1,5,7,2,3,4,2,2,3,10,2,2,3,5,3,1,1,3,6,9,5,1,2,2,2,4,2,4,2,2,4,1,2,4,7,1,3,3,4,3,3,1,5,6,6,2,4,2,8,3,5,3,5,4,1,4,2,3,8,3,5,4,4,4,1,3,1,2,3,4,2,3,2,20,0,1,9,3,2,2,3,1,1,5,1,5,2,3,2,3,3,3,5,2,5,4,3,5,7,5,2,3,1,2,3,2,4,3,2,1,4,6,3,4,2,5,1,4,1,2
1,6,4,3,1,2,1,5,5,0,1,4,9,2,1,3,3,2,2,1,4,3,4,1,2,2,3,4,1,2,3,9,5,3,1,3,3,1,2,2,3,1,2,2,1,6,4,5,2,3,4,3,3,3,6,3,6,0,3,4,2,2,4,4,1,3,7,2,2,2,3,2,4,6,2,2,3,4,2,3,2,20,0,1,9,3,2,2,3,1,1,5,1,5,2,3,2,3,3,3,5,2,5,4,3,5,7,5,2,3,1,2,3,2,4,3,2,1,4,6,3,4,2,5,1,4,1,2
2,6,4,3,1,2,1,5,5,0,1,4,9,2,1,3,3,2,2,1,4,3,4,1,2,2,3,4,1,2,3,9,5,3,1,3,3,1,2,2,3,1,2,2,1,6,4,5,2,3,4,3,3,3,6,3,6,0,3,4,2,2,4,4,1,3,7,2,2,2,3,2,4,6,2,6,3,1,1,2,4,5,22,4,6,2,1,3,1,2,2,3,7,3,1,2,1,2,3,3,11,4,5,0,4,2,4,3,3,0,2,7,1,7,3,2,1,2,3,3,2,4,3,1,2,4,2,5
2,3,3,6,2,2,1,3,6,1,3,5,2,4,2,2,2,3,3,4,3,4,1,10,3,6,2,3,4,1,2,2,2,3,2,1,3,3,3,4,4,3,5,5,4,2,2,4,4,3,14,3,2,4,4,3,1,4,3,4,2,4,3,2,0,5,3,4,1,4,2,1,1,7,2,6,3,1,1,2,4,5,22,4,6,2,1,3,1,2,2,3,7,3,1,2,1,2,3,3,11,4,5,0,4,2,4,3,3,0,2,7,1,7,3,2,1,2,3,3,2,4,3,1,2,4,2,5
1,3,3,6,2,2,1,3,6,1,3,5,2,4,2,2,2,3,3,4,3,4,1,10,3,6,2,3,4,1,2,2,2,3,2,1,3,3,3,4,4,3,5,5,4,2,2,4,4,3,14,3,2,4,4,3,1,4,3,4,2,4,3,2,0,5,3,4,1,4,2,1,1,7,3,4,4,1,4,17,6,2,1,2,1,6,3,3,2,3,3,2,1,4,4,3,1,2,6,3,1,10,5,4,6,6,3,4,1,4,7,3,1,1,2,4,2,1,5,3,58,17,0,0,2,2,7,0
2,5,2,4,2,3,3,4,3,4,5,10,1,5,4,2,4,5,4,2,6,5,3,4,2,2,4,4,3,2,7,6,2,2,6,2,1,2,2,4,6,3,4,4,8,2,4,1,5,3,3,0,2,4,11,3,3,3,3,2,3,3,2,7,4,2,2,3,4,3,2,1,5,1,6,4,4,1,4,17,6,2,1,2,1,6,3,3,2,3,3,2,1,4,4,3,1,2,6,3,1,10,5,4,6,6,3,4,1,4,7,3,1,1,2,4,2,1,5,3,58,17,0,0,2,2,7,0
2,5,2,4,2,3,3,4,3,4,5,10,1,5,4,2,4,5,4,2,6,5,3,4,2,2,4,4,3,2,7,6,2,2,6,2,1,2,2,4,6,3,4,4,8,2,4,1,5,3,3,0,2,4,11,3,3,3,3,2,3,3,2,7,4,2,2,3,4,3,2,1,5,1,6,1,1,3,3,3,15,2,1,2,3,5,2,2,5,1,3,3,7,2,3,1,3,2,5,2,2,5,6,4,1,2,2,2,7,3,1,2,5,4,4,1,4,2,3,4,4,2,6,45,19,1,0,0
2,0,6,0,4,2,1,2,4,1,1,3,2,3,5,9,3,4,2,3,3,4,1,4,3,4,7,3,4,1,3,1,3,4,3,3,4,2,2,3,3,4,3,3,3,2,9,2,2,4,6,3,1,2,3,66,0,0,0,2,4,2,2,5,5,5,8,6,1,6,4,2,3,7,6,1,1,3,3,3,15,2,1,2,3,5,2,2,5,1,3,3,7,2,3,1,3,2,5,2,2,5,6,4,1,2,2,2,7,3,1,2,5,4,4,1,4,2,3,4,4,2,6,45,19,1,0,0
2,0,6,0,4,2,1,2,4,1,1,3,2,3,5,9,3,4,2,3,3,4,1,4,3,4,7,3,4,1,3,1,3,4,3,3,4,2,2,3,3,4,3,3,3,2,9,2,2,4,6,3,1,2,3,66,0,0,0,2,4,2,2,5,5,5,8,6,1,6,4,2,3,7,5,4,7,7,5,3,19,3,2,4,2,0,6,2,3,1,1,3,3,3,6,5,4,2,2,2,2,2,5,5,4,3,0,4,5,3,4,2,4,3,4,4,6,3,4,1,4,4,6,1,1,1,4,2
3,2,4,7,2,3,3,1,2,2,7,3,8,2,4,2,7,2,4,2,4,6,6,4,2,3,5,1,3,6,2,1,4,10,3,6,3,3,4,5,3,0,6,6,0,2,1,4,1,5,5,1,3,3,7,1,33,51,0,3,0,1,2,2,2,2,1,0,1,3,1,2,1,2,4,4,7,7,5,3,19,3,2,4,2,0,6,2,3,1,1,3,3,3,6,5,4,2,2,2,2,2,5,5,4,3,0,4,5,3,4,2,4,3,4,4,6,3,4,1,4,4,6,1,1,1,4,2
3,2,4,7,2,3,3,1,2,2,7,3,8,2,4,2,7,2,4,2,4,6,6,4,2,3,5,1,3,6,2,1,4,10,3,6,3,3,4,5,3,0,6,6,0,2,1,4,1,5,5,1,3,3,7,1,33,51,0,3,0,1,2,2,2,2,1,0,1,3,1,2,1,2,4,6,4,2,3,1,16,3,2,1,3,3,1,2,3,1,1,1,2,4,1,4,3,5,3,2,5,8,1,1,6,4,3,3,2,2,8,2,2,4,1,11,5,1,3,4,4,2,3,2,1,6,4,7
3,1,5,1,3,3,4,4,2,2,7,2,3,3,4,2,6,1,4,3,8,8,5,6,2,1,2,2,9,3,4,5,2,4,2,2,3,3,3,4,2,6,2,3,3,2,3,5,4,2,3,2,3,2,2,3,5,4,7,3,4,1,2,1,5,2,3,5,2,2,2,5,2,6,2,6,4,2,3,1,16,3,2,1,3,3,1,2,3,1,1,1,2,4,1,4,3,5,3,2,5,8,1,1,6,4,3,3,2,2,8,2,2,4,1,11,5,1,3,4,4,2,3,2,1,6,4,7
3,1,5,1,3,3,4,4,2,2,7,2,3,3,4,2,6,1,4,3,8,8,5,6,2,1,2,2,9,3,4,5,2,4,2,2,3,3,3,4,2,6,2,3,3,2,3,5,4,2,3,2,3,2,2,3,5,4,7,3,4,1,2,1,5,2,3,5,2,2,2,5,2,6,2,1,2,5,2,3,4,12,2,0,2,3,3,2,2,4,2,2,3,5,5,7,3,7,6,3,1,4,6,2,12,6,3,4,1,64,0,2,0,0,6,0,1,1,1,2,1,4,3,2,1,2,68,25
1,2,1,0,4,3,2,4,5,3,7,4,2,4,2,2,2,1,3,1,6,4,5,2,1,3,3,0,1,3,8,2,4,4,3,3,1,3,3,2,2,3,8,3,2,4,6,4,1,2,3,4,5,3,5,1,2,2,5,3,2,2,4,3,4,4,1,5,2,3,9,5,3,4,2,1,2,5,2,3,4,12,2,0,2,3,3,2,2,4,2,2,3,5,5,7,3,7,6,3,1,4,6,2,12,6,3,4,1,64,0,2,0,0,6,0,1,1,1,2,1,4,3,2,1,2,68,25
1,2,1,0,4,3,2,4,5,3,7,4,2,4,2,2,2,1,3,1,6,4,5,2,1,3,3,0,1,3,8,2,4,4,3,3,1,3,3,2,2,3,8,3,2,4,6,4,1,2,3,4,5,3,5,1,2,2,5,3,2,2,4,3,4,4,1,5,2,3,9,5,3,4,2,2,2,6,3,4,14,0,0,4,3,3,4,4,1,4,5,6,1,1,4,3,2,5,2,2,2,3,3,2,3,3,2,54,15,0,55,32,16,0,45,29,35,0,33,39,39,13,36,0,0,2,0,0
3,2,3,1,2,6,1,2,3,5,5,2,1,2,2,5,3,3,2,3,2,1,4,2,0,4,2,5,6,0,2,4,5,3,3,5,3,0,1,3,4,4,4,3,2,4,3,3,3,3,4,1,3,5,5,5,3,2,4,3,2,3,6,2,5,3,1,4,4,7,2,5,3,3,2,2,2,6,3,4,14,0,0,4,3,3,4,4,1,4,5,6,1,1,4,3,2,5,2,2,2,3,3,2,3,3,2,54,15,0,55,32,16,0,45,29,35,0,33,39,39,13,36,0,0,2,0,0
3,2,3,1,2,6,1,2,3,5,5,2,1,2,2,5,3,3,2,3,2,1,4,2,0,4,2,5,6,0,2,4,5,3,3,5,3,0,1,3,4,4,4,3,2,4,3,3,3,3,4,1,3,5,5,5,3,2,4,3,2,3,6,2,5,3,1,4,4,7,2,5,3,3,1,4,2,4,2,16,3,4,3,3,1,2,3,1,4,5,4,3,2,2,3,1,3,8,2,1,4,2,4,1,2,5,3,2,3,3,4,4,4,6,3,1,2,3,2,4,5,3,4,2,5,3,5,3
1,5,2,4,2,1,3,2,2,1,0,5,4,2,2,8,5,3,3,3,4,3,1,3,2,5,6,2,4,5,4,2,0,6,3,1,3,2,2,2,5,2,2,4,2,3,2,3,5,1,2,4,2,5,3,2,2,6,2,8,6,7,4,2,3,1,4,1,4,3,1,2,4,4,3,4,2,4,2,16,3,4,3,3,1,2,3,1,4,5,4,3,2,2,3,1,3,8,2,1,4,2,4,1,2,5,3,2,3,3,4,4,4,6,3,1,2,3,2,4,5,3,4,2,5,3,5,3
1,5,2,4,2,1,3,2,2,1,0,5,4,2,2,8,5,3,3,3,4,3,1,3,2,5,6,2,4,5,4,2,0,6,3,1,3,2,2,2,5,2,2,4,2,3,2,3,5,1,2,4,2,5,3,2,2,6,2,8,6,7,4,2,3,1,4,1,4,3,1,2,4,4,3,2,2,3,3,2,4,5,15,2,3,3,2,3,3,9,5,5,2,3,5,3,3,6,1,4,2,5,3,2,1,2,2,4,5,4,4,6,6,3,4,2,1,5,3,3,3,8,2,4,4,1,3,5
1,3,6,8,0,2,2,2,5,2,7,5,6,3,3,2,5,4,4,6,6,1,3,1,2,2,1,3,1,5,4,7,2,4,6,1,8,3,6,6,3,3,2,0,3,2,5,4,4,5,3,4,7,5,3,7,4,3,6,3,5,4,3,3,2,2,2,2,3,4,3,2,3,6,1,2,2,3,3,2,4,5,15,2,3,3,2,3,3,9,5,5,2,3,5,3,3,6,1,4,2,5,3,2,1,2,2,4,5,4,4,6,6,3,4,2,1,5,3,3,3,8,2,4,4,1,3,5
1,3,6,8,0,2,2,2,5,2,7,5,6,3,3,2,5,4,4,6,6,1,3,1,2,2,1,3,1,5,4,7,2,4,6,1,8,3,6,6,3,3,2,0,3,2,5,4,4,5,3,4,7,5,3,7,4,3,6,3,5,4,3,3,2,2,2,2,3,4,3,2,3,6,1,5,1,2,4,3,3,2,4,1,4,29,0,1,2,7,0,3,1,2,3,6,4,2,3,2,7,2,3,2,1,1,2,6,1,3,2,5,9,3,1,3,2,3,2,6,1,4,1,3,5,4,4,3
2,0,4,6,1,0,3,2,3,3,1,6,2,2,2,7,3,2,3,7,2,4,1,3,5,2,2,3,1,2,3,7,1,3,3,3,3,3,2,1,2,2,8,5,1,3,1,5,4,1,4,3,3,2,2,2,3,4,2,5,6,2,3,5,2,2,2,5,1,4,2,5,1,3,2,1,6,5,4,6,6,1,3,11,3,0,1,2,4,3,5,2,3,6,1,7,3,3,1,1,3,1,10,4,1,1,2,0,5,3,2,3,3,4,6,5,3,3,4,12,2,1,5,3,3,4,1,5
1,0,4,6,1,0,3,2,3,3,1,6,2,2,2,7,3,2,3,7,2,4,1,3,5,2,2,3,1,2,3,7,1,3,3,3,3,3,2,1,2,2,8,5,1,3,1,5,4,1,4,3,3,2,2,2,3,4,2,5,6,2,3,5,2,2,2,5,1,4,2,5,1,3,4,3,2,4,2,1,6,2,13,4,2,2,0,4,3,3,5,2,3,3,1,1,4,4,1,4,6,4,2,2,4,4,1,0,6,1,2,1,3,9,2,4,1,4,3,3,3,13,2,7,6,65,16,0
3,1,2,4,4,2,2,3,3,4,5,4,2,6,2,3,3,1,5,3,2,10,2,1,1,3,2,3,3,2,7,3,4,4,2,2,5,4,1,4,3,2,2,3,7,3,8,3,2,7,5,3,5,2,3,1,1,2,3,2,3,4,2,3,5,3,6,3,4,2,2,2,0,4,6,3,2,4,2,1,6,2,13,4,2,2,0,4,3,3,5,2,3,3,1,1,4,4,1,4,6,4,2,2,4,4,1,0,6,1,2,1,3,9,2,4,1,4,3,3,3,13,2,7,6,65,16,0
3,1,2,4,4,2,2,3,3,4,5,4,2,6,2,3,3,1,5,3,2,10,2,1,1,3,2,3,3,2,7,3,4,4,2,2,5,4,1,4,3,2,2,3,7,3,8,3,2,7,5,3,5,2,3,1,1,2,3,2,3,4,2,3,5,3,6,3,4,2,2,2,0,4,6,3,6,3,4,2,10,3,0,2,6,3,3,5,6,2,1,3,1,5,6,0,2,5,3,4,6,3,1,4,3,3,2,4,4,1,5,2,6,2,3,4,3,1,5,7,3,2,59,0,0,0,0,0
6,4,44,0,0,0,0,0,2,0,2,0,0,2,3,3,3,2,2,3,5,3,2,1,2,3,3,1,4,3,8,3,4,2,4,3,7,1,3,4,1,2,3,3,2,3,2,2,2,2,5,2,1,4,3,4,2,2,3,1,2,3,0,5,4,3,1,3,2,1,1,2,2,3,6,3,6,3,4,2,10,3,0,2,6,3,3,5,6,2,1,3,1,5,6,0,2,5,3,4,6,3,1,4,3,3,2,4,4,1,5,2,6,2,3,4,3,1,5,7,3,2,59,0,0,0,0,0
6,4,44,0,0,0,0,0,2,0,2,0,0,2,3,3,3,2,2,3,5,3,2,1,2,3,3,1,4,3,8,3,4,2,4,3,7,1,3,4,1,2,3,3,2,3,2,2,2,2,5,2,1,4,3,4,2,2,3,1,2,3,0,5,4,3,1,3,2,1,1,2,2,3,4,1,3,6,4,3,6,25,8,0,5,2,2,3,1,5,3,2,6,3,2,1,4,4,3,3,1,1,7,2,3,3,6,4,2,1,5,1,2,1,5,2,4,3,5,1,3,4,3,5,4,3,1,2
1,1,0,0,6,0,3,1,2,1,1,5,8,3,2,2,2,1,2,3,6,6,4,2,2,2,3,4,2,3,4,4,0,4,3,4,2,3,2,40,1,1,4,2,1,1,2,2,3,7,4,1,6,4,7,1,2,2,3,5,2,0,5,3,3,3,3,4,2,2,4,4,1,3,4,1,3,6,4,3,6,25,8,0,5,2,2,3,1,5,3,2,6,3,2,1,4,4,3,3,1,1,7,2,3,3,6,4,2,1,5,1,2,1,5,2,4,3,5,1,3,4,3,5,4,3,1,2
1,1,0,0,6,0,3,1,2,1,1,5,8,3,2,2,2,1,2,3,6,6,4,2,2,2,3,4,2,3,4,4,0,4,3,4,2,3,2,40,1,1,4,2,1,1,2,2,3,7,4,1,6,4,7,1,2,2,3,5,2,0,5,3,3,3,3,4,2,2,4,4,1,3,4,1,4,4,5,3,1,4,2,3,2,27,0,3,1,4,1,2,2,4,3,6,7,2,1,6,7,4,4,1,2,5,3,3,1,5,58,0,47,11,0,42,0,0,0,1,2,7,1,3,5,1,5,1
4,5,2,4,3,3,1,2,3,3,3,1,6,4,1,5,3,6,2,3,3,4,0,1,1,6,4,1,3,1,4,2,3,4,4,7,8,4,1,4,3,4,2,3,3,3,2,2,5,4,3,4,3,10,2,4,2,1,3,5,3,4,2,8,5,5,1,7,1,2,3,1,2,2,2,1,4,4,5,3,1,4,2,3,2,27,0,3,1,4,1,2,2,4,3,6,7,2,1,6,7,4,4,1,2,5,3,3,1,5,58,0,47,11,0,42,0,0,0,1,2,7,1,3,5,1,5,1
4,5,2,4,3,3,1,2,3,3,3,1,6,4,1,5,3,6,2,3,3,4,0,1,1,6,4,1,3,1,4,2,3,4,4,7,8,4,1,4,3,4,2,3,3,3,2,2,5,4,3,4,3,10,2,4,2,1,3,5,3,4,2,8,5,5,1,7,1,2,3,1,2,2,3,1,2,4,2,5,3,1,4,28,1,2,2,5,3,4,3,4,4,3,3,3,3,8,1,6,3,2,5,4,4,2,6,1,4,2,6,3,2,2,7,5,3,2,2,1,4,4,4,4,1,2,4,6
7,5,2,2,4,0,5,4,7,4,1,2,5,0,3,3,3,3,3,2,3,4,3,3,8,4,4,2,7,3,6,4,6,2,2,2,4,6,2,3,1,5,4,7,3,2,6,1,2,2,5,3,2,4,2,4,2,3,6,1,2,4,1,1,3,2,4,2,1,5,6,1,2,5,5,1,2,4,2,5,3,1,4,28,1,2,2,5,3,4,3,4,4,3,3,3,3,8,1,6,3,2,5,4,4,2,6,1,4,2,6,3,2,2,7,5,3,2,2,1,4,4,4,4,1,2,4,6
7,5,2,2,4,0,5,4,7,4,1,2,5,0,3,3,3,3,3,2,3,4,3,3,8,4,4,2,7,3,6,4,6,2,2,2,4,6,2,3,1,5,4,7,3,2,6,1,2,2,5,3,2,4,2,4,2,3,6,1,2,4,1,1,3,2,4,2,1,5,6,1,2,5,5,3,3,5,3,1,2,7,14,1,2,2,2,2,4,1,5,3,4,4,4,6,4,3,4,2,4,1,3,3,5,5,1,2,4,2,5,3,7,1,3,5,10,1,7,1,6,1,1,2,2,3,2,3
1,3,4,2,4,2,1,8,2,5,5,4,2,3,5,3,6,5,1,4,1,2,1,5,4,5,2,11,1,2,3,3,6,5,2,2,0,4,6,2,2,1,4,4,6,6,6,5,1,3,1,3,4,3,4,2,6,1,3,2,2,10,3,3,2,1,2,2,6,7,6,4,3,3,5,3,3,5,3,1,2,7,14,1,2,2,2,2,4,1,5,3,4,4,4,6,4,3,4,2,4,1,3,3,5,5,1,2,4,2,5,3,7,1,3,5,10,1,7,1,6,1,1,2,2,3,2,3
1,3,4,2,4,2,1,8,2,5,5,4,2,3,5,3,6,5,1,4,1,2,1,5,4,5,2,11,1,2,3,3,6,5,2,2,0,4,6,2,2,1,4,4,6,6,6,5,1,3,1,3,4,3,4,2,6,1,3,2,2,10,3,3,2,1,2,2,6,7,6,4,3,3,4,1,3,1,3,3,1,3,25,9,1,0,2,1,5,3,1,4,1,4,4,3,3,4,3,2,3,3,1,7,6,2,6,1,4,1,3,4,2,5,3,3,3,1,4,3,4,2,2,5,2,1,3,4
2,3,5,3,1,6,5,4,1,4,3,3,4,4,6,5,1,0,2,2,5,0,1,2,5,3,1,2,1,2,2,2,6,3,3,4,3,2,1,1,3,2,5,2,5,2,2,3,2,5,8,2,1,2,3,1,4,6,2,3,2,2,10,4,3,2,4,1,4,1,4,2,6,3,2,1,3,1,3,3,1,3,25,9,1,0,2,1,5,3,1,4,1,4,4,3,3,4,3,2,3,3,1,7,6,2,6,1,4,1,3,4,2,5,3,3,3,1,4,3,4,2,2,5,2,1,3,4
2,3,5,3,1,6,5,4,1,4,3,3,4,4,6,5,1,0,2,2,5,0,1,2,5,3,1,2,1,2,2,2,6,3,3,4,3,2,1,1,3,2,5,2,5,2,2,3,2,5,8,2,1,2,3,1,4,6,2,3,2,2,10,4,3,2,4,1,4,1,4,2,6,3,2,3,2,3,2,4,15,2,3,4,3,1,2,3,2,10,8,1,5,3,2,4,2,3,4,2,6,2,5,1,5,1,4,8,1,6,4,0,0,5,3,4,4,2,1,3,2,3,1,2,3,2,3,1
3,3,6,1,1,3,3,2,2,3,2,6,8,2,3,1,2,1,4,3,2,2,3,8,4,6,2,3,2,2,4,3,2,3,3,0,3,3,3,4,1,5,4,5,3,0,3,3,5,3,5,1,3,0,4,1,1,2,3,1,3,2,5,1,5,3,4,3,5,4,3,3,4,4,4,3,2,3,2,4,15,2,3,4,3,1,2,3,2,10,8,1,5,3,2,4,2,3,4,2,6,2,5,1,5,1,4,8,1,6,4,0,0,5,3,4,4,2,1,3,2,3,1,2,3,2,3,1
3,3,6,1,1,3,3,2,2,3,2,6,8,2,3,1,2,1,4,3,2,2,3,8,4,6,2,3,2,2,4,3,2,3,3,0,3,3,3,4,1,5,4,5,3,0,3,3,5,3,5,1,3,0,4,1,1,2,3,1,3,2,5,1,5,3,4,3,5,4,3,3,4,4,4,2,3,2,3,3,19,0,1,2,6,1,4,1,3,6,2,2,3,4,3,5,2,4,5,2,2,3,3,4,3,5,53,0,3,3,1,1,6,1,2,1,4,2,3,3,2,1,3,2,6,1,6,5
5,5,2,3,2,5,1,2,5,3,4,1,3,1,1,3,3,1,8,3,1,4,3,3,1,1,3,1,5,3,3,5,2,2,3,3,4,2,1,0,4,6,3,4,4,1,6,1,2,0,4,1,3,1,5,3,1,1,4,1,2,5,2,2,4,8,2,4,2,1,3,3,3,2,4,2,3,2,3,3,19,0,1,2,6,1,4,1,3,6,2,2,3,4,3,5,2,4,5,2,2,3,3,4,3,5,53,0,3,3,1,1,6,1,2,1,4,2,3,3,2,1,3,2,6,1,6,5
5,5,2,3,2,5,1,2,5,3,4,1,3,1,1,3,3,1,8,3,1,4,3,3,1,1,3,1,5,3,3,5,2,2,3,3,4,2,1,0,4,6,3,4,4,1,6,1,2,0,4,1,3,1,5,3,1,1,4,1,2,5,2,2,4,8,2,4,2,1,3,3,3,2,4,4,2,2,3,9,1,3,1,3,4,2,4,5,3,3,4,2,4,1,6,1,6,3,4,7,1,2,1,2,4,9,2,4,3,2,3,2,2,3,0,6,5,4,0,2,3,4,2,3,3,6,2,4
4,3,3,1,7,7,1,5,2,1,1,0,3,2,5,3,3,2,4,7,6,2,2,2,5,5,2,4,2,2,6,5,2,4,3,2,3,4,3,1,2,4,1,6,4,5,3,4,4,3,2,1,3,2,4,3,7,2,6,2,2,5,5,2,3,4,2,7,3,4,3,5,3,1,4,4,2,2,3,9,1,3,1,3,4,2,4,5,3,3,4,2,4,1,6,1,6,3,4,7,1,2,1,2,4,9,2,4,3,2,3,2,2,3,0,6,5,4,0,2,3,4,2,3,3,6,2,4
4,3,3,1,7,7,1,5,2,1,1,0,3,2,5,3,3,2,4,7,6,2,2,2,5,5,2,4,2,2,6,5,2,4,3,2,3,4,3,1,2,4,1,6,4,5,3,4,4,3,2,1,3,2,4,3,7,2,6,2,2,5,5,2,3,4,2,7,3,4,3,5,3,1,4,4,5,3,2,2,7,5,22,9,3,1,3,2,3,1,2,5,2,4,3,4,2,2,2,4,1,2,4,4,5,3,3,2,4,3,1,3,3,3,4,2,1,1,3,3,4,2,4,2,5,5,2,5
3,2,2,4,4,3,11,3,4,2,5,3,5,3,4,3,4,1,5,3,1,2,3,4,4,4,2,3,2,3,5,5,1,5,3,3,6,4,2,3,6,6,4,2,2,6,8,3,1,7,4,2,4,0,2,6,7,5,1,2,3,6,6,1,4,1,3,4,1,3,7,5,3,4,3,4,5,3,2,2,7,5,22,9,3,1,3,2,3,1,2,5,2,4,3,4,2,2,2,4,1,2,4,4,5,3,3,2,4,3,1,3,3,3,4,2,1,1,3,3,4,2,4,2,5,5,2,5
3,2,2,4,4,3,11,3,4,2,5,3,5,3,4,3,4,1,5,3,1,2,3,4,4,4,2,3,2,3,5,5,1,5,3,3,6,4,2,3,6,6,4,2,2,6,8,3,1,7,4,2,4,0,2,6,7,5,1,2,3,6,6,1,4,1,3,4,1,3,7,5,3,4,3,7,4,2,3,4,1,7,18,1,3,6,8,1,1,2,4,6,3,2,4,1,3,8,2,0,4,4,3,4,3,3,5,2,4,3,4,1,2,8,6,3,7,3,1,5,6,5,4,1,2,3,2,8
2,5,1,1,5,4,5,4,5,1,3,3,5,4,7,3,1,3,1,3,3,1,4,6,1,2,2,4,2,2,2,5,4,6,4,1,2,2,4,4,3,2,0,3,4,1,2,8,3,5,3,5,1,3,2,5,9,6,1,3,2,2,1,7,4,0,1,1,2,6,4,3,2,3,4,7,4,2,3,4,1,7,18,1,3,6,8,1,1,2,4,6,3,2,4,1,3,8,2,0,4,4,3,4,3,3,5,2,4,3,4,1,2,8,6,3,7,3,1,5,6,5,4,1,2,3,2,8
2,5,1,1,5,4,5,4,5,1,3,3,5,4,7,3,1,3,1,3,3,1,4,6,1,2,2,4,2,2,2,5,4,6,4,1,2,2,4,4,3,2,0,3,4,1,2,8,3,5,3,5,1,3,2,5,9,6,1,3,2,2,1,7,4,0,1,1,2,6,4,3,2,3,4,3,2,0,4,1,3,6,12,2,4,6,0,8,2,3,4,3,2,4,7,9,3,3,3,2,1,2,3,0,2,5,9,0,3,5,3,2,2,3,3,2,4,5,1,2,3,3,5,3,4,5,3,4
4,8,3,3,3,4,6,2,2,7,4,3,3,6,5,3,5,1,1,3,2,2,5,2,2,8,1,5,4,2,2,3,3,2,1,3,3,1,2,3,3,2,3,5,6,3,5,3,4,5,3,1,7,9,3,4,0,2,5,4,2,2,3,3,6,5,4,0,2,1,3,2,5,7,1,5,2,0,4,1,3,6,12,2,4,6,0,8,2,3,4,3,2,4,7,9,3,3,3,2,1,2,3,0,2,5,9,0,3,5,3,2,2,3,3,2,4,5,1,2,3,3,5,3,4,5,3,4
4,8,3,3,3,4,6,2,2,7,4,3,3,6,5,3,5,1,1,3,2,2,5,2,2,8,1,5,4,2,2,3,3,2,1,3,3,1,2,3,3,2,3,5,6,3,5,3,4,5,3,1,7,9,3,4,0,2,5,4,2,2,3,3,6,5,4,0,2,1,3,2,5,7,1,5,4,3,2,5,5,0,19,10,5,0,5,5,4,3,1,3,4,2,3,3,2,4,3,3,3,2,3,6,4,5,5,2,6,1,2,1,1,8,3,2,6,6,3,5,0,3,4,1,7,0,2,3
5,2,2,5,4,1,0,8,6,1,1,7,3,4,4,6,3,0,0,9,4,2,5,1,10,0,3,4,3,2,2,3,7,1,5,3,5,5,4,4,2,1,3,5,7,2,3,5,3,2,1,2,2,3,3,1,3,2,2,5,2,1,3,5,4,4,1,2,2,4,3,6,1,4,2,3,4,3,2,5,5,0,19,10,5,0,5,5,4,3,1,3,4,2,3,3,2,4,3,3,3,2,3,6,4,5,5,2,6,1,2,1,1,8,3,2,6,6,3,5,0,3,4,1,7,0,2,3
5,2,2,5,4,1,0,8,6,1,1,7,3,4,4,6,3,0,0,9,4,2,5,1,10,0,3,4,3,2,2,3,7,1,5,3,5,5,4,4,2,1,3,5,7,2,3,5,3,2,1,2,2,3,3,1,3,2,2,5,2,1,3,5,4,4,1,2,2,4,3,6,1,4,2,3,3,3,7,12,2,1,4,2,2,3,5,2,2,2,4,1,6,5,3,2,5,3,2,2,4,4,8,3,5,4,2,1,3,2,2,2,7,1,1,2,1,2,4,5,2,4,4,2,6,4,2,4
2,2,4,4,1,2,1,5,4,3,2,3,4,4,2,2,7,6,7,8,4,4,4,2,4,2,2,2,10,3,3,7,2,1,3,2,5,3,1,2,5,1,2,1,6,2,4,5,5,2,6,1,2,4,5,1,3,2,3,2,2,5,4,4,9,3,3,4,2,2,2,3,4,3,1,3,3,3,7,12,2,1,4,2,2,3,5,2,2,2,4,1,6,5,3,2,5,3,2,2,4,4,8,3,5,4,2,1,3,2,2,2,7,1,1,2,1,2,4,5,2,4,4,2,6,4,2,4
2,2,4,4,1,2,1,5,4,3,2,3,4,4,2,2,7,6,7,8,4,4,4,2,4,2,2,2,10,3,3,7,2,1,3,2,5,3,1,2,5,1,2,1,6,2,4,5,5,2,6,1,2,4,5,1,3,2,3,2,2,5,4,4,9,3,3,4,2,2,2,3,4,3,1,4,4,2,9,8,2,1,4,1,6,1,6,3,6,3,3,9,3,2,2,3,4,3,1,5,2,2,2,1,4,1,3,1,4,4,3,3,2,2,5,1,4,3,4,3,4,2,11,7,2,3,5,4
2,1,5,2,4,1,3,4,1,2,3,7,6,0,3,4,3,2,7,3,2,4,3,5,8,1,2,2,2,3,1,6,3,2,4,3,6,3,4,1,4,4,1,2,4,9,1,2,3,4,2,3,2,2,4,5,3,4,3,2,4,4,1,1,3,6,6,5,3,3,3,7,4,1,4,4,4,2,9,8,2,1,4,1,6,1,6,3,6,3,3,9,3,2,2,3,4,3,1,5,2,2,2,1,4,1,3,1,4,4,3,3,2,2,5,1,4,3,4,3,4,2,11,7,2,3,5,4
2,1,5,2,4,1,3,4,1,2,3,7,6,0,3,4,3,2,7,3,2,4,3,5,8,1,2,2,2,3,1,6,3,2,4,3,6,3,4,1,4,4,1,2,4,9,1,2,3,4,2,3,2,2,4,5,3,4,3,2,4,4,1,1,3,6,6,5,3,3,3,7,4,1,4,2,2,2,2,4,9,1,3,3,3,6,4,2,1,3,3,2,2,2,4,3,1,4,6,4,5,4,4,5,4,1,6,5,3,2,5,3,3,8,5,2,3,5,2,3,2,5,4,2,2,2,2,4
2,5,4,2,2,1,10,6,7,0,1,3,4,3,1,2,3,4,5,3,6,4,5,1,3,2,4,2,6,2,3,3,3,4,4,7,1,3,3,3,3,4,4,5,4,7,2,3,4,3,1,4,4,2,7,3,3,5,6,3,0,4,6,1,4,1,4,6,3,3,2,4,4,4,4,2,2,2,2,4,9,1,3,3,3,6,4,2,1,3,3,2,2,2,4,3,1,4,6,4,5,4,4,5,4,1,6,5,3,2,5,3,3,8,5,2,3,5,2,3,2,5,4,2,2,2,2,4
2,5,4,2,2,1,10,6,7,0,1,3,4,3,1,2,3,4,5,3,6,4,5,1,3,2,4,2,6,2,3,3,3,4,4,7,1,3,3,3,3,4,4,5,4,7,2,3,4,3,1,4,4,2,7,3,3,5,6,3,0,4,6,1,4,1,4,6,3,3,2,4,4,4,4,6,4,1,5,4,6,16,1,10,1,4,3,2,5,1,8,2,4,6,5,3,4,4,1,2,6,1,3,1,3,7,1,2,4,4,2,2,5,2,5,2,3,6,2,5,5,4,2,2,4,3,2,4
4,2,2,2,5,5,3,4,3,2,0,4,3,2,3,3,1,3,5,4,2,3,3,6,5,5,3,4,6,5,2,2,5,1,7,5,1,9,2,5,3,2,9,2,4,6,2,3,5,4,6,4,0,2,4,3,4,3,3,6,2,5,5,4,4,5,3,1,3,3,2,1,2,7,1,6,4,1,5,4,6,16,1,10,1,4,3,2,5,1,8,2,4,6,5,3,4,4,1,2,6,1,3,1,3,7,1,2,4,4,2,2,5,2,5,2,3,6,2,5,5,4,2,2,4,3,2,4
4,2,2,2,5,5,3,4,3,2,0,4,3,2,3,3,1,3,5,4,2,3,3,6,5,5,3,4,6,5,2,2,5,1,7,5,1,9,2,5,3,2,9,2,4,6,2,3,5,4,6,4,0,2,4,3,4,3,3,6,2,5,5,4,4,5,3,1,3,3,2,1,2,7,1,4,2,3,1,10,5,2,1,3,4,3,6,2,5,4,6,2,2,7,1,5,2,1,3,3,2,8,2,6,4,3,1,1,2,5,4,0,3,1,0,5,1,6,3,3,4,2,4,2,1,6,5,2
5,0,5,3,4,2,3,4,3,6,8,3,2,2,1,2,2,2,3,3,2,2,2,3,2,7,4,4,2,3,3,2,3,3,3,3,5,2,8,2,4,1,5,1,1,3,2,3,3,4,2,3,1,1,3,2,7,4,2,2,4,6,4,5,0,2,2,2,1,4,5,7,0,6,5,4,2,3,1,10,5,2,1,3,4,3,6,2,5,4,6,2,2,7,1,5,2,1,3,3,2,8,2,6,4,3,1,1,2,5,4,0,3,1,0,5,1,6,3,3,4,2,4,2,1,6,5,2
5,0,5,3,4,2,3,4,3,6,8,3,2,2,1,2,2,2,3,3,2,2,2,3,2,7,4,4,2,3,3,2,3,3,3,3,5,2,8,2,4,1,5,1,1,3,2,3,3,4,2,3,1,1,3,2,7,4,2,2,4,6,4,5,0,2,2,2,1,4,5,7,0,6,5,3,2,2,1,3,3,20,1,4,3,3,6,1,1,2,2,6,4,2,3,5,4,2,4,2,6,1,2,3,3,6,4,3,6,3,4,5,3,2,4,4,2,3,3,4,2,3,2,3,3,2,2,3
2,7,3,4,3,4,4,2,3,1,3,2,1,4,2,4,3,0,4,11,0,1,5,5,2,4,4,1,4,2,3,1,2,5,5,2,3,7,2,3,4,1,6,1,4,2,6,6,3,4,3,1,2,1,2,3,3,4,3,3,4,2,3,3,5,6,3,1,3,2,8,5,4,2,4,3,2,2,1,3,3,20,1,4,3,3,6,1,1,2,2,6,4,2,3,5,4,2,4,2,6,1,2,3,3,6,4,3,6,3,4,5,3,2,4,4,2,3,3,4,2,3,2,3,3,2,2,3
2,7,3,4,3,4,4,2,3,1,3,2,1,4,2,4,3,0,4,11,0,1,5,5,2,4,4,1,4,2,3,1,2,5,5,2,3,7,2,3,4,1,6,1,4,2,6,6,3,4,3,1,2,1,2,3,3,4,3,3,4,2,3,3,5,6,3,1,3,2,8,5,4,2,4,4,6,3,5,3,4,2,2,4,28,8,7,1,0,3,0,5,6,3,4,5,3,2,2,3,2,2,5,2,2,2,1,2,3,5,7,4,1,4,2,2,1,1,4,9,3,4,9,3,4,7,9,1
2,2,2,2,1,3,5,1,5,3,3,5,3,3,1,1,2,3,1,3,3,2,4,2,2,7,5,2,5,2,1,3,5,7,3,6,0,2,1,5,2,2,6,2,0,4,1,1,5,3,4,6,3,3,3,4,5,4,1,2,3,4,2,5,1,3,1,2,3,3,3,2,3,3,4,4,6,3,5,3,4,2,2,4,28,8,7,1,0,3,0,5,6,3,4,5,3,2,2,3,2,2,5,2,2,2,1,2,3,5,7,4,1,4,2,2,1,1,4,9,3,4,9,3,4,7,9,1
2,2,2,2,1,3,5,1,5,3,3,5,3,3,1,1,2,3,1,3,3,2,4,2,2,7,5,2,5,2,1,3,5,7,3,6,0,2,1,5,2,2,6,2,0,4,1,1,5,3,4,6,3,3,3,4,5,4,1,2,3,4,2,5,1,3,1,2,3,3,3,2,3,3,4,1,3,2,4,2,10,5,2,6,2,4,4,1,2,1,3,2,2,3,3,5,2,1,6,7,3,1,6,4,1,3,2,2,7,5,2,3,4,1,8,3,3,4,2,3,4,2,1,3,10,1,2,3
2,6,4,5,1,7,2,4,5,5,3,4,3,1,3,7,4,2,7,3,5,1,1,5,2,5,3,2,4,2,6,4,2,1,2,4,7,4,3,3,3,4,2,3,3,6,4,3,11,2,2,2,6,1,5,4,3,3,1,5,2,7,5,1,3,5,8,4,2,5,2,4,1,6,2,1,3,2,4,2,10,5,2,6,2,4,4,1,2,1,3,2,2,3,3,5,2,1,6,7,3,1,6,4,1,3,2,2,7,5,2,3,4,1,8,3,3,4,2,3,4,2,1,3,10,1,2,3
2,6,4,5,1,7,2,4,5,5,3,4,3,1,3,7,4,2,7,3,5,1,1,5,2,5,3,2,4,2,6,4,2,1,2,4,7,4,3,3,3,4,2,3,3,6,4,3,11,2,2,2,6,1,5,4,3,3,1,5,2,7,5,1,3,5,8,4,2,5,2,4,1,6,2,2,2,5,3,4,3,4,7,35,0,3,1,1,1,3,2,2,0,2,5,2,2,5,3,2,4,2,8,5,2,3,0,1,2,5,1,2,4,4,3,2,1,5,1,3,3,2,1,6,5,5,3,3
2,2,4,2,5,2,3,3,2,6,1,4,4,3,1,2,5,6,3,5,6,3,1,1,2,3,6,5,3,5,2,5,6,2,1,4,4,2,2,4,2,1,5,5,4,1,1,2,2,4,3,3,2,4,4,3,2,1,3,4,6,3,3,1,2,2,6,3,5,4,2,5,2,6,1,2,2,5,3,4,3,4,7,35,0,3,1,1,1,3,2,2,0,2,5,2,2,5,3,2,4,2,8,5,2,3,0,1,2,5,1,2,4,4,3,2,1,5,1,3,3,2,1,6,5,5,3,3
2,2,4,2,5,2,3,3,2,6,1,4,4,3,1,2,5,6,3,5,6,3,1,1,2,3,6,5,3,5,2,5,6,2,1,4,4,2,2,4,2,1,5,5,4,1,1,2,2,4,3,3,2,4,4,3,2,1,3,4,6,3,3,1,2,2,6,3,5,4,2,5,2,6,1,4,2,9,2,6,1,4,3,2,2,4,1,1,3,4,2,4,2,2,2,3,2,3,2,3,1,3,2,3,4,4,1,4,4,4,4,2,3,3,1,6,3,3,6,2,3,3,4,1,1,1,5,5
1,2,3,3,3,6,3,4,3,3,8,4,4,6,1,3,3,1,5,2,3,3,2,3,3,2,2,5,3,2,3,3,2,2,1,1,6,2,5,3,7,1,2,4,1,3,1,2,7,4,4,2,3,6,2,3,3,2,5,5,7,2,7,4,4,3,1,1,7,3,6,3,2,3,4,4,2,9,2,6,1,4,3,2,2,4,1,1,3,4,2,4,2,2,2,3,2,3,2,3,1,3,2,3,4,4,1,4,4,4,4,2,3,3,1,6,3,3,6,2,3,3,4,1,1,1,5,5
1,2,3,3,3,6,3,4,3,3,8,4,4,6,1,3,3,1,5,2,3,3,2,3,3,2,2,5,3,2,3,3,2,2,1,1,6,2,5,3,7,1,2,4,1,3,1,2,7,4,4,2,3,6,2,3,3,2,5,5,7,2,7,4,4,3,1,1,7,3,6,3,2,3,4,4,4,5,3,17,8,2,7,8,3,3,0,4,3,2,3,4,4,1,2,2,4,2,6,3,2,5,3,3,3,2,4,5,3,3,1,2,4,2,4,5,2,4,5,2,4,5,6,3,3,2,4,4
2,1,2,2,2,3,2,5,4,2,2,5,3,4,1,4,1,4,3,5,2,6,3,2,2,3,3,2,1,1,2,6,5,5,4,2,0,7,3,2,4,8,3,2,1,3,2,4,4,3,1,4,2,5,2,7,3,2,3,1,2,6,4,0,7,6,1,1,2,2,4,2,6,3,1,4,4,5,3,17,8,2,7,8,3,3,0,4,3,2,3,4,4,1,2,2,4,2,6,3,2,5,3,3,3,2,4,5,3,3,1,2,4,2,4,5,2,4,5,2,4,5,6,3,3,2,4,4
2,1,2,2,2,3,2,5,4,2,2,5,3,4,1,4,1,4,3,5,2,6,3,2,2,3,3,2,1,1,2,6,5,5,4,2,0,7,3,2,4,8,3,2,1,3,2,4,4,3,1,4,2,5,2,7,3,2,3,1,2,6,4,0,7,6,1,1,2,2,4,2,6,3,1,2,1,3,6,5,3,1,37,0,4,1,1,3,3,2,2,4,3,2,1,3,4,5,4,3,1,2,3,2,4,1,3,2,3,3,3,9,0,1,3,2,5,2,3,3,0,6,5,4,0,3,4,4
2,3,6,4,1,5,5,3,2,3,2,3,1,4,4,1,5,4,1,5,1,4,4,4,2,2,5,2,3,5,9,2,7,1,4,3,5,2,4,1,4,4,1,4,3,1,2,8,7,1,3,4,1,3,3,5,8,4,5,4,3,2,2,5,4,5,4,2,1,1,5,1,2,3,2,2,1,3,6,5,3,1,37,0,4,1,1,3,3,2,2,4,3,2,1,3,4,5,4,3,1,2,3,2,4,1,3,2,3,3,3,9,0,1,3,2,5,2,3,3,0,6,5,4,0,3,4,4
2,3,6,4,1,5,5,3,2,3,2,3,1,4,4,1,5,4,1,5,1,4,4,4,2,2,5,2,3,5,9,2,7,1,4,3,5,2,4,1,4,4,1,4,3,1,2,8,7,1,3,4,1,3,3,5,8,4,5,4,3,2,2,5,4,5,4,2,1,1,5,1,2,3,2,3,0,7,7,2,20,1,1,4,1,2,3,1,2,5,9,2,3,3,3,6,6,1,2,1,2,2,4,4,3,2,5,1,6,3,6,1,2,4,2,1,7,2,6,4,1,2,2,5,0,2,7,1
3,6,4,0,5,3,6,2,5,7,3,5,1,6,2,4,5,5,3,4,5,3,1,3,5,4,3,3,2,1,7,2,2,6,5,1,1,1,3,3,2,2,1,7,1,5,4,4,7,5,3,3,2,2,2,3,4,4,3,3,3,5,3,4,1,6,5,7,4,1,5,5,4,2,3,3,0,7,7,2,20,1,1,4,1,2,3,1,2,5,9,2,3,3,3,6,6,1,2,1,2,2,4,4,3,2,5,1,6,3,6,1,2,4,2,1,7,2,6,4,1,2,2,5,0,2,7,1
3,6,4,0,5,3,6,2,5,7,3,5,1,6,2,4,5,5,3,4,5,3,1,3,5,4,3,3,2,1,7,2,2,6,5,1,1,1,3,3,2,2,1,7,1,5,4,4,7,5,3,3,2,2,2,3,4,4,3,3,3,5,3,4,1,6,5,7,4,1,5,5,4,2,3,7,5,2,1,3,4,6,10,6,4,2,3,6,2,3,3,2,2,3,3,0,1,6,2,5,6,4,6,2,0,5,3,5,4,1,4,7,4,7,3,2,5,8,1,1,3,4,3,5,4,7,1,4
1,1,4,5,1,5,2,4,2,5,5,2,3,3,3,6,4,5,3,3,2,2,4,3,1,4,2,0,6,4,4,4,1,3,2,2,2,7,4,2,3,4,2,1,3,3,6,0,2,9,7,3,5,6,2,3,6,2,2,4,6,3,2,0,4,3,3,2,5,2,3,5,3,4,2,7,5,2,1,3,4,6,10,6,4,2,3,6,2,3,3,2,2,3,3,0,1,6,2,5,6,4,6,2,0,5,3,5,4,1,4,7,4,7,3,2,5,8,1,1,3,4,3,5,4,7,1,4
1,1,4,5,1,5,2,4,2,5,5,2,3,3,3,6,4,5,3,3,2,2,4,3,1,4,2,0,6,4,4,4,1,3,2,2,2,7,4,2,3,4,2,1,3,3,6,0,2,9,7,3,5,6,2,3,6,2,2,4,6,3,2,0,4,3,3,2,5,2,3,5,3,4,2,2,6,4,1,3,5,8,3,3,3,4,6,0,5,4,3,3,4,3,3,5,3,2,1,1,10,32,19,0,0,4,58,4,0,0,1,4,20,0,0,2,42,0,0,0,1,3,0,5,0,1,2,8
1,1,6,5,3,4,2,2,5,9,1,4,3,2,2,1,5,3,3,4,3,4,4,0,5,2,5,2,3,2,6,6,3,2,4,2,4,0,1,7,1,1,3,1,2,6,4,3,5,4,2,2,2,5,3,4,6,1,4,4,58,10,0,0,4,1,2,2,1,5,1,2,3,5,2,2,6,4,1,3,5,8,3,3,3,4,6,0,5,4,3,3,4,3,3,5,3,2,1,1,10,32,19,0,0,4,58,4,0,0,1,4,20,0,0,2,42,0,0,0,1,3,0,5,0,1,2,8
1,1,6,5,3,4,2,2,5,9,1,4,3,2,2,1,5,3,3,4,3,4,4,0,5,2,5,2,3,2,6,6,3,2,4,2,4,0,1,7,1,1,3,1,2,6,4,3,5,4,2,2,2,5,3,4,6,1,4,4,58,10,0,0,4,1,2,2,1,5,1,2,3,5,2,4,3,2,4,2,2,3,8,1,3,6,6,2,5,1,2,4,2,3,1,2,2,2,5,8,2,4,2,2,4,2,3,3,9,1,3,3,5,6,4,2,3,2,2,57,29,0,0,0,2,1,1,1
0,0,3,1,0,3,2,5,4,4,2,2,4,2,2,2,2,6,1,4,3,5,3,1,3,5,2,2,3,4,7,3,1,2,4,1,4,2,3,5,4,1,6,1,4,2,61,45,33,32,25,6,0,45,8,0,1,56,0,4,0,0,58,39,0,0,0,0,0,0,1,1,4,4,4,7,1,2,2,4,12,4,2,2,4,4,4,1,2,2,3,2,6,6,2,2,2,4,1,4,3,2,4,1,2,3,5,3,3,1,3,4,4,5,3,5,2,1,1,1,5,3,5,6,3,1,6,2
0,0,3,1,0,3,2,5,4,4,2,2,4,2,2,2,2,6,1,4,3,5,3,1,3,5,2,2,3,4,7,3,1,2,4,1,4,2,3,5,4,1,6,1,4,2,61,45,33,32,25,6,0,45,8,0,1,56,0,4,0,0,58,39,0,0,0,0,0,0,1,1,4,4,1,2,1,4,7,6,4,3,21,1,4,0,2,2,4,2,3,4,4,2,2,4,2,4,4,4,2,2,3,5,2,2,60,46,1,0,0,6,1,3,55,7,0,0,2,2,0,3,1,4,0,62,23,0
2,5,2,5,6,5,3,3,2,3,2,3,6,7,7,5,1,4,6,2,3,1,2,2,2,3,2,5,1,3,5,3,7,3,1,3,2,2,3,4,2,3,7,3,2,3,6,2,1,43,19,4,2,0,7,2,2,2,1,6,2,67,35,0,0,0,0,1,3,3,3,4,5,2,1,2,1,4,7,6,4,3,21,1,4,0,2,2,4,2,3,4,4,2,2,4,2,4,4,4,2,2,3,5,2,2,60,46,1,0,0,6,1,3,55,7,0,0,2,2,0,3,1,4,0,62,23,0
2,5,2,5,6,5,3,3,2,3,2,3,6,7,7,5,1,4,6,2,3,1,2,2,2,3,2,5,1,3,5,3,7,3,1,3,2,2,3,4,2,3,7,3,2,3,6,2,1,43,19,4,2,0,7,2,2,2,1,6,2,67,35,0,0,0,0,1,3,3,3,4,5,2,1,2,1,3,2,5,4,13,4,1,1,3,3,3,5,2,4,4,2,3,3,1,4,3,6,5,4,2,2,4,2,5,3,4,6,2,1,1,1,60,18,4,0,0,0,4,1,4,59,2,4,0,0,2
4,4,1,2,3,3,4,4,1,9,2,6,5,0,3,4,1,2,5,5,1,3,6,3,3,4,6,1,3,3,3,2,4,1,6,6,8,3,1,2,5,2,1,1,3,2,6,7,3,2,1,60,18,45,30,0,0,0,51,36,0,0,0,1,0,3,5,4,4,1,1,2,1,0,2,2,1,3,2,5,4,13,4,1,1,3,3,3,5,2,4,4,2,3,3,1,4,3,6,5,4,2,2,4,2,5,3,4,6,2,1,1,1,60,18,4,0,0,0,4,1,4,59,2,4,0,0,2
4,4,1,2,3,3,4,4,1,9,2,6,5,0,3,4,1,2,5,5,1,3,6,3,3,4,6,1,3,3,3,2,4,1,6,6,8,3,1,2,5,2,1,1,3,2,6,7,3,2,1,60,18,45,30,0,0,0,51,36,0,0,0,1,0,3,5,4,4,1,1,2,1,0,3,1,3,2,6,12,3,3,4,4,4,3,3,5,5,3,3,2,4,2,1,4,4,2,5,3,4,5,2,3,5,57,17,2,0,0,0,2,2,3,36,14,0,0,5,2,4,5,6,3,1,4,2,4
2,3,3,0,5,4,6,3,5,5,2,2,1,1,7,4,4,1,1,4,3,2,2,3,6,4,8,0,3,4,1,4,3,5,3,4,4,2,5,1,2,6,3,1,2,9,0,5,5,5,2,2,3,1,3,4,1,3,75,16,0,0,0,4,0,1,2,1,2,6,3,3,5,5,1,1,3,2,6,12,3,3,4,4,4,3,3,5,5,3,3,2,4,2,1,4,4,2,5,3,4,5,2,3,5,57,17,2,0,0,0,2,2,3,36,14,0,0,5,2,4,5,6,3,1,4,2,4
2,3,3,0,5,4,6,3,5,5,2,2,1,1,7,4,4,1,1,4,3,2,2,3,6,4,8,0,3,4,1,4,3,5,3,4,4,2,5,1,2,6,3,1,2,9,0,5,5,5,2,2,3,1,3,4,1,3,75,16,0,0,0,4,0,1,2,1,2,6,3,3,5,5,4,1,2,5,5,13,1,8,3,3,1,5,2,1,2,3,4,2,1,3,4,4,2,2,1,5,4,4,6,4,5,4,2,2,1,2,3,9,4,6,7,5,1,4,4,1,2,4,3,2,2,55,4,1
0,5,5,1,1,7,0,1,4,2,3,5,7,5,3,0,3,5,6,5,0,3,2,2,2,2,4,2,0,5,4,3,3,4,4,1,6,1,3,2,3,4,8,7,3,2,5,4,7,2,8,3,2,1,1,64,11,0,2,2,3,0,58,42,0,0,0,0,0,4,5,2,3,1,4,1,2,5,5,13,1,8,3,3,1,5,2,1,2,3,4,2,1,3,4,4,2,2,1,5,4,4,6,4,5,4,2,2,1,2,3,9,4,6,7,5,1,4,4,1,2,4,3,2,2,55,4,1
0,5,5,1,1,7,0,1,4,2,3,5,7,5,3,0,3,5,6,5,0,3,2,2,2,2,4,2,0,5,4,3,3,4,4,1,6,1,3,2,3,4,8,7,3,2,5,4,7,2,8,3,2,1,1,64,11,0,2,2,3,0,58,42,0,0,0,0,0,4,5,2,3,1,3,5,4,1,5,2,16,2,3,4,2,4,9,2,3,2,3,2,10,3,1,7,5,1,3,3,4,1,5,2,4,3,2,5,3,3,2,5,2,3,1,2,4,6,48,0,1,3,0,3,0,4,3,0
0,2,4,8,3,1,3,2,5,1,1,2,2,5,1,2,3,2,6,4,4,1,4,3,3,5,3,6,6,8,4,2,3,7,8,4,4,0,5,4,2,1,3,2,3,7,2,2,2,2,4,4,4,3,2,1,2,4,5,4,4,3,3,1,4,2,4,1,7,3,4,2,4,3,1,5,4,1,5,2,16,2,3,4,2,4,9,2,3,2,3,2,10,3,1,7,5,1,3,3,4,1,5,2,4,3,2,5,3,3,2,5,2,3,1,2,4,6,48,0,1,3,0,3,0,4,3,0
1,2,4,8,3,1,3,2,5,1,1,2,2,5,1,2,3,2,6,4,4,1,4,3,3,5,3,6,6,8,4,2,3,7,8,4,4,0,5,4,2,1,3,2,3,7,2,2,2,2,4,4,4,3,2,1,2,4,5,4,4,3,3,1,4,2,4,1,7,3,4,2,4,3,5,5,3,2,2,4,11,2,3,2,3,5,3,3,2,2,1,3,2,5,3,6,3,1,1,3,2,2,2,4,5,1,3,2,3,7,4,5,4,6,2,4,7,2,4,1,2,4,2,3,1,7,1,4
1,45,3,0,43,2,0,32,0,28,7,1,0,0,0,6,0,0,3,6,1,2,6,4,3,5,3,2,2,4,1,5,6,1,5,44,11,23,1,0,50,6,45,31,34,0,0,0,0,2,0,0,0,2,3,3,3,1,54,29,0,0,3,0,0,1,0,1,3,2,2,5,0,4,5,5,3,2,2,4,11,2,3,2,3,5,3,3,2,2,1,3,2,5,3,6,3,1,1,3,2,2,2,4,5,1,3,2,3,7,4,5,4,6,2,4,7,2,4,1,2,4,2,3,1,7,1,4
0,45,3,0,43,2,0,32,0,28,7,1,0,0,0,6,0,0,3,6,1,2,6,4,3,5,3,2,2,4,1,5,6,1,5,44,11,23,1,0,50,6,45,31,34,0,0,0,0,2,0,0,0,2,3,3,3,1,54,29,0,0,3,0,0,1,0,1,3,2,2,5,0,4,1,4,6,0,2,2,1,3,31,3,2,1,5,1,4,4,3,3,4,0,4,1,3,3,2,4,2,3,3,1,4,4,7,5,1,62,29,28,0,48,37,0,45,24,0,0,0,2,0,56,14,0,0,0
1,5,1,5,1,3,2,2,10,3,6,2,8,5,1,1,2,2,4,4,5,4,3,1,4,2,1,4,4,2,3,2,3,2,2,2,4,2,4,3,3,4,2,1,5,42,9,47,3,0,1,0,58,0,0,47,2,0,2,59,0,0,0,0,3,0,1,0,0,1,2,5,2,0,1,4,6,0,2,2,1,3,31,3,2,1,5,1,4,4,3,3,4,0,4,1,3,3,2,4,2,3,3,1,4,4,7,5,1,62,29,28,0,48,37,0,45,24,0,0,0,2,0,56,14,0,0,0
4,5,1,5,1,3,2,2,10,3,6,2,8,5,1,1,2,2,4,4,5,4,3,1,4,2,1,4,4,2,3,2,3,2,2,2,4,2,4,3,3,4,2,1,5,42,9,47,3,0,1,0,58,0,0,47,2,0,2,59,0,0,0,0,3,0,1,0,0,1,2,5,2,0,2,4,2,2,6,4,2,2,5,3,3,1,2,4,8,32,4,0,2,2,2,7,4,2,3,2,5,2,1,8,8,4,2,4,4,3,6,6,1,55,0,0,0,0,1,4,3,0,3,2,3,2,2,5
4,5,3,2,3,2,1,4,2,3,3,3,4,6,1,8,1,5,3,3,2,4,2,3,2,1,2,5,3,4,4,5,1,3,2,1,1,3,0,4,5,3,1,6,4,8,3,1,3,4,5,2,4,3,2,2,64,20,0,44,2,44,8,0,53,26,0,0,0,44,0,0,1,0,6,4,2,2,6,4,2,2,5,3,3,1,2,4,8,32,4,0,2,2,2,7,4,2,3,2,5,2,1,8,8,4,2,4,4,3,6,6,1,55,0,0,0,0,1,4,3,0,3,2,3,2,2,5
3,5,3,2,3,2,1,4,2,3,3,3,4,6,1,8,1,5,3,3,2,4,2,3,2,1,2,5,3,4,4,5,1,3,2,1,1,3,0,4,5,3,1,6,4,8,3,1,3,4,5,2,4,3,2,2,64,20,0,44,2,44,8,0,53,26,0,0,0,44,0,0,1,0,6,0,4,0,0,0,0,15,0,6,4,0,2,2,4,3,3,3,2,4,2,2,1,6,2,5,1,4,1,5,7,60,0,3,0,49,40,26,0,62,2,0,3,0,0,0,2,3,1,4,1,4,3,3
2,2,3,3,3,1,4,5,1,5,9,3,2,2,3,4,1,2,2,3,4,6,3,4,3,2,6,3,4,3,1,10,4,3,2,3,1,6,1,4,4,2,2,2,3,7,6,3,3,6,1,2,2,5,5,2,4,6,2,5,6,4,4,5,1,4,5,2,5,2,2,2,5,0,6,0,4,0,0,0,0,15,0,6,4,0,2,2,4,3,3,3,2,4,2,2,1,6,2,5,1,4,1,5,7,60,0,3,0,49,40,26,0,62,2,0,3,0,0,0,2,3,1,4,1,4,3,3
2,2,3,3,3,1,4,5,1,5,9,3,2,2,3,4,1,2,2,3,4,6,3,4,3,2,6,3,4,3,1,10,4,3,2,3,1,6,1,4,4,2,2,2,3,7,6,3,3,6,1,2,2,5,5,2,4,6,2,5,6,4,4,5,1,4,5,2,5,2,2,2,5,0,1,4,4,6,5,2,5,2,3,3,22,3,5,1,2,2,4,2,2,5,3,2,3,3,1,7,1,5,3,2,1,2,3,4,7,5,4,2,3,1,1,2,3,1,4,2,3,2,5,4,2,5,5,4
2,5,2,2,2,3,2,7,1,4,2,1,2,5,2,3,2,3,4,5,3,2,4,1,1,2,4,2,1,4,3,2,3,2,6,3,3,4,3,1,2,5,7,2,8,6,3,2,3,5,4,2,2,1,5,2,7,1,4,2,3,2,2,8,7,2,1,2,1,3,1,4,3,4,2,4,4,6,5,2,5,2,3,3,22,3,5,1,2,2,4,2,2,5,3,2,3,3,1,7,1,5,3,2,1,2,3,4,7,5,4,2,3,1,1,2,3,1,4,2,3,2,5,4,2,5,5,4
2,5,2,2,2,3,2,7,1,4,2,1,2,5,2,3,2,3,4,5,3,2,4,1,1,2,4,2,1,4,3,2,3,2,6,3,3,4,3,1,2,5,7,2,8,6,3,2,3,5,4,2,2,1,5,2,7,1,4,2,3,2,2,8,7,2,1,2,1,3,1,4,3,4,2,2,4,2,1,1,4,1,5,2,6,21,7,1,6,1,4,5,8,6,2,2,2,2,6,0,2,6,2,3,4,1,4,8,7,3,2,3,6,3,2,2,1,6,2,1,7,5,1,4,3,2,2,7
3,1,3,5,2,2,5,5,1,2,2,5,7,9,2,6,4,3,3,1,3,4,1,5,1,1,4,3,4,4,3,2,4,4,2,2,2,2,3,7,2,3,2,2,3,2,4,3,5,3,1,7,8,3,1,3,8,2,4,1,3,6,1,4,1,7,2,1,3,4,1,5,4,2,4,2,4,2,1,1,4,1,5,2,6,21,7,1,6,1,4,5,8,6,2,2,2,2,6,0,2,6,2,3,4,1,4,8,7,3,2,3,6,3,2,2,1,6,2,1,7,5,1,4,3,2,2,7
3,1,3,5,2,2,5,5,1,2,2,5,7,9,2,6,4,3,3,1,3,4,1,5,1,1,4,3,4,4,3,2,4,4,2,2,2,2,3,7,2,3,2,2,3,2,4,3,5,3,1,7,8,3,1,3,8,2,4,1,3,6,1,4,1,7,2,1,3,4,1,5,4,2,4,2,4,3,1,2,4,13,8,1,4,2,0,2,4,3,9,5,3,4,4,2,2,2,3,3,6,6,0,3,5,2,2,6,1,2,1,2,2,3,3,2,2,3,4,2,2,4,3,5,2,6,6,2
2,1,5,2,2,2,4,3,2,5,4,2,3,5,5,3,3,4,1,4,1,2,4,4,3,1,5,2,3,6,4,5,1,3,2,5,1,10,4,2,3,2,6,3,2,4,5,4,3,1,5,2,3,4,4,8,6,3,2,2,6,2,4,4,1,1,2,3,5,2,3,5,5,2,3,2,4,3,1,2,4,13,8,1,4,2,0,2,4,3,9,5,3,4,4,2,2,2,3,3,6,6,0,3,5,2,2,6,1,2,1,2,2,3,3,2,2,3,4,2,2,4,3,5,2,6,6,2
2,1,5,2,2,2,4,3,2,5,4,2,3,5,5,3,3,4,1,4,1,2,4,4,3,1,5,2,3,6,4,5,1,3,2,5,1,10,4,2,3,2,6,3,2,4,5,4,3,1,5,2,3,4,4,8,6,3,2,2,6,2,4,4,1,1,2,3,5,2,3,5,5,2,3,7,3,4,2,3,6,3,3,4,2,3,3,1,2,6,1,1,6,1,4,3,2,4,7,2,0,1,3,2,3,3,7,6,2,2,1,2,5,2,7,2,2,2,5,5,3,1,3,2,3,3,5,2
2,2,4,3,2,2,7,5,2,3,1,3,3,2,0,4,1,2,4,8,2,4,6,1,3,4,6,2,3,5,4,5,1,1,1,4,4,8,1,2,1,3,4,7,3,4,1,2,3,5,3,5,4,4,0,2,2,2,4,1,2,0,5,3,4,0,2,2,6,3,2,1,4,4,10,7,3,4,2,3,6,3,3,4,2,3,3,1,2,6,1,1,6,1,4,3,2,4,7,2,0,1,3,2,3,3,7,6,2,2,1,2,5,2,7,2,2,2,5,5,3,1,3,2,3,3,5,2
2,2,4,3,2,2,7,5,2,3,1,3,3,2,0,4,1,2,4,8,2,4,6,1,3,4,6,2,3,5,4,5,1,1,1,4,4,8,1,2,1,3,4,7,3,4,1,2,3,5,3,5,4,4,0,2,2,2,4,1,2,0,5,3,4,0,2,2,6,3,2,1,4,4,10,5,2,2,1,3,3,5,4,4,12,4,4,6,2,2,2,2,3,6,2,2,3,1,1,1,4,6,3,3,6,6,2,4,2,6,5,2,5,2,4,2,5,3,0,7,7,3,3,2,3,4,1,4
3,3,1,8,1,3,2,3,3,1,3,6,2,4,0,3,1,4,1,1,3,2,5,5,6,4,2,3,2,3,3,3,3,4,2,3,3,4,2,1,6,2,1,6,4,4,6,3,2,0,2,5,1,1,3,4,3,4,2,4,3,3,5,1,4,5,3,6,2,3,1,2,5,3,2,5,2,2,1,3,3,5,4,4,12,4,4,6,2,2,2,2,3,6,2,2,3,1,1,1,4,6,3,3,6,6,2,4,2,6,5,2,5,2,4,2,5,3,0,7,7,3,3,2,3,4,1,4
3,3,1,8,1,3,2,3,3,1,3,6,2,4,0,3,1,4,1,1,3,2,5,5,6,4,2,3,2,3,3,3,3,4,2,3,3,4,2,1,6,2,1,6,4,4,6,3,2,0,2,5,1,1,3,4,3,4,2,4,3,3,5,1,4,5,3,6,2,3,1,2,5,3,2,3,1,7,3,4,3,2,7,6,6,2,7,19,3,3,0,4,1,2,4,2,5,1,4,2,2,5,3,8,5,5,4,5,2,6,6,2,7,4,1,1,3,2,2,3,3,3,6,3,3,5,1,4
3,3,3,1,3,3,3,2,5,2,1,3,4,2,2,3,5,3,6,5,8,1,6,4,2,2,3,0,5,4,1,5,1,2,6,6,4,2,5,2,1,1,3,1,1,2,1,2,5,3,1,2,1,2,4,3,7,2,2,2,4,3,6,3,2,2,4,2,4,4,3,4,2,2,6,3,1,7,3,4,3,2,7,6,6,2,7,19,3,3,0,4,1,2,4,2,5,1,4,2,2,5,3,8,5,5,4,5,2,6,6,2,7,4,1,1,3,2,2,3,3,3,6,3,3,5,1,4
3,3,3,1,3,3,3,2,5,2,1,3,4,2,2,3,5,3,6,5,8,1,6,4,2,2,3,0,5,4,1,5,1,2,6,6,4,2,5,2,1,1,3,1,1,2,1,2,5,3,1,2,1,2,4,3,7,2,2,2,4,3,6,3,2,2,4,2,4,4,3,4,2,2,6,5,3,2,1,3,2,3,3,4,31,0,0,0,2,5,2,1,2,5,4,4,3,2,7,5,3,3,2,4,4,4,3,5,2,3,4,6,2,6,3,5,1,3,6,4,4,0,3,6,3,4,6,2
7,6,3,4,1,2,2,1,1,4,7,3,1,2,3,4,6,2,3,4,6,8,3,3,0,3,2,4,3,3,6,4,3,2,5,2,6,4,1,2,2,2,2,4,9,4,3,5,2,3,5,2,5,4,7,1,8,2,3,3,3,1,2,3,1,1,3,2,3,6,3,7,2,7,3,5,3,2,1,3,2,3,3,4,31,0,0,0,2,5,2,1,2,5,4,4,3,2,7,5,3,3,2,4,4,4,3,5,2,3,4,6,2,6,3,5,1,3,6,4,4,0,3,6,3,4,6,2
7,6,3,4,1,2,2,1,1,4,7,3,1,2,3,4,6,2,3,4,6,8,3,3,0,3,2,4,3,3,6,4,3,2,5,2,6,4,1,2,2,2,2,4,9,4,3,5,2,3,5,2,5,4,7,1,8,2,3,3,3,1,2,3,1,1,3,2,3,6,3,7,2,7,3,7,2,4,2,3,2,3,1,22,4,2,2,7,0,3,5,5,0,2,4,1,3,3,7,3,1,3,6,2,3,4,6,0,2,2,10,2,4,1,2,3,7,5,3,2,7,5,2,1,1,5,3,6
2,6,2,6,6,4,5,3,3,1,2,6,5,2,0,2,2,4,4,7,1,3,5,4,1,3,3,2,3,2,5,2,2,3,6,4,4,4,3,2,1,3,2,4,2,2,6,4,4,3,5,3,2,3,6,3,3,1,4,3,3,5,4,3,1,2,3,6,3,4,3,3,0,8,5,7,2,4,2,3,2,3,1,22,4,2,2,7,0,3,5,5,0,2,4,1,3,3,7,3,1,3,6,2,3,4,6,0,2,2,10,2,4,1,2,3,7,5,3,2,7,5,2,1,1,5,3,6
2,6,2,6,6,4,5,3,3,1,2,6,5,2,0,2,2,4,4,7,1,3,5,4,1,3,3,2,3,2,5,2,2,3,6,4,4,4,3,2,1,3,2,4,2,2,6,4,4,3,5,3,2,3,6,3,3,1,4,3,3,5,4,3,1,2,3,6,3,4,3,3,0,8,5,2,2,5,3,4,3,0,7,35,2,0,1,2,3,1,3,1,5,4,4,5,3,4,3,3,3,4,4,5,3,2,5,2,6,5,4,1,7,2,2,4,2,5,1,4,3,7,0,3,2,2,1,3
3,3,1,1,5,2,1,10,2,5,4,2,2,2,4,2,2,2,5,2,4,2,1,6,1,1,2,2,3,6,1,2,4,8,2,3,1,4,5,4,2,0,4,2,3,6,4,4,3,8,6,3,1,3,1,2,4,5,2,3,2,5,4,3,6,5,6,1,3,0,5,5,1,4,2,2,2,5,3,4,3,0,7,35,2,0,1,2,3,1,3,1,5,4,4,5,3,4,3,3,3,4,4,5,3,2,5,2,6,5,4,1,7,2,2,4,2,5,1,4,3,7,0,3,2,2,1,3
3,3,1,1,5,2,1,10,2,5,4,2,2,2,4,2,2,2,5,2,4,2,1,6,1,1,2,2,3,6,1,2,4,8,2,3,1,4,5,4,2,0,4,2,3,6,4,4,3,8,6,3,1,3,1,2,4,5,2,3,2,5,4,3,6,5,6,1,3,0,5,5,1,4,2,0,4,6,2,4,11,1,2,4,7,2,2,4,4,2,5,4,2,1,1,3,3,3,6,4,2,4,3,1,2,3,3,4,4,3,1,1,3,1,6,1,5,1,4,3,3,1,1,3,5,3,6,4
0,2,6,4,4,2,4,1,3,4,1,4,4,4,2,4,3,4,5,1,5,3,5,4,2,10,4,2,4,3,2,6,3,5,5,2,1,3,2,7,1,4,4,3,3,1,2,5,2,1,5,3,5,3,4,3,4,3,1,2,4,1,2,2,2,5,5,6,3,2,4,3,2,2,4,0,4,6,2,4,11,1,2,4,7,2,2,4,4,2,5,4,2,1,1,3,3,3,6,4,2,4,3,1,2,3,3,4,4,3,1,1,3,1,6,1,5,1,4,3,3,1,1,3,5,3,6,4
5,2,6,4,4,2,4,1,3,4,1,4,4,4,2,4,3,4,5,1,5,3,5,4,2,10,4,2,4,3,2,6,3,5,5,2,1,3,2,7,1,4,4,3,3,1,2,5,2,1,5,3,5,3,4,3,4,3,1,2,4,1,2,2,2,5,5,6,3,2,4,3,2,2,4,4,2,4,9,2,3,5,0,3,2,27,2,7,2,3,1,4,3,6,7,2,3,1,3,5,4,1,6,1,7,6,4,4,1,3,6,2,3,3,4,2,5,8,4,0,1,6,4,3,0,2,3,3
5,4,4,1,2,3,7,4,3,1,3,3,5,3,5,2,5,3,2,2,2,3,4,2,1,3,1,4,4,4,2,2,3,5,3,2,4,7,6,2,2,2,1,4,2,1,7,3,9,3,2,3,2,2,4,3,2,3,3,4,1,3,1,2,5,1,4,2,4,6,6,2,1,3,8,4,2,4,9,2,3,5,0,3,2,27,2,7,2,3,1,4,3,6,7,2,3,1,3,5,4,1,6,1,7,6,4,4,1,3,6,2,3,3,4,2,5,8,4,0,1,6,4,3,0,2,3,3
5,4,4,1,2,3,7,4,3,1,3,3,5,3,5,2,5,3,2,2,2,3,4,2,1,3,1,4,4,4,2,2,3,5,3,2,4,7,6,2,2,2,1,4,2,1,7,3,9,3,2,3,2,2,4,3,2,3,3,4,1,3,1,2,5,1,4,2,4,6,6,2,1,3,8,4,3,2,3,4,1,2,2,27,9,1,2,1,11,1,1,1,1,3,2,6,1,6,2,1,3,4,4,2,3,4,7,4,5,5,6,5,1,1,4,3,1,2,4,3,4,2,3,3,3,5,3,5
3,4,4,1,2,5,0,3,3,4,4,2,4,2,5,4,6,1,2,2,6,2,3,5,4,3,1,2,6,2,4,4,1,5,1,3,2,2,5,1,2,5,3,1,3,3,5,5,3,2,4,2,2,2,1,3,6,4,2,3,5,2,3,0,2,2,3,2,3,8,2,8,2,1,2,4,3,2,3,4,1,2,2,27,9,1,2,1,11,1,1,1,1,3,2,6,1,6,2,1,3,4,4,2,3,4,7,4,5,5,6,5,1,1,4,3,1,2,4,3,4,2,3,3,3,5,3,5
3,4,4,1,2,5,0,3,3,4,4,2,4,2,5,4,6,1,2,2,6,2,3,5,4,3,1,2,6,2,4,4,1,5,1,3,2,2,5,1,2,5,3,1,3,3,5,5,3,2,4,2,2,2,1,3,6,4,2,3,5,2,3,0,2,2,3,2,3,8,2,8,2,1,2,3,2,1,8,5,4,3,2,3,28,0,1,3,5,5,1,2,3,4,2,3,1,3,4,3,5,1,4,3,5,3,3,7,2,6,5,1,5,3,4,4,2,5,3,2,0,5,2,2,5,1,2,1
3,6,2,2,0,3,3,4,5,6,2,1,3,3,3,4,3,6,4,4,2,5,7,7,1,4,2,2,3,3,2,3,2,2,2,6,4,6,2,5,2,2,3,1,2,2,4,6,1,3,2,2,5,2,5,2,5,0,1,3,5,2,5,1,2,3,2,0,7,5,8,7,2,3,3,3,2,1,8,5,4,3,2,3,28,0,1,3,5,5,1,2,3,4,2,3,1,3,4,3,5,1,4,3,5,3,3,7,2,6,5,1,5,3,4,4,2,5,3,2,0,5,2,2,5,1,2,1
3,6,2,2,0,3,3,4,5,6,2,1,3,3,3,4,3,6,4,4,2,5,7,7,1,4,2,2,3,3,2,3,2,2,2,6,4,6,2,5,2,2,3,1,2,2,4,6,1,3,2,2,5,2,5,2,5,0,1,3,5,2,5,1,2,3,2,0,7,5,8,7,2,3,5,2,2,1,4,5,4,3,1,5,35,0,3,3,4,4,5,2,4,3,3,3,2,3,1,4,3,3,1,4,3,3,2,1,8,4,5,2,1,7,9,2,1,5,5,2,3,3,2,1,1,5,5,2
4,6,3,4,2,4,3,6,3,4,4,4,2,6,5,3,3,4,3,6,6,8,2,4,3,2,1,2,3,7,4,1,4,3,1,4,1,1,3,1,5,2,1,2,5,4,3,1,5,4,4,1,3,2,5,3,1,2,8,5,2,3,2,2,4,3,4,5,4,5,2,4,3,4,5,2,2,1,4,5,4,3,1,5,35,0,3,3,4,4,5,2,4,3,3,3,2,3,1,4,3,3,1,4,3,3,2,1,8,4,5,2,1,7,9,2,1,5,5,2,3,3,2,1,1,5,5,2
4,6,3,4,2,4,3,6,3,4,4,4,2,6,5,3,3,4,3,6,6,8,2,4,3,2,1,2,3,7,4,1,4,3,1,4,1,1,3,1,5,2,1,2,5,4,3,1,5,4,4,1,3,2,5,3,1,2,8,5,2,3,2,2,4,3,4,5,4,5,2,4,3,4,5,3,2,2,4,3,2,2,23,13,2,2,4,2,6,4,5,4,0,2,1,4,2,3,7,5,4,2,4,2,4,3,2,2,6,2,1,4,1,3,3,1,2,3,2,5,1,5,1,1,5,1,3,5
4,1,3,5,2,2,4,1,7,4,2,5,2,1,4,3,3,2,4,2,5,2,2,2,2,7,6,1,2,3,4,1,6,2,4,4,3,4,2,1,7,6,3,6,2,4,5,4,2,2,4,2,6,1,8,1,3,2,6,2,4,6,6,6,5,1,2,2,5,5,3,3,2,6,3,3,2,2,4,3,2,2,23,13,2,2,4,2,6,4,5,4,0,2,1,4,2,3,7,5,4,2,4,2,4,3,2,2,6,2,1,4,1,3,3,1,2,3,2,5,1,5,1,1,5,1,3,5
4,1,3,5,2,2,4,1,7,4,2,5,2,1,4,3,3,2,4,2,5,2,2,2,2,7,6,1,2,3,4,1,6,2,4,4,3,4,2,1,7,6,3,6,2,4,5,4,2,2,4,2,6,1,8,1,3,2,6,2,4,6,6,6,5,1,2,2,5,5,3,3,2,6,3,2,5,5,5,1,21,1,0,3,2,4,3,2,3,3,5,2,5,2,2,2,2,3,1,2,3,3,2,6,6,4,3,4,2,4,2,5,5,5,2,3,4,3,4,2,2,4,3,3,4,7,4,3
2,1,4,2,5,5,2,8,2,3,6,1,2,3,8,2,2,5,3,2,2,7,3,5,2,3,3,2,8,3,4,1,6,4,3,7,2,3,4,2,3,5,2,2,3,8,6,3,3,2,3,1,10,2,2,1,4,5,2,5,1,3,2,2,4,4,3,0,3,7,1,4,2,4,1,2,5,5,5,1,21,1,0,3,2,4,3,2,3,3,5,2,5,2,2,2,2,3,1,2,3,3,2,6,6,4,3,4,2,4,2,5,5,5,2,3,4,3,4,2,2,4,3,3,4,7,4,3
3,1,4,2,5,5,2,8,2,3,6,1,2,3,8,2,2,5,3,2,2,7,3,5,2,3,3,2,8,3,4,1,6,4,3,7,2,3,4,2,3,5,2,2,3,8,6,3,3,2,3,1,10,2,2,1,4,5,2,5,1,3,2,2,4,4,3,0,3,7,1,4,2,4,1,2,6,2,1,3,2,3,25,2,2,3,1,4,0,2,2,2,6,2,3,5,1,3,3,6,5,3,3,1,2,2,5,5,1,3,6,1,3,3,4,2,5,4,4,6,6,3,5,3,2,1,3,3
6,2,3,8,4,0,3,7,3,1,4,3,5,2,3,2,0,4,5,6,1,7,1,8,5,4,4,1,4,2,5,3,1,4,4,3,2,3,4,1,3,3,3,6,9,3,1,3,4,2,3,5,5,4,2,5,7,5,2,3,6,4,2,3,3,3,5,2,1,2,3,5,3,9,2,2,6,2,1,3,2,3,25,2,2,3,1,4,0,2,2,2,6,2,3,5,1,3,3,6,5,3,3,1,2,2,5,5,1,3,6,1,3,3,4,2,5,4,4,6,6,3,5,3,2,1,3,3
6,2,3,8,4,0,3,7,3,1,4,3,5,2,3,2,0,4,5,6,1,7,1,8,5,4,4,1,4,2,5,3,1,4,4,3,2,3,4,1,3,3,3,6,9,3,1,3,4,2,3,5,5,4,2,5,7,5,2,3,6,4,2,3,3,3,5,2,1,2,3,5,3,9,2,2,3,4,6,5,17,0,1,1,2,4,3,6,3,3,2,1,6,1,7,3,3,3,7,0,1,2,3,1,0,2,2,4,1,2,6,5,3,5,8,4,3,4,1,2,4,3,7,7,3,5,2,2
3,4,1,4,2,2,0,2,11,4,4,4,3,3,3,2,6,7,4,5,1,2,1,3,2,2,2,4,6,4,4,4,2,2,2,4,5,5,2,3,1,2,6,3,3,4,2,5,2,1,4,4,2,1,3,3,3,5,2,4,2,6,1,4,4,2,3,4,7,2,5,3,3,1,2,2,3,4,6,5,17,0,1,1,2,4,3,6,3,3,2,1,6,1,7,3,3,3,7,0,1,2,3,1,0,2,2,4,1,2,6,5,3,5,8,4,3,4,1,2,4,3,7,7,3,5,2,2
3,4,1,4,2,2,0,2,11,4,4,4,3,3,3,2,6,7,4,5,1,2,1,3,2,2,2,4,6,4,4,4,2,2,2,4,5,5,2,3,1,2,6,3,3,4,2,5,2,1,4,4,2,1,3,3,3,5,2,4,2,6,1,4,4,2,3,4,7,2,5,3,3,1,2,5,4,2,3,1,9,5,4,16,3,1,0,5,5,5,5,4,7,3,7,5,0,4,5,4,2,3,3,8,2,5,5,2,6,1,4,4,9,2,2,4,3,5,3,6,4,3,2,4,6,3,4,1
4,5,6,3,2,3,1,7,3,4,5,1,2,3,1,1,5,2,3,5,3,2,4,7,2,3,1,2,1,2,1,6,7,4,5,2,3,0,4,5,5,2,2,2,3,5,1,3,3,1,2,3,13,4,3,2,4,2,3,8,2,5,2,4,3,3,5,2,4,3,4,5,6,5,6,5,4,2,3,1,9,5,4,16,3,1,0,5,5,5,5,4,7,3,7,5,0,4,5,4,2,3,3,8,2,5,5,2,6,1,4,4,9,2,2,4,3,5,3,6,4,3,2,4,6,3,4,1
4,5,6,3,2,3,1,7,3,4,5,1,2,3,1,1,5,2,3,5,3,2,4,7,2,3,1,2,1,2,1,6,7,4,5,2,3,0,4,5,5,2,2,2,3,5,1,3,3,1,2,3,13,4,3,2,4,2,3,8,2,5,2,4,3,3,5,2,4,3,4,5,6,5,6,3,4,1,3,4,3,13,4,4,3,3,4,6,3,4,5,3,4,22,2,5,4,31,16,2,32,0,2,1,6,1,3,0,5,0,2,3,4,1,4,1,3,2,3,3,3,3,1,4,1,3,2,2
2,3,4,5,2,3,6,3,1,8,1,1,2,7,2,4,5,1,1,7,2,1,4,4,1,2,2,6,0,6,5,2,6,4,2,0,3,2,3,2,4,2,4,8,4,4,2,7,5,0,7,2,2,3,5,4,2,5,1,2,5,2,5,3,3,2,1,2,4,1,4,5,3,2,4,3,4,1,3,4,3,13,4,4,3,3,4,6,3,4,5,3,4,22,2,5,4,31,16,2,32,0,2,1,6,1,3,0,5,0,2,3,4,1,4,1,3,2,3,3,3,3,1,4,1,3,2,2
1,3,4,5,2,3,6,3,1,8,1,1,2,7,2,4,5,1,1,7,2,1,4,4,1,2,2,6,0,6,5,2,6,4,2,0,3,2,3,2,4,2,4,8,4,4,2,7,5,0,7,2,2,3,5,4,2,5,1,2,5,2,5,3,3,2,1,2,4,1,4,5,3,2,4,4,5,2,2,4,19,1,6,1,2,3,3,3,3,9,1,3,3,4,3,3,2,0,4,3,2,5,2,2,3,4,5,4,2,4,3,3,1,5,2,1,5,3,2,2,3,7,2,6,2,2,2,6
2,4,0,3,6,1,3,6,2,5,1,4,5,4,1,2,3,4,2,6,2,2,5,4,1,7,6,0,2,3,5,4,3,3,2,4,2,1,4,6,4,3,4,4,1,2,4,9,3,2,5,3,1,1,2,4,5,5,3,1,4,1,5,1,6,6,3,4,2,4,1,2,2,8,3,6,5,1,4,4,2,2,5,31,11,1,3,6,5,6,2,4,4,1,3,3,7,3,1,2,3,2,3,5,3,2,2,3,3,4,2,5,1,4,2,1,3,3,5,7,5,1,4,3,2,2,4,4
1,4,0,3,6,1,3,6,2,5,1,4,5,4,1,2,3,4,2,6,2,2,5,4,1,7,6,0,2,3,5,4,3,3,2,4,2,1,4,6,4,3,4,4,1,2,4,9,3,2,5,3,1,1,2,4,5,5,3,1,4,1,5,1,6,6,3,4,2,4,1,2,2,8,3,1,4,3,2,4,3,3,3,5,2,3,22,0,6,6,2,2,2,2,3,4,3,5,4,6,8,5,2,2,5,2,3,3,2,5,7,3,2,2,1,4,3,1,2,2,4,5,4,4,4,6,3,7
2,3,6,3,2,3,0,6,3,3,1,3,3,2,2,4,4,2,4,4,1,4,2,5,3,1,3,1,2,4,1,3,2,1,3,8,2,4,1,4,0,2,4,5,2,6,7,1,5,3,4,2,3,4,1,5,4,3,2,4,5,6,4,2,3,1,3,6,2,2,4,3,3,4,3,1,4,3,2,4,3,3,3,5,2,3,22,0,6,6,2,2,2,2,3,4,3,5,4,6,8,5,2,2,5,2,3,3,2,5,7,3,2,2,1,4,3,1,2,2,4,5,4,4,4,6,3,7
2,3,6,3,2,3,0,6,3,3,1,3,3,2,2,4,4,2,4,4,1,4,2,5,3,1,3,1,2,4,1,3,2,1,3,8,2,4,1,4,0,2,4,5,2,6,7,1,5,3,4,2,3,4,1,5,4,3,2,4,5,6,4,2,3,1,3,6,2,2,4,3,3,4,3,4,7,7,2,2,3,2,10,2,2,4,2,6,1,0,3,1,8,5,3,1,4,3,2,5,1,7,4,2,7,3,2,3,3,2,1,4,2,3,4,5,2,2,7,4,1,5,3,6,3,3,2,2
2,3,1,4,5,1,7,4,7,3,2,2,4,5,4,9,2,2,1,4,0,2,3,5,2,7,8,1,1,5,2,4,4,4,3,5,5,3,6,1,2,3,8,3,2,6,4,5,3,5,5,1,6,6,3,1,5,3,3,4,5,0,5,2,10,1,2,3,8,12,0,7,4,2,2,4,7,7,2,2,3,2,10,2,2,4,2,6,1,0,3,1,8,5,3,1,4,3,2,5,1,7,4,2,7,3,2,3,3,2,1,4,2,3,4,5,2,2,7,4,1,5,3,6,3,3,2,2
2,3,1,4,5,1,7,4,7,3,2,2,4,5,4,9,2,2,1,4,0,2,3,5,2,7,8,1,1,5,2,4,4,4,3,5,5,3,6,1,2,3,8,3,2,6,4,5,3,5,5,1,6,6,3,1,5,3,3,4,5,0,5,2,10,1,2,3,8,12,0,7,4,2,2,5,3,4,5,2,4,0,29,19,3,1,0,3,5,4,5,10,4,3,4,3,4,1,2,4,2,4,6,3,7,4,3,3,4,4,2,3,1,3,1,1,3,2,6,3,1,1,4,5,1,3,3,5
4,2,5,2,4,2,6,3,2,7,5,3,6,1,2,3,4,3,6,2,4,5,3,4,3,4,3,4,1,1,4,2,2,3,2,6,4,3,6,1,3,3,3,2,2,2,2,3,3,2,6,5,6,4,3,4,0,3,1,4,5,3,3,4,4,2,2,4,5,6,4,3,3,5,1,5,3,4,5,2,4,0,29,19,3,1,0,3,5,4,5,10,4,3,4,3,4,1,2,4,2,4,6,3,7,4,3,3,4,4,2,3,1,3,1,1,3,2,6,3,1,1,4,5,1,3,3,5
4,2,5,2,4,2,6,3,2,7,5,3,6,1,2,3,4,3,6,2,4,5,3,4,3,4,3,4,1,1,4,2,2,3,2,6,4,3,6,1,3,3,3,2,2,2,2,3,3,2,6,5,6,4,3,4,0,3,1,4,5,3,3,4,4,2,2,4,5,6,4,3,3,5,1,1,4,1,2,3,17,4,1,5,4,2,4,3,3,3,4,5,3,2,4,5,5,3,6,1,3,4,6,5,1,2,5,8,4,3,2,3,1,3,9,1,5,1,3,2,2,7,6,2,1,3,4,2
3,2,3,3,2,3,2,2,4,4,9,5,2,1,3,4,2,2,4,6,6,4,4,2,2,5,1,3,2,4,2,2,4,3,4,4,4,3,1,2,6,6,2,4,5,6,3,7,6,5,2,1,1,1,2,7,2,5,7,1,4,4,3,3,4,4,3,1,6,3,4,1,4,3,3,1,4,1,2,3,17,4,1,5,4,2,4,3,3,3,4,5,3,2,4,5,5,3,6,1,3,4,6,5,1,2,5,8,4,3,2,3,1,3,9,1,5,1,3,2,2,7,6,2,1,3,4,2
3,2,3,3,2,3,2,2,4,4,9,5,2,1,3,4,2,2,4,6,6,4,4,2,2,5,1,3,2,4,2,2,4,3,4,4,4,3,1,2,6,6,2,4,5,6,3,7,6,5,2,1,1,1,2,7,2,5,7,1,4,4,3,3,4,4,3,1,6,3,4,1,4,3,3,5,3,2,0,4,2,5,2,4,2,4,21,33,2,1,0,2,2,1,4,3,4,2,3,1,3,2,4,3,5,2,6,2,2,5,3,4,4,0,5,0,2,4,4,2,0,0,2,7,9,2,4,4
4,1,1,3,0,2,4,5,4,7,2,3,1,4,4,6,3,6,3,3,3,2,0,5,2,1,2,7,1,3,2,5,4,7,2,5,3,2,4,2,3,3,1,5,2,4,3,2,4,2,2,4,4,4,1,3,3,2,5,0,2,3,4,5,4,4,5,6,8,0,4,4,2,2,3,5,3,2,0,4,2,5,2,4,2,4,21,33,2,1,0,2,2,1,4,3,4,2,3,1,3,2,4,3,5,2,6,2,2,5,3,4,4,0,5,0,2,4,4,2,0,0,2,7,9,2,4,4
4,1,1,3,0,2,4,5,4,7,2,3,1,4,4,6,3,6,3,3,3,2,0,5,2,1,2,7,1,3,2,5,4,7,2,5,3,2,4,2,3,3,1,5,2,4,3,2,4,2,2,4,4,4,1,3,3,2,5,0,2,3,4,5,4,4,5,6,8,0,4,4,2,2,3,2,2,2,6,4,9,2,4,5,1,2,1,5,3,3,3,3,2,7,2,6,4,3,4,2,2,4,5,1,3,3,4,3,3,4,1,3,2,3,4,2,3,2,4,1,2,5,2,3,1,5,4,0
3,4,4,0,2,3,1,5,3,7,5,4,4,6,3,3,9,9,3,4,2,3,3,7,8,5,1,5,4,4,1,3,4,4,3,1,3,3,2,1,6,1,3,1,2,3,1,4,3,2,4,4,1,7,7,4,4,1,1,3,2,5,5,2,2,8,3,0,3,1,3,6,5,5,4,2,2,2,6,4,9,2,4,5,1,2,1,5,3,3,3,3,2,7,2,6,4,3,4,2,2,4,5,1,3,3,4,3,3,4,1,3,2,3,4,2,3,2,4,1,2,5,2,3,1,5,4,0
3,4,4,0,2,3,1,5,3,7,5,4,4,6,3,3,9,9,3,4,2,3,3,7,8,5,1,5,4,4,1,3,4,4,3,1,3,3,2,1,6,1,3,1,2,3,1,4,3,2,4,4,1,7,7,4,4,1,1,3,2,5,5,2,2,8,3,0,3,1,3,6,5,5,4,4,3,1,3,3,6,2,12,4,4,6,6,1,1,2,2,1,6,3,2,4,4,3,3,5,5,3,4,5,4,5,7,4,3,0,2,3,3,6,6,3,5,4,4,5,4,4,2,7,2,2,6,6
0,1,4,1,5,2,1,4,4,5,5,2,2,4,1,3,2,2,2,4,6,5,4,1,0,6,4,2,3,4,1,3,6,2,3,3,5,1,3,4,2,5,3,5,5,2,2,4,0,4,5,5,2,3,7,4,5,4,2,4,5,2,3,3,3,3,2,4,1,8,6,4,1,2,2,4,3,1,3,3,6,2,12,4,4,6,6,1,1,2,2,1,6,3,2,4,4,3,3,5,5,3,4,5,4,5,7,4,3,0,2,3,3,6,6,3,5,4,4,5,4,4,2,7,2,2,6,6
0,1,4,1,5,2,1,4,4,5,5,2,2,4,1,3,2,2,2,4,6,5,4,1,0,6,4,2,3,4,1,3,6,2,3,3,5,1,3,4,2,5,3,5,5,2,2,4,0,4,5,5,2,3,7,4,5,4,2,4,5,2,3,3,3,3,2,4,1,8,6,4,1,2,2,3,1,3,3,4,1,2,5,22,2,3,2,4,1,4,4,2,3,3,2,3,5,5,4,3,4,3,2,1,3,4,3,2,3,4,2,4,2,3,4,2,6,4,1,3,6,1,4,3,4,2,2,4
7,2,1,6,0,5,6,1,7,1,1,1,4,3,3,3,1,4,4,7,3,3,5,3,1,4,2,4,2,3,6,7,2,6,1,2,2,4,4,2,3,2,5,0,7,5,2,2,6,5,1,1,3,5,4,4,4,1,1,3,4,4,4,3,7,4,3,4,1,5,3,1,4,2,2,3,1,3,3,4,1,2,5,22,2,3,2,4,1,4,4,2,3,3,2,3,5,5,4,3,4,3,2,1,3,4,3,2,3,4,2,4,2,3,4,2,6,4,1,3,6,1,4,3,4,2,2,4
7,2,1,6,0,5,6,1,7,1,1,1,4,3,3,3,1,4,4,7,3,3,5,3,1,4,2,4,2,3,6,7,2,6,1,2,2,4,4,2,3,2,5,0,7,5,2,2,6,5,1,1,3,5,4,4,4,1,1,3,4,4,4,3,7,4,3,4,1,5,3,1,4,2,2,2,5,2,3,2,2,4,8,3,2,33,11,4,0,0,6,3,0,3,2,1,2,2,3,3,5,3,2,3,2,4,1,2,6,2,5,1,2,4,2,4,2,6,3,1,4,6,3,1,4,3,3,7
7,6,5,1,2,6,3,5,5,4,3,4,7,2,3,2,3,5,24,13,0,3,2,4,3,4,0,3,0,4,4,3,5,5,8,1,3,3,3,1,6,2,2,4,1,4,5,3,3,1,3,2,4,4,4,2,8,2,1,2,5,4,5,5,4,1,4,3,2,2,3,4,2,1,4,2,5,2,3,2,2,4,8,3,2,33,11,4,0,0,6,3,0,3,2,1,2,2,3,3,5,3,2,3,2,4,1,2,6,2,5,1,2,4,2,4,2,6,3,1,4,6,3,1,4,3,3,7
7,6,5,1,2,6,3,5,5,4,3,4,7,2,3,2,3,5,24,13,0,3,2,4,3,4,0,3,0,4,4,3,5,5,8,1,3,3,3,1,6,2,2,4,1,4,5,3,3,1,3,2,4,4,4,2,8,2,1,2,5,4,5,5,4,1,4,3,2,2,3,4,2,1,4,4,4,2,5,3,14,1,2,5,6,2,1,4,5,2,3,4,3,4,3,1,3,1,2,5,3,10,6,2,2,4,2,1,3,5,1,3,2,1,4,5,2,1,2,1,5,5,5,2,2,5,5,3
3,4,2,1,9,2,4,5,4,5,3,2,3,3,1,1,2,3,6,7,1,2,5,4,3,5,4,2,3,4,1,1,3,4,2,2,5,5,6,3,6,3,3,3,2,2,2,3,4,6,8,9,4,3,1,1,2,6,3,5,3,4,2,3,4,1,4,2,3,4,2,2,2,5,2,4,4,2,5,3,14,1,2,5,6,2,1,4,5,2,3,4,3,4,3,1,3,1,2,5,3,10,6,2,2,4,2,1,3,5,1,3,2,1,4,5,2,1,2,1,5,5,5,2,2,5,5,3
3,4,2,1,9,2,4,5,4,5,3,2,3,3,1,1,2,3,6,7,1,2,5,4,3,5,4,2,3,4,1,1,3,4,2,2,5,5,6,3,6,3,3,3,2,2,2,3,4,6,8,9,4,3,1,1,2,6,3,5,3,4,2,3,4,1,4,2,3,4,2,2,2,5,2,2,2,1,3,3,10,2,10,6,22,12,1,4,2,2,3,2,2,4,4,2,2,5,4,1,5,1,1,2,4,4,4,3,3,5,0,4,9,2,7,4,4,2,1,3,5,4,0,2,2,1,3,3
3,4,0,3,5,5,1,5,2,2,3,2,4,2,2,3,4,3,5,2,3,2,3,9,4,5,4,7,3,3,5,2,5,6,6,2,3,3,3,2,1,2,4,1,2,1,1,5,5,1,6,5,3,3,1,4,1,4,5,1,3,3,4,7,5,3,2,4,7,5,7,3,1,3,1,2,2,1,3,3,10,2,10,6,22,12,1,4,2,2,3,2,2,4,4,2,2,5,4,1,5,1,1,2,4,4,4,3,3,5,0,4,9,2,7,4,4,2,1,3,5,4,0,2,2,1,3,3
3,4,0,3,5,5,1,5,2,2,3,2,4,2,2,3,4,3,5,2,3,2,3,9,4,5,4,7,3,3,5,2,5,6,6,2,3,3,3,2,1,2,4,1,2,1,1,5,5,1,6,5,3,3,1,4,1,4,5,1,3,3,4,7,5,3,2,4,7,5,7,3,1,3,1,4,6,4,6,2,1,2,6,2,22,1,5,9,0,1,1,0,2,3,5,3,1,2,4,7,7,1,2,5,4,3,4,2,2,4,4,7,2,1,6,2,4,4,2,2,2,2,2,3,3,5,1,3
3,5,4,5,5,2,4,4,3,4,3,3,3,6,6,4,7,4,3,3,2,4,3,2,5,3,3,5,2,1,5,4,4,3,5,1,3,5,3,3,3,1,3,2,4,3,2,3,3,3,1,1,2,4,1,5,4,2,2,3,2,5,6,1,2,6,3,1,2,6,5,1,5,5,2,4,6,4,6,2,1,2,6,2,22,1,5,9,0,1,1,0,2,3,5,3,1,2,4,7,7,1,2,5,4,3,4,2,2,4,4,7,2,1,6,2,4,4,2,2,2,2,2,3,3,5,1,3
2,5,4,5,5,2,4,4,3,4,3,3,3,6,6,4,7,4,3,3,2,4,3,2,5,3,3,5,2,1,5,4,4,3,5,1,3,5,3,3,3,1,3,2,4,3,2,3,3,3,1,1,2,4,1,5,4,2,2,3,2,5,6,1,2,6,3,1,2,6,5,1,5,5,2,1,4,5,3,3,2,25,0,4,1,3,1,1,4,6,6,6,1,4,1,4,3,2,5,3,4,0,3,2,1,5,6,3,1,4,0,5,2,5,6,3,2,2,4,4,2,5,2,4,4,6,6,2
3,2,4,4,4,1,4,2,2,2,2,3,3,5,5,1,4,3,2,2,0,1,6,5,5,3,2,3,4,3,5,4,3,4,4,1,4,6,3,2,2,3,3,1,2,3,4,2,4,4,2,3,4,4,2,2,2,2,3,3,3,2,4,6,1,5,5,2,4,2,4,6,6,1,1,1,4,5,3,3,2,25,0,4,1,3,1,1,4,6,6,6,1,4,1,4,3,2,5,3,4,0,3,2,1,5,6,3,1,4,0,5,2,5,6,3,2,2,4,4,2,5,2,4,4,6,6,2
3,2,4,4,4,1,4,2,2,2,2,3,3,5,5,1,4,3,2,2,0,1,6,5,5,3,2,3,4,3,5,4,3,4,4,1,4,6,3,2,2,3,3,1,2,3,4,2,4,4,2,3,4,4,2,2,2,2,3,3,3,2,4,6,1,5,5,2,4,2,4,6,6,1,8,7,2,5,7,3,2,5,37,0,1,2,7,3,4,1,3,2,2,4,1,2,2,4,4,2,5,2,4,1,4,8,1,5,5,2,9,3,5,3,2,2,2,1,2,7,6,7,2,2,2,4,2,5
6,2,4,3,7,4,4,2,4,6,3,3,1,2,2,9,3,2,5,4,2,5,6,6,3,3,3,2,5,8,3,2,2,4,2,3,2,6,2,3,7,5,3,2,3,4,2,2,2,3,5,2,1,3,2,3,2,3,4,2,3,2,2,2,2,2,4,2,5,6,3,2,1,2,8,7,2,5,7,3,2,5,37,0,1,2,7,3,4,1,3,2,2,4,1,2,2,4,4,2,5,2,4,1,4,8,1,5,5,2,9,3,5,3,2,2,2,1,2,7,6,7,2,2,2,4,2,5
6,2,4,3,7,4,4,2,4,6,3,3,1,2,2,9,3,2,5,4,2,5,6,6,3,3,3,2,5,8,3,2,2,4,2,3,2,6,2,3,7,5,3,2,3,4,2,2,2,3,5,2,1,3,2,3,2,3,4,2,3,2,2,2,2,2,4,2,5,6,3,2,1,2,3,6,4,4,8,4,2,0,6,4,8,26,1,2,6,3,3,1,2,3,4,6,3,3,5,2,3,2,2,1,4,5,4,3,4,1,5,5,3,2,5,4,2,3,2,6,4,4,2,2,1,2,4,3
2,3,5,3,1,3,2,2,4,4,2,4,5,4,3,3,8,1,1,1,3,3,8,2,11,2,2,2,3,2,2,3,4,7,1,4,3,1,3,6,5,5,3,4,4,2,2,9,2,6,3,5,2,4,0,4,4,6,0,5,3,3,5,2,2,4,6,5,6,3,2,2,3,4,7,4,4,4,8,4,2,0,6,4,8,26,1,2,6,3,3,1,2,3,4,6,3,3,5,2,3,2,2,1,4,5,4,3,4,1,5,5,3,2,5,4,2,3,2,6,4,4,2,2,1,2,4,3
2,3,5,3,1,3,2,2,4,4,2,4,5,4,3,3,8,1,1,1,3,3,8,2,11,2,2,2,3,2,2,3,4,7,1,4,3,1,3,6,5,5,3,4,4,2,2,9,2,6,3,5,2,4,0,4,4,6,0,5,3,3,5,2,2,4,6,5,6,3,2,2,3,4,7,4,1,1,1,2,5,4,9,2,26,1,3,2,7,4,1,2,2,6,4,5,2,5,3,7,3,4,2,3,3,5,6,3,6,3,5,3,4,4,3,3,3,2,1,4,2,8,4,4,3,1,3,3
2,7,5,3,8,2,2,2,4,8,2,3,2,3,6,1,4,4,2,6,2,2,3,4,1,6,3,4,3,5,6,2,7,4,5,1,4,3,2,2,3,6,5,4,4,5,1,4,2,2,6,2,9,4,2,2,4,4,4,1,4,3,2,3,1,5,4,2,3,2,2,4,1,4,3,4,1,1,1,2,5,4,9,2,26,1,3,2,7,4,1,2,2,6,4,5,2,5,3,7,3,4,2,3,3,5,6,3,6,3,5,3,4,4,3,3,3,2,1,4,2,8,4,4,3,1,3,3
2,7,5,3,8,2,2,2,4,8,2,3,2,3,6,1,4,4,2,6,2,2,3,4,1,6,3,4,3,5,6,2,7,4,5,1,4,3,2,2,3,6,5,4,4,5,1,4,2,2,6,2,9,4,2,2,4,4,4,1,4,3,2,3,1,5,4,2,3,2,2,4,1,4,3,3,5,7,3,1,5,1,6,5,27,1,1,0,3,2,6,3,3,4,3,1,1,3,3,5,2,5,5,3,8,4,7,6,2,1,4,1,5,4,4,4,0,4,1,1,4,4,1,4,4,2,5,2
8,3,4,3,6,3,2,2,3,6,2,1,5,3,2,2,7,3,2,3,4,2,5,1,3,3,2,6,1,6,1,3,2,4,5,4,2,3,5,5,5,2,8,2,2,3,2,1,0,6,1,3,0,4,3,3,7,6,4,4,1,6,1,2,1,3,3,3,3,3,3,5,3,4,2,3,5,7,3,1,5,1,6,5,27,1,1,0,3,2,6,3,3,4,3,1,1,3,3,5,2,5,5,3,8,4,7,6,2,1,4,1,5,4,4,4,0,4,1,1,4,4,1,4,4,2,5,2
8,3,4,3,6,3,2,2,3,6,2,1,5,3,2,2,7,3,2,3,4,2,5,1,3,3,2,6,1,6,1,3,2,4,5,4,2,3,5,5,5,2,8,2,2,3,2,1,0,6,1,3,0,4,3,3,7,6,4,4,1,6,1,2,1,3,3,3,3,3,3,5,3,4,2,4,4,4,4,1,3,15,4,2,3,1,2,2,2,4,4,5,1,4,0,2,4,4,5,4,5,4,2,4,4,2,5,2,4,2,5,2,9,5,4,2,4,4,1,3,3,3,1,5,4,2,3,6
2,5,3,4,5,6,3,2,2,1,5,5,1,5,4,2,2,1,4,3,1,6,3,4,4,2,3,5,7,6,1,4,3,4,3,8,2,2,5,1,0,3,7,4,2,3,2,5,3,1,3,1,4,4,4,2,3,2,3,10,3,3,2,2,6,6,3,2,3,4,3,3,4,6,4,4,4,4,4,1,3,15,4,2,3,1,2,2,2,4,4,5,1,4,0,2,4,4,5,4,5,4,2,4,4,2,5,2,4,2,5,2,9,5,4,2,4,4,1,3,3,3,1,5,4,2,3,6
2,5,3,4,5,6,3,2,2,1,5,5,1,5,4,2,2,1,4,3,1,6,3,4,4,2,3,5,7,6,1,4,3,4,3,8,2,2,5,1,0,3,7,4,2,3,2,5,3,1,3,1,4,4,4,2,3,2,3,10,3,3,2,2,6,6,3,2,3,4,3,3,4,6,4,3,1,3,4,15,3,0,4,1,2,7,2,5,3,7,4,3,4,7,2,7,1,5,0,4,2,3,3,2,5,2,8,4,6,3,2,3,2,5,6,2,2,3,5,5,4,0,5,5,2,1,8,1
2,2,3,5,3,3,3,1,5,4,0,4,0,5,4,4,4,5,5,2,4,1,2,1,2,2,4,2,3,4,3,5,0,3,5,4,3,6,2,5,2,1,11,1,1,1,2,4,6,6,2,4,6,1,5,3,6,4,1,4,1,1,4,1,2,3,1,4,4,8,5,2,3,1,2,6,1,3,4,15,3,0,4,1,2,7,2,5,3,7,4,3,4,7,2,7,1,5,0,4,2,3,3,2,5,2,8,4,6,3,2,3,2,5,6,2,2,3,5,5,4,0,5,5,2,1,8,1
5,2,3,5,3,3,3,1,5,4,0,4,0,5,4,4,4,5,5,2,4,1,2,1,2,2,4,2,3,4,3,5,0,3,5,4,3,6,2,5,2,1,11,1,1,1,2,4,6,6,2,4,6,1,5,3,6,4,1,4,1,1,4,1,2,3,1,4,4,8,5,2,3,1,2,6,3,3,2,4,5,7,14,2,3,5,1,2,0,5,3,7,2,1,3,3,3,3,0,3,3,3,5,4,3,6,4,1,5,1,2,2,3,2,5,5,2,2,1,3,6,9,4,6,2,3,4,5
5,3,5,4,3,4,4,3,1,5,2,2,1,5,1,3,2,7,1,10,2,3,1,4,7,5,4,3,3,6,3,5,4,2,4,6,0,2,3,4,2,2,3,2,4,3,4,3,2,4,3,6,3,1,2,6,3,1,4,3,3,3,4,5,4,1,3,2,3,3,6,3,2,2,2,6,3,3,2,4,5,7,14,2,3,5,1,2,0,5,3,7,2,1,3,3,3,3,0,3,3,3,5,4,3,6,4,1,5,1,2,2,3,2,5,5,2,2,1,3,6,9,4,6,2,3,4,5
3,3,5,4,3,4,4,3,1,5,2,2,1,5,1,3,2,7,1,10,2,3,1,4,7,5,4,3,3,6,3,5,4,2,4,6,0,2,3,4,2,2,3,2,4,3,4,3,2,4,3,6,3,1,2,6,3,1,4,3,3,3,4,5,4,1,3,2,3,3,6,3,2,2,2,4,2,1,2,5,2,10,1,5,4,2,6,2,3,2,2,4,1,5,2,1,3,3,5,6,1,1,3,8,1,6,1,2,2,6,2,1,3,4,2,5,6,5,4,4,3,3,2,8,2,7,3,3
5,2,1,2,7,3,6,3,4,3,8,6,4,2,2,5,6,2,4,3,3,2,1,4,1,4,3,8,5,2,5,4,8,4,2,3,2,1,2,3,1,2,4,2,4,5,2,6,4,2,4,3,5,3,1,4,1,2,5,2,3,3,5,6,5,4,3,3,5,1,4,2,3,4,5,4,2,1,2,5,2,10,1,5,4,2,6,2,3,2,2,4,1,5,2,1,3,3,5,6,1,1,3,8,1,6,1,2,2,6,2,1,3,4,2,5,6,5,4,4,3,3,2,8,2,7,3,3
5,2,1,2,7,3,6,3,4,3,8,6,4,2,2,5,6,2,4,3,3,2,1,4,1,4,3,8,5,2,5,4,8,4,2,3,2,1,2,3,1,2,4,2,4,5,2,6,4,2,4,3,5,3,1,4,1,2,5,2,3,3,5,6,5,4,3,3,5,1,4,2,3,4,5,2,6,1,2,4,2,1,6,2,4,3,21,6,2,4,4,1,4,2,4,2,4,1,4,7,9,1,2,4,4,7,2,5,2,4,5,1,2,4,2,2,4,3,1,4,2,4,2,3,4,4,5,5
4,4,1,2,3,6,8,2,3,4,5,3,2,6,1,5,5,2,3,2,1,1,4,5,2,6,3,2,3,6,4,3,1,2,6,1,5,3,4,2,4,4,4,6,6,1,3,2,2,5,7,6,2,4,8,3,3,5,2,4,2,5,3,2,2,4,5,2,2,6,2,3,2,4,3,2,6,1,2,4,2,1,6,2,4,3,21,6,2,4,4,1,4,2,4,2,4,1,4,7,9,1,2,4,4,7,2,5,2,4,5,1,2,4,2,2,4,3,1,4,2,4,2,3,4,4,5,5
4,4,1,2,3,6,8,2,3,4,5,3,2,6,1,5,5,2,3,2,1,1,4,5,2,6,3,2,3,6,4,3,1,2,6,1,5,3,4,2,4,4,4,6,6,1,3,2,2,5,7,6,2,4,8,3,3,5,2,4,2,5,3,2,2,4,5,2,2,6,2,3,2,4,3,3,5,1,2,3,3,3,4,32,12,4,1,1,3,4,3,0,1,6,4,2,7,7,4,2,10,4,1,5,2,2,3,2,1,4,4,2,4,0,2,4,2,3,2,5,10,1,5,2,5,1,3,3
2,2,1,2,3,2,1,3,2,2,7,0,2,4,1,7,3,2,4,1,3,1,3,2,3,3,4,2,3,2,3,2,2,4,5,3,2,1,7,5,5,7,0,3,1,5,4,4,3,2,3,8,5,3,1,2,4,1,4,5,3,3,3,2,3,1,3,5,4,6,2,7,0,5,4,3,5,1,2,3,3,3,4,32,12,4,1,1,3,4,3,0,1,6,4,2,7,7,4,2,10,4,1,5,2,2,3,2,1,4,4,2,4,0,2,4,2,3,2,5,10,1,5,2,5,1,3,3
2,2,1,2,3,2,1,3,2,2,7,0,2,4,1,7,3,2,4,1,3,1,3,2,3,3,4,2,3,2,3,2,2,4,5,3,2,1,7,5,5,7,0,3,1,5,4,4,3,2,3,8,5,3,1,2,4,1,4,5,3,3,3,2,3,1,3,5,4,6,2,7,0,5,4,5,4,4,1,2,2,4,24,4,0,1,2,7,4,4,2,1,5,7,2,3,8,5,3,3,5,2,2,4,3,7,2,6,4,2,2,5,6,5,4,1,3,3,10,4,1,3,1,1,4,2,4,9
5,8,5,4,2,1,2,3,2,2,2,3,4,4,5,3,7,1,2,3,4,1,3,4,3,3,3,9,3,2,2,0,1,3,3,3,2,6,1,6,2,3,1,5,2,6,4,5,2,3,4,2,3,2,10,7,3,7,2,4,6,4,4,3,1,2,4,5,4,2,1,3,8,7,6,5,4,4,1,2,2,4,24,4,0,1,2,7,4,4,2,1,5,7,2,3,8,5,3,3,5,2,2,4,3,7,2,6,4,2,2,5,6,5,4,1,3,3,10,4,1,3,1,1,4,2,4,9
5,8,5,4,2,1,2,3,2,2,2,3,4,4,5,3,7,1,2,3,4,1,3,4,3,3,3,9,3,2,2,0,1,3,3,3,2,6,1,6,2,3,1,5,2,6,4,5,2,3,4,2,3,2,10,7,3,7,2,4,6,4,4,3,1,2,4,5,4,2,1,3,8,7,6,8,7,1,8,4,5,2,4,9,1,0,2,6,3,4,5,3,3,2,4,4,1,3,2,5,4,4,7,5,1,3,2,6,2,5,4,2,3,4,2,2,1,1,2,4,6,1,5,3,2,4,2,10
4,3,3,1,6,3,8,8,3,2,2,4,6,4,2,2,1,3,1,3,5,4,1,2,5,2,4,1,3,5,7,4,4,3,6,1,4,3,1,5,0,1,1,4,3,4,1,5,2,5,4,1,4,2,6,2,4,2,4,2,5,5,2,4,2,2,6,2,5,2,5,2,5,5,5,8,7,1,8,4,5,2,4,9,1,0,2,6,3,4,5,3,3,2,4,4,1,3,2,5,4,4,7,5,1,3,2,6,2,5,4,2,3,4,2,2,1,1,2,4,6,1,5,3,2,4,2,10
4,3,3,1,6,3,8,8,3,2,2,4,6,4,2,2,1,3,1,3,5,4,1,2,5,2,4,1,3,5,7,4,4,3,6,1,4,3,1,5,0,1,1,4,3,4,1,5,2,5,4,1,4,2,6,2,4,2,4,2,5,5,2,4,2,2,6,2,5,2,5,2,5,5,5,2,1,2,4,5,3,4,3,40,18,1,0,2,6,2,2,2,2,2,5,1,3,1,2,1,4,5,2,3,4,3,3,5,2,3,3,7,1,3,2,3,4,2,1,2,4,2,4,6,6,5,2,2
1,5,0,3,3,5,4,2,7,4,4,1,3,5,0,3,4,7,3,5,6,2,6,3,1,6,4,3,5,6,5,1,3,8,4,2,2,2,2,3,3,5,4,2,4,9,3,4,4,2,5,4,0,6,3,6,2,2,4,5,5,4,4,2,4,1,5,3,3,4,7,11,1,4,4,2,1,2,4,5,3,4,3,40,18,1,0,2,6,2,2,2,2,2,5,1,3,1,2,1,4,5,2,3,4,3,3,5,2,3,3,7,1,3,2,3,4,2,1,2,4,2,4,6,6,5,2,2
1,5,0,3,3,5,4,2,7,4,4,1,3,5,0,3,4,7,3,5,6,2,6,3,1,6,4,3,5,6,5,1,3,8,4,2,2,2,2,3,3,5,4,2,4,9,3,4,4,2,5,4,0,6,3,6,2,2,4,5,5,4,4,2,4,1,5,3,3,4,7,11,1,4,4,1,1,2,2,2,9,4,5,4,30,10,0,3,2,4,2,5,4,4,9,2,5,4,1,0,3,6,3,2,1,2,9,4,3,3,1,3,2,1,3,4,5,8,0,5,1,2,0,6,2,2,2,4
5,5,1,2,6,2,3,1,4,7,2,1,2,5,1,5,4,3,0,5,3,6,2,6,2,1,5,5,1,3,5,0,0,3,9,4,8,2,5,1,3,3,2,1,2,6,2,1,3,6,5,1,2,4,3,3,3,2,5,2,3,4,4,1,1,4,2,1,6,4,2,7,4,2,3,1,1,2,2,2,9,4,5,4,30,10,0,3,2,4,2,5,4,4,9,2,5,4,1,0,3,6,3,2,1,2,9,4,3,3,1,3,2,1,3,4,5,8,0,5,1,2,0,6,2,2,2,4
5,5,1,2,6,2,3,1,4,7,2,1,2,5,1,5,4,3,0,5,3,6,2,6,2,1,5,5,1,3,5,0,0,3,9,4,8,2,5,1,3,3,2,1,2,6,2,1,3,6,5,1,2,4,3,3,3,2,5,2,3,4,4,1,1,4,2,1,6,4,2,7,4,2,3,5,3,5,0,4,7,2,1,14,3,2,4,1,3,1,8,2,4,5,5,3,6,4,4,3,3,1,2,4,8,9,3,3,3,4,4,3,5,4,3,6,6,1,1,3,1,6,9,4,2,1,6,2
4,6,3,4,4,4,3,4,3,2,4,0,3,5,1,4,5,2,1,5,2,3,7,3,4,3,3,2,2,7,1,3,2,3,4,1,5,3,5,1,1,2,4,5,1,2,4,3,5,4,6,1,3,5,2,3,0,5,3,2,2,5,2,5,5,3,6,2,3,4,2,4,5,4,1,5,3,5,0,4,7,2,1,14,3,2,4,1,3,1,8,2,4,5,5,3,6,4,4,3,3,1,2,4,8,9,3,3,3,4,4,3,5,4,3,6,6,1,1,3,1,6,9,4,2,1,6,2
4,6,3,4,4,4,3,4,3,2,4,0,3,5,1,4,5,2,1,5,2,3,7,3,4,3,3,2,2,7,1,3,2,3,4,1,5,3,5,1,1,2,4,5,1,2,4,3,5,4,6,1,3,5,2,3,0,5,3,2,2,5,2,5,5,3,6,2,3,4,2,4,5,4,1,1,4,0,7,3,3,2,5,2,31,3,2,2,2,4,6,4,4,8,0,5,2,3,3,2,5,4,3,2,1,2,4,3,4,1,3,4,5,6,2,1,3,4,4,3,5,5,4,2,1,5,6,4
4,2,1,1,4,1,3,3,1,2,5,2,5,5,8,2,0,1,3,3,3,6,2,2,3,2,2,4,5,2,5,4,1,7,4,0,4,2,2,6,5,1,3,3,4,4,9,3,2,3,4,1,0,3,3,6,0,5,0,8,3,4,2,1,3,4,5,4,3,2,1,3,5,2,3,1,4,0,7,3,3,2,5,2,31,3,2,2,2,4,6,4,4,8,0,5,2,3,3,2,5,4,3,2,1,2,4,3,4,1,3,4,5,6,2,1,3,4,4,3,5,5,4,2,1,5,6,4
4,2,1,1,4,1,3,3,1,2,5,2,5,5,8,2,0,1,3,3,3,6,2,2,3,2,2,4,5,2,5,4,1,7,4,0,4,2,2,6,5,1,3,3,4,4,9,3,2,3,4,1,0,3,3,6,0,5,0,8,3,4,2,1,3,4,5,4,3,2,1,3,5,2,3,3,1,3,3,5,5,3,7,2,2,2,2,3,7,2,4,21,5,0,2,2,3,3,10,6,1,1,1,2,2,2,1,2,2,1,2,3,2,2,4,3,2,3,3,3,4,3,4,3,8,10,5,3
13,5,2,3,1,3,3,2,8,6,3,0,2,4,4,3,1,3,6,2,9,5,1,1,4,2,3,4,1,4,2,4,1,1,4,7,4,8,1,10,6,1,7,3,1,5,5,4,1,5,3,2,2,4,3,3,2,4,4,6,3,2,2,1,2,8,6,2,1,0,2,11,1,7,4,3,4,7,0,5,7,1,0,1,18,2,3,0,2,2,5,3,13,5,3,2,7,2,1,4,5,5,5,3,3,3,3,7,4,2,0,1,6,6,3,2,1,4,4,3,5,2,5,5,5,4,3,1
13,5,2,3,1,3,3,2,8,6,3,0,2,4,4,3,1,3,6,2,9,5,1,1,4,2,3,4,1,4,2,4,1,1,4,7,4,8,1,10,6,1,7,3,1,5,5,4,1,5,3,2,2,4,3,3,2,4,4,6,3,2,2,1,2,8,6,2,1,0,2,11,1,7,3,3,6,4,8,2,4,3,5,1,2,1,1,1,7,4,5,24,13,1,1,1,2,2,2,4,2,5,3,4,3,1,2,4,2,3,2,4,2,3,4,4,6,2,0,8,3,2,3,4,6,4,3,3
3,1,3,5,6,4,3,1,4,4,6,3,6,1,5,2,3,2,3,2,3,5,1,3,3,3,2,4,4,3,2,4,3,1,4,3,4,7,5,4,3,2,3,5,1,2,5,5,2,4,2,2,4,0,3,1,6,8,3,3,4,5,3,4,3,2,4,5,2,4,7,1,6,5,1,3,6,4,8,2,4,3,5,1,2,1,1,1,7,4,5,24,13,1,1,1,2,2,2,4,2,5,3,4,3,1,2,4,2,3,2,4,2,3,4,4,6,2,0,8,3,2,3,4,6,4,3,3
3,1,3,5,6,4,3,1,4,4,6,3,6,1,5,2,3,2,3,2,3,5,1,3,3,3,2,4,4,3,2,4,3,1,4,3,4,7,5,4,3,2,3,5,1,2,5,5,2,4,2,2,4,0,3,1,6,8,3,3,4,5,3,4,3,2,4,5,2,4,7,1,6,5,1,7,3,5,6,2,1,4,9,21,11,3,3,3,3,3,3,7,4,1,2,3,4,2,3,3,4,5,8,6,6,3,0,2,5,5,2,5,4,4,2,1,4,5,1,3,2,4,1,2,5,3,5,8
2,2,3,3,3,2,3,2,3,2,2,0,3,2,5,3,3,3,4,3,2,5,5,3,1,5,2,3,2,4,4,9,3,2,3,3,6,4,3,3,8,1,2,1,3,4,3,2,4,4,5,8,1,8,5,2,3,1,8,2,2,6,3,1,3,8,4,7,3,2,3,2,3,6,2,7,3,5,6,2,1,4,9,21,11,3,3,3,3,3,3,7,4,1,2,3,4,2,3,3,4,5,8,6,6,3,0,2,5,5,2,5,4,4,2,1,4,5,1,3,2,4,1,2,5,3,5,8
2,2,3,3,3,2,3,2,3,2,2,0,3,2,5,3,3,3,4,3,2,5,5,3,1,5,2,3,2,4,4,9,3,2,3,3,6,4,3,3,8,1,2,1,3,4,3,2,4,4,5,8,1,8,5,2,3,1,8,2,2,6,3,1,3,8,4,7,3,2,3,2,3,6,2,6,3,10,1,3,7,2,4,4,21,1,5,5,2,2,5,2,5,5,0,2,3,1,4,10,2,5,6,3,1,4,6,2,9,1,2,4,3,2,3,3,4,1,6,5,4,5,3,4,4,5,4,6
2,1,2,5,4,5,4,3,0,7,2,4,4,8,6,3,2,3,3,1,2,5,3,5,2,7,2,3,2,3,5,3,2,3,3,3,5,2,8,2,1,5,6,2,2,3,3,1,3,2,3,6,2,3,4,7,5,2,1,4,3,2,1,2,2,2,3,2,7,2,6,7,2,5,3,6,3,10,1,3,7,2,4,4,21,1,5,5,2,2,5,2,5,5,0,2,3,1,4,10,2,5,6,3,1,4,6,2,9,1,2,4,3,2,3,3,4,1,6,5,4,5,3,4,4,5,4,6
2,1,2,5,4,5,4,3,0,7,2,4,4,8,6,3,2,3,3,1,2,5,3,5,2,7,2,3,2,3,5,3,2,3,3,3,5,2,8,2,1,5,6,2,2,3,3,1,3,2,3,6,2,3,4,7,5,2,1,4,3,2,1,2,2,2,3,2,7,2,6,7,2,5,3,1,1,5,2,6,6,3,15,4,1,1,2,5,2,4,2,11,2,6,2,4,4,8,5,4,6,4,3,2,7,2,6,0,5,3,4,3,3,2,4,2,3,2,3,2,3,4,5,1,4,8,2,3
2,3,3,5,2,6,3,5,2,4,3,6,1,3,5,4,1,1,3,5,2,3,4,3,3,3,2,9,3,2,3,3,3,3,2,2,5,3,2,1,4,7,4,2,3,1,2,2,1,3,2,3,1,4,1,6,3,4,2,3,5,1,2,1,1,6,3,3,5,2,3,4,2,2,5,1,1,5,2,6,6,3,15,4,1,1,2,5,2,4,2,11,2,6,2,4,4,8,5,4,6,4,3,2,7,2,6,0,5,3,4,3,3,2,4,2,3,2,3,2,3,4,5,1,4,8,2,3
2,3,3,5,2,6,3,5,2,4,3,6,1,3,5,4,1,1,3,5,2,3,4,3,3,3,2,9,3,2,3,3,3,3,2,2,5,3,2,1,4,7,4,2,3,1,2,2,1,3,2,3,1,4,1,6,3,4,2,3,5,1,2,1,1,6,3,3,5,2,3,4,2,2,5,6,1,8,3,1,6,3,2,2,2,6,5,1,5,5,2,4,27,2,6,1,1,1,3,2,3,2,3,2,3,6,7,3,3,2,2,3,2,2,5,6,6,3,4,5,3,5,4,2,1,2,1,2
4,3,3,2,6,4,3,3,2,5,3,7,1,4,2,1,8,2,4,6,1,1,2,5,5,5,7,2,7,2,6,4,2,3,1,6,5,4,2,2,5,2,3,4,6,5,6,5,1,3,3,2,7,4,3,4,1,6,2,5,2,3,2,3,2,4,0,1,3,7,7,3,2,3,6,6,1,8,3,1,6,3,2,2,2,6,5,1,5,5,2,4,27,2,6,1,1,1,3,2,3,2,3,2,3,6,7,3,3,2,2,3,2,2,5,6,6,3,4,5,3,5,4,2,1,2,1,2
4,3,3,2,6,4,3,3,2,5,3,7,1,4,2,1,8,2,4,6,1,1,2,5,5,5,7,2,7,2,6,4,2,3,1,6,5,4,2,2,5,2,3,4,6,5,6,5,1,3,3,2,7,4,3,4,1,6,2,5,2,3,2,3,2,4,0,1,3,7,7,3,2,3,6,2,5,6,2,3,2,18,0,3,5,6,2,2,3,4,1,3,3,5,2,7,2,7,2,2,2,1,3,10,6,5,3,4,5,2,4,3,2,2,2,3,3,4,4,2,6,2,4,6,3,3,3,3
4,2,2,3,4,8,3,2,2,2,2,2,3,3,5,3,1,2,4,5,0,2,1,4,2,1,3,4,2,6,5,2,4,3,3,5,2,1,2,4,8,2,2,3,2,1,2,2,3,5,4,5,5,2,5,4,2,3,2,1,5,4,4,1,1,1,4,3,1,2,4,2,5,9,2,2,5,6,2,3,2,18,0,3,5,6,2,2,3,4,1,3,3,5,2,7,2,7,2,2,2,1,3,10,6,5,3,4,5,2,4,3,2,2,2,3,3,4,4,2,6,2,4,6,3,3,3,3
4,2,2,3,4,8,3,2,2,2,2,2,3,3,5,3,1,2,4,5,0,2,1,4,2,1,3,4,2,6,5,2,4,3,3,5,2,1,2,4,8,2,2,3,2,1,2,2,3,5,4,5,5,2,5,4,2,3,2,1,5,4,4,1,1,1,4,3,1,2,4,2,5,9,2,5,4,5,2,3,4,5,3,24,0,3,1,2,4,5,5,5,7,2,1,6,2,2,4,7,5,6,3,2,1,2,5,1,2,5,5,4,5,2,3,2,4,2,4,2,2,4,2,4,3,2,2,1
2,1,2,2,6,2,2,3,1,2,3,3,1,2,3,3,4,3,3,2,3,4,2,1,5,2,7,1,2,3,4,3,7,4,4,6,2,2,5,3,3,3,5,4,2,5,2,1,7,1,3,3,2,5,0,2,2,2,3,2,3,4,7,8,4,2,3,1,3,2,4,4,0,4,3,5,4,5,2,3,4,5,3,24,0,3,1,2,4,5,5,5,7,2,1,6,2,2,4,7,5,6,3,2,1,2,5,1,2,5,5,4,5,2,3,2,4,2,4,2,2,4,2,4,3,2,2,1
2,1,2,2,6,2,2,3,1,2,3,3,1,2,3,3,4,3,3,2,3,4,2,1,5,2,7,1,2,3,4,3,7,4,4,6,2,2,5,3,3,3,5,4,2,5,2,1,7,1,3,3,2,5,0,2,2,2,3,2,3,4,7,8,4,2,3,1,3,2,4,4,0,4,3,1,1,5,1,8,6,23,4,3,3,1,3,2,3,3,4,3,2,3,3,2,3,1,7,1,5,2,2,3,3,5,3,2,3,7,2,2,1,3,3,4,2,2,5,3,4,8,2,4,3,4,3,3
2,2,4,2,3,3,2,5,2,4,3,4,5,5,1,1,2,4,1,2,4,5,4,2,2,2,6,2,6,7,3,3,7,3,2,3,1,2,5,3,3,4,2,4,2,5,5,1,2,2,2,8,2,3,2,2,4,3,6,4,2,7,2,2,6,6,2,1,4,5,3,7,1,4,3,1,1,5,1,8,6,23,4,3,3,1,3,2,3,3,4,3,2,3,3,2,3,1,7,1,5,2,2,3,3,5,3,2,3,7,2,2,1,3,3,4,2,2,5,3,4,8,2,4,3,4,3,3
2,2,4,2,3,3,2,5,2,4,3,4,5,5,1,1,2,4,1,2,4,5,4,2,2,2,6,2,6,7,3,3,7,3,2,3,1,2,5,3,3,4,2,4,2,5,5,1,2,2,2,8,2,3,2,2,4,3,6,4,2,7,2,2,6,6,2,1,4,5,3,7,1,4,3,2,3,3,8,6,4,2,5,5,24,2,8,2,4,4,5,5,3,2,1,2,1,6,5,2,3,3,2,5,1,4,2,5,2,4,4,3,5,4,3,2,3,7,2,4,2,4,7,5,3,1,4,5
3,5,3,4,3,4,3,4,2,2,1,6,9,2,2,4,6,1,1,2,4,3,3,4,0,2,5,2,3,3,7,1,3,3,2,4,2,5,2,2,5,5,1,1,3,5,6,1,2,2,2,4,3,3,5,3,2,3,3,2,2,2,4,3,2,3,13,7,3,2,4,4,9,6,2,2,3,3,8,6,4,2,5,5,24,2,8,2,4,4,5,5,3,2,1,2,1,6,5,2,3,3,2,5,1,4,2,5,2,4,4,3,5,4,3,2,3,7,2,4,2,4,7,5,3,1,4,5
3,5,3,4,3,4,3,4,2,2,1,6,9,2,2,4,6,1,1,2,4,3,3,4,0,2,5,2,3,3,7,1,3,3,2,4,2,5,2,2,5,5,1,1,3,5,6,1,2,2,2,4,3,3,5,3,2,3,3,2,2,2,4,3,2,3,13,7,3,2,4,4,9,6,2,3,5,8,2,4,4,3,5,6,27,1,3,8,2,2,1,2,1,4,3,2,2,7,3,7,8,4,2,2,4,3,7,1,2,2,3,4,2,4,3,5,4,2,2,4,5,2,4,2,3,4,5,5
1,3,2,3,4,1,3,2,3,1,2,6,2,4,2,3,2,4,6,1,4,4,3,3,2,4,2,6,9,5,4,2,6,3,2,3,3,3,3,0,6,4,4,4,3,3,1,4,3,2,7,1,4,2,6,5,8,4,72,18,0,1,0,0,1,2,2,1,3,2,1,1,4,5,7,3,5,8,2,4,4,3,5,6,27,1,3,8,2,2,1,2,1,4,3,2,2,7,3,7,8,4,2,2,4,3,7,1,2,2,3,4,2,4,3,5,4,2,2,4,5,2,4,2,3,4,5,5
1,3,2,3,4,1,3,2,3,1,2,6,2,4,2,3,2,4,6,1,4,4,3,3,2,4,2,6,9,5,4,2,6,3,2,3,3,3,3,0,6,4,4,4,3,3,1,4,3,2,7,1,4,2,6,5,8,4,72,18,0,1,0,0,1,2,2,1,3,2,1,1,4,5,7,2,1,2,2,2,2,1,3,3,5,26,1,3,2,2,8,1,3,2,5,1,6,1,4,2,1,0,4,2,2,7,3,3,1,2,4,2,2,8,3,3,3,3,2,2,1,3,4,1,1,4,4,3
1,6,3,3,4,0,5,8,4,3,2,5,3,1,2,2,4,7,3,2,1,2,1,2,1,6,2,1,3,4,9,0,3,2,4,1,5,1,5,2,2,4,6,0,3,4,3,2,3,9,2,3,3,3,3,2,2,4,5,4,3,1,3,7,2,1,3,4,1,2,5,3,4,3,7,2,1,2,2,2,2,1,3,3,5,26,1,3,2,2,8,1,3,2,5,1,6,1,4,2,1,0,4,2,2,7,3,3,1,2,4,2,2,8,3,3,3,3,2,2,1,3,4,1,1,4,4,3
1,6,3,3,4,0,5,8,4,3,2,5,3,1,2,2,4,7,3,2,1,2,1,2,1,6,2,1,3,4,9,0,3,2,4,1,5,1,5,2,2,4,6,0,3,4,3,2,3,9,2,3,3,3,3,2,2,4,5,4,3,1,3,7,2,1,3,4,1,2,5,3,4,3,2,2,2,1,1,7,3,5,3,5,4,1,2,5,5,2,1,3,3,2,3,23,1,1,6,4,0,2,3,2,2,6,1,3,6,1,3,5,3,3,2,2,4,3,5,6,1,3,3,1,4,2,4,4
3,2,4,2,2,2,2,3,4,5,3,3,4,1,2,4,2,3,3,2,4,4,6,8,7,3,6,1,2,3,5,2,2,2,3,4,3,3,4,7,5,2,5,0,4,3,2,4,2,2,2,5,5,2,2,4,6,2,3,4,0,4,2,3,4,4,1,2,5,2,6,1,3,3,1,2,2,1,1,7,3,5,3,5,4,1,2,5,5,2,1,3,3,2,3,23,1,1,6,4,0,2,3,2,2,6,1,3,6,1,3,5,3,3,2,2,4,3,5,6,1,3,3,1,4,2,4,4
3,2,4,2,2,2,2,3,4,5,3,3,4,1,2,4,2,3,3,2,4,4,6,8,7,3,6,1,2,3,5,2,2,2,3,4,3,3,4,7,5,2,5,0,4,3,2,4,2,2,2,5,5,2,2,4,6,2,3,4,0,4,2,3,4,4,1,2,5,2,6,1,3,3,1,4,3,5,1,4,5,5,4,5,2,4,22,13,4,4,1,2,5,0,5,2,4,4,5,2,1,3,4,4,4,4,3,4,3,3,3,3,3,2,0,4,5,3,6,4,3,2,3,3,3,7,5,6
2,3,6,3,6,4,1,4,4,5,5,4,2,2,3,7,2,1,3,7,2,0,3,2,1,3,4,1,4,6,2,3,2,5,2,2,3,2,1,6,2,2,3,2,2,2,7,5,2,3,3,6,3,3,3,7,7,6,1,4,4,4,4,4,2,1,1,4,2,2,1,2,1,3,5,4,3,5,1,4,5,5,4,5,2,4,22,13,4,4,1,2,5,0,5,2,4,4,5,2,1,3,4,4,4,4,3,4,3,3,3,3,3,2,0,4,5,3,6,4,3,2,3,3,3,7,5,6
2,3,6,3,6,4,1,4,4,5,5,4,2,2,3,7,2,1,3,7,2,0,3,2,1,3,4,1,4,6,2,3,2,5,2,2,3,2,1,6,2,2,3,2,2,2,7,5,2,3,3,6,3,3,3,7,7,6,1,4,4,4,4,4,2,1,1,4,2,2,1,2,1,3,5,5,4,5,1,3,8,3,1,2,1,8,3,7,5,8,1,1,0,1,6,1,1,4,5,2,4,2,2,13,2,3,1,4,1,1,3,2,4,5,5,5,6,3,3,4,2,3,3,4,2,3,5,6
5,8,0,3,3,5,2,4,1,2,3,2,2,2,2,4,6,2,3,2,6,3,3,2,1,4,3,2,3,5,3,3,4,6,1,2,5,8,3,6,2,4,3,1,2,2,3,3,3,3,6,3,1,3,2,6,1,2,2,1,1,4,4,2,6,1,3,3,2,4,3,4,8,3,2,5,4,5,1,3,8,3,1,2,1,8,3,7,5,8,1,1,0,1,6,1,1,4,5,2,4,2,2,13,2,3,1,4,1,1,3,2,4,5,5,5,6,3,3,4,2,3,3,4,2,3,5,6
5,8,0,3,3,5,2,4,1,2,3,2,2,2,2,4,6,2,3,2,6,3,3,2,1,4,3,2,3,5,3,3,4,6,1,2,5,8,3,6,2,4,3,1,2,2,3,3,3,3,6,3,1,3,2,6,1,2,2,1,1,4,4,2,6,1,3,3,2,4,3,4,8,3,2,6,1,9,2,3,4,3,1,4,5,3,2,4,5,1,2,3,3,2,1,3,28,1,3,4,5,4,1,3,8,2,2,4,7,3,2,3,4,4,1,4,8,1,5,1,3,4,2,1,4,4,3,1
2,4,3,3,4,3,3,4,2,2,5,2,2,3,6,4,1,1,4,3,2,4,2,1,5,3,2,4,3,5,4,2,2,3,3,3,1,3,3,4,3,2,1,6,1,2,3,2,4,5,8,3,3,1,2,5,2,2,6,1,3,4,3,3,5,2,6,4,4,2,2,4,3,4,2,6,1,9,2,3,4,3,1,4,5,3,2,4,5,1,2,3,3,2,1,3,28,1,3,4,5,4,1,3,8,2,2,4,7,3,2,3,4,4,1,4,8,1,5,1,3,4,2,1,4,4,3,1
2,4,3,3,4,3,3,4,2,2,5,2,2,3,6,4,1,1,4,3,2,4,2,1,5,3,2,4,3,5,4,2,2,3,3,3,1,3,3,4,3,2,1,6,1,2,3,2,4,5,8,3,3,1,2,5,2,2,6,1,3,4,3,3,5,2,6,4,4,2,2,4,3,4,2,4,6,5,5,1,4,0,1,2,2,2,23,1,3,3,4,4,8,5,2,7,3,2,2,7,2,6,0,0,5,3,1,4,6,1,6,3,4,3,2,6,6,3,1,3,3,3,0,6,2,8,1,1
3,1,2,3,3,2,3,4,7,6,4,3,5,1,3,1,3,2,5,1,5,3,4,3,6,4,4,2,2,5,1,3,2,6,4,3,3,4,3,4,8,6,3,4,3,2,3,5,9,2,4,1,5,3,3,2,3,6,5,10,3,1,4,3,3,10,1,3,4,4,3,7,4,2,6,4,6,5,5,1,4,0,1,2,2,2,23,1,3,3,4,4,8,5,2,7,3,2,2,7,2,6,0,0,5,3,1,4,6,1,6,3,4,3,2,6,6,3,1,3,3,3,0,6,2,8,1,1
3,1,2,3,3,2,3,4,7,6,4,3,5,1,3,1,3,2,5,1,5,3,4,3,6,4,4,2,2,5,1,3,2,6,4,3,3,4,3,4,8,6,3,4,3,2,3,5,9,2,4,1,5,3,3,2,3,6,5,10,3,1,4,3,3,10,1,3,4,4,3,7,4,2,6,5,3,6,5,2,7,3,4,2,1,3,7,21,4,1,5,1,3,3,1,3,1,4,3,3,4,2,2,4,4,2,7,3,4,5,3,2,7,3,3,4,4,5,1,1,3,6,5,5,2,1,2,3
3,9,5,0,3,2,5,3,6,1,3,7,2,1,6,3,0,1,3,3,3,4,4,3,5,4,1,2,1,4,1,3,3,4,2,7,3,4,3,3,1,7,1,3,3,5,4,1,3,1,2,3,5,1,6,1,4,6,2,4,3,1,3,4,1,2,3,3,7,6,0,4,5,1,3,5,3,6,5,2,7,3,4,2,1,3,7,21,4,1,5,1,3,3,1,3,1,4,3,3,4,2,2,4,4,2,7,3,4,5,3,2,7,3,3,4,4,5,1,1,3,6,5,5,2,1,2,3
3,9,5,0,3,2,5,3,6,1,3,7,2,1,6,3,0,1,3,3,3,4,4,3,5,4,1,2,1,4,1,3,3,4,2,7,3,4,3,3,1,7,1,3,3,5,4,1,3,1,2,3,5,1,6,1,4,6,2,4,3,1,3,4,1,2,3,3,7,6,0,4,5,1,3,2,3,2,3,7,3,1,1,3,3,0,1,5,4,4,29,9,1,2,1,3,4,4,2,4,6,2,6,3,8,3,2,1,1,4,5,8,2,1,4,3,3,2,6,2,2,4,2,5,4,1,6,2
6,5,2,7,4,2,1,4,6,4,2,9,1,3,2,3,5,2,2,4,4,5,6,1,3,4,3,3,2,3,2,3,2,1,2,3,2,3,4,1,5,4,3,6,4,4,3,3,4,2,6,2,2,4,1,7,7,3,4,2,6,3,6,3,4,4,2,1,2,3,2,3,2,1,3,2,3,2,3,7,3,1,1,3,3,0,1,5,4,4,29,9,1,2,1,3,4,4,2,4,6,2,6,3,8,3,2,1,1,4,5,8,2,1,4,3,3,2,6,2,2,4,2,5,4,1,6,2
6,5,2,7,4,2,1,4,6,4,2,9,1,3,2,3,5,2,2,4,4,5,6,1,3,4,3,3,2,3,2,3,2,1,2,3,2,3,4,1,5,4,3,6,4,4,3,3,4,2,6,2,2,4,1,7,7,3,4,2,6,3,6,3,4,4,2,1,2,3,2,3,2,1,3,1,6,3,2,4,2,8,2,3,7,4,4,4,2,3,4,29,0,3,3,4,6,3,3,5,4,2,2,3,2,1,3,3,4,2,2,5,2,3,0,3,2,5,5,4,5,1,1,1,10,3,2,6
5,4,2,6,2,2,2,6,1,2,3,1,1,3,8,3,3,2,4,3,1,2,3,3,2,5,3,5,1,5,2,5,2,3,0,1,6,4,1,6,2,3,3,2,9,7,4,1,3,1,1,2,2,3,3,5,2,3,3,5,0,6,3,2,1,4,3,1,7,5,4,1,2,6,3,1,6,3,2,4,2,8,2,3,7,4,4,4,2,3,4,29,0,3,3,4,6,3,3,5,4,2,2,3,2,1,3,3,4,2,2,5,2,3,0,3,2,5,5,4,5,1,1,1,10,3,2,6
5,4,2,6,2,2,2,6,1,2,3,1,1,3,8,3,3,2,4,3,1,2,3,3,2,5,3,5,1,5,2,5,2,3,0,1,6,4,1,6,2,3,3,2,9,7,4,1,3,1,1,2,2,3,3,5,2,3,3,5,0,6,3,2,1,4,3,1,7,5,4,1,2,6,3,4,6,5,3,0,3,4,3,4,6,2,1,3,2,1,2,4,6,4,6,28,2,2,3,1,4,4,2,0,3,1,1,3,2,4,7,6,4,5,2,6,3,3,3,1,3,5,5,2,4,4,7,0
2,3,2,1,3,2,2,2,3,3,4,7,5,2,2,2,3,3,3,3,6,4,1,2,1,2,6,5,3,2,4,6,3,4,1,1,4,1,4,3,3,4,2,1,6,1,5,3,2,2,7,2,7,4,2,3,1,3,3,3,4,2,5,5,3,4,8,5,6,2,1,1,4,6,1,4,6,5,3,0,3,4,3,4,6,2,1,3,2,1,2,4,6,4,6,28,2,2,3,1,4,4,2,0,3,1,1,3,2,4,7,6,4,5,2,6,3,3,3,1,3,5,5,2,4,4,7,0
2,3,2,1,3,2,2,2,3,3,4,7,5,2,2,2,3,3,3,3,6,4,1,2,1,2,6,5,3,2,4,6,3,4,1,1,4,1,4,3,3,4,2,1,6,1,5,3,2,2,7,2,7,4,2,3,1,3,3,3,4,2,5,5,3,4,8,5,6,2,1,1,4,6,1,2,5,1,4,6,1,1,2,2,3,4,2,2,5,6,4,7,2,2,31,3,0,6,2,4,4,4,3,2,2,2,1,2,1,1,5,3,4,1,4,7,4,5,1,2,5,6,7,4,3,3,0,1
5,2,6,2,3,2,4,3,1,2,3,10,3,1,3,2,3,2,4,6,2,1,5,5,4,4,3,4,5,3,1,4,1,3,5,5,5,4,3,2,4,2,6,2,4,5,2,4,4,3,8,8,5,2,4,4,4,3,1,4,4,2,3,4,1,3,9,4,3,3,1,2,4,3,3,2,5,1,4,6,1,1,2,2,3,4,2,2,5,6,4,7,2,2,31,3,0,6,2,4,4,4,3,2,2,2,1,2,1,1,5,3,4,1,4,7,4,5,1,2,5,6,7,4,3,3,0,1
5,2,6,2,3,2,4,3,1,2,3,10,3,1,3,2,3,2,4,6,2,1,5,5,4,4,3,4,5,3,1,4,1,3,5,5,5,4,3,2,4,2,6,2,4,5,2,4,4,3,8,8,5,2,4,4,4,3,1,4,4,2,3,4,1,3,9,4,3,3,1,2,4,3,3,3,6,3,1,5,2,3,4,3,3,4,1,2,1,4,2,3,3,5,1,17,2,1,2,2,5,3,1,2,2,0,1,3,6,2,4,2,1,2,4,2,4,3,3,2,1,1,4,5,5,4,2,2
3,7,1,4,6,1,2,5,2,4,2,2,2,1,5,4,1,3,3,2,2,1,3,5,4,5,5,7,4,2,11,5,3,1,6,2,4,2,3,5,2,7,2,6,4,2,1,4,3,2,5,5,2,4,6,4,2,3,5,7,4,3,4,3,1,4,2,6,2,3,3,3,2,6,0,3,6,3,1,5,2,3,4,3,3,4,1,2,1,4,2,3,3,5,1,17,2,1,2,2,5,3,1,2,2,0,1,3,6,2,4,2,1,2,4,2,4,3,3,2,1,1,4,5,5,4,2,2
3,7,1,4,6,1,2,5,2,4,2,2,2,1,5,4,1,3,3,2,2,1,3,5,4,5,5,7,4,2,11,5,3,1,6,2,4,2,3,5,2,7,2,6,4,2,1,4,3,2,5,5,2,4,6,4,2,3,5,7,4,3,4,3,1,4,2,6,2,3,3,3,2,6,0,9,3,4,3,2,4,1,6,1,1,5,5,3,4,3,7,2,2,3,3,1,3,4,8,3,3,1,4,2,4,2,3,2,2,7,2,1,4,2,3,4,4,1,3,1,4,2,3,1,5,4,3,1
2,4,3,3,3,6,5,4,3,5,2,5,5,6,2,7,3,3,5,7,2,3,2,2,4,5,2,4,3,5,2,2,1,4,3,3,2,1,4,4,0,1,1,5,5,4,4,1,5,1,3,7,5,6,4,4,2,4,3,2,3,3,1,4,1,5,6,1,4,1,4,2,6,1,5,9,3,4,3,2,4,1,6,1,1,5,5,3,4,3,7,2,2,3,3,1,3,4,8,3,3,1,4,2,4,2,3,2,2,7,2,1,4,2,3,4,4,1,3,1,4,2,3,1,5,4,3,1
2,4,3,3,3,6,5,4,3,5,2,5,5,6,2,7,3,3,5,7,2,3,2,2,4,5,2,4,3,5,2,2,1,4,3,3,2,1,4,4,0,1,1,5,5,4,4,1,5,1,3,7,5,6,4,4,2,4,3,2,3,3,1,4,1,5,6,1,4,1,4,2,6,1,5,5,2,2,1,5,1,4,3,4,6,2,6,2,4,1,3,2,35,28,5,2,0,3,2,3,1,2,5,1,1,2,4,2,5,4,2,2,3,4,2,1,2,0,6,6,3,8,5,2,3,1,3,1
1,5,2,3,3,7,3,4,4,3,5,5,4,6,3,1,2,2,1,4,7,3,0,5,3,2,5,3,7,4,3,4,2,9,4,2,3,2,3,8,3,2,1,4,4,4,5,5,2,4,2,2,6,1,6,3,3,2,1,2,3,3,3,3,3,6,5,2,6,3,5,2,6,7,2,5,2,2,1,5,1,4,3,4,6,2,6,2,4,1,3,2,35,28,5,2,0,3,2,3,1,2,5,1,1,2,4,2,5,4,2,2,3,4,2,1,2,0,6,6,3,8,5,2,3,1,3,1
1,5,2,3,3,7,3,4,4,3,5,5,4,6,3,1,2,2,1,4,7,3,0,5,3,2,5,3,7,4,3,4,2,9,4,2,3,2,3,8,3,2,1,4,4,4,5,5,2,4,2,2,6,1,6,3,3,2,1,2,3,3,3,3,3,6,5,2,6,3,5,2,6,7,2,2,0,10,4,2,2,4,2,31,11,2,1,2,3,1,5,3,2,2,4,2,3,2,3,6,4,3,3,1,3,3,3,4,5,2,5,3,5,5,6,3,4,3,4,5,3,1,1,3,1,2,4,2
3,2,2,4,3,2,6,3,4,5,6,7,2,3,1,4,3,2,3,4,3,1,2,3,2,4,3,1,3,2,3,5,2,3,5,3,2,3,2,5,2,4,3,2,2,2,0,4,3,1,4,8,3,3,8,6,5,1,2,5,7,5,1,1,6,5,2,4,0,2,4,1,2,6,1,2,0,10,4,2,2,4,2,31,11,2,1,2,3,1,5,3,2,2,4,2,3,2,3,6,4,3,3,1,3,3,3,4,5,2,5,3,5,5,6,3,4,3,4,5,3,1,1,3,1,2,4,2
3,2,2,4,3,2,6,3,4,5,6,7,2,3,1,4,3,2,3,4,3,1,2,3,2,4,3,1,3,2,3,5,2,3,5,3,2,3,2,5,2,4,3,2,2,2,0,4,3,1,4,8,3,3,8,6,5,1,2,5,7,5,1,1,6,5,2,4,0,2,4,1,2,6,1,3,5,4,7,7,2,4,3,13,0,1,4,2,2,1,6,2,3,1,4,3,2,4,3,4,4,2,3,3,2,5,2,1,2,3,4,2,1,1,2,2,2,6,4,3,4,6,1,5,2,2,5,4
1,5,2,6,4,2,3,4,1,2,4,6,3,4,3,2,6,1,3,3,3,5,1,4,3,2,6,4,5,4,4,1,1,1,6,2,4,0,3,4,3,5,3,3,2,5,6,1,3,4,3,0,4,3,3,3,6,3,10,3,4,1,2,3,1,5,1,6,4,6,6,5,2,2,4,3,5,4,7,7,2,4,3,13,0,1,4,2,2,1,6,2,3,1,4,3,2,4,3,4,4,2,3,3,2,5,2,1,2,3,4,2,1,1,2,2,2,6,4,3,4,6,1,5,2,2,5,4
1,5,2,6,4,2,3,4,1,2,4,6,3,4,3,2,6,1,3,3,3,5,1,4,3,2,6,4,5,4,4,1,1,1,6,2,4,0,3,4,3,5,3,3,2,5,6,1,3,4,3,0,4,3,3,3,6,3,10,3,4,1,2,3,1,5,1,6,4,6,6,5,2,2,4,3,4,2,6,5,3,4,5,4,4,4,4,6,2,6,4,3,6,34,0,0,2,3,2,1,2,1,6,4,7,1,5,1,2,4,2,6,1,2,3,3,2,0,8,2,5,6,3,3,2,1,4,7
3,4,1,7,4,1,5,5,8,3,2,2,1,2,1,2,2,3,5,2,2,4,1,7,3,2,4,2,2,10,6,4,5,1,5,1,2,2,2,5,3,1,3,3,6,4,2,4,4,6,2,4,5,1,2,3,5,0,2,1,3,6,3,3,5,6,5,5,4,3,3,2,3,1,2,3,4,2,6,5,3,4,5,4,4,4,4,6,2,6,4,3,6,34,0,0,2,3,2,1,2,1,6,4,7,1,5,1,2,4,2,6,1,2,3,3,2,0,8,2,5,6,3,3,2,1,4,7
3,4,1,7,4,1,5,5,8,3,2,2,1,2,1,2,2,3,5,2,2,4,1,7,3,2,4,2,2,10,6,4,5,1,5,1,2,2,2,5,3,1,3,3,6,4,2,4,4,6,2,4,5,1,2,3,5,0,2,1,3,6,3,3,5,6,5,5,4,3,3,2,3,1,2,5,3,1,3,2,2,3,3,6,44,1,9,1,4,0,1,5,2,5,2,5,4,1,2,1,11,4,7,2,6,1,4,1,6,3,5,1,2,2,4,2,5,7,2,2,2,4,5,3,2,3,1,4
1,4,4,3,7,1,2,3,5,1,5,2,3,2,7,3,6,4,1,2,4,2,5,3,5,2,2,8,3,5,3,3,3,1,3,4,1,1,6,3,8,0,1,2,5,5,2,4,5,4,3,3,9,2,7,2,2,3,4,3,0,3,2,5,6,3,4,2,5,1,6,2,7,3,3,5,3,1,3,2,2,3,3,6,44,1,9,1,4,0,1,5,2,5,2,5,4,1,2,1,11,4,7,2,6,1,4,1,6,3,5,1,2,2,4,2,5,7,2,2,2,4,5,3,2,3,1,4
3,4,4,3,7,1,2,3,5,1,5,2,3,2,7,3,6,4,1,2,4,2,5,3,5,2,2,8,3,5,3,3,3,1,3,4,1,1,6,3,8,0,1,2,5,5,2,4,5,4,3,3,9,2,7,2,2,3,4,3,0,3,2,5,6,3,4,2,5,1,6,2,7,3,3,5,3,6,2,1,1,1,5,2,3,5,1,6,3,2,2,2,6,5,3,6,4,1,3,3,3,2,3,1,5,5,1,2,3,3,1,3,3,1,4,3,3,2,3,3,6,1,5,2,4,0,3,7
3,1,1,3,3,8,4,4,1,1,4,1,5,5,5,2,1,4,5,2,1,3,4,1,1,3,2,1,2,3,3,4,2,6,2,3,2,4,2,2,6,1,3,3,4,4,2,2,4,1,5,2,2,1,7,3,3,3,7,0,6,2,2,3,3,2,4,2,5,1,2,3,2,2,3,5,3,6,2,1,1,1,5,2,3,5,1,6,3,2,2,2,6,5,3,6,4,1,3,3,3,2,3,1,5,5,1,2,3,3,1,3,3,1,4,3,3,2,3,3,6,1,5,2,4,0,3,7
3,1,1,3,3,8,4,4,1,1,4,1,5,5,5,2,1,4,5,2,1,3,4,1,1,3,2,1,2,3,3,4,2,6,2,3,2,4,2,2,6,1,3,3,4,4,2,2,4,1,5,2,2,1,7,3,3,3,7,0,6,2,2,3,3,2,4,2,5,1,2,3,2,2,3,1,3,2,3,3,3,2,3,2,7,7,4,1,4,4,5,1,1,32,2,4,2,2,2,1,4,2,4,2,4,3,6,5,1,3,1,2,2,5,1,2,1,6,3,4,4,5,2,3,3,2,6,3
4,6,3,5,5,5,4,1,8,3,4,2,4,1,3,2,3,3,3,5,1,5,4,5,4,5,1,6,4,7,3,3,2,2,3,1,4,3,7,6,2,8,4,6,2,2,7,3,4,2,4,9,3,2,2,4,1,6,5,2,1,5,2,3,7,1,5,2,9,2,3,2,3,2,3,1,3,1,5,2,3,1,3,5,1,3,5,4,6,6,1,3,3,3,28,2,0,7,4,4,2,2,4,4,11,0,5,3,3,3,7,2,2,2,4,2,3,5,3,2,2,5,6,1,2,3,2,3
4,6,3,5,5,5,4,1,8,3,4,2,4,1,3,2,3,3,3,5,1,5,4,5,4,5,1,6,4,7,3,3,2,2,3,1,4,3,7,6,2,8,4,6,2,2,7,3,4,2,4,9,3,2,2,4,1,6,5,2,1,5,2,3,7,1,5,2,9,2,3,2,3,2,4,5,6,4,2,5,2,4,7,1,3,6,1,2,39,18,4,0,0,3,1,4,2,3,7,6,6,2,5,5,5,2,6,2,8,3,2,3,12,5,1,1,5,4,2,4,4,1,2,9,4,3,2,5
5,3,3,5,2,2,2,7,4,2,7,5,5,4,3,2,5,1,8,4,3,4,2,4,9,6,6,3,1,4,5,3,2,6,3,1,6,3,4,0,6,3,6,4,1,1,2,4,2,2,1,2,2,1,4,3,3,1,4,4,2,3,2,4,3,4,3,5,10,4,4,2,3,5,5,5,6,4,2,5,2,4,7,1,3,6,1,2,39,18,4,0,0,3,1,4,2,3,7,6,6,2,5,5,5,2,6,2,8,3,2,3,12,5,1,1,5,4,2,4,4,1,2,9,4,3,2,5
5,3,3,5,2,2,2,7,4,2,7,5,5,4,3,2,5,1,8,4,3,4,2,4,9,6,6,3,1,4,5,3,2,6,3,1,6,3,4,0,6,3,6,4,1,1,2,4,2,2,1,2,2,1,4,3,3,1,4,4,2,3,2,4,3,4,3,5,10,4,4,2,3,5,5,3,3,7,3,3,6,0,3,31,18,0,3,2,2,3,6,1,5,3,3,2,2,2,3,4,1,3,2,3,6,11,4,2,0,2,5,2,2,3,2,3,4,4,4,3,6,4,3,1,8,2,2,3
4,6,5,3,3,5,6,1,4,1,3,5,1,4,4,5,1,2,3,5,5,3,4,2,1,5,3,6,5,2,2,2,4,2,6,3,3,3,1,1,1,6,4,4,2,3,6,2,4,0,4,1,0,3,5,8,3,2,3,4,5,5,2,3,5,2,4,1,2,1,6,2,2,2,5,3,3,7,3,3,6,0,3,31,18,0,3,2,2,3,6,1,5,3,3,2,2,2,3,4,1,3,2,3,6,11,4,2,0,2,5,2,2,3,2,3,4,4,4,3,6,4,3,1,8,2,2,3
4,6,5,3,3,5,6,1,4,1,3,5,1,4,4,5,1,2,3,5,5,3,4,2,1,5,3,6,5,2,2,2,4,2,6,3,3,3,1,1,1,6,4,4,2,3,6,2,4,0,4,1,0,3,5,8,3,2,3,4,5,5,2,3,5,2,4,1,2,1,6,2,2,2,5,1,4,6,6,2,4,1,2,2,10,4,4,6,8,2,6,3,5,3,3,4,1,1,3,4,1,3,4,3,2,2,4,5,1,2,2,5,5,3,2,0,3,1,3,6,2,3,1,3,3,6,0,4
5,3,4,4,4,4,4,1,5,0,4,6,7,2,2,2,3,6,3,2,2,5,5,6,2,2,3,3,3,3,3,4,0,2,2,2,3,2,5,2,5,2,1,2,2,5,2,4,6,2,3,2,3,4,2,1,4,3,7,2,2,4,6,0,4,3,3,2,5,1,5,7,3,5,2,1,4,6,6,2,4,1,2,2,10,4,4,6,8,2,6,3,5,3,3,4,1,1,3,4,1,3,4,3,2,2,4,5,1,2,2,5,5,3,2,0,3,1,3,6,2,3,1,3,3,6,0,4
5,3,4,4,4,4,4,1,5,0,4,6,7,2,2,2,3,6,3,2,2,5,5,6,2,2,3,3,3,3,3,4,0,2,2,2,3,2,5,2,5,2,1,2,2,5,2,4,6,2,3,2,3,4,2,1,4,3,7,2,2,4,6,0,4,3,3,2,5,1,5,7,3,5,2,3,7,1,2,2,3,5,1,3,5,2,4,4,4,4,5,2,3,3,28,8,2,0,5,2,6,7,2,2,3,4,2,5,1,2,4,6,4,2,3,4,1,6,5,6,2,3,2,3,1,8,1,4
3,3,2,6,2,5,2,2,4,3,7,4,1,6,3,1,6,5,2,3,2,5,4,2,5,2,2,0,1,3,6,3,2,4,1,5,4,3,3,5,4,1,6,8,6,1,4,2,2,4,5,4,1,1,2,2,6,2,3,3,10,1,1,3,5,1,2,1,3,4,3,3,3,2,3,3,7,1,2,2,3,5,1,3,5,2,4,4,4,4,5,2,3,3,28,8,2,0,5,2,6,7,2,2,3,4,2,5,1,2,4,6,4,2,3,4,1,6,5,6,2,3,2,3,1,8,1,4
1,3,2,6,2,5,2,2,4,3,7,4,1,6,3,1,6,5,2,3,2,5,4,2,5,2,2,0,1,3,6,3,2,4,1,5,4,3,3,5,4,1,6,8,6,1,4,2,2,4,5,4,1,1,2,2,6,2,3,3,10,1,1,3,5,1,2,1,3,4,3,3,3,2,3,1,5,6,4,2,2,3,3,38,7,1,1,4,4,0,6,5,3,1,4,9,1,6,5,2,5,2,3,1,3,1,1,4,4,4,7,3,2,2,6,4,2,3,1,1,3,5,5,2,3,3,2,4
4,7,5,4,4,8,5,5,3,2,4,1,2,5,6,4,4,7,1,4,6,2,3,5,4,3,0,4,4,3,2,3,2,2,5,2,2,10,5,2,1,1,3,8,2,2,2,2,7,2,3,2,2,10,2,9,0,0,2,9,1,3,1,1,4,2,2,2,8,5,3,3,3,2,8,1,5,6,4,2,2,3,3,38,7,1,1,4,4,0,6,5,3,1,4,9,1,6,5,2,5,2,3,1,3,1,1,4,4,4,7,3,2,2,6,4,2,3,1,1,3,5,5,2,3,3,2,4
4,7,5,4,4,8,5,5,3,2,4,1,2,5,6,4,4,7,1,4,6,2,3,5,4,3,0,4,4,3,2,3,2,2,5,2,2,10,5,2,1,1,3,8,2,2,2,2,7,2,3,2,2,10,2,9,0,0,2,9,1,3,1,1,4,2,2,2,8,5,3,3,3,2,8,3,8,8,3,2,2,3,4,3,2,2,4,3,2,2,1,2,5,9,35,0,2,4,0,6,1,0,1,3,0,2,2,2,5,5,7,3,1,0,8,4,2,2,5,4,3,2,5,9,4,5,3,3
8,3,10,1,3,3,0,0,2,3,5,5,5,2,1,2,1,2,8,9,3,3,4,1,5,3,1,4,4,2,5,1,3,2,4,2,1,5,4,9,5,3,2,3,2,7,5,1,4,3,2,3,10,3,2,2,6,1,1,6,4,5,3,7,2,1,4,2,6,4,3,3,5,5,3,4,8,8,3,2,2,3,4,3,2,2,4,3,2,2,1,2,5,9,35,0,2,4,0,6,1,0,1,3,0,2,2,2,5,5,7,3,1,0,8,4,2,2,5,4,3,2,5,9,4,5,3,3
8,3,10,1,3,3,0,0,2,3,5,5,5,2,1,2,1,2,8,9,3,3,4,1,5,3,1,4,4,2,5,1,3,2,4,2,1,5,4,9,5,3,2,3,2,7,5,1,4,3,2,3,10,3,2,2,6,1,1,6,4,5,3,7,2,1,4,2,6,4,3,3,5,5,3,4,6,9,4,2,4,5,3,5,3,1,1,4,3,4,2,3,3,3,4,2,4,7,4,4,4,4,7,2,0,6,3,1,4,3,3,6,3,7,2,3,2,2,2,3,3,3,6,4,3,2,1,5
3,5,5,4,3,4,1,2,5,2,3,3,5,1,3,7,4,1,3,2,4,6,4,3,6,1,3,6,4,3,1,3,4,2,1,1,4,4,3,4,5,3,4,4,3,6,2,5,4,2,3,7,2,3,1,3,2,1,3,5,3,1,2,3,4,4,4,1,4,1,7,1,4,3,3,4,6,9,4,2,4,5,3,5,3,1,1,4,3,4,2,3,3,3,4,2,4,7,4,4,4,4,7,2,0,6,3,1,4,3,3,6,3,7,2,3,2,2,2,3,3,3,6,4,3,2,1,5
2,5,5,4,3,4,1,2,5,2,3,3,5,1,3,7,4,1,3,2,4,6,4,3,6,1,3,6,4,3,1,3,4,2,1,1,4,4,3,4,5,3,4,4,3,6,2,5,4,2,3,7,2,3,1,3,2,1,3,5,3,1,2,3,4,4,4,1,4,1,7,1,4,3,3,5,1,7,6,3,7,4,3,4,2,2,4,2,3,4,7,7,0,27,7,3,3,1,6,0,2,7,1,1,4,2,3,3,3,2,1,11,2,4,2,4,4,1,4,1,7,6,1,6,4,4,2,4
2,5,4,2,3,2,2,1,3,3,3,3,5,3,5,1,1,2,7,3,1,3,4,1,3,2,7,5,2,1,5,7,1,3,0,6,2,1,4,1,4,3,2,3,4,4,3,3,3,2,3,4,2,5,3,3,1,5,2,4,4,4,2,7,3,5,4,7,3,2,2,2,3,1,3,5,1,7,6,3,7,4,3,4,2,2,4,2,3,4,7,7,0,27,7,3,3,1,6,0,2,7,1,1,4,2,3,3,3,2,1,11,2,4,2,4,4,1,4,1,7,6,1,6,4,4,2,4
2,5,4,2,3,2,2,1,3,3,3,3,5,3,5,1,1,2,7,3,1,3,4,1,3,2,7,5,2,1,5,7,1,3,0,6,2,1,4,1,4,3,2,3,4,4,3,3,3,2,3,4,2,5,3,3,1,5,2,4,4,4,2,7,3,5,4,7,3,2,2,2,3,1,3,4,2,2,4,12,5,4,3,6,2,8,2,2,4,2,34,28,1,2,2,7,4,1,1,1,2,3,2,2,5,5,1,5,3,4,2,1,2,5,3,5,3,2,1,3,6,1,2,2,4,7,3,2
3,1,6,4,3,2,2,3,2,3,7,0,3,2,3,4,5,8,2,3,2,5,2,2,2,4,1,3,6,3,2,4,3,2,5,4,2,4,7,1,3,5,3,5,3,4,5,3,0,2,6,7,3,3,2,3,3,2,3,3,3,5,1,5,2,4,3,3,2,7,2,3,5,1,1,4,2,2,4,12,5,4,3,6,2,8,2,2,4,2,34,28,1,2,2,7,4,1,1,1,2,3,2,2,5,5,1,5,3,4,2,1,2,5,3,5,3,2,1,3,6,1,2,2,4,7,3,2
3,1,6,4,3,2,2,3,2,3,7,0,3,2,3,4,5,8,2,3,2,5,2,2,2,4,1,3,6,3,2,4,3,2,5,4,2,4,7,1,3,5,3,5,3,4,5,3,0,2,6,7,3,3,2,3,3,2,3,3,3,5,1,5,2,4,3,3,2,7,2,3,5,1,1,3,3,2,4,4,2,1,4,31,0,2,0,2,5,5,0,4,2,1,2,3,2,3,1,1,1,5,2,7,3,3,3,5,3,3,3,1,5,3,4,1,3,1,3,3,5,1,3,5,4,5,3,3
4,1,4,5,5,7,4,6,3,3,6,1,5,2,6,1,3,4,5,6,1,4,5,0,5,6,3,2,2,3,6,5,3,1,4,2,2,5,3,1,8,1,4,7,5,1,3,3,6,2,2,4,2,2,3,4,4,3,2,3,5,7,3,1,1,5,2,5,2,7,2,2,2,4,4,3,3,2,4,4,2,1,4,31,0,2,0,2,5,5,0,4,2,1,2,3,2,3,1,1,1,5,2,7,3,3,3,5,3,3,3,1,5,3,4,1,3,1,3,3,5,1,3,5,4,5,3,3
4,1,4,5,5,7,4,6,3,3,6,1,5,2,6,1,3,4,5,6,1,4,5,0,5,6,3,2,2,3,6,5,3,1,4,2,2,5,3,1,8,1,4,7,5,1,3,3,6,2,2,4,2,2,3,4,4,3,2,3,5,7,3,1,1,5,2,5,2,7,2,2,2,4,4,4,3,6,3,3,4,3,5,8,3,4,4,2,3,4,6,6,3,1,5,29,12,2,1,1,3,3,2,3,2,4,6,1,4,6,2,1,2,3,2,4,4,3,3,4,3,1,1,6,5,2,4,5
2,1,3,2,2,3,4,6,7,4,8,4,5,1,6,3,2,4,2,3,6,4,9,2,2,3,3,6,5,2,3,3,4,3,2,1,3,4,7,3,1,7,4,0,4,3,2,5,1,3,2,2,6,2,2,6,2,3,3,3,3,3,3,3,2,3,5,1,2,4,1,1,1,7,6,4,3,6,3,3,4,3,5,8,3,4,4,2,3,4,6,6,3,1,5,29,12,2,1,1,3,3,2,3,2,4,6,1,4,6,2,1,2,3,2,4,4,3,3,4,3,1,1,6,5,2,4,5
2,1,3,2,2,3,4,6,7,4,8,4,5,1,6,3,2,4,2,3,6,4,9,2,2,3,3,6,5,2,3,3,4,3,2,1,3,4,7,3,1,7,4,0,4,3,2,5,1,3,2,2,6,2,2,6,2,3,3,3,3,3,3,3,2,3,5,1,2,4,1,1,1,7,6,3,4,2,4,2,5,8,39,0,0,1,2,2,1,9,3,5,3,1,2,3,2,3,4,2,4,5,4,3,1,2,2,1,0,2,3,7,4,1,1,7,6,3,4,4,1,2,4,4,1,6,3,1
3,2,2,4,2,4,3,4,5,8,1,3,4,5,3,7,2,3,4,2,4,4,2,5,2,2,5,2,3,5,2,2,3,4,3,6,2,4,2,4,2,3,2,2,3,2,4,5,1,3,6,2,1,3,3,2,6,5,2,3,2,1,2,4,1,7,5,2,3,3,0,2,5,5,3,3,4,2,4,2,5,8,39,0,0,1,2,2,1,9,3,5,3,1,2,3,2,3,4,2,4,5,4,3,1,2,2,1,0,2,3,7,4,1,1,7,6,3,4,4,1,2,4,4,1,6,3,1
3,2,2,4,2,4,3,4,5,8,1,3,4,5,3,7,2,3,4,2,4,4,2,5,2,2,5,2,3,5,2,2,3,4,3,6,2,4,2,4,2,3,2,2,3,2,4,5,1,3,6,2,1,3,3,2,6,5,2,3,2,1,2,4,1,7,5,2,3,3,0,2,5,5,3,6,4,2,1,2,3,1,5,2,4,3,3,2,5,2,1,3,1,4,4,1,2,3,2,0,6,5,3,3,4,6,1,3,6,3,4,1,5,4,4,7,6,1,4,4,2,1,7,1,2,3,6,6
3,6,3,3,2,3,1,4,2,2,4,7,2,1,6,4,4,4,7,2,3,3,2,1,8,1,2,1,5,10,4,2,2,4,3,4,3,2,2,4,3,6,2,8,7,1,2,6,2,3,4,3,2,3,4,1,2,7,5,3,3,2,4,3,5,2,5,4,3,5,3,3,3,3,2,6,4,2,1,2,3,1,5,2,4,3,3,2,5,2,1,3,1,4,4,1,2,3,2,0,6,5,3,3,4,6,1,3,6,3,4,1,5,4,4,7,6,1,4,4,2,1,7,1,2,3,6,6
3,6,3,3,2,3,1,4,2,2,4,7,2,1,6,4,4,4,7,2,3,3,2,1,8,1,2,1,5,10,4,2,2,4,3,4,3,2,2,4,3,6,2,8,7,1,2,6,2,3,4,3,2,3,4,1,2,7,5,3,3,2,4,3,5,2,5,4,3,5,3,3,3,3,2,4,1,5,12,3,4,5,1,1,3,2,3,6,3,3,2,20,4,1,2,1,2,5,2,2,4,4,5,4,2,0,2,1,2,2,3,3,4,7,3,7,3,1,5,4,2,3,4,6,2,5,2,4
2,3,1,2,3,6,4,3,2,2,2,3,3,3,3,3,1,2,2,6,9,3,8,4,3,4,2,3,2,5,2,5,6,5,2,5,6,7,4,2,2,2,7,1,6,5,2,5,1,4,3,6,3,4,4,2,4,5,5,2,4,2,3,2,0,3,5,6,3,6,5,3,4,3,9,4,1,5,12,3,4,5,1,1,3,2,3,6,3,3,2,20,4,1,2,1,2,5,2,2,4,4,5,4,2,0,2,1,2,2,3,3,4,7,3,7,3,1,5,4,2,3,4,6,2,5,2,4
2,3,1,2,3,6,4,3,2,2,2,3,3,3,3,3,1,2,2,6,9,3,8,4,3,4,2,3,2,5,2,5,6,5,2,5,6,7,4,2,2,2,7,1,6,5,2,5,1,4,3,6,3,4,4,2,4,5,5,2,4,2,3,2,0,3,5,6,3,6,5,3,4,3,9,5,4,3,4,7,1,2,2,3,3,3,9,3,5,7,3,2,2,4,2,4,22,3,1,2,5,6,5,3,6,3,3,3,7,4,3,2,3,7,3,3,1,5,3,3,1,4,3,8,3,2,1,3
2,4,7,3,5,6,2,5,3,3,2,5,2,3,3,1,8,3,2,2,1,5,4,2,3,6,3,14,0,3,5,4,4,1,4,9,1,1,4,4,6,3,6,5,1,4,2,2,1,2,6,0,3,4,2,1,4,1,3,3,4,3,4,1,2,3,5,6,1,2,7,5,3,7,1,5,4,3,4,7,1,2,2,3,3,3,9,3,5,7,3,2,2,4,2,4,22,3,1,2,5,6,5,3,6,3,3,3,7,4,3,2,3,7,3,3,1,5,3,3,1,4,3,8,3,2,1,3
2,4,7,3,5,6,2,5,3,3,2,5,2,3,3,1,8,3,2,2,1,5,4,2,3,6,3,14,0,3,5,4,4,1,4,9,1,1,4,4,6,3,6,5,1,4,2,2,1,2,6,0,3,4,2,1,4,1,3,3,4,3,4,1,2,3,5,6,1,2,7,5,3,7,1,3,3,7,1,4,3,6,5,45,0,1,4,2,4,7,4,3,3,1,5,1,2,5,1,4,1,4,6,4,3,3,5,3,0,1,1,3,2,4,8,1,2,6,6,3,5,4,4,2,2,4,3,3
1,3,3,1,2,2,1,6,2,2,2,2,1,3,6,7,3,3,2,3,4,3,1,5,4,5,3,4,3,2,5,4,4,4,2,9,4,3,6,2,1,1,1,4,4,3,2,5,2,3,4,5,7,1,6,1,4,2,3,2,1,3,2,2,11,2,3,1,9,3,4,2,1,3,3,3,3,7,1,4,3,6,5,45,0,1,4,2,4,7,4,3,3,1,5,1,2,5,1,4,1,4,6,4,3,3,5,3,0,1,1,3,2,4,8,1,2,6,6,3,5,4,4,2,2,4,3,3
1,3,3,1,2,2,1,6,2,2,2,2,1,3,6,7,3,3,2,3,4,3,1,5,4,5,3,4,3,2,5,4,4,4,2,9,4,3,6,2,1,1,1,4,4,3,2,5,2,3,4,5,7,1,6,1,4,2,3,2,1,3,2,2,11,2,3,1,9,3,4,2,1,3,3,1,4,5,3,4,2,1,1,5,5,2,2,3,3,7,2,2,35,16,3,2,4,1,2,4,3,5,5,2,1,4,2,1,2,1,2,3,7,7,4,3,2,4,5,4,0,1,2,6,4,5,2,5
4,4,1,4,2,3,2,2,1,2,2,3,2,2,3,4,3,2,5,5,4,2,6,8,1,5,3,5,4,1,4,4,1,7,6,1,2,4,2,4,1,3,6,3,6,1,1,9,2,9,1,3,2,1,3,2,1,4,4,6,2,5,2,2,5,2,7,4,8,4,3,4,2,4,2,1,4,5,3,4,2,1,1,5,5,2,2,3,3,7,2,2,35,16,3,2,4,1,2,4,3,5,5,2,1,4,2,1,2,1,2,3,7,7,4,3,2,4,5,4,0,1,2,6,4,5,2,5
4,4,1,4,2,3,2,2,1,2,2,3,2,2,3,4,3,2,5,5,4,2,6,8,1,5,3,5,4,1,4,4,1,7,6,1,2,4,2,4,1,3,6,3,6,1,1,9,2,9,1,3,2,1,3,2,1,4,4,6,2,5,2,2,5,2,7,4,8,4,3,4,2,4,2,8,3,0,4,8,1,2,4,3,4,5,4,4,4,5,6,2,1,3,4,1,3,4,4,5,3,4,4,7,2,3,1,3,2,3,4,4,2,3,2,3,1,3,1,2,2,2,2,5,3,4,5,3
3,6,2,3,1,5,6,6,3,3,3,3,2,5,2,5,3,1,3,0,2,4,5,2,2,6,3,2,3,2,4,5,3,3,4,2,4,3,6,7,5,0,3,10,5,1,1,1,6,1,3,7,2,5,7,4,4,1,2,5,5,4,2,3,3,4,1,10,2,3,2,7,4,5,4,8,3,0,4,8,1,2,4,3,4,5,4,4,4,5,6,2,1,3,4,1,3,4,4,5,3,4,4,7,2,3,1,3,2,3,4,4,2,3,2,3,1,3,1,2,2,2,2,5,3,4,5,3
3,6,2,3,1,5,6,6,3,3,3,3,2,5,2,5,3,1,3,0,2,4,5,2,2,6,3,2,3,2,4,5,3,3,4,2,4,3,6,7,5,0,3,10,5,1,1,1,6,1,3,7,2,5,7,4,4,1,2,5,5,4,2,3,3,4,1,10,2,3,2,7,4,5,4,3,4,1,3,5,2,2,3,3,4,4,3,3,1,2,4,5,29,4,6,0,1,2,1,5,1,4,1,5,7,3,6,1,6,3,4,5,5,5,2,3,3,4,2,5,1,2,5,3,4,6,3,2
6,4,2,2,2,4,7,3,3,5,2,2,6,7,4,5,3,3,2,2,3,3,1,4,0,10,4,2,3,5,2,5,2,2,5,2,2,3,4,4,5,2,2,2,3,2,2,2,9,3,2,2,5,1,7,4,6,5,1,5,4,4,7,5,3,5,6,4,5,4,5,4,2,2,3,3,4,1,3,5,2,2,3,3,4,4,3,3,1,2,4,5,29,4,6,0,1,2,1,5,1,4,1,5,7,3,6,1,6,3,4,5,5,5,2,3,3,4,2,5,1,2,5,3,4,6,3,2
6,4,2,2,2,4,7,3,3,5,2,2,6,7,4,5,3,3,2,2,3,3,1,4,0,10,4,2,3,5,2,5,2,2,5,2,2,3,4,4,5,2,2,2,3,2,2,2,9,3,2,2,5,1,7,4,6,5,1,5,4,4,7,5,3,5,6,4,5,4,5,4,2,2,3,2,3,3,4,5,3,1,32,0,4,0,3,4,5,4,5,2,0,2,1,5,2,3,2,3,1,4,3,2,4,2,4,2,4,1,3,2,3,2,1,3,3,2,1,4,4,1,6,9,5,3,1,5
1,3,9,2,2,4,2,3,3,5,2,4,2,3,3,4,3,2,6,2,4,2,6,4,3,5,2,6,3,2,2,3,4,3,2,6,3,2,5,4,2,2,2,1,3,2,6,5,3,3,5,3,3,2,5,4,3,7,4,5,3,3,7,2,2,0,4,3,2,1,3,1,4,2,4,2,3,3,4,5,3,1,32,0,4,0,3,4,5,4,5,2,0,2,1,5,2,3,2,3,1,4,3,2,4,2,4,2,4,1,3,2,3,2,1,3,3,2,1,4,4,1,6,9,5,3,1,5
1,3,9,2,2,4,2,3,3,5,2,4,2,3,3,4,3,2,6,2,4,2,6,4,3,5,2,6,3,2,2,3,4,3,2,6,3,2,5,4,2,2,2,1,3,2,6,5,3,3,5,3,3,2,5,4,3,7,4,5,3,3,7,2,2,0,4,3,2,1,3,1,4,2,4,1,4,1,3,7,2,4,6,4,2,3,1,3,6,3,3,26,1,3,3,4,2,2,2,4,2,4,6,6,2,2,1,5,3,3,2,3,3,1,3,5,4,2,4,4,1,2,4,3,3,4,3,1
2,5,2,5,5,5,2,3,4,5,5,4,1,3,1,4,3,4,2,3,2,3,2,4,4,2,3,2,2,6,8,1,2,3,2,2,3,5,2,2,4,2,2,5,4,3,1,3,5,2,2,0,4,2,5,4,1,4,7,5,3,7,2,3,3,3,3,6,2,6,3,5,3,4,7,1,4,1,3,7,2,4,6,4,2,3,1,3,6,3,3,26,1,3,3,4,2,2,2,4,2,4,6,6,2,2,1,5,3,3,2,3,3,1,3,5,4,2,4,4,1,2,4,3,3,4,3,1
2,5,2,5,5,5,2,3,4,5,5,4,1,3,1,4,3,4,2,3,2,3,2,4,4,2,3,2,2,6,8,1,2,3,2,2,3,5,2,2,4,2,2,5,4,3,1,3,5,2,2,0,4,2,5,4,1,4,7,5,3,7,2,3,3,3,3,6,2,6,3,5,3,4,7,3,2,7,2,1,6,1,2,3,3,2,2,4,7,3,3,3,31,5,4,0,2,6,3,1,2,2,5,2,7,6,1,7,2,5,7,2,6,4,2,3,4,3,2,3,4,2,1,5,2,3,1,3
4,2,2,2,5,3,5,1,2,4,3,5,5,2,1,5,3,6,5,8,3,4,8,3,4,5,2,2,5,1,5,3,4,3,6,2,4,1,3,4,4,6,2,2,5,3,6,6,6,2,3,2,4,3,3,3,6,3,9,5,5,6,4,6,4,3,9,4,2,2,8,7,3,2,3,3,2,7,2,1,6,1,2,3,3,2,2,4,7,3,3,3,31,5,4,0,2,6,3,1,2,2,5,2,7,6,1,7,2,5,7,2,6,4,2,3,4,3,2,3,4,2,1,5,2,3,1,3
4,2,2,2,5,3,5,1,2,4,3,5,5,2,1,5,3,6,5,8,3,4,8,3,4,5,2,2,5,1,5,3,4,3,6,2,4,1,3,4,4,6,2,2,5,3,6,6,6,2,3,2,4,3,3,3,6,3,9,5,5,6,4,6,4,3,9,4,2,2,8,7,3,2,3,4,3,3,1,1,3,1,3,3,4,6,7,2,2,3,1,1,1,4,3,4,5,1,3,2,2,4,4,4,3,5,3,5,3,3,5,3,1,2,4,6,2,2,1,1,2,5,3,3,5,4,4,3
1,4,11,1,3,8,2,1,1,2,4,3,1,10,3,1,4,1,6,4,7,2,6,2,2,6,3,2,1,2,10,4,3,2,7,4,6,7,3,2,3,6,3,2,1,6,4,2,3,3,2,4,3,3,4,1,5,4,2,4,3,6,5,4,5,1,2,2,1,4,1,3,2,7,2,4,3,3,1,1,3,1,3,3,4,6,7,2,2,3,1,1,1,4,3,4,5,1,3,2,2,4,4,4,3,5,3,5,3,3,5,3,1,2,4,6,2,2,1,1,2,5,3,3,5,4,4,3
4,4,11,1,3,8,2,1,1,2,4,3,1,10,3,1,4,1,6,4,7,2,6,2,2,6,3,2,1,2,10,4,3,2,7,4,6,7,3,2,3,6,3,2,1,6,4,2,3,3,2,4,3,3,4,1,5,4,2,4,3,6,5,4,5,1,2,2,1,4,1,3,2,7,2,3,3,4,3,3,3,4,1,2,4,5,6,3,5,4,1,1,32,0,4,0,1,7,2,0,2,2,4,2,3,1,4,4,8,3,3,3,7,1,5,8,7,2,3,2,2,2,5,1,2,4,3,3
4,3,4,9,2,7,6,4,3,2,2,3,5,3,2,3,3,2,4,4,3,2,3,4,4,4,2,2,3,4,3,2,3,6,4,2,3,4,4,5,2,4,4,3,2,5,4,13,1,3,1,4,1,5,3,2,5,2,3,2,3,4,1,2,4,4,2,4,1,3,3,7,1,7,3,3,3,4,3,3,3,4,1,2,4,5,6,3,5,4,1,1,32,0,4,0,1,7,2,0,2,2,4,2,3,1,4,4,8,3,3,3,7,1,5,8,7,2,3,2,2,2,5,1,2,4,3,3
3,3,4,9,2,7,6,4,3,2,2,3,5,3,2,3,3,2,4,4,3,2,3,4,4,4,2,2,3,4,3,2,3,6,4,2,3,4,4,5,2,4,4,3,2,5,4,13,1,3,1,4,1,5,3,2,5,2,3,2,3,4,1,2,4,4,2,4,1,3,3,7,1,7,3,4,4,1,3,3,4,2,5,3,35,26,2,2,3,2,4,3,2,2,7,6,0,4,7,4,5,2,2,1,3,3,4,3,4,3,1,2,3,3,3,4,5,4,5,5,3,6,4,7,4,1,6,3
2,2,4,3,5,1,2,4,7,1,4,3,1,1,2,4,6,4,2,4,2,3,1,6,4,6,5,7,7,1,5,3,4,2,3,3,3,3,3,2,2,3,2,1,3,2,2,2,4,7,1,7,1,5,6,8,5,0,1,2,1,6,2,2,3,3,9,1,2,2,2,3,6,2,3,4,4,1,3,3,4,2,5,3,35,26,2,2,3,2,4,3,2,2,7,6,0,4,7,4,5,2,2,1,3,3,4,3,4,3,1,2,3,3,3,4,5,4,5,5,3,6,4,7,4,1,6,3
2,2,4,3,5,1,2,4,7,1,4,3,1,1,2,4,6,4,2,4,2,3,1,6,4,6,5,7,7,1,5,3,4,2,3,3,3,3,3,2,2,3,2,1,3,2,2,2,4,7,1,7,1,5,6,8,5,0,1,2,1,6,2,2,3,3,9,1,2,2,2,3,6,2,3,7,5,4,2,4,2,2,0,4,4,4,6,5,6,2,1,5,30,5,0,1,2,1,3,3,1,1,2,4,5,1,3,1,2,7,4,2,5,1,3,4,1,3,2,2,9,3,3,2,6,4,2,4
9,2,11,2,3,4,3,5,1,1,3,8,4,1,5,0,1,3,4,3,5,3,6,1,2,1,4,5,7,3,7,2,1,3,3,5,3,1,6,2,4,2,2,6,0,5,2,3,3,4,7,5,5,5,2,4,1,2,4,2,2,2,3,8,3,2,2,3,2,3,5,5,3,4,8,7,5,4,2,4,2,2,0,4,4,4,6,5,6,2,1,5,30,5,0,1,2,1,3,3,1,1,2,4,5,1,3,1,2,7,4,2,5,1,3,4,1,3,2,2,9,3,3,2,6,4,2,4
9,2,11,2,3,4,3,5,1,1,3,8,4,1,5,0,1,3,4,3,5,3,6,1,2,1,4,5,7,3,7,2,1,3,3,5,3,1,6,2,4,2,2,6,0,5,2,3,3,4,7,5,5,5,2,4,1,2,4,2,2,2,3,8,3,2,2,3,2,3,5,5,3,4,8,3,1,3,4,1,2,2,6,2,4,2,2,2,5,3,1,4,4,6,3,8,5,3,1,7,0,4,4,2,2,1,4,2,2,4,2,4,5,4,2,6,5,9,3,5,1,3,6,3,3,1,3,5
2,2,2,5,3,4,1,1,2,2,3,3,1,2,2,4,2,6,6,5,3,1,4,6,8,2,2,2,5,3,2,6,3,3,2,3,7,5,0,3,5,3,6,4,3,4,9,2,2,0,4,3,8,3,1,5,7,4,5,2,3,3,3,5,5,5,3,4,3,2,3,3,3,1,8,3,1,3,4,1,2,2,6,2,4,2,2,2,5,3,1,4,4,6,3,8,5,3,1,7,0,4,4,2,2,1,4,2,2,4,2,4,5,4,2,6,5,9,3,5,1,3,6,3,3,1,3,5
2,2,2,5,3,4,1,1,2,2,3,3,1,2,2,4,2,6,6,5,3,1,4,6,8,2,2,2,5,3,2,6,3,3,2,3,7,5,0,3,5,3,6,4,3,4,9,2,2,0,4,3,8,3,1,5,7,4,5,2,3,3,3,5,5,5,3,4,3,2,3,3,3,1,4,1,2,1,2,4,4,2,4,1,4,6,4,1,3,3,5,3,3,25,2,1,3,5,3,3,5,2,5,2,1,7,2,2,4,4,5,3,4,1,3,4,3,3,5,3,4,6,1,2,1,3,4,2
5,2,2,2,7,1,1,5,1,4,2,4,8,2,2,3,3,4,3,5,4,5,2,1,1,1,3,1,2,1,2,4,7,2,3,1,3,4,2,3,3,4,4,2,3,4,4,5,3,3,2,4,4,3,2,4,3,2,3,2,5,4,1,3,2,7,3,2,5,4,2,5,7,6,2,1,2,1,2,4,4,2,4,1,4,6,4,1,3,3,5,3,3,25,2,1,3,5,3,3,5,2,5,2,1,7,2,2,4,4,5,3,4,1,3,4,3,3,5,3,4,6,1,2,1,3,4,2
5,2,2,2,7,1,1,5,1,4,2,4,8,2,2,3,3,4,3,5,4,5,2,1,1,1,3,1,2,1,2,4,7,2,3,1,3,4,2,3,3,4,4,2,3,4,4,5,3,3,2,4,4,3,2,4,3,2,3,2,5,4,1,3,2,7,3,2,5,4,2,5,7,6,2,4,2,1,3,5,4,7,7,3,2,3,6,2,5,4,2,6,5,1,2,1,1,3,6,1,5,2,4,4,7,3,2,5,5,2,1,2,0,2,4,3,2,2,4,5,5,4,1,3,1,3,1,4
2,2,2,3,4,3,3,3,6,3,2,3,4,5,7,5,1,2,5,4,3,5,3,4,4,3,1,8,4,8,6,3,3,4,5,1,2,2,1,3,2,3,5,3,5,2,4,1,3,4,7,3,5,1,2,4,5,5,3,5,2,5,1,7,5,1,2,1,5,2,3,6,2,5,3,4,2,1,3,5,4,7,7,3,2,3,6,2,5,4,2,6,5,1,2,1,1,3,6,1,5,2,4,4,7,3,2,5,5,2,1,2,0,2,4,3,2,2,4,5,5,4,1,3,1,3,1,4
1,2,2,3,4,3,3,3,6,3,2,3,4,5,7,5,1,2,5,4,3,5,3,4,4,3,1,8,4,8,6,3,3,4,5,1,2,2,1,3,2,3,5,3,5,2,4,1,3,4,7,3,5,1,2,4,5,5,3,5,2,5,1,7,5,1,2,1,5,2,3,6,2,5,3,7,2,2,4,9,4,1,4,5,4,5,3,3,3,2,4,28,3,3,4,4,5,3,0,6,2,2,3,1,8,4,5,2,1,7,1,17,3,5,11,12,32,10,29,41,19,25,0,34,36,22,0,29
1,2,4,3,4,4,4,6,6,2,2,2,2,2,3,2,4,3,3,3,4,2,6,3,4,5,2,5,3,2,4,2,1,6,2,8,2,3,3,7,4,3,3,5,1,1,6,4,3,1,1,2,1,5,2,6,2,2,3,3,1,4,4,4,3,1,2,4,2,4,6,3,2,4,26,1,15,0,4,3,0,4,3,21,0,0,1,1,1,3,5,4,2,0,0,3,6,1,4,6,2,1,40,0,2,1,53,0,40,15,47,31,24,0,0,2,0,2,0,1,2,2,0,4,1,2,2,2
1,2,4,3,4,4,4,6,6,2,2,2,2,2,3,2,4,3,3,3,4,2,6,3,4,5,2,5,3,2,4,2,1,6,2,8,2,3,3,7,4,3,3,5,1,1,6,4,3,1,1,2,1,5,2,6,2,2,3,3,1,4,4,4,3,1,2,4,2,4,6,3,2,4,3,4,3,4,2,3,5,6,1,8,7,6,2,4,1,6,4,4,6,2,3,1,2,19,2,6,5,4,1,3,5,2,2,4,3,3,3,4,3,3,0,1,3,5,5,4,3,4,3,5,4,1,2,2
2,6,1,2,3,3,4,1,4,4,3,4,4,3,1,8,3,4,2,2,1,1,3,6,5,5,2,4,2,4,3,6,4,2,4,4,2,5,2,3,4,2,2,7,7,6,2,5,7,5,3,3,2,4,3,3,5,2,4,2,2,1,3,1,4,4,3,5,4,2,3,1,2,5,3,4,3,4,2,3,5,6,1,8,7,6,2,4,1,6,4,4,6,2,3,1,2,19,2,6,5,4,1,3,5,2,2,4,3,3,3,4,3,3,0,1,3,5,5,4,3,4,3,5,4,1,2,2
2,6,1,2,3,3,4,1,4,4,3,4,4,3,1,8,3,4,2,2,1,1,3,6,5,5,2,4,2,4,3,6,4,2,4,4,2,5,2,3,4,2,2,7,7,6,2,5,7,5,3,3,2,4,3,3,5,2,4,2,2,1,3,1,4,4,3,5,4,2,3,1,2,5,3,2,1,3,6,2,1,4,21,2,0,1,2,7,1,4,4,3,3,2,2,5,4,2,7,1,4,3,3,3,2,2,2,4,2,4,4,3,0,1,6,5,3,1,4,2,3,2,3,7,1,2,6,3
3,5,6,3,3,7,1,1,3,4,9,0,2,4,8,2,5,2,2,3,3,3,4,3,3,1,5,2,8,5,2,4,2,4,3,2,2,6,4,1,5,4,5,2,6,6,1,3,4,3,8,1,4,1,1,9,3,5,2,4,3,3,2,1,3,3,4,4,4,3,2,5,4,1,3,2,1,3,6,2,1,4,21,2,0,1,2,7,1,4,4,3,3,2,2,5,4,2,7,1,4,3,3,3,2,2,2,4,2,4,4,3,0,1,6,5,3,1,4,2,3,2,3,7,1,2,6,3
4,5,6,3,3,7,1,1,3,4,9,0,2,4,8,2,5,2,2,3,3,3,4,3,3,1,5,2,8,5,2,4,2,4,3,2,2,6,4,1,5,4,5,2,6,6,1,3,4,3,8,1,4,1,1,9,3,5,2,4,3,3,2,1,3,3,4,4,4,3,2,5,4,1,3,4,5,5,5,7,2,1,4,1,0,3,2,3,6,6,4,7,2,3,7,2,5,2,2,3,5,2,7,1,5,3,5,2,2,2,2,4,2,5,5,8,2,5,3,0,3,2,3,2,3,2,2,2
4,3,5,3,2,8,4,9,2,3,2,4,3,2,2,1,8,2,4,1,3,3,4,1,3,6,3,3,2,2,6,1,1,3,3,2,2,4,1,7,5,4,2,3,3,0,1,2,3,3,4,4,2,4,4,5,4,7,2,4,4,4,6,5,2,1,3,6,2,2,1,5,1,3,3,4,5,5,5,7,2,1,4,1,0,3,2,3,6,6,4,7,2,3,7,2,5,2,2,3,5,2,7,1,5,3,5,2,2,2,2,4,2,5,5,8,2,5,3,0,3,2,3,2,3,2,2,2
2,3,5,3,2,8,4,9,2,3,2,4,3,2,2,1,8,2,4,1,3,3,4,1,3,6,3,3,2,2,6,1,1,3,3,2,2,4,1,7,5,4,2,3,3,0,1,2,3,3,4,4,2,4,4,5,4,7,2,4,4,4,6,5,2,1,3,6,2,2,1,5,1,3,3,0,4,4,4,1,5,3,2,1,2,3,2,3,4,3,2,3,3,9,1,8,5,2,4,3,3,3,1,10,4,3,3,3,6,4,4,6,8,2,7,7,3,2,6,8,2,0,6,7,1,5,5,7
4,8,1,0,5,2,2,3,3,3,8,7,1,4,2,7,2,3,4,2,1,4,1,2,5,3,2,5,2,8,2,4,4,1,5,2,3,3,1,2,1,7,2,4,4,2,3,2,1,4,5,5,2,3,3,2,3,3,2,4,4,7,5,7,2,3,2,3,7,1,2,4,3,5,4,0,4,4,4,1,5,3,2,1,2,3,2,3,4,3,2,3,3,9,1,8,5,2,4,3,3,3,1,10,4,3,3,3,6,4,4,6,8,2,7,7,3,2,6,8,2,0,6,7,1,5,5,7
4,8,1,0,5,2,2,3,3,3,8,7,1,4,2,7,2,3,4,2,1,4,1,2,5,3,2,5,2,8,2,4,4,1,5,2,3,3,1,2,1,7,2,4,4,2,3,2,1,4,5,5,2,3,3,2,3,3,2,4,4,7,5,7,2,3,2,3,7,1,2,4,3,5,4,3,3,6,1,3,6,3,5,1,1,4,2,3,6,0,4,2,6,4,6,6,3,2,4,4,4,3,2,5,4,2,2,1,3,3,3,2,5,2,2,3,3,1,2,4,4,5,2,3,6,4,3,7
2,2,3,3,2,1,4,4,2,4,8,2,1,9,2,3,5,5,1,3,3,2,3,6,2,3,4,4,5,5,2,6,3,4,1,4,3,5,2,1,2,5,3,6,9,1,3,1,1,4,5,2,1,3,3,3,3,2,4,1,4,7,2,3,3,4,1,4,2,2,6,2,4,5,2,3,3,6,1,3,6,3,5,1,1,4,2,3,6,0,4,2,6,4,6,6,3,2,4,4,4,3,2,5,4,2,2,1,3,3,3,2,5,2,2,3,3,1,2,4,4,5,2,3,6,4,3,7
2,2,3,3,2,1,4,4,2,4,8,2,1,9,2,3,5,5,1,3,3,2,3,6,2,3,4,4,5,5,2,6,3,4,1,4,3,5,2,1,2,5,3,6,9,1,3,1,1,4,5,2,1,3,3,3,3,2,4,1,4,7,2,3,3,4,1,4,2,2,6,2,4,5,2,2,4,3,3,3,5,1,1,2,3,4,2,3,4,5,31,21,2,0,6,3,2,2,3,3,1,1,4,2,2,7,7,2,3,3,3,3,5,3,3,4,3,3,4,3,0,4,5,2,1,6,6,4
3,3,2,4,4,6,3,3,3,4,2,6,4,7,1,4,2,5,4,3,3,3,1,3,5,1,4,7,5,3,5,2,4,2,4,2,3,8,6,4,1,4,0,5,4,3,3,2,2,4,3,4,2,2,2,4,7,4,1,1,2,3,2,4,4,3,5,6,4,2,5,2,6,7,2,2,4,3,3,3,5,1,1,2,3,4,2,3,4,5,31,21,2,0,6,3,2,2,3,3,1,1,4,2,2,7,7,2,3,3,3,3,5,3,3,4,3,3,4,3,0,4,5,2,1,6,6,4
3,3,2,4,4,6,3,3,3,4,2,6,4,7,1,4,2,5,4,3,3,3,1,3,5,1,4,7,5,3,5,2,4,2,4,2,3,8,6,4,1,4,0,5,4,3,3,2,2,4,3,4,2,2,2,4,7,4,1,1,2,3,2,4,4,3,5,6,4,2,5,2,6,7,3,4,5,3,3,2,4,5,4,5,3,4,2,3,2,8,3,4,4,3,1,3,2,3,3,2,3,8,0,6,3,2,4,2,2,1,2,3,4,4,4,4,2,6,5,4,2,4,4,6,3,1,4,4
5,5,3,3,6,2,1,6,3,4,4,4,4,5,2,5,4,1,4,4,3,8,3,1,1,2,5,7,3,5,2,1,3,2,8,6,5,5,3,2,3,2,0,1,1,2,5,3,3,1,2,3,3,3,4,8,4,3,4,1,3,4,1,4,5,6,2,5,4,6,2,8,3,2,3,4,5,3,3,2,4,5,4,5,3,4,2,3,2,8,3,4,4,3,1,3,2,3,3,2,3,8,0,6,3,2,4,2,2,1,2,3,4,4,4,4,2,6,5,4,2,4,4,6,3,1,4,4
5,5,3,3,6,2,1,6,3,4,4,4,4,5,2,5,4,1,4,4,3,8,3,1,1,2,5,7,3,5,2,1,3,2,8,6,5,5,3,2,3,2,0,1,1,2,5,3,3,1,2,3,3,3,4,8,4,3,4,1,3,4,1,4,5,6,2,5,4,6,2,8,3,2,2,5,3,4,4,3,1,3,8,5,6,1,4,5,4,1,2,36,1,5,1,2,5,3,4,1,4,1,3,1,3,3,2,2,2,2,2,1,4,1,6,1,3,7,1,4,3,4,2,4,2,3,2,4
1,6,3,1,1,2,2,3,2,5,5,3,2,2,4,7,1,3,10,1,2,4,3,5,4,4,1,5,3,2,4,3,2,3,5,3,4,6,4,1,1,3,2,5,5,3,2,1,3,2,4,2,4,4,2,2,2,4,2,3,2,3,4,5,2,6,3,5,3,3,5,6,3,4,8,5,3,4,4,3,1,3,8,5,6,1,4,5,4,1,2,36,1,5,1,2,5,3,4,1,4,1,3,1,3,3,2,2,2,2,2,1,4,1,6,1,3,7,1,4,3,4,2,4,2,3,2,4
1,6,3,1,1,2,2,3,2,5,5,3,2,2,4,7,1,3,10,1,2,4,3,5,4,4,1,5,3,2,4,3,2,3,5,3,4,6,4,1,1,3,2,5,5,3,2,1,3,2,4,2,4,4,2,2,2,4,2,3,2,3,4,5,2,6,3,5,3,3,5,6,3,4,8,3,2,5,2,7,1,3,3,9,1,8,3,4,3,3,3,6,10,3,26,3,0,4,1,0,4,2,5,0,10,1,5,1,1,2,5,1,5,3,2,3,5,10,2,3,1,2,6,4,1,4,4,7
1,2,2,2,3,2,3,3,6,2,3,5,9,1,3,3,4,4,2,2,5,6,2,2,5,3,2,3,4,3,5,2,7,5,7,4,1,3,5,1,1,2,3,2,2,4,1,3,4,5,3,4,5,4,4,3,2,5,2,5,1,4,3,6,6,2,3,7,5,2,6,4,3,4,8,3,2,5,2,7,1,3,3,9,1,8,3,4,3,3,3,6,10,3,26,3,0,4,1,0,4,2,5,0,10,1,5,1,1,2,5,1,5,3,2,3,5,10,2,3,1,2,6,4,1,4,4,7
2,2,2,2,3,2,3,3,6,2,3,5,9,1,3,3,4,4,2,2,5,6,2,2,5,3,2,3,4,3,5,2,7,5,7,4,1,3,5,1,1,2,3,2,2,4,1,3,4,5,3,4,5,4,4,3,2,5,2,5,1,4,3,6,6,2,3,7,5,2,6,4,3,4,8,2,3,4,5,0,4,4,33,1,3,3,2,2,2,3,2,4,4,2,6,3,4,6,5,3,2,5,1,2,2,5,2,2,2,2,6,2,0,5,4,4,3,4,1,4,3,5,2,2,4,1,2,6
4,4,11,7,0,2,2,2,4,6,1,9,2,6,2,2,3,8,2,2,3,3,7,3,5,2,4,5,4,5,5,5,5,3,0,2,3,1,2,7,3,5,2,5,3,5,4,4,4,2,4,2,5,3,1,3,4,2,2,4,3,5,4,4,2,2,8,2,8,2,6,2,5,4,2,2,3,4,5,0,4,4,33,1,3,3,2,2,2,3,2,4,4,2,6,3,4,6,5,3,2,5,1,2,2,5,2,2,2,2,6,2,0,5,4,4,3,4,1,4,3,5,2,2,4,1,2,6
4,4,11,7,0,2,2,2,4,6,1,9,2,6,2,2,3,8,2,2,3,3,7,3,5,2,4,5,4,5,5,5,5,3,0,2,3,1,2,7,3,5,2,5,3,5,4,4,4,2,4,2,5,3,1,3,4,2,2,4,3,5,4,4,2,2,8,2,8,2,6,2,5,4,2,4,1,6,2,2,5,3,5,4,7,2,5,5,1,6,1,7,1,5,2,2,3,2,2,3,1,3,5,2,3,4,4,3,6,3,5,2,3,1,5,1,0,2,3,8,3,1,5,2,4,5,4,3
2,3,3,5,4,6,3,4,5,2,3,4,5,2,6,2,1,2,3,1,2,3,3,1,3,4,3,4,1,7,3,5,3,3,4,6,4,7,7,2,1,4,2,3,4,2,3,8,2,4,4,3,5,5,3,4,3,3,3,4,4,4,2,2,2,1,4,6,2,3,7,3,2,1,1,4,1,6,2,2,5,3,5,4,7,2,5,5,1,6,1,7,1,5,2,2,3,2,2,3,1,3,5,2,3,4,4,3,6,3,5,2,3,1,5,1,0,2,3,8,3,1,5,2,4,5,4,3
2,3,3,5,4,6,3,4,5,2,3,4,5,2,6,2,1,2,3,1,2,3,3,1,3,4,3,4,1,7,3,5,3,3,4,6,4,7,7,2,1,4,2,3,4,2,3,8,2,4,4,3,5,5,3,4,3,3,3,4,4,4,2,2,2,1,4,6,2,3,7,3,2,1,1,5,3,2,5,3,2,8,3,4,2,4,4,1,4,3,3,3,25,6,1,2,1,4,2,5,2,1,7,9,1,4,2,4,2,1,5,3,1,5,5,1,2,4,2,2,10,4,1,2,4,2,3,2
2,1,6,1,7,2,3,5,1,1,1,1,7,6,5,3,4,4,3,3,3,2,4,2,3,4,2,7,1,4,5,2,5,2,2,5,3,2,4,4,3,1,2,5,4,2,1,9,5,4,4,2,2,5,4,2,3,4,5,2,2,7,3,4,4,4,2,2,6,2,3,1,2,5,1,5,3,2,5,3,2,8,3,4,2,4,4,1,4,3,3,3,25,6,1,2,1,4,2,5,2,1,7,9,1,4,2,4,2,1,5,3,1,5,5,1,2,4,2,2,10,4,1,2,4,2,3,2
2,1,6,1,7,2,3,5,1,1,1,1,7,6,5,3,4,4,3,3,3,2,4,2,3,4,2,7,1,4,5,2,5,2,2,5,3,2,4,4,3,1,2,5,4,2,1,9,5,4,4,2,2,5,4,2,3,4,5,2,2,7,3,4,4,4,2,2,6,2,3,1,2,5,1,3,2,4,3,6,2,4,4,2,1,8,6,4,5,4,5,6,3,4,4,31,3,2,0,3,2,1,2,2,2,1,4,2,3,2,2,2,3,5,2,4,3,4,2,4,3,4,4,5,3,1,3,2
2,3,3,3,6,2,4,2,3,1,7,6,2,4,8,2,4,3,3,5,4,4,4,1,1,2,2,1,5,1,3,3,2,1,7,3,3,1,2,2,4,10,3,0,7,2,1,7,10,4,3,1,6,5,1,5,1,2,4,6,3,3,0,5,3,3,5,3,6,2,3,0,3,3,5,3,2,4,3,6,2,4,4,2,1,8,6,4,5,4,5,6,3,4,4,31,3,2,0,3,2,1,2,2,2,1,4,2,3,2,2,2,3,5,2,4,3,4,2,4,3,4,4,5,3,1,3,2
2,3,3,3,6,2,4,2,3,1,7,6,2,4,8,2,4,3,3,5,4,4,4,1,1,2,2,1,5,1,3,3,2,1,7,3,3,1,2,2,4,10,3,0,7,2,1,7,10,4,3,1,6,5,1,5,1,2,4,6,3,3,0,5,3,3,5,3,6,2,3,0,3,3,5,3,3,3,3,5,3,2,4,29,3,2,2,4,5,4,4,2,8,7,6,3,2,7,4,2,4,4,4,0,2,7,2,1,1,4,2,6,3,6,4,6,1,6,3,4,0,5,6,5,4,4,2,2
0,3,2,2,3,2,6,2,2,2,3,2,6,4,4,2,2,3,4,2,5,6,3,3,7,2,3,5,2,3,4,6,2,3,6,4,3,4,1,4,5,3,0,1,4,2,2,6,2,5,4,5,3,2,1,4,3,3,3,2,4,3,51,6,0,3,3,3,2,2,2,3,2,3,5,3,3,3,3,5,3,2,4,29,3,2,2,4,5,4,4,2,8,7,6,3,2,7,4,2,4,4,4,0,2,7,2,1,1,4,2,6,3,6,4,6,1,6,3,4,0,5,6,5,4,4,2,2
0,3,2,2,3,2,6,2,2,2,3,2,6,4,4,2,2,3,4,2,5,6,3,3,7,2,3,5,2,3,4,6,2,3,6,4,3,4,1,4,5,3,0,1,4,2,2,6,2,5,4,5,3,2,1,4,3,3,3,2,4,3,51,6,0,3,3,3,2,2,2,3,2,3,6,1,4,5,4,2,3,4,8,2,6,6,3,7,3,2,2,0,3,4,2,26,0,1,3,3,4,1,3,3,2,3,4,4,1,5,5,2,0,5,6,61,18,0,0,0,0,3,2,5,6,1,1,3
0,2,1,3,4,1,3,2,2,3,0,1,7,5,4,4,2,3,6,4,5,1,3,1,4,8,2,4,9,3,1,1,3,4,2,5,4,4,3,3,7,2,4,8,2,1,4,65,4,0,0,2,0,44,43,0,52,21,0,0,5,0,0,1,3,4,1,6,2,4,3,4,3,3,6,1,4,5,4,2,3,4,8,2,6,6,3,7,3,2,2,0,3,4,2,26,0,1,3,3,4,1,3,3,2,3,4,4,1,5,5,2,0,5,6,61,18,0,0,0,0,3,2,5,6,1,1,3
0,2,1,3,4,1,3,2,2,3,0,1,7,5,4,4,2,3,6,4,5,1,3,1,4,8,2,4,9,3,1,1,3,4,2,5,4,4,3,3,7,2,4,8,2,1,4,65,4,0,0,2,0,44,43,0,52,21,0,0,5,0,0,1,3,4,1,6,2,4,3,4,3,3,1,1,3,3,1,4,4,4,3,6,3,41,0,2,3,2,1,1,2,2,3,3,2,7,5,3,4,3,5,9,3,2,2,3,2,2,5,1,4,4,50,0,0,0,62,4,2,0,59,33,22,0,2,0
2,5,4,6,5,1,2,7,3,1,5,1,1,4,6,9,4,3,1,10,4,3,0,7,2,2,1,3,1,3,5,4,4,2,3,5,2,5,5,3,3,4,4,5,2,2,1,4,1,2,5,3,2,4,6,4,7,1,1,4,7,2,2,3,4,2,3,1,7,4,1,4,4,2,4,1,3,3,1,4,4,4,3,6,3,41,0,2,3,2,1,1,2,2,3,3,2,7,5,3,4,3,5,9,3,2,2,3,2,2,5,1,4,4,50,0,0,0,62,4,2,0,59,33,22,0,2,0
2,5,4,6,5,1,2,7,3,1,5,1,1,4,6,9,4,3,1,10,4,3,0,7,2,2,1,3,1,3,5,4,4,2,3,5,2,5,5,3,3,4,4,5,2,2,1,4,1,2,5,3,2,4,6,4,7,1,1,4,7,2,2,3,4,2,3,1,7,4,1,4,4,2,4,8,3,5,5,3,4,5,2,4,28,4,0,1,3,1,1,3,4,4,2,2,5,4,2,2,6,2,4,5,5,9,2,1,3,7,2,2,5,4,2,7,5,2,4,0,1,3,6,2,44,47,5,1
1,1,3,6,4,3,3,2,5,2,5,5,2,2,4,6,3,1,2,2,1,2,3,6,3,2,3,8,9,3,2,2,2,2,2,2,5,3,1,1,3,6,3,2,3,2,4,5,1,2,1,1,3,1,2,6,4,4,4,6,3,2,4,5,7,6,5,2,1,3,2,2,7,2,2,8,3,5,5,3,4,5,2,4,28,4,0,1,3,1,1,3,4,4,2,2,5,4,2,2,6,2,4,5,5,9,2,1,3,7,2,2,5,4,2,7,5,2,4,0,1,3,6,2,44,47,5,1
1,1,3,6,4,3,3,2,5,2,5,5,2,2,4,6,3,1,2,2,1,2,3,6,3,2,3,8,9,3,2,2,2,2,2,2,5,3,1,1,3,6,3,2,3,2,4,5,1,2,1,1,3,1,2,6,4,4,4,6,3,2,4,5,7,6,5,2,1,3,2,2,7,2,6,7,2,4,2,4,2,3,3,6,5,4,2,3,4,6,4,0,37,3,7,2,2,6,4,2,3,6,6,5,5,2,3,6,4,2,51,0,0,0,0,8,2,3,2,3,0,4,2,3,4,1,4,3
1,4,6,3,3,3,3,1,4,2,4,5,1,3,6,1,2,8,2,4,2,3,1,5,6,3,6,2,3,2,1,1,2,6,3,5,3,2,4,1,7,3,4,4,2,5,3,4,0,4,0,2,3,3,3,2,5,7,1,2,2,1,2,2,3,1,4,2,4,2,8,2,4,1,2,7,2,4,2,4,2,3,3,6,5,4,2,3,4,6,4,0,37,3,7,2,2,6,4,2,3,6,6,5,5,2,3,6,4,2,51,0,0,0,0,8,2,3,2,3,0,4,2,3,4,1,4,3
1,4,6,3,3,3,3,1,4,2,4,5,1,3,6,1,2,8,2,4,2,3,1,5,6,3,6,2,3,2,1,1,2,6,3,5,3,2,4,1,7,3,4,4,2,5,3,4,0,4,0,2,3,3,3,2,5,7,1,2,2,1,2,2,3,1,4,2,4,2,8,2,4,1,4,1,2,6,1,0,10,11,2,7,5,3,3,3,3,4,2,4,4,1,2,3,2,2,2,3,3,4,4,1,3,9,4,5,1,2,3,4,3,2,4,2,3,3,5,57,17,0,1,0,0,1,4,2
0,3,2,3,4,3,2,2,0,5,1,3,5,2,3,7,3,2,2,2,2,5,2,5,2,6,2,2,3,3,4,4,4,3,1,7,3,3,5,4,5,3,4,4,2,7,5,2,4,5,2,3,0,2,3,4,5,4,1,4,9,4,0,3,7,1,2,4,4,6,3,3,3,3,5,1,2,6,1,0,10,11,2,7,5,3,3,3,3,4,2,4,4,1,2,3,2,2,2,3,3,4,4,1,3,9,4,5,1,2,3,4,3,2,4,2,3,3,5,57,17,0,1,0,0,1,4,2
0,3,2,3,4,3,2,2,0,5,1,3,5,2,3,7,3,2,2,2,2,5,2,5,2,6,2,2,3,3,4,4,4,3,1,7,3,3,5,4,5,3,4,4,2,7,5,2,4,5,2,3,0,2,3,4,5,4,1,4,9,4,0,3,7,1,2,4,4,6,3,3,3,3,5,4,2,3,10,7,3,3,0,3,5,2,4,5,6,1,1,37,15,3,6,1,3,3,1,3,4,7,4,3,8,2,2,2,2,56,16,0,0,0,53,23,0,0,0,2,5,7,5,2,2,1,3,2
0,4,3,4,4,1,4,4,2,0,1,6,4,3,3,4,2,0,2,5,1,3,3,2,2,2,6,2,3,5,2,6,1,3,3,4,4,2,3,2,8,4,3,3,1,4,4,3,3,1,7,3,6,7,7,5,1,4,5,5,2,5,1,4,5,3,4,4,3,2,4,1,3,4,3,4,2,3,10,7,3,3,0,3,5,2,4,5,6,1,1,37,15,3,6,1,3,3,1,3,4,7,4,3,8,2,2,2,2,56,16,0,0,0,53,23,0,0,0,2,5,7,5,2,2,1,3,2
0,4,3,4,4,1,4,4,2,0,1,6,4,3,3,4,2,0,2,5,1,3,3,2,2,2,6,2,3,5,2,6,1,3,3,4,4,2,3,2,8,4,3,3,1,4,4,3,3,1,7,3,6,7,7,5,1,4,5,5,2,5,1,4,5,3,4,4,3,2,4,1,3,4,3,5,3,3,3,2,2,2,3,4,7,7,4,3,4,3,0,2,3,11,25,5,0,5,6,1,2,0,4,2,3,2,3,3,4,3,4,5,3,2,4,7,62,39,34,23,11,0,0,0,48,25,12,32
0,1,0,1,40,1,3,0,8,1,1,3,3,4,3,4,0,5,4,4,5,3,3,6,2,4,3,2,2,2,3,3,5,2,7,6,2,1,2,4,3,9,5,6,4,4,3,8,60,0,0,4,0,5,58,17,39,0,0,0,0,0,0,0,2,2,4,5,0,4,3,1,3,2,3,5,3,3,3,2,2,2,3,4,7,7,4,3,4,3,0,2,3,11,25,5,0,5,6,1,2,0,4,2,3,2,3,3,4,3,4,5,3,2,4,7,62,39,34,23,11,0,0,0,48,25,12,32
0,1,0,1,40,1,3,0,8,1,1,3,3,4,3,4,0,5,4,4,5,3,3,6,2,4,3,2,2,2,3,3,5,2,7,6,2,1,2,4,3,9,5,6,4,4,3,8,60,0,0,4,0,5,58,17,39,0,0,0,0,0,0,0,2,2,4,5,0,4,3,1,3,2,4,4,5,3,3,2,6,2,5,1,4,3,5,5,1,2,5,8,38,7,1,3,0,4,1,4,2,6,2,4,6,3,4,3,3,4,5,4,3,2,3,74,2,2,0,0,2,3,41,18,0,1,0,0
2,4,4,3,0,3,3,4,3,4,5,1,3,7,1,4,5,1,7,3,7,3,3,3,9,1,3,8,6,2,3,2,1,5,6,4,3,4,4,2,5,5,5,7,1,6,4,5,2,3,1,21,11,3,1,3,0,3,6,5,5,3,4,4,2,1,3,2,4,2,1,3,1,5,3,4,5,3,3,2,6,2,5,1,4,3,5,5,1,2,5,8,38,7,1,3,0,4,1,4,2,6,2,4,6,3,4,3,3,4,5,4,3,2,3,74,2,2,0,0,2,3,41,18,0,1,0,0
2,4,4,3,0,3,3,4,3,4,5,1,3,7,1,4,5,1,7,3,7,3,3,3,9,1,3,8,6,2,3,2,1,5,6,4,3,4,4,2,5,5,5,7,1,6,4,5,2,3,1,21,11,3,1,3,0,3,6,5,5,3,4,4,2,1,3,2,4,2,1,3,1,5,3,4,6,3,1,21,4,1,3,2,1,3,3,5,12,5,2,3,2,3,5,4,5,2,4,1,2,2,1,1,5,8,2,2,1,2,3,1,8,3,2,4,6,3,4,38,5,1,1,0,3,4,5,5
1,5,8,1,6,2,5,6,4,3,3,2,4,7,4,6,3,2,6,5,2,5,2,3,2,2,4,3,2,2,2,2,1,2,3,4,5,3,8,2,3,2,2,4,3,5,3,2,3,5,10,3,2,9,2,2,5,1,5,4,2,3,3,4,4,4,2,1,5,3,8,2,5,1,3,4,6,3,1,21,4,1,3,2,1,3,3,5,12,5,2,3,2,3,5,4,5,2,4,1,2,2,1,1,5,8,2,2,1,2,3,1,8,3,2,4,6,3,4,38,5,1,1,0,3,4,5,5
4,5,8,1,6,2,5,6,4,3,3,2,4,7,4,6,3,2,6,5,2,5,2,3,2,2,4,3,2,2,2,2,1,2,3,4,5,3,8,2,3,2,2,4,3,5,3,2,3,5,10,3,2,9,2,2,5,1,5,4,2,3,3,4,4,4,2,1,5,3,8,2,5,1,3,2,2,2,2,2,8,3,2,4,3,1,4,1,3,2,9,33,5,1,1,10,2,2,0,2,7,4,3,2,4,1,6,4,2,1,3,3,3,3,8,6,2,2,6,2,5,10,2,4,1,1,1,3
4,2,9,1,5,3,3,6,2,4,2,4,4,1,6,4,2,3,4,2,7,4,3,4,3,3,2,4,4,5,6,6,4,2,3,3,5,8,4,2,2,7,3,3,1,3,4,5,3,1,6,2,3,2,2,7,3,3,1,5,7,2,4,2,5,1,3,9,0,1,6,1,2,5,4,2,2,2,2,2,8,3,2,4,3,1,4,1,3,2,9,33,5,1,1,10,2,2,0,2,7,4,3,2,4,1,6,4,2,1,3,3,3,3,8,6,2,2,6,2,5,10,2,4,1,1,1,3
1,2,9,1,5,3,3,6,2,4,2,4,4,1,6,4,2,3,4,2,7,4,3,4,3,3,2,4,4,5,6,6,4,2,3,3,5,8,4,2,2,7,3,3,1,3,4,5,3,1,6,2,3,2,2,7,3,3,1,5,7,2,4,2,5,1,3,9,0,1,6,1,2,5,4,4,5,3,2,4,3,4,2,16,6,2,0,2,2,6,3,3,4,7,2,7,2,1,2,3,4,6,1,2,6,2,1,3,8,2,1,1,1,3,4,7,9,2,1,2,2,1,1,6,2,3,2,3
3,3,1,4,6,3,1,3,3,1,6,5,9,1,2,2,2,3,2,7,1,2,2,5,4,2,5,4,4,8,3,3,4,6,2,7,6,1,3,6,2,2,5,2,6,4,4,3,1,3,4,3,4,1,6,3,5,2,3,5,4,7,1,4,7,5,4,2,2,1,6,2,6,2,5,4,5,3,2,4,3,4,2,16,6,2,0,2,2,6,3,3,4,7,2,7,2,1,2,3,4,6,1,2,6,2,1,3,8,2,1,1,1,3,4,7,9,2,1,2,2,1,1,6,2,3,2,3
3,3,1,4,6,3,1,3,3,1,6,5,9,1,2,2,2,3,2,7,1,2,2,5,4,2,5,4,4,8,3,3,4,6,2,7,6,1,3,6,2,2,5,2,6,4,4,3,1,3,4,3,4,1,6,3,5,2,3,5,4,7,1,4,7,5,4,2,2,1,6,2,6,2,5,5,3,8,3,5,9,6,13,1,2,0,4,5,4,5,1,2,4,3,4,3,3,6,3,4,6,6,7,2,3,3,2,5,4,4,2,4,2,1,2,4,2,3,6,2,4,5,4,4,1,1,5,1
5,4,2,1,2,5,4,0,6,3,2,0,2,3,2,3,2,4,0,3,7,6,3,2,7,3,4,1,5,3,1,4,4,4,2,2,1,3,2,1,2,4,10,2,4,1,2,1,3,4,3,5,4,3,4,4,66,36,0,0,0,4,3,1,63,48,38,6,0,0,3,1,0,0,5,5,3,8,3,5,9,6,13,1,2,0,4,5,4,5,1,2,4,3,4,3,3,6,3,4,6,6,7,2,3,3,2,5,4,4,2,4,2,1,2,4,2,3,6,2,4,5,4,4,1,1,5,1
5,4,2,1,2,5,4,0,6,3,2,0,2,3,2,3,2,4,0,3,7,6,3,2,7,3,4,1,5,3,1,4,4,4,2,2,1,3,2,1,2,4,10,2,4,1,2,1,3,4,3,5,4,3,4,4,66,36,0,0,0,4,3,1,63,48,38,6,0,0,3,1,0,0,2,0,4,4,2,4,3,4,2,4,1,1,3,4,3,3,4,4,5,4,3,2,3,4,1,1,7,2,4,2,1,3,3,3,4,3,47,0,0,1,4,3,1,3,4,1,7,4,69,28,30,1,0,0
4,0,4,2,3,2,4,7,6,3,8,0,4,3,3,1,2,2,3,2,2,3,5,3,2,2,3,2,5,2,4,2,8,1,6,1,4,8,3,2,5,4,2,4,5,2,1,3,6,4,6,4,2,2,5,7,3,2,3,4,3,1,3,0,2,8,4,2,2,3,2,2,4,1,4,0,4,4,2,4,3,4,2,4,1,1,3,4,3,3,4,4,5,4,3,2,3,4,1,1,7,2,4,2,1,3,3,3,4,3,47,0,0,1,4,3,1,3,4,1,7,4,69,28,30,1,0,0
4,0,4,2,3,2,4,7,6,3,8,0,4,3,3,1,2,2,3,2,2,3,5,3,2,2,3,2,5,2,4,2,8,1,6,1,4,8,3,2,5,4,2,4,5,2,1,3,6,4,6,4,2,2,5,7,3,2,3,4,3,1,3,0,2,8,4,2,2,3,2,2,4,1,4,5,1,7,2,0,2,3,6,3,1,2,3,4,0,3,5,28,0,5,1,4,1,1,5,3,4,1,4,2,6,2,2,3,4,5,2,3,6,3,3,1,3,0,5,1,2,2,2,3,3,4,4,4
31,0,36,4,0,44,0,30,0,31,0,0,1,0,6,6,3,2,5,1,4,4,5,2,2,2,2,3,2,5,2,2,2,4,3,1,6,45,0,0,43,28,30,39,15,34,0,44,22,41,28,33,2,45,0,41,29,15,0,28,31,0,0,0,53,6,0,33,0,0,0,1,0,2,1,5,1,7,2,0,2,3,6,3,1,2,3,4,0,3,5,28,0,5,1,4,1,1,5,3,4,1,4,2,6,2,2,3,4,5,2,3,6,3,3,1,3,0,5,1,2,2,2,3,3,4,4,4
31,0,36,4,0,44,0,30,0,31,0,0,1,0,6,6,3,2,5,1,4,4,5,2,2,2,2,3,2,5,2,2,2,4,3,1,6,45,0,0,43,28,30,39,15,34,0,44,22,41,28,33,2,45,0,41,29,15,0,28,31,0,0,0,53,6,0,33,0,0,0,1,0,2,1,0,4,4,2,1,2,7,3,4,1,7,2,2,2,5,2,3,3,3,5,1,5,4,2,2,2,4,6,4,3,51,25,43,0,1,43,37,5,0,4,57,30,7,0,0,0,4,64,23,0,52,0,35
0,0,1,52,0,0,0,0,4,1,2,2,3,3,1,0,3,5,5,2,2,5,4,4,2,6,6,6,3,4,3,3,2,1,2,2,3,3,4,2,2,5,4,1,2,4,6,62,32,2,0,1,0,58,3,0,0,57,18,0,45,19,0,0,0,0,4,1,3,6,52,25,0,0,1,0,4,4,2,1,2,7,3,4,1,7,2,2,2,5,2,3,3,3,5,1,5,4,2,2,2,4,6,4,3,51,25,43,0,1,43,37,5,0,4,57,30,7,0,0,0,4,64,23,0,52,0,35
1,0,1,52,0,0,0,0,4,1,2,2,3,3,1,0,3,5,5,2,2,5,4,4,2,6,6,6,3,4,3,3,2,1,2,2,3,3,4,2,2,5,4,1,2,4,6,62,32,2,0,1,0,58,3,0,0,57,18,0,45,19,0,0,0,0,4,1,3,6,52,25,0,0,4,4,0,1,0,0,2,1,22,5,5,3,3,1,1,3,5,3,3,7,4,2,2,2,4,4,3,4,2,4,3,58,0,40,0,0,48,0,42,8,0,0,1,0,0,8,1,2,0,2,1,1,8,1
3,3,5,2,1,3,4,2,5,3,5,4,4,3,1,3,4,7,5,3,5,2,3,2,5,3,5,2,4,3,3,2,3,3,2,4,3,2,1,3,4,2,4,1,3,4,2,6,4,4,2,3,4,2,4,2,3,1,4,3,4,2,2,2,6,2,2,7,4,1,4,1,3,2,4,4,4,4,1,1,2,3,5,19,6,2,7,3,2,0,5,4,4,2,5,4,2,9,3,2,5,2,8,3,4,3,3,7,1,4,2,4,4,3,2,4,2,2,3,1,2,1,4,3,5,2,3,5
3,3,5,2,1,3,4,2,5,3,5,4,4,3,1,3,4,7,5,3,5,2,3,2,5,3,5,2,4,3,3,2,3,3,2,4,3,2,1,3,4,2,4,1,3,4,2,6,4,4,2,3,4,2,4,2,3,1,4,3,4,2,2,2,6,2,2,7,4,1,4,1,3,2,2,3,2,4,2,5,0,7,5,1,21,4,3,1,1,6,7,4,2,8,6,7,4,2,1,1,1,4,1,5,4,3,0,2,2,4,6,2,5,3,4,3,3,8,4,3,6,3,3,2,3,2,2,3
6,5,6,4,3,5,7,5,3,3,2,3,8,2,2,4,2,3,5,4,2,2,2,4,2,8,3,6,1,3,1,4,0,5,4,3,3,1,3,3,6,5,3,0,3,1,3,4,2,5,3,2,7,5,1,5,4,2,2,3,5,4,4,4,8,5,1,3,3,4,2,2,6,2,2,3,2,4,2,5,0,7,5,1,21,4,3,1,1,6,7,4,2,8,6,7,4,2,1,1,1,4,1,5,4,3,0,2,2,4,6,2,5,3,4,3,3,8,4,3,6,3,3,2,3,2,2,3
6,5,6,4,3,5,7,5,3,3,2,3,8,2,2,4,2,3,5,4,2,2,2,4,2,8,3,6,1,3,1,4,0,5,4,3,3,1,3,3,6,5,3,0,3,1,3,4,2,5,3,2,7,5,1,5,4,2,2,3,5,4,4,4,8,5,1,3,3,4,2,2,6,2,2,2,3,4,5,6,2,4,14,1,3,3,2,5,3,3,3,2,5,4,3,5,3,4,7,2,5,1,4,2,2,4,2,2,4,5,2,6,6,5,4,3,2,1,2,6,3,2,2,5,5,3,3,3
1,1,1,4,4,5,4,3,5,3,3,1,5,6,7,2,2,2,6,1,3,4,2,1,4,3,3,2,3,5,2,2,3,5,4,4,2,3,5,3,3,7,3,4,3,2,4,2,4,3,3,5,5,2,4,5,6,4,3,1,2,5,1,1,3,2,3,6,1,4,4,3,3,1,3,2,3,4,5,6,2,4,14,1,3,3,2,5,3,3,3,2,5,4,3,5,3,4,7,2,5,1,4,2,2,4,2,2,4,5,2,6,6,5,4,3,2,1,2,6,3,2,2,5,5,3,3,3
1,1,1,4,4,5,4,3,5,3,3,1,5,6,7,2,2,2,6,1,3,4,2,1,4,3,3,2,3,5,2,2,3,5,4,4,2,3,5,3,3,7,3,4,3,2,4,2,4,3,3,5,5,2,4,5,6,4,3,1,2,5,1,1,3,2,3,6,1,4,4,3,3,1,3,2,3,4,3,2,3,2,2,8,21,1,5,2,5,5,0,5,1,6,2,7,2,1,4,2,3,5,4,0,5,2,2,4,0,3,2,7,2,2,2,2,4,5,3,5,5,2,5,1,2,2,1,1
2,2,2,4,2,0,2,5,5,6,3,6,2,6,5,3,1,5,3,3,2,5,6,1,7,4,1,3,3,4,7,4,2,4,4,3,2,1,5,5,6,1,3,2,3,4,7,5,3,5,1,2,3,3,1,2,6,7,2,3,6,4,2,2,4,2,4,1,4,2,4,6,2,3,1,2,3,4,3,2,3,2,2,8,21,1,5,2,5,5,0,5,1,6,2,7,2,1,4,2,3,5,4,0,5,2,2,4,0,3,2,7,2,2,2,2,4,5,3,5,5,2,5,1,2,2,1,1
2,2,2,4,2,0,2,5,5,6,3,6,2,6,5,3,1,5,3,3,2,5,6,1,7,4,1,3,3,4,7,4,2,4,4,3,2,1,5,5,6,1,3,2,3,4,7,5,3,5,1,2,3,3,1,2,6,7,2,3,6,4,2,2,4,2,4,1,4,2,4,6,2,3,3,7,5,3,2,4,14,5,2,1,2,4,4,3,3,1,3,2,1,2,0,2,5,3,4,3,1,2,3,2,7,5,1,5,7,2,7,3,1,2,4,4,4,3,5,6,1,3,6,4,2,5,2,6
1,3,3,2,6,4,3,3,2,1,3,2,8,7,4,2,4,10,2,3,4,4,10,6,4,2,2,7,6,3,3,4,5,4,3,4,3,3,7,3,8,4,4,5,1,6,2,4,4,5,2,5,5,1,3,6,1,4,4,6,3,5,4,4,1,4,4,2,2,4,3,1,3,3,2,7,5,3,2,4,14,5,2,1,2,4,4,3,3,1,3,2,1,2,0,2,5,3,4,3,1,2,3,2,7,5,1,5,7,2,7,3,1,2,4,4,4,3,5,6,1,3,6,4,2,5,2,6
1,3,3,2,6,4,3,3,2,1,3,2,8,7,4,2,4,10,2,3,4,4,10,6,4,2,2,7,6,3,3,4,5,4,3,4,3,3,7,3,8,4,4,5,1,6,2,4,4,5,2,5,5,1,3,6,1,4,4,6,3,5,4,4,1,4,4,2,2,4,3,1,3,3,2,2,3,1,5,2,2,6,2,2,23,2,4,4,6,2,5,2,4,1,2,3,25,4,25,1,3,1,5,6,2,2,62,44,39,0,0,0,0,3,1,0,0,1,0,1,6,1,6,8,1,4,3,0
1,1,1,3,3,4,3,4,2,1,5,1,5,3,2,3,3,4,1,5,3,3,7,2,4,5,0,5,3,3,6,1,1,5,5,4,1,4,2,4,7,2,2,1,2,3,3,1,2,4,2,6,2,1,1,4,8,1,4,3,1,69,40,0,1,0,3,0,2,4,4,1,4,0,1,2,3,1,5,2,2,6,2,2,23,2,4,4,6,2,5,2,4,1,2,3,25,4,25,1,3,1,5,6,2,2,62,44,39,0,0,0,0,3,1,0,0,1,0,1,6,1,6,8,1,4,3,0
1,1,1,3,3,4,3,4,2,1,5,1,5,3,2,3,3,4,1,5,3,3,7,2,4,5,0,5,3,3,6,1,1,5,5,4,1,4,2,4,7,2,2,1,2,3,3,1,2,4,2,6,2,1,1,4,8,1,4,3,1,69,40,0,1,0,3,0,2,4,4,1,4,0,5,2,5,2,3,6,1,7,26,1,3,3,3,1,3,2,1,3,2,4,5,4,3,3,3,3,11,4,1,1,4,3,6,2,1,3,4,2,2,3,6,2,5,4,7,4,3,3,3,3,6,5,2,7
2,1,0,2,2,4,3,5,1,3,2,2,1,5,1,3,6,4,2,3,3,4,4,4,6,4,2,2,2,2,4,3,1,2,1,3,2,5,5,3,5,4,1,1,3,2,3,1,2,4,6,3,3,64,0,5,1,0,1,5,3,2,2,3,5,5,2,0,2,6,2,5,8,4,4,2,5,2,3,6,1,7,26,1,3,3,3,1,3,2,1,3,2,4,5,4,3,3,3,3,11,4,1,1,4,3,6,2,1,3,4,2,2,3,6,2,5,4,7,4,3,3,3,3,6,5,2,7
2,1,0,2,2,4,3,5,1,3,2,2,1,5,1,3,6,4,2,3,3,4,4,4,6,4,2,2,2,2,4,3,1,2,1,3,2,5,5,3,5,4,1,1,3,2,3,1,2,4,6,3,3,64,0,5,1,0,1,5,3,2,2,3,5,5,2,0,2,6,2,5,8,4,4,3,2,2,1,4,3,2,5,24,2,5,1,5,7,4,2,5,4,1,4,1,5,2,2,2,3,4,6,5,1,2,2,5,4,3,4,1,3,3,3,3,3,5,4,2,1,3,3,2,5,6,5,4
11,6,1,2,2,2,5,3,4,1,4,3,3,4,7,1,7,2,1,7,2,2,2,4,1,5,3,3,2,5,5,2,1,1,6,1,4,2,3,5,4,5,2,7,3,2,2,0,3,4,3,1,3,5,5,4,0,2,2,5,3,4,4,2,3,1,3,2,3,2,3,6,5,4,0,3,2,2,1,4,3,2,5,24,2,5,1,5,7,4,2,5,4,1,4,1,5,2,2,2,3,4,6,5,1,2,2,5,4,3,4,1,3,3,3,3,3,5,4,2,1,3,3,2,5,6,5,4
11,6,1,2,2,2,5,3,4,1,4,3,3,4,7,1,7,2,1,7,2,2,2,4,1,5,3,3,2,5,5,2,1,1,6,1,4,2,3,5,4,5,2,7,3,2,2,0,3,4,3,1,3,5,5,4,0,2,2,5,3,4,4,2,3,1,3,2,3,2,3,6,5,4,2,1,2,0,7,5,3,2,1,25,8,6,6,0,1,4,1,9,6,3,2,2,3,3,2,2,2,2,7,2,5,1,1,3,6,2,2,6,3,7,1,5,2,2,3,3,5,1,6,2,1,5,3,5
3,4,6,2,2,2,6,5,7,2,4,4,2,1,4,4,6,5,1,2,2,2,2,6,1,4,5,3,4,7,4,4,6,7,2,6,3,3,1,1,2,7,3,2,2,1,4,3,4,3,7,3,1,5,4,7,1,4,0,2,3,4,5,3,1,3,3,2,4,2,4,5,3,2,3,1,2,0,7,5,3,2,1,25,8,6,6,0,1,4,1,9,6,3,2,2,3,3,2,2,2,2,7,2,5,1,1,3,6,2,2,6,3,7,1,5,2,2,3,3,5,1,6,2,1,5,3,5
3,4,6,2,2,2,6,5,7,2,4,4,2,1,4,4,6,5,1,2,2,2,2,6,1,4,5,3,4,7,4,4,6,7,2,6,3,3,1,1,2,7,3,2,2,1,4,3,4,3,7,3,1,5,4,7,1,4,0,2,3,4,5,3,1,3,3,2,4,2,4,5,3,2,3,8,4,3,6,3,5,7,4,2,2,31,0,4,4,2,2,3,1,5,3,3,4,3,1,6,4,1,2,4,2,3,4,2,3,4,3,2,7,1,5,0,6,3,5,3,3,2,1,5,2,4,0,3
3,5,1,4,1,3,3,4,3,3,2,3,5,2,4,2,4,5,1,4,0,3,2,1,2,4,2,1,6,2,2,3,3,9,1,3,4,1,4,6,8,3,3,52,6,2,0,1,1,2,0,3,3,5,2,1,4,2,6,3,2,4,1,2,9,1,2,3,3,0,5,3,4,6,6,8,4,3,6,3,5,7,4,2,2,31,0,4,4,2,2,3,1,5,3,3,4,3,1,6,4,1,2,4,2,3,4,2,3,4,3,2,7,1,5,0,6,3,5,3,3,2,1,5,2,4,0,3
3,5,1,4,1,3,3,4,3,3,2,3,5,2,4,2,4,5,1,4,0,3,2,1,2,4,2,1,6,2,2,3,3,9,1,3,4,1,4,6,8,3,3,52,6,2,0,1,1,2,0,3,3,5,2,1,4,2,6,3,2,4,1,2,9,1,2,3,3,0,5,3,4,6,6,1,2,2,1,7,14,1,3,1,2,4,4,1,5,2,9,1,6,6,4,4,2,2,3,4,4,3,4,6,5,7,9,4,1,4,2,3,3,3,3,4,2,2,7,3,3,2,3,3,4,2,1,6
2,6,4,2,1,7,3,3,4,3,1,2,3,5,4,5,3,5,7,3,3,3,2,4,5,1,4,2,7,5,3,6,5,1,2,4,5,2,3,2,3,3,7,3,4,4,3,1,4,1,5,2,2,3,5,2,3,4,4,3,1,6,2,3,2,1,2,5,5,2,1,2,6,4,1,1,2,2,1,7,14,1,3,1,2,4,4,1,5,2,9,1,6,6,4,4,2,2,3,4,4,3,4,6,5,7,9,4,1,4,2,3,3,3,3,4,2,2,7,3,3,2,3,3,4,2,1,6
2,6,4,2,1,7,3,3,4,3,1,2,3,5,4,5,3,5,7,3,3,3,2,4,5,1,4,2,7,5,3,6,5,1,2,4,5,2,3,2,3,3,7,3,4,4,3,1,4,1,5,2,2,3,5,2,3,4,4,3,1,6,2,3,2,1,2,5,5,2,1,2,6,4,1,5,3,1,2,3,6,3,4,26,2,1,3,2,5,3,0,3,3,2,2,4,7,2,2,8,4,3,43,3,0,38,16,2,2,4,0,2,2,2,3,0,2,9,2,3,1,2,3,3,2,2,4,1
4,1,4,4,4,4,2,1,3,3,4,9,5,6,2,7,6,2,3,6,3,5,4,2,1,2,3,4,4,5,3,4,8,3,3,2,4,7,2,1,3,2,0,6,5,0,1,3,2,4,5,3,2,5,1,1,3,6,3,4,5,1,6,2,1,3,1,2,2,2,7,3,2,4,2,5,3,1,2,3,6,3,4,26,2,1,3,2,5,3,0,3,3,2,2,4,7,2,2,8,4,3,43,3,0,38,16,2,2,4,0,2,2,2,3,0,2,9,2,3,1,2,3,3,2,2,4,1
4,1,4,4,4,4,2,1,3,3,4,9,5,6,2,7,6,2,3,6,3,5,4,2,1,2,3,4,4,5,3,4,8,3,3,2,4,7,2,1,3,2,0,6,5,0,1,3,2,4,5,3,2,5,1,1,3,6,3,4,5,1,6,2,1,3,1,2,2,2,7,3,2,4,2,3,4,3,4,3,12,8,1,0,4,4,1,4,5,4,3,3,2,5,6,6,4,2,5,2,7,6,4,4,2,2,5,1,5,4,1,1,3,3,4,6,6,5,2,5,3,2,1,3,5,6,3,3
3,0,0,1,2,0,6,2,3,4,2,2,3,4,3,3,2,5,5,3,2,1,2,2,2,5,1,8,5,5,4,4,6,3,4,1,2,4,2,2,3,4,3,4,6,5,2,2,3,4,2,1,1,2,3,5,1,5,2,1,5,7,3,4,3,2,9,4,5,5,3,3,4,2,3,3,4,3,4,3,12,8,1,0,4,4,1,4,5,4,3,3,2,5,6,6,4,2,5,2,7,6,4,4,2,2,5,1,5,4,1,1,3,3,4,6,6,5,2,5,3,2,1,3,5,6,3,3
1,0,0,1,2,0,6,2,3,4,2,2,3,4,3,3,2,5,5,3,2,1,2,2,2,5,1,8,5,5,4,4,6,3,4,1,2,4,2,2,3,4,3,4,6,5,2,2,3,4,2,1,1,2,3,5,1,5,2,1,5,7,3,4,3,2,9,4,5,5,3,3,4,2,4,2,1,3,2,1,4,2,3,27,2,6,1,1,4,1,5,4,2,1,3,3,5,3,4,1,4,3,4,4,2,2,2,5,0,2,9,4,4,1,5,4,3,3,2,2,2,4,3,2,1,4,6,2
3,5,2,2,7,2,7,3,0,4,1,4,3,2,6,4,2,7,2,2,3,2,6,5,3,4,2,3,5,3,3,4,7,1,2,5,3,7,2,4,5,3,4,5,1,4,3,2,3,5,3,6,1,4,3,4,3,3,4,6,1,2,4,6,1,2,5,5,1,3,4,4,4,3,4,2,1,3,2,1,4,2,3,27,2,6,1,1,4,1,5,4,2,1,3,3,5,3,4,1,4,3,4,4,2,2,2,5,0,2,9,4,4,1,5,4,3,3,2,2,2,4,3,2,1,4,6,2
3,5,2,2,7,2,7,3,0,4,1,4,3,2,6,4,2,7,2,2,3,2,6,5,3,4,2,3,5,3,3,4,7,1,2,5,3,7,2,4,5,3,4,5,1,4,3,2,3,5,3,6,1,4,3,4,3,3,4,6,1,2,4,6,1,2,5,5,1,3,4,4,4,3,4,3,2,8,2,5,3,2,15,2,1,3,2,0,5,2,3,5,5,8,2,3,4,2,5,4,2,6,1,4,4,4,3,2,2,5,5,3,5,1,3,5,5,5,3,7,4,6,1,2,1,1,1,6
6,2,2,2,0,4,2,4,6,3,6,1,3,3,2,2,4,4,5,2,5,1,2,4,5,5,3,4,4,5,1,3,3,2,4,4,3,4,6,5,4,0,2,3,2,5,3,4,6,2,1,2,2,2,5,5,3,3,3,2,2,1,3,3,2,4,2,5,4,2,5,2,4,4,3,3,2,8,2,5,3,2,15,2,1,3,2,0,5,2,3,5,5,8,2,3,4,2,5,4,2,6,1,4,4,4,3,2,2,5,5,3,5,1,3,5,5,5,3,7,4,6,1,2,1,1,1,6
6,2,2,2,0,4,2,4,6,3,6,1,3,3,2,2,4,4,5,2,5,1,2,4,5,5,3,4,4,5,1,3,3,2,4,4,3,4,6,5,4,0,2,3,2,5,3,4,6,2,1,2,2,2,5,5,3,3,3,2,2,1,3,3,2,4,2,5,4,2,5,2,4,4,3,3,3,2,3,3,5,1,27,1,1,5,4,3,3,2,5,6,2,6,1,4,1,1,3,2,5,2,3,2,2,2,7,6,2,2,3,6,5,2,2,3,1,8,6,1,1,1,1,3,4,2,4,2
3,5,7,3,3,2,2,2,1,1,2,0,5,8,0,2,6,3,5,5,2,5,2,4,4,6,3,6,2,4,3,3,2,4,4,3,4,3,2,5,4,1,4,1,3,3,2,8,6,3,4,1,2,7,7,4,4,7,4,2,2,3,1,6,3,4,1,2,2,6,7,2,4,5,2,3,3,2,3,3,5,1,27,1,1,5,4,3,3,2,5,6,2,6,1,4,1,1,3,2,5,2,3,2,2,2,7,6,2,2,3,6,5,2,2,3,1,8,6,1,1,1,1,3,4,2,4,2
3,5,7,3,3,2,2,2,1,1,2,0,5,8,0,2,6,3,5,5,2,5,2,4,4,6,3,6,2,4,3,3,2,4,4,3,4,3,2,5,4,1,4,1,3,3,2,8,6,3,4,1,2,7,7,4,4,7,4,2,2,3,1,6,3,4,1,2,2,6,7,2,4,5,4,1,2,9,1,2,1,3,5,5,28,4,1,3,0,1,3,4,3,2,3,6,3,1,1,2,4,1,3,4,2,1,4,2,3,6,7,1,3,3,4,4,2,6,1,2,1,1,3,3,4,2,3,7
3,7,7,6,1,5,2,6,5,1,4,3,2,4,2,2,1,2,3,2,3,4,1,1,3,3,1,8,7,1,1,2,1,5,3,3,6,3,4,3,3,5,6,5,0,3,4,3,1,2,4,1,1,4,6,1,4,5,2,9,6,0,5,4,2,7,1,2,4,1,2,5,8,6,2,1,2,9,1,2,1,3,5,5,28,4,1,3,0,1,3,4,3,2,3,6,3,1,1,2,4,1,3,4,2,1,4,2,3,6,7,1,3,3,4,4,2,6,1,2,1,1,3,3,4,2,3,7
3,7,7,6,1,5,2,6,5,1,4,3,2,4,2,2,1,2,3,2,3,4,1,1,3,3,1,8,7,1,1,2,1,5,3,3,6,3,4,3,3,5,6,5,0,3,4,3,1,2,4,1,1,4,6,1,4,5,2,9,6,0,5,4,2,7,1,2,4,1,2,5,8,6,2,4,3,3,1,23,1,3,1,5,4,0,2,0,2,3,5,5,1,2,3,2,3,2,5,1,6,1,2,4,3,6,3,3,2,1,3,6,2,3,2,2,2,2,3,2,1,1,3,6,4,2,66,0
2,5,3,2,4,4,1,3,6,5,6,2,2,2,4,5,2,2,3,4,5,2,2,4,9,5,3,2,2,4,6,6,2,1,2,5,3,3,7,3,2,3,2,4,6,5,2,1,4,3,5,2,0,4,4,2,1,5,5,3,1,4,3,2,5,2,3,4,4,7,7,6,1,3,2,4,3,3,1,23,1,3,1,5,4,0,2,0,2,3,5,5,1,2,3,2,3,2,5,1,6,1,2,4,3,6,3,3,2,1,3,6,2,3,2,2,2,2,3,2,1,1,3,6,4,2,66,0
2,5,3,2,4,4,1,3,6,5,6,2,2,2,4,5,2,2,3,4,5,2,2,4,9,5,3,2,2,4,6,6,2,1,2,5,3,3,7,3,2,3,2,4,6,5,2,1,4,3,5,2,0,4,4,2,1,5,5,3,1,4,3,2,5,2,3,4,4,7,7,6,1,3,1,9,3,3,4,16,4,2,4,4,3,2,1,5,3,6,2,3,3,1,3,1,5,8,6,3,3,2,3,4,1,3,6,3,2,1,2,4,5,1,2,4,2,2,6,5,1,3,2,7,4,2,0,2
0,0,3,0,3,0,2,2,3,1,2,4,0,3,2,2,4,2,3,3,2,4,6,5,2,3,2,2,1,1,2,2,2,5,5,3,1,3,2,3,3,1,1,2,2,5,7,1,7,1,4,3,7,3,2,2,1,1,3,2,1,8,3,3,3,4,3,46,0,0,0,4,3,1,5,9,3,3,4,16,4,2,4,4,3,2,1,5,3,6,2,3,3,1,3,1,5,8,6,3,3,2,3,4,1,3,6,3,2,1,2,4,5,1,2,4,2,2,6,5,1,3,2,7,4,2,0,2
0,0,3,0,3,0,2,2,3,1,2,4,0,3,2,2,4,2,3,3,2,4,6,5,2,3,2,2,1,1,2,2,2,5,5,3,1,3,2,3,3,1,1,2,2,5,7,1,7,1,4,3,7,3,2,2,1,1,3,2,1,8,3,3,3,4,3,46,0,0,0,4,3,1,5,6,7,3,1,2,9,5,2,4,4,1,3,6,3,2,1,4,6,4,1,3,5,1,2,1,3,7,3,5,5,4,1,3,4,1,0,4,5,3,2,6,4,5,4,4,3,2,5,8,2,8,0,4
2,2,1,3,3,5,2,0,4,6,1,2,7,3,6,2,2,4,6,3,3,3,4,2,1,3,1,2,3,4,4,2,3,3,4,1,5,4,5,1,4,3,5,2,3,3,4,3,2,4,1,2,5,1,5,2,4,3,2,1,4,4,3,5,1,2,3,2,5,4,3,0,0,4,2,6,7,3,1,2,9,5,2,4,4,1,3,6,3,2,1,4,6,4,1,3,5,1,2,1,3,7,3,5,5,4,1,3,4,1,0,4,5,3,2,6,4,5,4,4,3,2,5,8,2,8,0,4
5,2,1,3,3,5,2,0,4,6,1,2,7,3,6,2,2,4,6,3,3,3,4,2,1,3,1,2,3,4,4,2,3,3,4,1,5,4,5,1,4,3,5,2,3,3,4,3,2,4,1,2,5,1,5,2,4,3,2,1,4,4,3,5,1,2,3,2,5,4,3,0,0,4,2,2,4,3,2,6,4,4,30,1,0,1,4,5,3,1,3,4,3,11,3,5,4,4,2,6,2,4,3,7,2,1,4,3,0,3,3,4,9,2,4,2,1,1,2,5,2,6,7,4,1,7,3,1
5,6,2,1,7,4,3,4,2,4,4,6,0,5,4,3,6,2,3,2,4,2,6,2,3,3,3,2,3,4,1,5,2,4,7,5,1,2,3,3,3,1,6,3,4,4,1,3,6,4,8,3,2,2,1,7,1,5,4,3,2,4,1,3,4,3,5,3,2,3,5,1,8,7,3,2,4,3,2,6,4,4,30,1,0,1,4,5,3,1,3,4,3,11,3,5,4,4,2,6,2,4,3,7,2,1,4,3,0,3,3,4,9,2,4,2,1,1,2,5,2,6,7,4,1,7,3,1
5,6,2,1,7,4,3,4,2,4,4,6,0,5,4,3,6,2,3,2,4,2,6,2,3,3,3,2,3,4,1,5,2,4,7,5,1,2,3,3,3,1,6,3,4,4,1,3,6,4,8,3,2,2,1,7,1,5,4,3,2,4,1,3,4,3,5,3,2,3,5,1,8,7,3,1,2,2,2,2,2,16,6,4,1,3,3,6,2,3,1,5,5,4,6,1,4,3,4,3,4,2,4,4,4,5,2,3,3,1,2,6,4,5,2,8,3,2,2,2,5,58,42,0,0,0,52,0
3,2,4,3,1,2,6,1,4,6,2,2,2,5,4,2,1,2,4,1,2,5,5,1,0,3,4,1,3,4,1,4,6,3,2,3,6,1,5,3,3,6,2,1,3,5,2,3,5,2,3,4,2,2,7,6,5,70,6,0,0,0,0,4,5,1,2,3,0,2,3,3,3,4,5,1,2,2,2,2,2,16,6,4,1,3,3,6,2,3,1,5,5,4,6,1,4,3,4,3,4,2,4,4,4,5,2,3,3,1,2,6,4,5,2,8,3,2,2,2,5,58,42,0,0,0,52,0
3,2,4,3,1,2,6,1,4,6,2,2,2,5,4,2,1,2,4,1,2,5,5,1,0,3,4,1,3,4,1,4,6,3,2,3,6,1,5,3,3,6,2,1,3,5,2,3,5,2,3,4,2,2,7,6,5,70,6,0,0,0,0,4,5,1,2,3,0,2,3,3,3,4,5,3,2,2,3,21,6,2,4,1,1,2,2,3,3,5,3,1,2,3,2,3,3,5,5,2,3,4,3,4,4,2,6,3,1,5,2,2,0,4,4,4,2,4,5,3,5,4,72,16,0,1,2,2
4,3,5,0,2,2,4,5,2,2,1,1,2,6,0,3,3,3,2,2,1,6,2,7,3,4,4,2,3,3,2,2,6,6,6,1,5,4,1,8,3,3,1,4,3,3,2,2,3,3,4,3,6,2,2,5,55,0,0,2,4,2,3,5,2,0,1,3,3,2,7,2,4,4,1,3,2,2,3,21,6,2,4,1,1,2,2,3,3,5,3,1,2,3,2,3,3,5,5,2,3,4,3,4,4,2,6,3,1,5,2,2,0,4,4,4,2,4,5,3,5,4,72,16,0,1,2,2
4,3,5,0,2,2,4,5,2,2,1,1,2,6,0,3,3,3,2,2,1,6,2,7,3,4,4,2,3,3,2,2,6,6,6,1,5,4,1,8,3,3,1,4,3,3,2,2,3,3,4,3,6,2,2,5,55,0,0,2,4,2,3,5,2,0,1,3,3,2,7,2,4,4,5,2,6,4,7,4,3,2,26,2,1,4,2,4,1,3,1,2,4,4,2,1,4,7,2,5,5,1,3,15,4,6,4,1,1,2,5,4,7,0,2,9,1,2,1,5,2,0,3,2,7,4,4,2
2,2,4,4,6,1,2,4,2,5,3,3,5,2,2,5,5,4,1,2,1,3,6,1,4,2,6,2,7,2,4,3,2,2,4,4,2,3,5,7,7,4,4,6,5,0,6,1,1,5,5,3,6,1,6,69,6,0,2,0,2,2,57,33,21,0,0,0,1,51,7,0,0,0,0,2,6,4,7,4,3,2,26,2,1,4,2,4,1,3,1,2,4,4,2,1,4,7,2,5,5,1,3,15,4,6,4,1,1,2,5,4,7,0,2,9,1,2,1,5,2,0,3,2,7,4,4,2
1,2,4,4,6,1,2,4,2,5,3,3,5,2,2,5,5,4,1,2,1,3,6,1,4,2,6,2,7,2,4,3,2,2,4,4,2,3,5,7,7,4,4,6,5,0,6,1,1,5,5,3,6,1,6,69,6,0,2,0,2,2,57,33,21,0,0,0,1,51,7,0,0,0,0,0,0,2,3,1,3,8,2,19,3,1,1,3,1,5,0,7,4,3,1,3,4,7,3,7,3,2,4,4,1,2,4,4,5,3,1,5,2,5,2,5,62,30,42,39,27,51,35,0,37,24,19,9
0,0,61,45,4,0,45,13,0,39,0,0,0,4,0,4,2,3,3,1,6,5,2,2,4,1,6,2,3,6,1,1,2,4,4,41,0,32,29,0,0,45,0,39,27,0,41,27,12,37,0,0,0,57,28,35,0,0,0,1,0,0,2,4,1,4,1,4,1,7,2,3,2,2,0,0,0,2,3,1,3,8,2,19,3,1,1,3,1,5,0,7,4,3,1,3,4,7,3,7,3,2,4,4,1,2,4,4,5,3,1,5,2,5,2,5,62,30,42,39,27,51,35,0,37,24,19,9
0,0,61,45,4,0,45,13,0,39,0,0,0,4,0,4,2,3,3,1,6,5,2,2,4,1,6,2,3,6,1,1,2,4,4,41,0,32,29,0,0,45,0,39,27,0,41,27,12,37,0,0,0,57,28,35,0,0,0,1,0,0,2,4,1,4,1,4,1,7,2,3,2,2,2,2,2,0,8,4,3,24,6,3,2,2,1,1,4,3,2,1,6,1,6,4,2,1,3,4,2,5,0,2,2,5,3,3,4,1,4,3,2,62,0,50,0,0,47,36,0,45,29,0,0,42,8,0
0,44,32,4,0,0,0,46,1,0,0,3,0,0,2,2,3,3,7,0,6,1,5,3,4,2,2,6,5,3,5,2,5,1,5,7,3,2,46,31,0,1,0,0,5,50,5,0,0,48,3,0,3,2,50,27,12,28,0,0,1,45,0,36,22,0,33,0,0,0,3,32,0,0,2,2,2,0,8,4,3,24,6,3,2,2,1,1,4,3,2,1,6,1,6,4,2,1,3,4,2,5,0,2,2,5,3,3,4,1,4,3,2,62,0,50,0,0,47,36,0,45,29,0,0,42,8,0
0,44,32,4,0,0,0,46,1,0,0,3,0,0,2,2,3,3,7,0,6,1,5,3,4,2,2,6,5,3,5,2,5,1,5,7,3,2,46,31,0,1,0,0,5,50,5,0,0,48,3,0,3,2,50,27,12,28,0,0,1,45,0,36,22,0,33,0,0,0,3,32,0,0,1,0,1,7,1,2,1,26,17,0,1,1,4,4,3,6,3,4,4,4,5,4,10,7,3,0,6,5,1,2,1,5,53,0,3,2,61,0,49,10,0,52,0,43,0,52,0,41,34,27,0,0,38,18
4,0,43,20,0,0,0,0,4,6,5,8,3,2,6,1,3,1,1,2,6,5,6,0,3,2,2,6,2,4,2,4,3,3,1,3,3,3,3,45,30,2,38,0,0,3,53,39,1,45,22,0,0,44,0,0,0,0,60,41,0,0,0,1,0,0,1,0,6,2,8,2,2,3,1,0,1,7,1,2,1,26,17,0,1,1,4,4,3,6,3,4,4,4,5,4,10,7,3,0,6,5,1,2,1,5,53,0,3,2,61,0,49,10,0,52,0,43,0,52,0,41,34,27,0,0,38,18
4,0,43,20,0,0,0,0,4,6,5,8,3,2,6,1,3,1,1,2,6,5,6,0,3,2,2,6,2,4,2,4,3,3,1,3,3,3,3,45,30,2,38,0,0,3,53,39,1,45,22,0,0,44,0,0,0,0,60,41,0,0,0,1,0,0,1,0,6,2,8,2,2,3,4,5,3,2,3,4,3,4,1,4,1,2,3,2,4,5,3,3,5,19,2,2,0,2,1,5,3,0,3,6,1,2,3,5,2,3,59,19,0,1,1,2,2,1,1,1,4,56,17,0,0,2,0,0
2,4,3,1,3,2,4,4,2,2,2,1,3,4,3,4,3,5,9,2,5,6,6,0,3,5,3,2,4,4,4,1,3,1,4,4,4,4,3,5,2,3,3,3,3,1,3,56,0,7,46,0,0,0,1,8,1,0,3,0,3,4,2,7,4,3,1,6,3,4,7,2,1,7,3,5,3,2,3,4,3,4,1,4,1,2,3,2,4,5,3,3,5,19,2,2,0,2,1,5,3,0,3,6,1,2,3,5,2,3,59,19,0,1,1,2,2,1,1,1,4,56,17,0,0,2,0,0
10,4,3,1,3,2,4,4,2,2,2,1,3,4,3,4,3,5,9,2,5,6,6,0,3,5,3,2,4,4,4,1,3,1,4,4,4,4,3,5,2,3,3,3,3,1,3,56,0,7,46,0,0,0,1,8,1,0,3,0,3,4,2,7,4,3,1,6,3,4,7,2,1,7,3,1,4,5,5,1,1,2,21,3,4,6,5,4,3,5,0,6,4,2,4,5,3,2,1,6,3,6,3,6,3,3,4,2,4,3,62,48,0,1,2,0,0,1,3,57,16,0,52,16,0,0,38,29
10,1,2,4,2,6,2,2,1,2,5,3,3,4,2,6,1,4,4,1,2,2,3,2,4,5,6,3,2,10,3,2,2,2,2,3,4,1,2,4,2,5,3,4,1,2,2,5,4,4,2,3,2,4,4,5,3,3,1,1,1,3,5,1,2,3,2,3,2,4,9,2,6,4,3,1,4,5,5,1,1,2,21,3,4,6,5,4,3,5,0,6,4,2,4,5,3,2,1,6,3,6,3,6,3,3,4,2,4,3,62,48,0,1,2,0,0,1,3,57,16,0,52,16,0,0,38,29
6,1,2,4,2,6,2,2,1,2,5,3,3,4,2,6,1,4,4,1,2,2,3,2,4,5,6,3,2,10,3,2,2,2,2,3,4,1,2,4,2,5,3,4,1,2,2,5,4,4,2,3,2,4,4,5,3,3,1,1,1,3,5,1,2,3,2,3,2,4,9,2,6,4,2,1,5,0,6,5,5,2,5,1,5,6,2,7,3,2,18,3,6,4,2,1,1,2,7,5,1,2,2,6,1,3,3,1,3,2,1,4,2,5,3,4,71,14,0,0,4,0,2,8,2,0,3,2
5,6,6,3,1,2,5,2,3,5,1,1,5,2,3,4,4,3,3,2,5,2,3,3,6,6,4,3,7,2,2,4,4,7,2,2,1,2,2,2,2,4,3,2,1,3,4,3,3,2,5,3,3,4,4,4,2,1,2,2,7,3,2,5,2,4,4,4,6,4,1,3,7,5,5,1,5,0,6,5,5,2,5,1,5,6,2,7,3,2,18,3,6,4,2,1,1,2,7,5,1,2,2,6,1,3,3,1,3,2,1,4,2,5,3,4,71,14,0,0,4,0,2,8,2,0,3,2
5,6,6,3,1,2,5,2,3,5,1,1,5,2,3,4,4,3,3,2,5,2,3,3,6,6,4,3,7,2,2,4,4,7,2,2,1,2,2,2,2,4,3,2,1,3,4,3,3,2,5,3,3,4,4,4,2,1,2,2,7,3,2,5,2,4,4,4,6,4,1,3,7,5,5,3,2,3,2,4,4,2,3,3,31,1,5,4,4,4,8,2,0,3,7,2,3,8,2,4,2,1,4,6,4,4,5,4,2,1,4,3,2,2,3,5,6,2,5,4,1,2,3,2,7,2,4,4
3,2,2,4,3,3,4,7,5,4,3,2,2,4,4,2,4,3,4,4,3,7,5,2,3,8,1,2,3,2,2,3,7,4,4,1,6,3,6,4,1,2,6,2,2,4,0,3,3,2,0,6,2,4,5,3,3,4,4,1,2,2,2,4,2,6,1,6,12,3,0,6,8,3,3,2,4,2,3,3,11,3,7,1,2,1,1,1,1,1,3,3,4,4,4,2,4,4,3,5,3,5,2,3,2,6,4,2,3,2,3,4,3,3,2,6,2,4,3,4,2,5,3,6,4,2,4,6
3,2,2,4,3,3,4,7,5,4,3,2,2,4,4,2,4,3,4,4,3,7,5,2,3,8,1,2,3,2,2,3,7,4,4,1,6,3,6,4,1,2,6,2,2,4,0,3,3,2,0,6,2,4,5,3,3,4,4,1,2,2,2,4,2,6,1,6,12,3,0,6,8,3,3,4,4,2,4,1,8,3,2,1,3,3,4,3,3,3,3,2,5,3,2,2,2,5,6,1,3,7,5,0,3,4,1,1,5,6,2,5,5,1,5,3,7,4,4,1,2,7,4,3,6,5,6,3
4,4,4,4,3,4,2,2,2,3,2,3,6,3,6,2,1,3,5,5,3,5,1,2,3,3,1,1,2,1,4,4,5,6,4,1,3,2,6,0,3,4,6,1,2,4,5,3,6,3,4,2,5,54,7,0,0,2,2,2,8,0,1,4,4,3,2,5,3,10,2,3,4,6,5,4,4,2,4,1,8,3,2,1,3,3,4,3,3,3,3,2,5,3,2,2,2,5,6,1,3,7,5,0,3,4,1,1,5,6,2,5,5,1,5,3,7,4,4,1,2,7,4,3,6,5,6,3
4,4,4,4,3,4,2,2,2,3,2,3,6,3,6,2,1,3,5,5,3,5,1,2,3,3,1,1,2,1,4,4,5,6,4,1,3,2,6,0,3,4,6,1,2,4,5,3,6,3,4,2,5,54,7,0,0,2,2,2,8,0,1,4,4,3,2,5,3,10,2,3,4,6,5,2,6,6,2,2,0,3,3,2,7,5,6,0,4,32,20,3,3,3,5,4,4,2,4,3,1,3,3,4,4,2,3,8,6,1,1,3,3,6,2,7,3,3,3,3,1,6,2,3,2,2,1,6
2,3,2,2,7,3,2,4,4,3,3,8,3,4,3,2,2,3,4,4,6,2,3,3,4,3,4,3,1,7,3,5,3,3,4,3,2,1,5,3,3,2,7,3,1,4,10,2,4,7,2,4,4,2,2,5,5,9,4,4,2,2,7,2,2,5,3,4,3,4,4,3,8,5,3,2,6,6,2,2,0,3,3,2,7,5,6,0,4,32,20,3,3,3,5,4,4,2,4,3,1,3,3,4,4,2,3,8,6,1,1,3,3,6,2,7,3,3,3,3,1,6,2,3,2,2,1,6
2,3,2,2,7,3,2,4,4,3,3,8,3,4,3,2,2,3,4,4,6,2,3,3,4,3,4,3,1,7,3,5,3,3,4,3,2,1,5,3,3,2,7,3,1,4,10,2,4,7,2,4,4,2,2,5,5,9,4,4,2,2,7,2,2,5,3,4,3,4,4,3,8,5,3,7,8,7,3,1,4,1,2,2,4,3,2,1,2,5,7,4,29,5,2,5,3,1,5,3,3,3,3,4,3,1,5,4,1,3,2,4,2,7,2,3,3,5,2,3,3,6,9,3,2,5,3,2
2,1,6,5,0,2,3,3,2,6,4,4,1,2,3,6,5,3,6,3,5,5,4,2,5,5,3,6,3,3,3,4,3,2,6,5,8,0,2,2,5,1,3,4,4,5,6,1,2,3,1,4,4,2,2,4,2,3,0,5,6,1,3,7,1,3,3,5,2,11,4,5,1,1,3,2,8,7,3,1,4,1,2,2,4,3,2,1,2,5,7,4,29,5,2,5,3,1,5,3,3,3,3,4,3,1,5,4,1,3,2,4,2,7,2,3,3,5,2,3,3,6,9,3,2,5,3,2
1,1,6,5,0,2,3,3,2,6,4,4,1,2,3,6,5,3,6,3,5,5,4,2,5,5,3,6,3,3,3,4,3,2,6,5,8,0,2,2,5,1,3,4,4,5,6,1,2,3,1,4,4,2,2,4,2,3,0,5,6,1,3,7,1,3,3,5,2,11,4,5,1,1,3,2,1,5,4,0,2,5,34,2,0,5,2,7,3,5,3,5,6,5,3,3,2,5,2,2,3,6,3,4,3,5,2,3,4,2,1,3,9,2,5,2,2,3,2,6,3,3,2,6,3,7,2,1
4,6,5,3,3,5,5,2,2,3,2,1,1,3,6,2,3,2,4,6,3,2,5,3,4,2,6,5,1,2,3,3,3,5,3,4,5,7,2,2,5,4,4,5,2,6,3,2,3,1,5,5,7,4,2,5,1,3,2,1,2,3,1,7,3,6,3,1,4,3,4,2,7,6,1,2,1,5,4,0,2,5,34,2,0,5,2,7,3,5,3,5,6,5,3,3,2,5,2,2,3,6,3,4,3,5,2,3,4,2,1,3,9,2,5,2,2,3,2,6,3,3,2,6,3,7,2,1
4,6,5,3,3,5,5,2,2,3,2,1,1,3,6,2,3,2,4,6,3,2,5,3,4,2,6,5,1,2,3,3,3,5,3,4,5,7,2,2,5,4,4,5,2,6,3,2,3,1,5,5,7,4,2,5,1,3,2,1,2,3,1,7,3,6,3,1,4,3,4,2,7,6,1,2,7,4,3,2,18,1,3,7,0,3,2,4,3,2,3,4,1,4,3,8,2,4,2,5,4,0,10,3,5,6,4,4,2,3,0,3,2,1,4,7,5,4,2,5,2,1,4,2,5,7,2,7
4,6,3,3,3,3,1,4,3,4,1,3,2,3,2,3,3,5,3,5,4,0,2,4,2,4,4,3,3,3,4,4,2,2,3,8,4,6,3,5,1,3,4,1,3,3,6,3,1,5,3,3,3,1,1,1,8,1,5,4,2,1,5,3,2,1,6,3,8,0,4,0,3,4,7,2,7,4,3,2,18,1,3,7,0,3,2,4,3,2,3,4,1,4,3,8,2,4,2,5,4,0,10,3,5,6,4,4,2,3,0,3,2,1,4,7,5,4,2,5,2,1,4,2,5,7,2,7
4,6,3,3,3,3,1,4,3,4,1,3,2,3,2,3,3,5,3,5,4,0,2,4,2,4,4,3,3,3,4,4,2,2,3,8,4,6,3,5,1,3,4,1,3,3,6,3,1,5,3,3,3,1,1,1,8,1,5,4,2,1,5,3,2,1,6,3,8,0,4,0,3,4,7,4,8,3,4,3,3,4,3,24,14,0,2,6,4,1,1,5,2,6,3,5,5,5,2,3,6,3,6,5,5,1,2,5,4,3,3,2,2,2,4,2,4,1,67,4,0,0,1,0,3,4,0,2
3,5,3,3,2,3,4,3,6,5,8,5,2,2,1,3,1,5,4,1,4,2,5,1,2,1,2,4,3,2,3,5,1,2,2,6,2,2,3,7,6,4,5,0,1,2,2,1,3,5,3,4,3,5,2,3,3,2,4,2,5,2,3,2,0,4,5,4,2,3,2,3,5,2,0,4,8,3,4,3,3,4,3,24,14,0,2,6,4,1,1,5,2,6,3,5,5,5,2,3,6,3,6,5,5,1,2,5,4,3,3,2,2,2,4,2,4,1,67,4,0,0,1,0,3,4,0,2
3,5,3,3,2,3,4,3,6,5,8,5,2,2,1,3,1,5,4,1,4,2,5,1,2,1,2,4,3,2,3,5,1,2,2,6,2,2,3,7,6,4,5,0,1,2,2,1,3,5,3,4,3,5,2,3,3,2,4,2,5,2,3,2,0,4,5,4,2,3,2,3,5,2,0,5,3,2,7,5,4,4,17,2,1,4,10,2,2,4,4,6,1,1,3,3,5,5,4,3,2,3,3,4,7,1,2,7,11,4,7,4,2,4,4,2,8,2,4,2,3,5,4,3,1,1,5,2
5,4,1,8,3,0,4,7,4,7,3,4,7,8,3,4,1,2,3,0,4,4,4,2,8,2,2,3,3,3,5,2,2,3,2,3,4,5,2,5,0,3,3,3,5,3,1,2,3,7,4,1,1,4,1,3,3,3,3,3,7,2,2,2,1,5,5,2,4,3,2,4,3,5,3,5,3,2,7,5,4,4,17,2,1,4,10,2,2,4,4,6,1,1,3,3,5,5,4,3,2,3,3,4,7,1,2,7,11,4,7,4,2,4,4,2,8,2,4,2,3,5,4,3,1,1,5,2
5,4,1,8,3,0,4,7,4,7,3,4,7,8,3,4,1,2,3,0,4,4,4,2,8,2,2,3,3,3,5,2,2,3,2,3,4,5,2,5,0,3,3,3,5,3,1,2,3,7,4,1,1,4,1,3,3,3,3,3,7,2,2,2,1,5,5,2,4,3,2,4,3,5,3,4,3,2,3,3,2,5,5,6,5,33,1,4,1,0,5,2,2,1,3,4,3,3,2,4,5,2,6,1,2,1,1,4,1,5,3,3,2,2,4,2,2,4,3,5,3,2,6,2,3,2,3,3
3,3,4,2,4,4,2,5,2,1,3,3,4,4,1,2,3,6,2,4,3,5,2,3,4,2,8,9,1,3,2,2,3,3,4,6,4,5,4,3,2,2,5,2,2,7,5,1,2,3,4,3,6,4,7,2,3,2,5,7,5,1,2,3,3,4,6,2,2,2,3,1,3,5,1,4,3,2,3,3,2,5,5,6,5,33,1,4,1,0,5,2,2,1,3,4,3,3,2,4,5,2,6,1,2,1,1,4,1,5,3,3,2,2,4,2,2,4,3,5,3,2,6,2,3,2,3,3
2,3,4,2,4,4,2,5,2,1,3,3,4,4,1,2,3,6,2,4,3,5,2,3,4,2,8,9,1,3,2,2,3,3,4,6,4,5,4,3,2,2,5,2,2,7,5,1,2,3,4,3,6,4,7,2,3,2,5,7,5,1,2,3,3,4,6,2,2,2,3,1,3,5,1,6,3,1,2,4,2,2,2,23,2,2,2,1,2,5,1,2,2,1,1,5,3,1,4,3,2,2,3,3,2,6,1,4,2,2,5,2,5,6,4,5,5,5,4,2,2,1,4,3,2,3,2,3
5,7,0,3,6,3,3,2,3,2,1,4,4,5,3,1,1,5,5,5,0,3,1,4,1,4,4,2,7,3,3,2,6,7,2,4,1,1,2,1,7,5,3,6,3,6,2,6,4,4,3,1,2,7,1,4,1,3,2,7,3,2,6,5,6,3,5,2,2,5,2,3,7,3,4,6,3,1,2,4,2,2,2,23,2,2,2,1,2,5,1,2,2,1,1,5,3,1,4,3,2,2,3,3,2,6,1,4,2,2,5,2,5,6,4,5,5,5,4,2,2,1,4,3,2,3,2,3
5,7,0,3,6,3,3,2,3,2,1,4,4,5,3,1,1,5,5,5,0,3,1,4,1,4,4,2,7,3,3,2,6,7,2,4,1,1,2,1,7,5,3,6,3,6,2,6,4,4,3,1,2,7,1,4,1,3,2,7,3,2,6,5,6,3,5,2,2,5,2,3,7,3,4,3,4,1,4,2,2,3,5,33,20,1,2,2,6,1,3,6,3,3,2,4,5,3,4,5,5,4,3,2,4,4,3,2,1,2,3,4,1,1,3,5,8,4,1,2,4,4,6,3,3,3,1,4
2,4,2,6,4,2,2,6,2,3,3,5,3,3,4,1,3,7,4,2,1,3,3,8,6,4,1,1,3,3,2,6,1,5,6,4,3,1,5,3,6,4,5,1,2,2,1,10,1,1,4,5,3,4,3,1,3,1,2,4,2,1,3,7,3,7,2,1,3,5,2,1,1,3,1,3,4,1,4,2,2,3,5,33,20,1,2,2,6,1,3,6,3,3,2,4,5,3,4,5,5,4,3,2,4,4,3,2,1,2,3,4,1,1,3,5,8,4,1,2,4,4,6,3,3,3,1,4
2,4,2,6,4,2,2,6,2,3,3,5,3,3,4,1,3,7,4,2,1,3,3,8,6,4,1,1,3,3,2,6,1,5,6,4,3,1,5,3,6,4,5,1,2,2,1,10,1,1,4,5,3,4,3,1,3,1,2,4,2,1,3,7,3,7,2,1,3,5,2,1,1,3,1,2,3,4,1,3,3,3,22,1,2,4,3,5,8,5,3,7,2,5,2,5,1,4,7,1,1,2,4,4,2,3,2,2,4,4,1,4,4,7,6,7,7,5,0,4,1,2,2,1,3,6,3,1
1,4,3,2,2,1,5,1,4,5,4,5,2,2,4,2,5,3,2,2,3,4,4,2,2,2,3,2,3,4,2,2,3,3,4,3,3,4,7,2,4,4,4,1,2,2,2,3,3,3,3,5,3,6,3,7,3,5,5,2,3,2,2,4,2,6,3,5,1,3,3,3,3,3,4,2,3,4,1,3,3,3,22,1,2,4,3,5,8,5,3,7,2,5,2,5,1,4,7,1,1,2,4,4,2,3,2,2,4,4,1,4,4,7,6,7,7,5,0,4,1,2,2,1,3,6,3,1
1,4,3,2,2,1,5,1,4,5,4,5,2,2,4,2,5,3,2,2,3,4,4,2,2,2,3,2,3,4,2,2,3,3,4,3,3,4,7,2,4,4,4,1,2,2,2,3,3,3,3,5,3,6,3,7,3,5,5,2,3,2,2,4,2,6,3,5,1,3,3,3,3,3,4,2,6,8,4,4,3,2,1,19,4,2,0,1,7,2,2,4,0,6,3,3,7,4,1,1,3,3,6,4,3,2,10,1,1,4,1,5,4,2,2,3,1,1,5,1,5,4,4,5,3,2,4,4
4,1,1,3,4,1,3,2,5,3,4,4,5,3,5,1,5,5,11,2,2,2,3,5,1,4,5,11,6,1,2,1,3,3,3,3,2,4,1,3,1,4,5,4,3,2,6,1,2,6,5,5,5,6,3,6,1,1,5,2,1,4,1,4,3,5,2,3,7,1,2,2,1,4,1,2,6,8,4,4,3,2,1,19,4,2,0,1,7,2,2,4,0,6,3,3,7,4,1,1,3,3,6,4,3,2,10,1,1,4,1,5,4,2,2,3,1,1,5,1,5,4,4,5,3,2,4,4
4,1,1,3,4,1,3,2,5,3,4,4,5,3,5,1,5,5,11,2,2,2,3,5,1,4,5,11,6,1,2,1,3,3,3,3,2,4,1,3,1,4,5,4,3,2,6,1,2,6,5,5,5,6,3,6,1,1,5,2,1,4,1,4,3,5,2,3,7,1,2,2,1,4,1,1,4,3,4,3,1,6,2,23,5,1,0,6,1,3,1,4,3,3,3,2,4,4,8,4,2,2,6,3,2,2,2,2,4,1,4,4,2,5,1,5,2,5,3,3,3,3,9,2,2,3,5,4
4,2,7,3,1,7,3,3,8,8,2,3,5,2,2,2,1,4,3,4,4,2,5,2,4,3,1,4,4,5,1,7,3,8,1,2,4,6,6,3,4,3,2,4,3,3,2,5,4,6,2,3,2,2,4,7,1,1,7,3,8,4,7,2,2,3,3,2,3,9,5,4,5,2,3,1,4,3,4,3,1,6,2,23,5,1,0,6,1,3,1,4,3,3,3,2,4,4,8,4,2,2,6,3,2,2,2,2,4,1,4,4,2,5,1,5,2,5,3,3,3,3,9,2,2,3,5,4
4,2,7,3,1,7,3,3,8,8,2,3,5,2,2,2,1,4,3,4,4,2,5,2,4,3,1,4,4,5,1,7,3,8,1,2,4,6,6,3,4,3,2,4,3,3,2,5,4,6,2,3,2,2,4,7,1,1,7,3,8,4,7,2,2,3,3,2,3,9,5,4,5,2,3,6,2,1,2,2,17,5,1,3,5,3,8,1,1,1,4,1,5,2,1,3,3,3,3,3,1,2,3,2,7,3,4,1,6,0,2,2,4,2,5,2,5,2,4,2,3,3,3,2,4,4,3,5
4,5,3,2,5,2,1,4,3,3,3,6,2,4,2,4,4,4,5,5,4,2,3,2,3,2,3,3,5,2,2,2,3,4,4,1,1,3,4,3,4,4,4,7,2,1,2,2,3,7,2,3,2,6,3,3,1,2,2,2,2,2,2,2,3,3,4,3,10,2,4,5,1,5,3,6,2,1,2,2,17,5,1,3,5,3,8,1,1,1,4,1,5,2,1,3,3,3,3,3,1,2,3,2,7,3,4,1,6,0,2,2,4,2,5,2,5,2,4,2,3,3,3,2,4,4,3,5
8,5,3,2,5,2,1,4,3,3,3,6,2,4,2,4,4,4,5,5,4,2,3,2,3,2,3,3,5,2,2,2,3,4,4,1,1,3,4,3,4,4,4,7,2,1,2,2,3,7,2,3,2,6,3,3,1,2,2,2,2,2,2,2,3,3,4,3,10,2,4,5,1,5,3,6,1,3,2,5,2,5,1,1,6,4,23,0,1,4,3,2,5,1,5,5,4,3,3,5,3,14,6,2,4,4,0,1,5,2,5,7,2,1,2,3,5,3,3,2,4,1,1,4,3,1,3,7
8,5,2,4,1,3,2,1,2,3,2,5,3,4,3,3,2,1,2,2,3,1,3,3,3,1,5,5,3,2,1,5,2,2,6,5,3,6,1,3,1,5,4,4,3,2,3,1,7,1,4,2,4,4,4,5,1,7,2,5,3,4,1,6,5,2,6,4,2,3,4,3,4,7,1,6,1,3,2,5,2,5,1,1,6,4,23,0,1,4,3,2,5,1,5,5,4,3,3,5,3,14,6,2,4,4,0,1,5,2,5,7,2,1,2,3,5,3,3,2,4,1,1,4,3,1,3,7
2,5,2,4,1,3,2,1,2,3,2,5,3,4,3,3,2,1,2,2,3,1,3,3,3,1,5,5,3,2,1,5,2,2,6,5,3,6,1,3,1,5,4,4,3,2,3,1,7,1,4,2,4,4,4,5,1,7,2,5,3,4,1,6,5,2,6,4,2,3,4,3,4,7,1,3,6,2,3,11,1,2,29,5,3,4,5,5,6,2,0,2,3,0,1,4,4,3,2,5,6,2,6,4,5,1,5,6,1,3,0,2,8,3,1,8,2,2,5,4,3,4,5,6,7,2,3,2
2,2,3,2,5,0,6,2,6,4,1,2,7,3,3,2,1,6,6,4,2,2,4,4,3,3,2,2,3,3,2,6,6,2,1,4,4,5,4,3,1,4,4,5,2,3,3,1,4,5,4,4,9,2,2,1,2,1,3,3,10,4,8,1,4,5,2,0,4,3,3,3,0,4,6,3,6,2,3,11,1,2,29,5,3,4,5,5,6,2,0,2,3,0,1,4,4,3,2,5,6,2,6,4,5,1,5,6,1,3,0,2,8,3,1,8,2,2,5,4,3,4,5,6,7,2,3,2
4,2,3,2,5,0,6,2,6,4,1,2,7,3,3,2,1,6,6,4,2,2,4,4,3,3,2,2,3,3,2,6,6,2,1,4,4,5,4,3,1,4,4,5,2,3,3,1,4,5,4,4,9,2,2,1,2,1,3,3,10,4,8,1,4,5,2,0,4,3,3,3,0,4,6,2,4,2,9,2,6,1,3,24,12,0,6,3,1,3,2,1,5,2,1,2,4,2,4,6,3,8,2,3,3,8,4,3,6,2,1,3,2,5,9,1,1,2,4,5,2,64,20,0,0,0,1,2
6,6,2,3,1,3,2,2,1,1,2,5,5,2,7,2,6,2,4,4,5,1,2,3,3,6,2,1,2,6,3,2,5,2,4,2,1,6,5,3,1,4,3,2,3,3,4,3,6,5,0,3,1,8,2,3,0,2,3,6,4,8,3,2,4,6,2,6,2,3,2,5,3,3,5,2,4,2,9,2,6,1,3,24,12,0,6,3,1,3,2,1,5,2,1,2,4,2,4,6,3,8,2,3,3,8,4,3,6,2,1,3,2,5,9,1,1,2,4,5,2,64,20,0,0,0,1,2
6,6,2,3,1,3,2,2,1,1,2,5,5,2,7,2,6,2,4,4,5,1,2,3,3,6,2,1,2,6,3,2,5,2,4,2,1,6,5,3,1,4,3,2,3,3,4,3,6,5,0,3,1,8,2,3,0,2,3,6,4,8,3,2,4,6,2,6,2,3,2,5,3,3,5,3,2,5,4,3,15,3,1,3,2,3,2,6,2,2,2,2,1,3,2,2,1,4,2,8,2,4,5,1,4,4,3,4,3,8,2,2,2,1,3,2,8,1,69,52,0,0,0,0,0,1,57,16
1,3,4,2,5,5,2,3,4,2,2,5,3,2,1,2,2,2,3,3,3,1,2,1,8,4,3,3,2,10,1,1,3,4,2,6,7,1,4,2,1,2,7,3,2,0,2,4,5,3,9,6,4,0,5,1,2,9,6,4,1,2,3,2,3,1,5,4,4,3,4,6,3,2,5,3,2,5,4,3,15,3,1,3,2,3,2,6,2,2,2,2,1,3,2,2,1,4,2,8,2,4,5,1,4,4,3,4,3,8,2,2,2,1,3,2,8,1,69,52,0,0,0,0,0,1,57,16
1,3,4,2,5,5,2,3,4,2,2,5,3,2,1,2,2,2,3,3,3,1,2,1,8,4,3,3,2,10,1,1,3,4,2,6,7,1,4,2,1,2,7,3,2,0,2,4,5,3,9,6,4,0,5,1,2,9,6,4,1,2,3,2,3,1,5,4,4,3,4,6,3,2,2,2,3,5,8,2,25,4,0,2,5,1,3,2,4,2,5,6,2,2,7,3,3,4,7,6,6,2,2,2,2,5,3,1,6,6,3,1,7,2,4,5,1,5,2,7,3,2,5,3,3,64,21,0
5,3,1,2,3,1,4,2,3,5,3,2,3,5,7,3,3,0,3,3,5,4,7,1,2,4,1,8,4,2,1,5,1,1,5,3,3,3,6,3,3,5,2,3,3,4,29,0,1,4,2,3,37,0,2,1,1,3,1,1,2,8,4,1,1,6,2,1,4,5,2,1,3,1,2,2,3,5,8,2,25,4,0,2,5,1,3,2,4,2,5,6,2,2,7,3,3,4,7,6,6,2,2,2,2,5,3,1,6,6,3,1,7,2,4,5,1,5,2,7,3,2,5,3,3,64,21,0
5,3,1,2,3,1,4,2,3,5,3,2,3,5,7,3,3,0,3,3,5,4,7,1,2,4,1,8,4,2,1,5,1,1,5,3,3,3,6,3,3,5,2,3,3,4,29,0,1,4,2,3,37,0,2,1,1,3,1,1,2,8,4,1,1,6,2,1,4,5,2,1,3,1,2,5,6,4,3,2,1,1,3,19,0,5,5,3,1,1,4,4,3,4,2,8,4,2,7,4,2,3,1,6,2,4,4,3,3,1,5,2,3,3,8,4,3,5,1,4,5,3,1,4,2,3,74,0
4,3,3,12,2,2,1,3,2,3,5,6,6,7,1,5,3,7,3,2,5,7,2,1,4,2,3,3,3,3,4,2,3,8,2,2,4,3,1,3,4,4,6,3,3,0,0,5,4,3,1,3,2,4,6,3,2,3,57,0,0,1,0,1,3,0,3,5,4,3,6,6,2,3,2,5,6,4,3,2,1,1,3,19,0,5,5,3,1,1,4,4,3,4,2,8,4,2,7,4,2,3,1,6,2,4,4,3,3,1,5,2,3,3,8,4,3,5,1,4,5,3,1,4,2,3,74,0
4,3,3,12,2,2,1,3,2,3,5,6,6,7,1,5,3,7,3,2,5,7,2,1,4,2,3,3,3,3,4,2,3,8,2,2,4,3,1,3,4,4,6,3,3,0,0,5,4,3,1,3,2,4,6,3,2,3,57,0,0,1,0,1,3,0,3,5,4,3,6,6,2,3,2,3,3,1,2,6,2,23,25,0,1,2,3,2,3,4,2,1,2,2,3,2,7,7,0,4,2,5,4,0,7,6,6,2,2,6,2,4,2,3,2,7,8,3,1,3,4,2,2,4,1,1,2,1
3,5,1,3,7,5,4,3,6,4,4,8,3,3,2,2,5,1,3,3,2,2,7,3,2,8,6,2,3,4,3,1,4,5,5,1,2,10,6,1,1,3,1,3,3,3,4,4,6,5,49,34,0,0,0,1,4,1,5,2,2,6,1,6,1,3,1,3,6,3,3,2,4,5,2,3,3,1,2,6,2,23,25,0,1,2,3,2,3,4,2,1,2,2,3,2,7,7,0,4,2,5,4,0,7,6,6,2,2,6,2,4,2,3,2,7,8,3,1,3,4,2,2,4,1,1,2,1
3,5,1,3,7,5,4,3,6,4,4,8,3,3,2,2,5,1,3,3,2,2,7,3,2,8,6,2,3,4,3,1,4,5,5,1,2,10,6,1,1,3,1,3,3,3,4,4,6,5,49,34,0,0,0,1,4,1,5,2,2,6,1,6,1,3,1,3,6,3,3,2,4,5,3,2,2,2,1,1,4,6,3,32,5,0,2,1,3,1,1,2,9,3,5,0,3,2,5,1,6,2,2,3,8,1,5,2,2,4,3,66,0,0,1,0,5,3,4,2,1,4,5,0,1,1,6,3
3,3,6,3,3,3,0,4,2,7,5,3,2,2,6,3,4,5,2,4,3,1,7,3,3,2,6,7,4,6,7,3,4,0,2,6,1,3,1,2,4,4,3,2,7,5,3,2,2,7,2,1,4,1,4,5,3,3,5,4,0,4,1,7,1,2,2,5,5,3,6,1,4,2,3,2,2,2,1,1,4,6,3,32,5,0,2,1,3,1,1,2,9,3,5,0,3,2,5,1,6,2,2,3,8,1,5,2,2,4,3,66,0,0,1,0,5,3,4,2,1,4,5,0,1,1,6,3
3,3,6,3,3,3,0,4,2,7,5,3,2,2,6,3,4,5,2,4,3,1,7,3,3,2,6,7,4,6,7,3,4,0,2,6,1,3,1,2,4,4,3,2,7,5,3,2,2,7,2,1,4,1,4,5,3,3,5,4,0,4,1,7,1,2,2,5,5,3,6,1,4,2,3,3,4,3,1,4,3,1,20,4,1,5,1,2,3,5,2,1,1,2,3,2,2,2,2,3,2,2,5,3,7,3,3,0,7,1,4,5,1,3,3,4,5,4,4,3,4,3,6,2,3,3,3,3
5,6,4,4,2,4,1,5,0,3,3,9,5,3,4,1,3,8,4,5,2,4,5,2,1,4,3,1,3,3,6,3,2,5,5,1,3,4,9,4,6,5,6,3,6,1,3,2,2,4,3,4,5,2,2,1,2,4,3,6,6,2,1,2,3,6,6,4,2,3,1,2,3,3,1,3,4,3,1,4,3,1,20,4,1,5,1,2,3,5,2,1,1,2,3,2,2,2,2,3,2,2,5,3,7,3,3,0,7,1,4,5,1,3,3,4,5,4,4,3,4,3,6,2,3,3,3,3
5,6,4,4,2,4,1,5,0,3,3,9,5,3,4,1,3,8,4,5,2,4,5,2,1,4,3,1,3,3,6,3,2,5,5,1,3,4,9,4,6,5,6,3,6,1,3,2,2,4,3,4,5,2,2,1,2,4,3,6,6,2,1,2,3,6,6,4,2,3,1,2,3,3,1,3,2,5,2,5,2,4,2,1,24,2,2,1,4,5,5,6,2,2,4,2,3,2,3,4,3,4,2,2,5,5,3,8,5,4,1,5,1,5,5,1,7,2,6,3,5,3,3,3,3,5,5,1
3,4,5,2,1,5,4,0,2,5,2,4,2,6,6,5,3,5,2,2,5,4,1,2,1,4,5,3,10,2,1,1,3,3,4,2,7,6,1,3,4,3,3,4,3,1,1,3,3,2,3,3,5,4,2,3,5,5,0,4,5,1,4,3,1,6,5,2,4,2,5,5,3,3,5,3,2,5,2,5,2,4,2,1,24,2,2,1,4,5,5,6,2,2,4,2,3,2,3,4,3,4,2,2,5,5,3,8,5,4,1,5,1,5,5,1,7,2,6,3,5,3,3,3,3,5,5,1
3,4,5,2,1,5,4,0,2,5,2,4,2,6,6,5,3,5,2,2,5,4,1,2,1,4,5,3,10,2,1,1,3,3,4,2,7,6,1,3,4,3,3,4,3,1,1,3,3,2,3,3,5,4,2,3,5,5,0,4,5,1,4,3,1,6,5,2,4,2,5,5,3,3,5,10,4,0,4,4,0,2,34,0,2,1,1,1,6,0,4,0,2,3,2,5,3,6,6,4,2,2,3,5,3,1,7,3,3,1,7,4,2,5,5,2,4,1,4,5,6,2,1,6,0,3,5,4
2,3,2,2,2,6,3,3,1,4,2,2,3,1,3,8,6,3,1,0,1,3,4,4,3,2,0,6,3,2,4,3,5,1,1,1,4,8,3,2,4,2,6,4,2,4,5,6,2,1,5,53,0,0,0,2,2,2,2,2,2,2,2,2,4,2,0,6,3,1,4,6,8,1,1,10,4,0,4,4,0,2,34,0,2,1,1,1,6,0,4,0,2,3,2,5,3,6,6,4,2,2,3,5,3,1,7,3,3,1,7,4,2,5,5,2,4,1,4,5,6,2,1,6,0,3,5,4
2,3,2,2,2,6,3,3,1,4,2,2,3,1,3,8,6,3,1,0,1,3,4,4,3,2,0,6,3,2,4,3,5,1,1,1,4,8,3,2,4,2,6,4,2,4,5,6,2,1,5,53,0,0,0,2,2,2,2,2,2,2,2,2,4,2,0,6,3,1,4,6,8,1,1,2,2,2,6,1,2,5,5,3,29,1,2,1,0,1,1,1,4,4,3,1,3,3,7,3,5,2,2,4,3,2,3,2,2,2,4,3,5,3,2,7,1,3,5,1,4,2,2,5,31,4,1,2
3,1,3,4,3,2,2,2,3,5,4,2,4,4,4,4,3,1,2,5,2,2,3,3,2,6,6,4,5,3,0,2,2,1,11,4,4,2,4,3,4,1,4,4,4,2,4,1,0,1,6,3,2,4,1,3,4,3,2,5,2,1,5,4,4,2,5,1,3,3,5,3,4,8,2,2,2,2,6,1,2,5,5,3,29,1,2,1,0,1,1,1,4,4,3,1,3,3,7,3,5,2,2,4,3,2,3,2,2,2,4,3,5,3,2,7,1,3,5,1,4,2,2,5,31,4,1,2
3,1,3,4,3,2,2,2,3,5,4,2,4,4,4,4,3,1,2,5,2,2,3,3,2,6,6,4,5,3,0,2,2,1,11,4,4,2,4,3,4,1,4,4,4,2,4,1,0,1,6,3,2,4,1,3,4,3,2,5,2,1,5,4,4,2,5,1,3,3,5,3,4,8,3,1,5,3,1,4,1,13,4,7,1,2,2,3,3,2,4,4,5,4,4,4,2,6,4,3,1,3,4,7,4,3,0,3,7,2,4,4,4,3,4,5,5,2,2,2,1,3,3,8,3,3,3,1
1,3,2,3,2,2,3,6,3,5,6,3,2,7,3,2,3,3,1,2,3,2,5,2,7,3,2,3,3,2,3,6,3,7,3,3,2,2,4,6,4,4,4,0,3,3,3,1,5,0,2,3,1,2,5,3,3,3,1,2,5,5,4,2,4,3,3,2,3,2,5,1,4,4,0,1,5,3,1,4,1,13,4,7,1,2,2,3,3,2,4,4,5,4,4,4,2,6,4,3,1,3,4,7,4,3,0,3,7,2,4,4,4,3,4,5,5,2,2,2,1,3,3,8,3,3,3,1
1,3,2,3,2,2,3,6,3,5,6,3,2,7,3,2,3,3,1,2,3,2,5,2,7,3,2,3,3,2,3,6,3,7,3,3,2,2,4,6,4,4,4,0,3,3,3,1,5,0,2,3,1,2,5,3,3,3,1,2,5,5,4,2,4,3,3,2,3,2,5,1,4,4,0,4,3,4,3,6,1,8,1,25,4,0,1,1,6,4,2,1,2,2,2,3,5,4,7,6,2,6,3,2,3,7,7,6,1,5,4,0,55,15,0,0,4,2,0,2,2,5,4,1,2,2,2,5
5,0,4,0,6,4,2,6,5,3,2,2,5,4,6,3,2,2,4,3,2,4,2,2,0,3,4,3,6,6,2,4,1,2,6,5,2,5,3,3,2,3,2,3,1,8,3,2,8,1,3,4,4,1,3,5,4,4,5,6,6,3,4,4,2,3,1,1,3,5,2,1,3,7,1,4,3,4,3,6,1,8,1,25,4,0,1,1,6,4,2,1,2,2,2,3,5,4,7,6,2,6,3,2,3,7,7,6,1,5,4,0,55,15,0,0,4,2,0,2,2,5,4,1,2,2,2,5
5,0,4,0,6,4,2,6,5,3,2,2,5,4,6,3,2,2,4,3,2,4,2,2,0,3,4,3,6,6,2,4,1,2,6,5,2,5,3,3,2,3,2,3,1,8,3,2,8,1,3,4,4,1,3,5,4,4,5,6,6,3,4,4,2,3,1,1,3,5,2,1,3,7,1,1,2,3,13,9,3,3,2,5,5,5,4,4,5,5,1,1,3,2,6,2,3,3,3,1,2,6,3,47,0,0,2,0,3,0,3,2,3,1,5,1,12,2,1,3,5,2,1,5,3,3,6,3
2,2,3,2,3,1,5,3,2,5,3,4,4,2,5,3,2,3,4,4,2,2,2,5,1,0,3,3,7,3,4,1,1,1,3,2,4,3,5,3,5,5,5,2,4,3,1,2,3,5,4,3,3,2,2,2,3,5,2,5,3,4,5,4,6,4,4,8,4,5,3,3,3,1,1,1,2,3,13,9,3,3,2,5,5,5,4,4,5,5,1,1,3,2,6,2,3,3,3,1,2,6,3,47,0,0,2,0,3,0,3,2,3,1,5,1,12,2,1,3,5,2,1,5,3,3,6,3
2,2,3,2,3,1,5,3,2,5,3,4,4,2,5,3,2,3,4,4,2,2,2,5,1,0,3,3,7,3,4,1,1,1,3,2,4,3,5,3,5,5,5,2,4,3,1,2,3,5,4,3,3,2,2,2,3,5,2,5,3,4,5,4,6,4,4,8,4,5,3,3,3,1,1,4,2,2,3,1,3,4,5,20,1,2,2,5,1,2,3,2,5,1,4,2,3,4,6,0,2,7,3,6,3,2,2,2,1,2,3,5,2,5,0,5,4,3,6,2,4,3,3,3,2,4,4,5
7,2,3,3,2,4,2,3,7,2,1,3,2,3,6,7,3,3,4,1,2,3,5,2,1,4,5,2,4,3,7,8,2,5,2,5,5,1,9,1,4,3,4,2,1,4,2,3,1,5,5,2,4,4,2,5,5,4,5,2,4,9,5,1,3,3,4,5,5,5,6,5,5,4,3,3,6,2,2,2,20,0,1,7,0,2,4,3,7,2,8,4,5,0,3,3,3,6,2,4,1,3,4,9,1,1,2,5,2,3,4,4,5,2,1,5,8,4,6,1,5,6,6,1,1,2,4,4
7,2,3,3,2,4,2,3,7,2,1,3,2,3,6,7,3,3,4,1,2,3,5,2,1,4,5,2,4,3,7,8,2,5,2,5,5,1,9,1,4,3,4,2,1,4,2,3,1,5,5,2,4,4,2,5,5,4,5,2,4,9,5,1,3,3,4,5,5,5,6,5,5,4,3,3,10,6,1,2,2,2,3,4,2,7,3,1,26,2,3,1,4,0,6,1,1,5,1,3,1,3,4,2,3,2,3,3,1,5,2,4,3,2,2,3,3,3,4,7,3,3,10,2,2,6,3,4
6,5,2,1,4,2,6,8,7,2,1,10,6,0,8,3,5,2,8,2,0,4,2,2,2,5,2,4,2,6,3,1,3,3,6,2,1,5,1,4,3,5,3,5,5,2,3,5,3,2,2,2,2,1,5,4,5,2,1,4,14,2,2,2,4,5,1,2,4,3,0,5,3,6,1,3,10,6,1,2,2,2,3,4,2,7,3,1,26,2,3,1,4,0,6,1,1,5,1,3,1,3,4,2,3,2,3,3,1,5,2,4,3,2,2,3,3,3,4,7,3,3,10,2,2,6,3,4
6,5,2,1,4,2,6,8,7,2,1,10,6,0,8,3,5,2,8,2,0,4,2,2,2,5,2,4,2,6,3,1,3,3,6,2,1,5,1,4,3,5,3,5,5,2,3,5,3,2,2,2,2,1,5,4,5,2,1,4,14,2,2,2,4,5,1,2,4,3,0,5,3,6,0,2,3,0,4,8,2,2,3,5,3,2,1,4,5,2,4,5,7,35,29,6,0,6,1,0,6,7,2,8,3,3,5,5,0,5,2,2,2,5,5,4,2,2,3,3,3,2,2,4,3,2,4,2
4,2,3,3,2,3,1,1,4,2,6,6,8,9,3,1,5,0,1,8,2,1,3,2,4,5,5,3,2,4,5,1,2,4,1,3,5,8,2,3,1,3,5,5,2,2,2,1,1,6,2,4,3,4,2,5,4,3,8,5,5,4,3,2,1,0,2,4,2,7,2,4,6,4,1,2,3,0,4,8,2,2,3,5,3,2,1,4,5,2,4,5,7,35,29,6,0,6,1,0,6,7,2,8,3,3,5,5,0,5,2,2,2,5,5,4,2,2,3,3,3,2,2,4,3,2,4,2
4,2,3,3,2,3,1,1,4,2,6,6,8,9,3,1,5,0,1,8,2,1,3,2,4,5,5,3,2,4,5,1,2,4,1,3,5,8,2,3,1,3,5,5,2,2,2,1,1,6,2,4,3,4,2,5,4,3,8,5,5,4,3,2,1,0,2,4,2,7,2,4,6,4,1,1,2,1,3,3,1,1,0,3,7,2,1,3,5,4,4,6,5,1,4,3,1,7,1,3,0,4,2,2,2,1,5,2,6,6,5,3,2,2,3,7,7,4,2,5,2,5,2,4,3,3,5,4
2,2,3,3,8,6,2,4,2,2,3,7,1,7,1,4,3,4,2,5,2,1,2,7,4,2,2,3,1,0,3,3,3,1,4,2,0,3,6,2,6,3,3,2,3,4,2,3,4,4,1,3,3,4,3,5,6,2,5,2,3,2,3,1,2,2,4,1,6,5,6,3,3,0,6,1,2,1,3,3,1,1,0,3,7,2,1,3,5,4,4,6,5,1,4,3,1,7,1,3,0,4,2,2,2,1,5,2,6,6,5,3,2,2,3,7,7,4,2,5,2,5,2,4,3,3,5,4
2,2,3,3,8,6,2,4,2,2,3,7,1,7,1,4,3,4,2,5,2,1,2,7,4,2,2,3,1,0,3,3,3,1,4,2,0,3,6,2,6,3,3,2,3,4,2,3,4,4,1,3,3,4,3,5,6,2,5,2,3,2,3,1,2,2,4,1,6,5,6,3,3,0,6,4,1,6,6,1,15,2,2,6,2,5,1,2,5,4,2,5,5,2,4,4,4,7,2,1,4,4,1,1,4,4,6,6,2,2,4,3,6,2,4,5,3,2,3,5,2,2,2,2,1,6,5,4
1,2,3,3,2,5,4,3,2,4,2,3,3,2,4,2,3,2,5,2,3,3,1,3,2,6,5,2,3,7,4,4,4,3,1,4,5,2,5,3,1,1,0,1,1,3,2,2,4,2,3,5,2,2,9,3,2,2,2,7,5,3,4,3,1,3,4,1,2,4,3,4,4,4,3,4,1,6,6,1,15,2,2,6,2,5,1,2,5,4,2,5,5,2,4,4,4,7,2,1,4,4,1,1,4,4,6,6,2,2,4,3,6,2,4,5,3,2,3,5,2,2,2,2,1,6,5,4
1,2,3,3,2,5,4,3,2,4,2,3,3,2,4,2,3,2,5,2,3,3,1,3,2,6,5,2,3,7,4,4,4,3,1,4,5,2,5,3,1,1,0,1,1,3,2,2,4,2,3,5,2,2,9,3,2,2,2,7,5,3,4,3,1,3,4,1,2,4,3,4,4,4,3,3,7,3,1,3,4,4,1,2,7,3,5,3,3,2,3,3,42,0,1,2,5,2,1,1,2,6,0,5,2,2,3,1,5,3,3,3,3,1,3,1,3,1,4,3,2,6,6,4,3,3,6,4
5,5,2,4,0,3,3,2,3,3,1,7,1,1,3,3,3,9,1,1,3,2,2,5,3,1,1,4,3,7,7,3,8,2,2,5,4,4,1,2,5,5,4,0,3,1,5,3,2,7,0,4,5,3,2,4,1,3,0,1,2,2,6,4,1,7,3,4,5,3,3,1,5,2,5,3,7,3,1,3,4,4,1,2,7,3,5,3,3,2,3,3,42,0,1,2,5,2,1,1,2,6,0,5,2,2,3,1,5,3,3,3,3,1,3,1,3,1,4,3,2,6,6,4,3,3,6,4
5,5,2,4,0,3,3,2,3,3,1,7,1,1,3,3,3,9,1,1,3,2,2,5,3,1,1,4,3,7,7,3,8,2,2,5,4,4,1,2,5,5,4,0,3,1,5,3,2,7,0,4,5,3,2,4,1,3,0,1,2,2,6,4,1,7,3,4,5,3,3,1,5,2,5,5,4,0,2,2,2,4,3,36,0,2,3,4,0,0,2,1,3,2,2,2,4,7,1,3,4,4,2,5,3,2,4,7,2,7,4,2,7,4,3,1,1,3,5,3,4,1,2,2,2,6,4,5
2,1,0,4,2,2,0,1,6,2,3,4,4,3,2,3,5,5,6,0,2,4,4,3,1,3,2,1,5,6,2,7,4,4,6,5,4,3,2,4,2,2,3,5,2,9,4,5,1,2,4,2,5,6,1,3,5,1,2,3,3,4,5,11,8,1,3,1,6,2,2,3,5,3,8,5,4,0,2,2,2,4,3,36,0,2,3,4,0,0,2,1,3,2,2,2,4,7,1,3,4,4,2,5,3,2,4,7,2,7,4,2,7,4,3,1,1,3,5,3,4,1,2,2,2,6,4,5
2,1,0,4,2,2,0,1,6,2,3,4,4,3,2,3,5,5,6,0,2,4,4,3,1,3,2,1,5,6,2,7,4,4,6,5,4,3,2,4,2,2,3,5,2,9,4,5,1,2,4,2,5,6,1,3,5,1,2,3,3,4,5,11,8,1,3,1,6,2,2,3,5,3,8,1,3,3,1,5,8,1,5,28,2,2,1,1,2,11,1,3,1,4,3,4,4,5,7,1,1,2,6,5,7,1,5,1,2,7,10,4,2,4,5,5,2,4,1,5,2,3,6,2,3,4,4,2
2,6,5,1,3,3,3,2,1,3,1,1,2,4,5,3,2,1,7,3,6,4,2,2,3,2,1,2,4,2,1,3,4,5,2,5,7,4,2,2,2,1,3,3,9,6,4,5,3,5,4,2,2,5,2,2,3,2,4,4,2,2,6,2,4,9,3,4,3,0,2,4,4,3,3,1,3,3,1,5,8,1,5,28,2,2,1,1,2,11,1,3,1,4,3,4,4,5,7,1,1,2,6,5,7,1,5,1,2,7,10,4,2,4,5,5,2,4,1,5,2,3,6,2,3,4,4,2
2,6,5,1,3,3,3,2,1,3,1,1,2,4,5,3,2,1,7,3,6,4,2,2,3,2,1,2,4,2,1,3,4,5,2,5,7,4,2,2,2,1,3,3,9,6,4,5,3,5,4,2,2,5,2,2,3,2,4,4,2,2,6,2,4,9,3,4,3,0,2,4,4,3,3,2,4,3,3,13,9,8,6,4,1,4,1,2,1,5,2,3,3,7,2,3,2,1,2,2,4,5,8,5,2,4,1,2,7,1,6,3,1,9,5,1,3,5,4,1,2,7,4,6,3,5,4,2
2,1,2,1,4,2,2,4,4,4,4,2,3,3,2,5,4,3,4,2,3,6,2,3,3,7,0,6,1,6,3,0,5,1,7,3,3,2,3,6,4,9,2,4,1,5,1,0,2,6,4,2,3,1,4,7,5,1,3,4,8,6,5,1,3,3,2,5,3,3,5,2,4,8,5,3,4,3,3,13,9,8,6,4,1,4,1,2,1,5,2,3,3,7,2,3,2,1,2,2,4,5,8,5,2,4,1,2,7,1,6,3,1,9,5,1,3,5,4,1,2,7,4,6,3,5,4,2
2,1,2,1,4,2,2,4,4,4,4,2,3,3,2,5,4,3,4,2,3,6,2,3,3,7,0,6,1,6,3,0,5,1,7,3,3,2,3,6,4,9,2,4,1,5,1,0,2,6,4,2,3,1,4,7,5,1,3,4,8,6,5,1,3,3,2,5,3,3,5,2,4,8,5,5,0,4,2,4,4,6,12,3,2,4,3,2,2,3,3,4,2,3,3,2,1,1,2,3,5,4,4,7,8,4,3,4,5,5,3,5,4,4,3,5,0,4,5,6,3,4,6,1,9,2,4,3
2,3,3,5,4,3,7,5,1,1,3,3,6,3,4,2,6,2,4,3,6,4,3,2,1,6,2,3,2,5,1,3,5,9,0,0,6,0,3,2,4,2,2,2,4,1,1,3,1,4,4,1,6,4,1,5,3,3,1,2,5,2,3,1,3,4,3,3,8,3,2,9,1,4,3,5,0,4,2,4,4,6,12,3,2,4,3,2,2,3,3,4,2,3,3,2,1,1,2,3,5,4,4,7,8,4,3,4,5,5,3,5,4,4,3,5,0,4,5,6,3,4,6,1,9,2,4,3
2,3,3,5,4,3,7,5,1,1,3,3,6,3,4,2,6,2,4,3,6,4,3,2,1,6,2,3,2,5,1,3,5,9,0,0,6,0,3,2,4,2,2,2,4,1,1,3,1,4,4,1,6,4,1,5,3,3,1,2,5,2,3,1,3,4,3,3,8,3,2,9,1,4,3,1,2,1,2,6,4,2,18,3,0,1,4,1,6,1,2,7,1,3,6,3,2,6,1,3,9,1,4,7,4,4,3,4,4,2,1,6,2,3,5,2,3,3,8,4,7,3,0,4,4,2,3,1
6,4,1,2,6,3,3,3,2,6,2,4,3,2,3,1,2,2,5,6,4,2,2,2,4,5,5,1,4,3,4,7,6,2,2,4,2,4,2,6,2,1,5,3,1,6,3,2,3,3,1,4,4,4,4,4,0,4,3,4,4,2,4,4,0,3,1,4,3,2,3,2,4,4,3,1,2,1,2,6,4,2,18,3,0,1,4,1,6,1,2,7,1,3,6,3,2,6,1,3,9,1,4,7,4,4,3,4,4,2,1,6,2,3,5,2,3,3,8,4,7,3,0,4,4,2,3,1
6,4,1,2,6,3,3,3,2,6,2,4,3,2,3,1,2,2,5,6,4,2,2,2,4,5,5,1,4,3,4,7,6,2,2,4,2,4,2,6,2,1,5,3,1,6,3,2,3,3,1,4,4,4,4,4,0,4,3,4,4,2,4,4,0,3,1,4,3,2,3,2,4,4,3,3,4,1,6,2,5,4,2,1,1,5,6,6,4,2,32,3,0,3,3,2,3,2,4,2,1,5,3,2,1,4,7,2,7,3,6,2,2,3,1,3,5,2,7,2,3,2,1,3,3,3,1,5
2,2,4,1,6,6,4,3,4,1,0,2,4,1,3,2,5,3,3,1,5,5,2,1,2,2,3,1,5,3,2,6,3,3,6,3,7,6,4,5,9,1,3,2,4,7,1,4,2,6,1,2,4,1,3,2,4,1,3,5,2,1,4,3,6,2,3,3,3,4,3,3,3,7,1,3,4,1,6,2,5,4,2,1,1,5,6,6,4,2,32,3,0,3,3,2,3,2,4,2,1,5,3,2,1,4,7,2,7,3,6,2,2,3,1,3,5,2,7,2,3,2,1,3,3,3,1,5
2,2,4,1,6,6,4,3,4,1,0,2,4,1,3,2,5,3,3,1,5,5,2,1,2,2,3,1,5,3,2,6,3,3,6,3,7,6,4,5,9,1,3,2,4,7,1,4,2,6,1,2,4,1,3,2,4,1,3,5,2,1,4,3,6,2,3,3,3,4,3,3,3,7,1,5,4,2,1,5,3,6,3,4,7,28,0,0,4,2,2,6,6,0,2,4,1,3,5,5,1,3,2,3,3,4,4,8,7,3,7,3,4,2,3,3,5,3,7,2,1,2,3,5,7,6,4,4
4,1,0,3,2,4,1,4,4,4,7,4,2,5,2,3,2,4,6,2,2,2,4,4,2,2,2,4,3,14,3,5,2,2,2,5,1,1,3,4,10,8,2,2,4,2,2,7,2,5,2,1,2,5,3,3,3,1,3,2,2,2,1,2,4,2,2,1,3,4,3,1,2,8,5,5,4,2,1,5,3,6,3,4,7,28,0,0,4,2,2,6,6,0,2,4,1,3,5,5,1,3,2,3,3,4,4,8,7,3,7,3,4,2,3,3,5,3,7,2,1,2,3,5,7,6,4,4
4,1,0,3,2,4,1,4,4,4,7,4,2,5,2,3,2,4,6,2,2,2,4,4,2,2,2,4,3,14,3,5,2,2,2,5,1,1,3,4,10,8,2,2,4,2,2,7,2,5,2,1,2,5,3,3,3,1,3,2,2,2,1,2,4,2,2,1,3,4,3,1,2,8,5,1,3,0,3,5,3,3,2,33,25,0,0,2,4,1,2,1,4,5,9,4,4,5,3,4,4,1,1,2,4,4,4,3,1,5,3,3,7,1,5,8,4,2,4,2,4,6,2,6,4,6,1,2
4,3,2,2,3,6,2,2,3,5,5,8,2,0,4,4,3,5,4,4,2,4,2,2,2,3,3,2,3,3,2,4,5,5,2,1,1,3,7,8,3,3,1,4,4,1,1,5,2,3,2,4,3,6,5,6,5,1,3,3,1,1,3,3,3,2,4,3,6,2,7,7,2,5,5,1,3,0,3,5,3,3,2,33,25,0,0,2,4,1,2,1,4,5,9,4,4,5,3,4,4,1,1,2,4,4,4,3,1,5,3,3,7,1,5,8,4,2,4,2,4,6,2,6,4,6,1,2
4,3,2,2,3,6,2,2,3,5,5,8,2,0,4,4,3,5,4,4,2,4,2,2,2,3,3,2,3,3,2,4,5,5,2,1,1,3,7,8,3,3,1,4,4,1,1,5,2,3,2,4,3,6,5,6,5,1,3,3,1,1,3,3,3,2,4,3,6,2,7,7,2,5,5,1,2,6,6,0,5,2,8,1,3,3,5,3,2,3,5,6,31,1,2,2,0,4,2,4,3,1,6,3,5,2,5,3,3,2,9,4,2,4,3,1,4,4,5,3,2,4,5,1,3,3,10,1
4,2,2,5,3,4,1,1,6,2,2,5,3,3,6,4,2,3,1,3,1,4,3,3,1,5,3,7,3,2,2,5,4,5,4,6,3,4,4,4,1,2,2,5,2,5,3,5,6,2,5,0,3,4,4,4,4,2,5,2,3,3,2,2,2,8,5,10,9,2,2,2,1,6,2,1,2,6,6,0,5,2,8,1,3,3,5,3,2,3,5,6,31,1,2,2,0,4,2,4,3,1,6,3,5,2,5,3,3,2,9,4,2,4,3,1,4,4,5,3,2,4,5,1,3,3,10,1
3,2,2,5,3,4,1,1,6,2,2,5,3,3,6,4,2,3,1,3,1,4,3,3,1,5,3,7,3,2,2,5,4,5,4,6,3,4,4,4,1,2,2,5,2,5,3,5,6,2,5,0,3,4,4,4,4,2,5,2,3,3,2,2,2,8,5,10,9,2,2,2,1,6,2,3,1,3,4,7,2,6,1,27,7,5,2,3,4,1,1,5,1,4,1,3,1,2,3,1,6,4,2,4,3,4,5,1,1,3,4,1,3,2,2,7,4,3,1,2,5,3,1,4,4,1,3,2
3,5,3,9,1,4,5,2,5,3,4,6,2,2,2,4,1,1,2,2,4,3,6,3,2,2,6,6,2,3,1,2,6,2,7,4,1,4,1,4,4,5,3,1,4,2,4,4,3,1,6,7,2,1,2,1,7,5,3,4,10,2,6,3,2,4,3,4,4,2,7,5,7,4,1,3,1,3,4,7,2,6,1,27,7,5,2,3,4,1,1,5,1,4,1,3,1,2,3,1,6,4,2,4,3,4,5,1,1,3,4,1,3,2,2,7,4,3,1,2,5,3,1,4,4,1,3,2
3,5,3,9,1,4,5,2,5,3,4,6,2,2,2,4,1,1,2,2,4,3,6,3,2,2,6,6,2,3,1,2,6,2,7,4,1,4,1,4,4,5,3,1,4,2,4,4,3,1,6,7,2,1,2,1,7,5,3,4,10,2,6,3,2,4,3,4,4,2,7,5,7,4,2,4,2,1,4,3,27,4,4,8,2,4,3,6,2,1,4,3,2,7,4,2,1,2,1,6,6,7,2,4,1,3,6,3,5,3,2,2,6,5,3,7,1,4,3,5,3,2,6,4,9,3,2,10
3,0,5,3,3,4,4,3,4,2,7,6,3,1,2,3,5,4,4,3,4,3,2,2,1,2,2,1,1,4,2,3,6,4,2,7,6,1,5,3,2,4,2,3,0,2,3,3,2,2,4,1,2,3,4,40,27,1,1,1,2,5,0,2,5,2,4,2,4,4,4,2,3,4,2,4,2,1,4,3,27,4,4,8,2,4,3,6,2,1,4,3,2,7,4,2,1,2,1,6,6,7,2,4,1,3,6,3,5,3,2,2,6,5,3,7,1,4,3,5,3,2,6,4,9,3,2,10
2,0,5,3,3,4,4,3,4,2,7,6,3,1,2,3,5,4,4,3,4,3,2,2,1,2,2,1,1,4,2,3,6,4,2,7,6,1,5,3,2,4,2,3,0,2,3,3,2,2,4,1,2,3,4,40,27,1,1,1,2,5,0,2,5,2,4,2,4,4,4,2,3,4,1,6,2,4,3,5,5,2,3,1,4,1,3,5,3,7,2,3,6,47,0,0,0,1,2,4,2,2,3,2,2,1,1,7,4,4,3,2,2,0,3,1,3,2,6,3,0,4,9,2,4,4,0,3
2,3,2,5,5,5,3,2,2,5,2,3,2,4,1,2,3,4,4,4,5,2,5,3,1,1,1,3,3,1,6,9,2,3,3,4,2,5,2,5,1,2,3,5,3,0,3,3,1,1,3,5,4,2,5,3,3,4,2,3,2,5,5,2,1,2,1,3,3,5,7,3,5,3,6,6,2,4,3,5,5,2,3,1,4,1,3,5,3,7,2,3,6,47,0,0,0,1,2,4,2,2,3,2,2,1,1,7,4,4,3,2,2,0,3,1,3,2,6,3,0,4,9,2,4,4,0,3
2,3,2,5,5,5,3,2,2,5,2,3,2,4,1,2,3,4,4,4,5,2,5,3,1,1,1,3,3,1,6,9,2,3,3,4,2,5,2,5,1,2,3,5,3,0,3,3,1,1,3,5,4,2,5,3,3,4,2,3,2,5,5,2,1,2,1,3,3,5,7,3,5,3,6,0,3,5,1,2,1,6,4,3,4,6,4,6,4,2,5,2,3,7,2,2,4,5,1,6,6,2,2,4,7,8,42,1,0,0,2,0,4,1,3,2,2,4,1,1,4,7,1,4,1,3,3,3
8,6,5,0,2,7,3,3,2,8,5,2,2,6,4,2,2,4,2,1,3,5,4,3,2,2,4,2,4,3,5,4,4,1,5,1,2,3,2,3,6,3,3,2,4,5,6,1,2,5,5,2,1,1,2,2,6,4,2,6,4,3,4,1,2,3,3,4,1,6,4,5,4,1,4,0,3,5,1,2,1,6,4,3,4,6,4,6,4,2,5,2,3,7,2,2,4,5,1,6,6,2,2,4,7,8,42,1,0,0,2,0,4,1,3,2,2,4,1,1,4,7,1,4,1,3,3,3
8,6,5,0,2,7,3,3,2,8,5,2,2,6,4,2,2,4,2,1,3,5,4,3,2,2,4,2,4,3,5,4,4,1,5,1,2,3,2,3,6,3,3,2,4,5,6,1,2,5,5,2,1,1,2,2,6,4,2,6,4,3,4,1,2,3,3,4,1,6,4,5,4,1,4,2,3,5,4,2,3,1,3,3,2,2,3,5,3,3,38,27,0,2,2,2,2,2,2,4,4,4,6,6,4,1,1,11,0,6,2,1,1,2,2,52,7,0,62,29,0,0,0,4,0,1,2,1
5,3,0,1,3,7,6,5,1,3,3,4,4,4,4,1,1,4,2,1,4,3,4,3,2,2,2,3,6,3,7,1,2,13,3,3,2,7,3,1,4,2,5,5,3,6,4,6,1,4,3,4,3,5,3,5,0,1,1,7,4,3,3,4,4,4,5,1,5,4,4,2,5,2,3,2,3,5,4,2,3,1,3,3,2,2,3,5,3,3,38,27,0,2,2,2,2,2,2,4,4,4,6,6,4,1,1,11,0,6,2,1,1,2,2,52,7,0,62,29,0,0,0,4,0,1,2,1
5,3,0,1,3,7,6,5,1,3,3,4,4,4,4,1,1,4,2,1,4,3,4,3,2,2,2,3,6,3,7,1,2,13,3,3,2,7,3,1,4,2,5,5,3,6,4,6,1,4,3,4,3,5,3,5,0,1,1,7,4,3,3,4,4,4,5,1,5,4,4,2,5,2,3,1,5,3,1,4,2,4,24,1,0,2,0,5,5,1,4,3,1,4,1,3,2,2,6,3,5,2,3,2,3,2,11,1,1,2,1,4,4,3,6,4,6,3,3,1,6,6,3,2,1,2,3,4
2,4,2,5,6,4,2,6,5,1,6,4,4,5,4,1,3,2,2,4,4,3,4,2,4,5,2,2,2,2,5,7,5,4,2,2,2,3,3,7,1,3,5,7,3,7,0,3,2,3,5,4,4,2,8,3,4,4,3,4,3,2,3,2,3,2,1,4,4,3,0,7,2,5,7,1,5,3,1,4,2,4,24,1,0,2,0,5,5,1,4,3,1,4,1,3,2,2,6,3,5,2,3,2,3,2,11,1,1,2,1,4,4,3,6,4,6,3,3,1,6,6,3,2,1,2,3,4
2,4,2,5,6,4,2,6,5,1,6,4,4,5,4,1,3,2,2,4,4,3,4,2,4,5,2,2,2,2,5,7,5,4,2,2,2,3,3,7,1,3,5,7,3,7,0,3,2,3,5,4,4,2,8,3,4,4,3,4,3,2,3,2,3,2,1,4,4,3,0,7,2,5,7,2,4,3,5,2,3,3,0,3,1,4,2,4,2,2,5,2,2,7,4,4,3,17,2,5,5,2,2,2,2,5,2,4,1,3,4,1,3,0,5,2,4,4,2,1,6,2,2,2,2,5,3,6
8,1,5,3,2,2,3,3,4,3,3,6,2,1,4,5,8,4,1,2,1,4,3,3,5,3,3,4,6,3,2,3,2,4,3,4,7,4,3,3,8,3,2,1,4,2,2,1,4,6,2,5,6,2,5,3,6,2,2,6,5,5,3,4,1,4,1,3,2,2,1,3,5,2,3,2,4,3,5,2,3,3,0,3,1,4,2,4,2,2,5,2,2,7,4,4,3,17,2,5,5,2,2,2,2,5,2,4,1,3,4,1,3,0,5,2,4,4,2,1,6,2,2,2,2,5,3,6
8,1,5,3,2,2,3,3,4,3,3,6,2,1,4,5,8,4,1,2,1,4,3,3,5,3,3,4,6,3,2,3,2,4,3,4,7,4,3,3,8,3,2,1,4,2,2,1,4,6,2,5,6,2,5,3,6,2,2,6,5,5,3,4,1,4,1,3,2,2,1,3,5,2,3,1,3,4,5,6,5,1,1,1,3,4,2,5,2,23,4,3,3,1,4,4,1,5,3,4,1,2,2,2,1,4,3,3,2,5,3,2,3,2,2,1,3,3,7,5,2,3,7,1,2,3,4,5
6,6,3,6,5,2,2,6,10,1,2,2,1,2,9,3,1,3,4,1,1,4,2,2,3,1,3,3,3,6,6,6,3,2,6,1,5,4,1,2,6,4,6,2,4,4,5,1,2,4,0,2,3,1,0,6,2,3,2,4,3,3,6,3,6,2,0,2,4,2,3,4,2,1,4,1,3,4,5,6,5,1,1,1,3,4,2,5,2,23,4,3,3,1,4,4,1,5,3,4,1,2,2,2,1,4,3,3,2,5,3,2,3,2,2,1,3,3,7,5,2,3,7,1,2,3,4,5
6,6,3,6,5,2,2,6,10,1,2,2,1,2,9,3,1,3,4,1,1,4,2,2,3,1,3,3,3,6,6,6,3,2,6,1,5,4,1,2,6,4,6,2,4,4,5,1,2,4,0,2,3,1,0,6,2,3,2,4,3,3,6,3,6,2,0,2,4,2,3,4,2,1,4,2,2,7,6,4,2,3,6,3,1,2,3,3,0,3,4,2,2,6,10,5,2,1,2,2,1,2,1,3,2,4,3,4,5,3,3,3,0,2,2,2,2,1,2,10,5,3,4,2,0,2,2,3
7,2,1,3,2,0,1,4,2,3,8,5,3,2,5,3,7,5,7,4,5,6,5,3,3,1,4,3,7,5,3,5,4,3,3,2,1,3,4,4,0,4,3,3,3,4,1,6,7,1,2,1,3,2,1,5,2,2,5,5,3,3,4,3,4,1,4,3,3,1,1,4,2,3,6,2,2,7,6,4,2,3,6,3,1,2,3,3,0,3,4,2,2,6,10,5,2,1,2,2,1,2,1,3,2,4,3,4,5,3,3,3,0,2,2,2,2,1,2,10,5,3,4,2,0,2,2,3
7,2,1,3,2,0,1,4,2,3,8,5,3,2,5,3,7,5,7,4,5,6,5,3,3,1,4,3,7,5,3,5,4,3,3,2,1,3,4,4,0,4,3,3,3,4,1,6,7,1,2,1,3,2,1,5,2,2,5,5,3,3,4,3,4,1,4,3,3,1,1,4,2,3,6,6,3,2,4,2,4,4,2,4,4,3,1,3,1,2,3,5,3,4,0,4,4,3,3,4,7,3,3,1,4,2,1,7,6,2,3,2,59,32,0,49,0,0,2,4,0,0,3,1,5,2,5,2
3,4,2,4,2,6,6,6,3,5,1,2,3,9,7,4,9,3,4,3,3,3,5,2,2,4,7,4,3,1,3,2,1,6,3,5,2,2,2,5,4,3,9,2,6,5,2,1,2,4,2,3,2,2,2,5,4,2,3,1,6,4,7,3,4,4,2,3,3,4,6,4,1,2,2,6,3,2,4,2,4,4,2,4,4,3,1,3,1,2,3,5,3,4,0,4,4,3,3,4,7,3,3,1,4,2,1,7,6,2,3,2,59,32,0,49,0,0,2,4,0,0,3,1,5,2,5,2
3,4,2,4,2,6,6,6,3,5,1,2,3,9,7,4,9,3,4,3,3,3,5,2,2,4,7,4,3,1,3,2,1,6,3,5,2,2,2,5,4,3,9,2,6,5,2,1,2,4,2,3,2,2,2,5,4,2,3,1,6,4,7,3,4,4,2,3,3,4,6,4,1,2,2,4,0,2,1,0,7,3,19,4,0,9,4,0,1,4,5,4,4,1,4,4,3,2,4,3,4,2,1,0,5,1,6,4,2,64,32,0,0,0,2,1,3,6,1,1,3,0,4,2,2,3,6,3
3,4,2,3,8,6,1,3,3,2,3,3,2,4,2,8,2,4,3,4,3,2,1,3,8,2,2,4,5,6,4,2,5,1,1,5,8,5,3,6,1,4,3,2,2,1,2,3,0,3,1,4,5,4,2,2,4,5,8,1,4,7,2,1,3,5,3,2,3,9,6,0,4,1,3,4,0,2,1,0,7,3,19,4,0,9,4,0,1,4,5,4,4,1,4,4,3,2,4,3,4,2,1,0,5,1,6,4,2,64,32,0,0,0,2,1,3,6,1,1,3,0,4,2,2,3,6,3
3,4,2,3,8,6,1,3,3,2,3,3,2,4,2,8,2,4,3,4,3,2,1,3,8,2,2,4,5,6,4,2,5,1,1,5,8,5,3,6,1,4,3,2,2,1,2,3,0,3,1,4,5,4,2,2,4,5,8,1,4,7,2,1,3,5,3,2,3,9,6,0,4,1,3,1,3,3,6,3,3,4,6,2,1,3,5,1,4,2,1,4,5,1,5,2,3,3,2,3,1,5,2,2,2,2,7,1,5,2,5,1,2,7,2,2,5,2,4,2,6,2,5,5,1,2,3,4
2,5,4,3,2,4,3,4,2,3,5,4,4,3,2,1,4,3,2,2,3,3,3,2,5,1,2,2,3,3,7,7,2,1,6,3,3,1,4,3,1,2,5,3,3,2,8,2,3,2,2,3,3,2,3,1,5,3,5,3,2,1,0,4,2,7,4,2,3,4,2,1,3,3,4,1,3,3,6,3,3,4,6,2,1,3,5,1,4,2,1,4,5,1,5,2,3,3,2,3,1,5,2,2,2,2,7,1,5,2,5,1,2,7,2,2,5,2,4,2,6,2,5,5,1,2,3,4
2,5,4,3,2,4,3,4,2,3,5,4,4,3,2,1,4,3,2,2,3,3,3,2,5,1,2,2,3,3,7,7,2,1,6,3,3,1,4,3,1,2,5,3,3,2,8,2,3,2,2,3,3,2,3,1,5,3,5,3,2,1,0,4,2,7,4,2,3,4,2,1,3,3,4,2,3,4,3,1,1,3,2,6,2,3,1,4,2,1,1,1,3,32,1,1,3,2,1,5,2,5,8,7,8,1,2,4,5,3,3,2,3,6,1,4,8,1,3,2,6,5,2,3,3,1,7,1
3,2,1,1,3,1,2,7,5,5,4,4,4,6,1,2,6,4,2,3,4,2,2,2,1,3,3,4,1,3,2,4,5,6,2,7,5,3,2,3,1,3,7,2,5,4,2,3,2,3,4,0,2,4,1,2,4,2,5,7,7,6,2,1,4,3,5,3,2,4,3,2,6,6,7,2,3,4,3,1,1,3,2,6,2,3,1,4,2,1,1,1,3,32,1,1,3,2,1,5,2,5,8,7,8,1,2,4,5,3,3,2,3,6,1,4,8,1,3,2,6,5,2,3,3,1,7,1
3,2,1,1,3,1,2,7,5,5,4,4,4,6,1,2,6,4,2,3,4,2,2,2,1,3,3,4,1,3,2,4,5,6,2,7,5,3,2,3,1,3,7,2,5,4,2,3,2,3,4,0,2,4,1,2,4,2,5,7,7,6,2,1,4,3,5,3,2,4,3,2,6,6,7,4,3,3,0,2,4,7,21,2,1,3,1,2,2,7,3,2,2,4,3,4,3,3,2,3,4,4,3,1,4,4,3,4,3,5,5,8,3,5,4,4,3,7,2,3,1,4,4,3,2,2,1,6
2,4,2,3,3,4,5,2,5,2,5,5,4,2,10,1,3,3,2,3,5,1,2,2,2,5,5,2,10,6,3,2,3,6,2,3,2,7,1,2,1,3,5,3,8,5,4,3,3,3,5,0,3,4,3,5,1,2,3,1,5,0,4,2,2,4,5,3,3,7,3,3,14,3,3,4,3,3,0,2,4,7,21,2,1,3,1,2,2,7,3,2,2,4,3,4,3,3,2,3,4,4,3,1,4,4,3,4,3,5,5,8,3,5,4,4,3,7,2,3,1,4,4,3,2,2,1,6
2,4,2,3,3,4,5,2,5,2,5,5,4,2,10,1,3,3,2,3,5,1,2,2,2,5,5,2,10,6,3,2,3,6,2,3,2,7,1,2,1,3,5,3,8,5,4,3,3,3,5,0,3,4,3,5,1,2,3,1,5,0,4,2,2,4,5,3,3,7,3,3,14,3,3,4,4,1,3,5,2,5,2,3,5,3,1,8,0,2,5,40,0,0,0,2,2,2,1,1,1,2,3,4,1,2,2,5,6,6,1,1,6,4,1,3,2,3,6,2,1,1,2,1,2,1,2,3
4,3,5,9,2,6,3,4,2,2,4,2,2,3,3,5,5,6,3,6,4,1,3,4,1,4,5,3,2,1,1,5,4,1,2,4,3,4,2,4,4,2,2,2,3,3,4,3,6,5,4,3,8,4,3,2,4,1,0,4,4,2,4,4,6,5,2,6,5,1,5,3,5,4,2,4,4,1,3,5,2,5,2,3,5,3,1,8,0,2,5,40,0,0,0,2,2,2,1,1,1,2,3,4,1,2,2,5,6,6,1,1,6,4,1,3,2,3,6,2,1,1,2,1,2,1,2,3
4,3,5,9,2,6,3,4,2,2,4,2,2,3,3,5,5,6,3,6,4,1,3,4,1,4,5,3,2,1,1,5,4,1,2,4,3,4,2,4,4,2,2,2,3,3,4,3,6,5,4,3,8,4,3,2,4,1,0,4,4,2,4,4,6,5,2,6,5,1,5,3,5,4,2,2,3,3,0,4,3,7,3,2,2,28,3,1,2,3,0,1,4,2,1,3,4,3,3,2,3,4,3,2,1,3,2,2,2,5,5,1,0,4,3,5,4,2,3,3,2,1,5,3,4,3,5,2
3,4,1,3,10,3,6,3,6,3,3,9,6,2,2,1,4,4,2,3,5,7,2,2,2,5,4,3,1,2,3,5,2,2,2,4,7,1,1,3,2,2,3,1,8,3,1,2,4,5,3,3,4,2,3,3,1,5,2,3,3,2,2,4,2,4,1,4,4,5,6,3,4,7,4,4,7,1,2,4,2,4,6,5,34,1,2,1,0,7,2,5,1,3,2,4,4,5,2,6,4,4,7,2,3,2,2,1,4,2,5,4,3,7,3,2,4,4,4,4,8,1,4,1,2,1,7,2
2,4,1,3,10,3,6,3,6,3,3,9,6,2,2,1,4,4,2,3,5,7,2,2,2,5,4,3,1,2,3,5,2,2,2,4,7,1,1,3,2,2,3,1,8,3,1,2,4,5,3,3,4,2,3,3,1,5,2,3,3,2,2,4,2,4,1,4,4,5,6,3,4,7,0,6,1,4,1,2,2,6,8,2,1,29,1,2,4,2,1,4,3,1,1,6,4,4,1,1,4,5,5,2,7,3,2,3,3,2,4,2,1,0,3,10,5,2,2,4,2,3,1,3,3,3,5,2
5,3,1,6,5,5,2,1,6,6,3,4,6,2,1,8,5,6,4,2,5,1,1,5,1,2,6,5,3,5,3,2,2,3,5,1,2,7,5,1,3,3,3,6,4,6,5,4,2,2,0,7,4,2,4,7,6,4,3,4,0,5,2,1,2,3,2,3,2,4,2,5,6,3,5,6,1,4,1,2,2,6,8,2,1,29,1,2,4,2,1,4,3,1,1,6,4,4,1,1,4,5,5,2,7,3,2,3,3,2,4,2,1,0,3,10,5,2,2,4,2,3,1,3,3,3,5,2
5,3,1,6,5,5,2,1,6,6,3,4,6,2,1,8,5,6,4,2,5,1,1,5,1,2,6,5,3,5,3,2,2,3,5,1,2,7,5,1,3,3,3,6,4,6,5,4,2,2,0,7,4,2,4,7,6,4,3,4,0,5,2,1,2,3,2,3,2,4,2,5,6,3,5,4,0,3,7,4,5,4,2,3,37,9,0,2,4,4,6,7,4,4,3,5,6,2,3,3,0,2,3,3,3,1,1,2,4,3,3,2,2,5,4,3,2,4,2,4,6,5,2,1,2,2,5,2
2,4,4,6,2,1,1,7,2,5,3,1,2,1,2,7,5,3,3,3,2,3,5,7,3,6,3,3,3,4,3,7,0,5,1,6,5,3,4,3,7,4,3,6,3,2,5,3,3,5,2,2,6,3,7,2,2,5,8,1,4,5,1,4,3,2,3,5,4,8,4,4,0,4,4,4,0,3,7,4,5,4,2,3,37,9,0,2,4,4,6,7,4,4,3,5,6,2,3,3,0,2,3,3,3,1,1,2,4,3,3,2,2,5,4,3,2,4,2,4,6,5,2,1,2,2,5,2
2,4,4,6,2,1,1,7,2,5,3,1,2,1,2,7,5,3,3,3,2,3,5,7,3,6,3,3,3,4,3,7,0,5,1,6,5,3,4,3,7,4,3,6,3,2,5,3,3,5,2,2,6,3,7,2,2,5,8,1,4,5,1,4,3,2,3,5,4,8,4,4,0,4,4,5,3,1,3,4,2,3,2,3,7,7,5,5,1,3,1,5,2,2,1,1,4,3,3,3,8,6,2,1,3,4,2,5,5,6,4,8,0,5,3,1,2,2,4,5,4,4,1,2,6,4,5,7
2,9,3,3,5,3,4,7,0,2,1,4,3,3,9,1,3,3,2,2,5,4,2,3,2,5,2,5,3,1,3,6,3,0,2,1,2,6,6,2,5,2,1,2,4,3,2,1,10,2,3,2,2,4,8,1,2,1,3,3,6,5,3,9,0,1,2,1,2,3,5,2,2,2,4,5,3,1,3,4,2,3,2,3,7,7,5,5,1,3,1,5,2,2,1,1,4,3,3,3,8,6,2,1,3,4,2,5,5,6,4,8,0,5,3,1,2,2,4,5,4,4,1,2,6,4,5,7
2,9,3,3,5,3,4,7,0,2,1,4,3,3,9,1,3,3,2,2,5,4,2,3,2,5,2,5,3,1,3,6,3,0,2,1,2,6,6,2,5,2,1,2,4,3,2,1,10,2,3,2,2,4,8,1,2,1,3,3,6,5,3,9,0,1,2,1,2,3,5,2,2,2,4,1,7,3,3,5,4,4,5,3,5,2,1,2,7,6,2,1,3,2,3,2,12,3,2,2,4,1,2,6,6,2,2,2,1,2,5,4,1,6,1,4,3,2,5,7,1,3,3,6,4,3,3,7
1,7,4,1,2,2,2,3,3,2,4,5,2,6,11,4,3,6,3,2,2,7,2,1,2,8,5,1,2,1,5,1,3,5,2,3,1,3,6,3,4,4,4,6,2,4,3,9,3,4,0,2,4,4,3,2,2,2,5,2,3,4,2,3,3,2,3,3,6,3,3,1,1,2,4,1,7,3,3,5,4,4,5,3,5,2,1,2,7,6,2,1,3,2,3,2,12,3,2,2,4,1,2,6,6,2,2,2,1,2,5,4,1,6,1,4,3,2,5,7,1,3,3,6,4,3,3,7
2,7,4,1,2,2,2,3,3,2,4,5,2,6,11,4,3,6,3,2,2,7,2,1,2,8,5,1,2,1,5,1,3,5,2,3,1,3,6,3,4,4,4,6,2,4,3,9,3,4,0,2,4,4,3,2,2,2,5,2,3,4,2,3,3,2,3,3,6,3,3,1,1,2,4,2,3,1,1,3,3,6,2,3,20,1,1,4,3,1,5,4,2,2,6,1,6,3,1,4,3,0,4,2,8,2,4,2,4,9,1,4,1,5,2,3,2,2,5,2,2,1,2,3,6,2,7,8
7,2,1,5,4,6,2,1,1,6,7,3,3,3,1,5,5,2,3,1,3,2,2,3,5,2,1,1,3,4,7,1,2,4,2,1,1,4,1,1,5,4,4,5,6,6,3,6,3,3,0,3,4,3,1,5,4,1,1,2,3,2,2,1,3,6,4,9,2,4,3,2,3,3,2,2,3,1,1,3,3,6,2,3,20,1,1,4,3,1,5,4,2,2,6,1,6,3,1,4,3,0,4,2,8,2,4,2,4,9,1,4,1,5,2,3,2,2,5,2,2,1,2,3,6,2,7,8
7,2,1,5,4,6,2,1,1,6,7,3,3,3,1,5,5,2,3,1,3,2,2,3,5,2,1,1,3,4,7,1,2,4,2,1,1,4,1,1,5,4,4,5,6,6,3,6,3,3,0,3,4,3,1,5,4,1,1,2,3,2,2,1,3,6,4,9,2,4,3,2,3,3,2,1,3,3,2,5,3,5,3,3,4,3,3,3,3,4,3,7,7,6,0,3,3,2,1,7,3,1,1,3,4,2,2,3,4,4,6,1,2,2,2,4,1,3,2,3,6,0,5,4,6,3,2,1
4,6,1,8,4,2,4,5,3,5,0,4,3,3,3,1,3,4,3,0,3,2,7,3,2,5,4,2,4,3,3,4,4,7,1,8,4,2,4,3,4,2,2,4,3,4,1,4,2,3,4,4,4,1,4,3,2,6,3,5,1,0,6,4,4,2,5,1,5,4,2,3,3,5,5,1,3,3,2,5,3,5,3,3,4,3,3,3,3,4,3,7,7,6,0,3,3,2,1,7,3,1,1,3,4,2,2,3,4,4,6,1,2,2,2,4,1,3,2,3,6,0,5,4,6,3,2,1
4,6,1,8,4,2,4,5,3,5,0,4,3,3,3,1,3,4,3,0,3,2,7,3,2,5,4,2,4,3,3,4,4,7,1,8,4,2,4,3,4,2,2,4,3,4,1,4,2,3,4,4,4,1,4,3,2,6,3,5,1,0,6,4,4,2,5,1,5,4,2,3,3,5,5,3,3,4,2,3,3,7,1,24,1,2,3,2,0,9,8,3,6,2,2,8,2,2,1,4,1,3,4,3,1,3,4,2,3,3,3,7,2,1,5,4,7,1,3,3,3,5,0,4,1,2,2,3
4,4,1,3,2,3,3,2,4,2,0,8,2,2,5,3,2,1,4,2,3,3,7,2,2,5,2,3,1,5,4,4,5,2,1,3,1,4,2,5,5,1,3,3,1,3,1,6,3,2,3,3,2,2,7,2,2,2,4,6,5,1,5,4,5,6,4,4,1,5,1,5,1,2,1,3,3,4,2,3,3,7,1,24,1,2,3,2,0,9,8,3,6,2,2,8,2,2,1,4,1,3,4,3,1,3,4,2,3,3,3,7,2,1,5,4,7,1,3,3,3,5,0,4,1,2,2,3
4,4,1,3,2,3,3,2,4,2,0,8,2,2,5,3,2,1,4,2,3,3,7,2,2,5,2,3,1,5,4,4,5,2,1,3,1,4,2,5,5,1,3,3,1,3,1,6,3,2,3,3,2,2,7,2,2,2,4,6,5,1,5,4,5,6,4,4,1,5,1,5,1,2,1,3,4,3,0,4,3,20,9,4,3,3,2,2,3,3,2,1,6,4,3,2,4,2,2,3,3,3,1,9,2,1,7,2,3,4,4,5,6,4,3,3,3,4,2,4,5,1,5,3,1,8,1,2
5,4,5,0,4,6,2,2,2,5,1,3,7,3,4,2,1,1,2,2,7,2,3,4,4,3,5,4,7,1,3,4,4,4,3,6,3,4,1,2,5,5,2,3,2,2,2,1,3,1,2,4,4,5,4,1,3,2,4,3,4,4,2,3,2,1,1,6,1,7,1,4,2,3,7,3,4,3,0,4,3,20,9,4,3,3,2,2,3,3,2,1,6,4,3,2,4,2,2,3,3,3,1,9,2,1,7,2,3,4,4,5,6,4,3,3,3,4,2,4,5,1,5,3,1,8,1,2
5,4,5,0,4,6,2,2,2,5,1,3,7,3,4,2,1,1,2,2,7,2,3,4,4,3,5,4,7,1,3,4,4,4,3,6,3,4,1,2,5,5,2,3,2,2,2,1,3,1,2,4,4,5,4,1,3,2,4,3,4,4,2,3,2,1,1,6,1,7,1,4,2,3,7,3,4,1,4,4,5,2,3,1,1,2,4,23,3,5,4,2,2,4,1,3,1,1,3,3,8,2,2,4,2,2,8,3,2,2,1,3,5,7,4,2,1,5,3,4,6,2,6,2,2,3,3,2
2,4,2,7,3,3,1,3,2,0,4,4,3,2,3,3,4,4,4,4,3,2,4,3,4,3,5,5,0,2,3,2,3,4,2,3,3,5,4,3,4,6,2,2,35,22,1,1,2,0,1,3,1,1,4,4,2,5,1,3,4,3,6,3,1,4,2,4,2,3,2,2,2,5,4,3,4,1,4,4,5,2,3,1,1,2,4,23,3,5,4,2,2,4,1,3,1,1,3,3,8,2,2,4,2,2,8,3,2,2,1,3,5,7,4,2,1,5,3,4,6,2,6,2,2,3,3,2
2,4,2,7,3,3,1,3,2,0,4,4,3,2,3,3,4,4,4,4,3,2,4,3,4,3,5,5,0,2,3,2,3,4,2,3,3,5,4,3,4,6,2,2,35,22,1,1,2,0,1,3,1,1,4,4,2,5,1,3,4,3,6,3,1,4,2,4,2,3,2,2,2,5,4,5,5,5,2,2,4,1,4,20,1,6,2,6,2,1,3,1,3,2,3,4,3,3,1,2,2,6,3,5,4,5,2,3,5,3,2,3,1,3,3,3,1,4,2,3,4,5,3,5,2,5,5,3
3,4,1,6,3,3,2,1,6,4,2,3,6,3,4,2,2,1,0,5,4,3,3,2,4,1,4,2,7,4,5,6,3,5,3,2,6,3,4,8,6,3,4,2,3,5,7,3,1,5,1,3,1,3,5,5,3,2,5,5,2,8,5,4,3,3,4,3,3,1,9,3,1,3,1,5,5,5,2,2,4,1,4,20,1,6,2,6,2,1,3,1,3,2,3,4,3,3,1,2,2,6,3,5,4,5,2,3,5,3,2,3,1,3,3,3,1,4,2,3,4,5,3,5,2,5,5,3
3,4,1,6,3,3,2,1,6,4,2,3,6,3,4,2,2,1,0,5,4,3,3,2,4,1,4,2,7,4,5,6,3,5,3,2,6,3,4,8,6,3,4,2,3,5,7,3,1,5,1,3,1,3,5,5,3,2,5,5,2,8,5,4,3,3,4,3,3,1,9,3,1,3,1,3,3,4,1,3,4,2,1,3,15,5,2,2,5,2,6,4,4,2,1,4,3,7,6,4,3,4,4,2,4,1,4,4,3,2,2,5,3,10,4,3,6,3,3,4,4,1,1,5,4,4,2,2
4,1,3,3,2,1,7,2,5,3,3,5,2,1,2,2,5,5,2,4,3,5,3,4,2,3,2,2,3,2,3,2,1,3,2,5,3,2,5,4,2,4,1,2,1,2,4,2,4,3,6,2,3,5,2,2,6,1,2,3,2,2,2,5,4,3,4,0,5,4,3,4,4,4,3,3,3,4,1,3,4,2,1,3,15,5,2,2,5,2,6,4,4,2,1,4,3,7,6,4,3,4,4,2,4,1,4,4,3,2,2,5,3,10,4,3,6,3,3,4,4,1,1,5,4,4,2,2
4,1,3,3,2,1,7,2,5,3,3,5,2,1,2,2,5,5,2,4,3,5,3,4,2,3,2,2,3,2,3,2,1,3,2,5,3,2,5,4,2,4,1,2,1,2,4,2,4,3,6,2,3,5,2,2,6,1,2,3,2,2,2,5,4,3,4,0,5,4,3,4,4,4,3,3,3,8,4,4,4,5,27,7,3,2,2,8,0,3,4,1,4,2,2,2,4,7,3,6,2,2,2,5,3,1,6,3,3,4,2,3,3,4,3,2,3,3,4,3,5,3,5,5,3,8,3,4
4,2,3,2,4,3,7,1,4,7,5,4,4,1,3,3,2,5,5,6,3,4,4,3,7,3,3,4,1,2,3,5,2,4,2,8,4,2,6,2,2,1,2,4,5,2,9,1,2,1,4,3,2,1,4,4,4,4,1,5,3,2,56,39,0,0,1,2,3,0,4,3,4,0,1,3,3,8,4,4,4,5,27,7,3,2,2,8,0,3,4,1,4,2,2,2,4,7,3,6,2,2,2,5,3,1,6,3,3,4,2,3,3,4,3,2,3,3,4,3,5,3,5,5,3,8,3,4
3,2,3,2,4,3,7,1,4,7,5,4,4,1,3,3,2,5,5,6,3,4,4,3,7,3,3,4,1,2,3,5,2,4,2,8,4,2,6,2,2,1,2,4,5,2,9,1,2,1,4,3,2,1,4,4,4,4,1,5,3,2,56,39,0,0,1,2,3,0,4,3,4,0,1,4,4,9,3,4,2,4,6,4,26,4,0,4,4,0,2,5,3,2,3,3,2,5,4,2,6,6,3,5,5,6,5,1,1,2,4,1,5,2,1,6,52,0,0,0,0,3,2,3,2,0,2,3
4,1,3,4,5,4,8,1,5,1,1,2,2,1,2,3,4,2,2,1,5,3,3,2,5,5,7,1,1,4,3,3,3,2,2,3,6,8,2,4,1,4,4,7,2,6,3,8,2,4,7,4,2,4,3,4,2,3,3,4,3,1,3,2,3,3,2,1,2,5,3,3,4,4,1,4,4,9,3,4,2,4,6,4,26,4,0,4,4,0,2,5,3,2,3,3,2,5,4,2,6,6,3,5,5,6,5,1,1,2,4,1,5,2,1,6,52,0,0,0,0,3,2,3,2,0,2,3
4,1,3,4,5,4,8,1,5,1,1,2,2,1,2,3,4,2,2,1,5,3,3,2,5,5,7,1,1,4,3,3,3,2,2,3,6,8,2,4,1,4,4,7,2,6,3,8,2,4,7,4,2,4,3,4,2,3,3,4,3,1,3,2,3,3,2,1,2,5,3,3,4,4,1,2,7,3,4,13,5,1,1,4,4,4,5,2,1,4,2,3,5,4,3,2,1,4,2,7,3,1,2,4,3,1,3,49,5,1,2,2,4,2,2,5,5,1,3,1,3,7,3,7,2,2,3,6
1,1,6,4,7,1,4,3,5,3,7,5,6,2,0,5,5,3,5,2,6,3,7,2,5,2,6,3,1,2,4,1,2,3,4,2,1,3,4,2,4,2,2,5,4,4,5,5,2,5,4,2,4,8,2,6,2,0,1,2,1,6,4,1,4,2,3,1,4,6,3,1,4,1,3,2,7,3,4,13,5,1,1,4,4,4,5,2,1,4,2,3,5,4,3,2,1,4,2,7,3,1,2,4,3,1,3,49,5,1,2,2,4,2,2,5,5,1,3,1,3,7,3,7,2,2,3,6
1,1,6,4,7,1,4,3,5,3,7,5,6,2,0,5,5,3,5,2,6,3,7,2,5,2,6,3,1,2,4,1,2,3,4,2,1,3,4,2,4,2,2,5,4,4,5,5,2,5,4,2,4,8,2,6,2,0,1,2,1,6,4,1,4,2,3,1,4,6,3,1,4,1,3,4,2,8,4,5,7,1,3,18,1,4,3,4,8,3,2,3,1,3,2,2,4,3,3,5,3,4,4,3,4,1,2,5,5,2,0,5,3,1,4,3,4,5,4,6,4,7,1,9,3,1,2,2
2,4,4,1,0,3,3,8,5,3,3,3,5,5,1,3,5,3,5,4,2,1,1,4,4,3,2,4,4,2,7,2,1,6,6,2,2,3,4,4,2,4,3,1,5,2,2,3,4,4,2,3,1,3,2,3,3,3,3,3,1,3,2,6,3,5,2,5,3,3,3,2,4,7,7,4,2,8,4,5,7,1,3,18,1,4,3,4,8,3,2,3,1,3,2,2,4,3,3,5,3,4,4,3,4,1,2,5,5,2,0,5,3,1,4,3,4,5,4,6,4,7,1,9,3,1,2,2
2,4,4,1,0,3,3,8,5,3,3,3,5,5,1,3,5,3,5,4,2,1,1,4,4,3,2,4,4,2,7,2,1,6,6,2,2,3,4,4,2,4,3,1,5,2,2,3,4,4,2,3,1,3,2,3,3,3,3,3,1,3,2,6,3,5,2,5,3,3,3,2,4,7,7,8,3,6,3,2,3,2,28,2,1,0,4,2,2,3,2,2,3,2,6,3,2,5,4,2,1,8,8,3,5,4,2,1,4,5,3,1,1,5,4,4,2,1,3,1,4,4,8,4,3,2,2,4
2,3,1,3,2,7,1,2,3,2,2,3,3,1,6,3,4,4,4,2,9,8,4,6,4,1,1,4,2,2,2,2,7,5,4,2,2,5,3,2,6,4,6,1,3,3,5,5,1,2,4,4,2,5,1,4,4,1,7,4,10,1,2,2,8,5,2,4,1,2,3,6,4,6,3,8,3,6,3,2,3,2,28,2,1,0,4,2,2,3,2,2,3,2,6,3,2,5,4,2,1,8,8,3,5,4,2,1,4,5,3,1,1,5,4,4,2,1,3,1,4,4,8,4,3,2,2,4
2,3,1,3,2,7,1,2,3,2,2,3,3,1,6,3,4,4,4,2,9,8,4,6,4,1,1,4,2,2,2,2,7,5,4,2,2,5,3,2,6,4,6,1,3,3,5,5,1,2,4,4,2,5,1,4,4,1,7,4,10,1,2,2,8,5,2,4,1,2,3,6,4,6,3,2,2,5,2,3,3,5,1,28,1,3,5,4,1,4,5,9,3,2,1,5,2,5,4,6,3,1,1,6,2,1,6,2,1,1,8,1,68,24,0,2,0,3,2,1,3,2,3,3,1,2,7,1
5,3,4,1,3,6,4,6,2,2,8,2,3,1,7,2,3,3,3,1,3,2,3,3,2,3,3,3,3,8,3,2,3,2,4,4,8,5,0,5,2,4,2,7,5,3,2,3,4,5,1,8,2,3,6,5,1,3,2,4,2,2,7,2,1,5,5,3,3,1,1,5,2,6,2,2,2,5,2,3,3,5,1,28,1,3,5,4,1,4,5,9,3,2,1,5,2,5,4,6,3,1,1,6,2,1,6,2,1,1,8,1,68,24,0,2,0,3,2,1,3,2,3,3,1,2,7,1
5,3,4,1,3,6,4,6,2,2,8,2,3,1,7,2,3,3,3,1,3,2,3,3,2,3,3,3,3,8,3,2,3,2,4,4,8,5,0,5,2,4,2,7,5,3,2,3,4,5,1,8,2,3,6,5,1,3,2,4,2,2,7,2,1,5,5,3,3,1,1,5,2,6,2,2,3,3,5,3,2,2,3,1,4,1,3,4,2,22,0,3,3,3,3,3,4,2,3,4,4,7,2,4,4,2,3,4,3,2,2,3,7,3,3,6,4,1,5,4,2,2,0,2,1,4,2,2
0,3,1,2,4,4,7,3,1,1,3,4,2,1,3,4,2,3,2,3,3,7,8,3,3,4,6,4,4,2,7,3,2,1,5,2,2,3,4,2,4,3,4,2,5,5,68,5,50,27,0,0,0,0,6,62,19,0,0,0,0,3,2,3,6,4,1,3,5,2,3,4,1,2,1,2,3,3,5,3,2,2,3,1,4,1,3,4,2,22,0,3,3,3,3,3,4,2,3,4,4,7,2,4,4,2,3,4,3,2,2,3,7,3,3,6,4,1,5,4,2,2,0,2,1,4,2,2
2,3,1,2,4,4,7,3,1,1,3,4,2,1,3,4,2,3,2,3,3,7,8,3,3,4,6,4,4,2,7,3,2,1,5,2,2,3,4,2,4,3,4,2,5,5,68,5,50,27,0,0,0,0,6,62,19,0,0,0,0,3,2,3,6,4,1,3,5,2,3,4,1,2,1,3,4,3,4,3,17,4,5,1,4,1,1,3,3,3,2,2,3,4,3,2,2,10,2,4,4,2,3,3,4,4,1,3,4,1,4,3,4,2,1,3,2,6,3,4,1,2,4,4,1,4,4,4
2,1,6,4,2,2,3,3,2,3,2,1,2,3,4,5,5,4,7,6,4,2,3,2,2,4,2,2,5,3,1,2,1,3,1,4,3,4,2,5,4,3,6,4,6,3,3,1,2,4,3,2,1,6,2,5,5,4,5,5,4,4,1,2,0,6,3,3,6,3,6,3,3,3,4,3,4,3,4,3,17,4,5,1,4,1,1,3,3,3,2,2,3,4,3,2,2,10,2,4,4,2,3,3,4,4,1,3,4,1,4,3,4,2,1,3,2,6,3,4,1,2,4,4,1,4,4,4
2,1,6,4,2,2,3,3,2,3,2,1,2,3,4,5,5,4,7,6,4,2,3,2,2,4,2,2,5,3,1,2,1,3,1,4,3,4,2,5,4,3,6,4,6,3,3,1,2,4,3,2,1,6,2,5,5,4,5,5,4,4,1,2,0,6,3,3,6,3,6,3,3,3,4,7,3,5,3,3,7,27,14,2,1,4,4,1,4,3,5,1,1,6,1,2,5,3,4,2,3,5,5,2,3,44,3,2,7,2,1,4,3,1,1,4,5,1,1,8,1,3,71,37,0,0,0,0
2,1,2,4,3,3,0,3,3,1,6,3,6,3,6,2,3,5,4,4,3,3,5,9,2,3,6,2,3,1,9,2,4,5,2,2,6,3,3,2,5,3,2,2,6,5,4,1,3,3,3,4,3,3,2,2,3,6,3,70,15,0,3,0,2,0,53,26,0,0,0,0,1,4,4,7,3,5,3,3,7,27,14,2,1,4,4,1,4,3,5,1,1,6,1,2,5,3,4,2,3,5,5,2,3,44,3,2,7,2,1,4,3,1,1,4,5,1,1,8,1,3,71,37,0,0,0,0
2,1,2,4,3,3,0,3,3,1,6,3,6,3,6,2,3,5,4,4,3,3,5,9,2,3,6,2,3,1,9,2,4,5,2,2,6,3,3,2,5,3,2,2,6,5,4,1,3,3,3,4,3,3,2,2,3,6,3,70,15,0,3,0,2,0,53,26,0,0,0,0,1,4,2,3,2,3,1,4,6,2,33,0,6,6,2,0,2,2,5,2,5,5,2,1,8,1,7,1,5,2,5,1,1,2,2,4,4,3,2,3,3,3,1,2,3,8,2,3,3,6,3,3,7,3,4,3
3,1,0,2,13,5,7,3,6,2,5,1,2,5,7,1,2,5,4,0,2,6,4,2,8,1,1,3,1,4,0,1,3,5,1,3,3,4,4,3,3,6,6,4,3,8,2,3,1,4,6,72,7,0,0,0,0,2,0,4,3,5,2,3,2,4,5,1,3,5,3,1,6,2,1,3,2,3,1,4,6,2,33,0,6,6,2,0,2,2,5,2,5,5,2,1,8,1,7,1,5,2,5,1,1,2,2,4,4,3,2,3,3,3,1,2,3,8,2,3,3,6,3,3,7,3,4,3
4,1,0,2,13,5,7,3,6,2,5,1,2,5,7,1,2,5,4,0,2,6,4,2,8,1,1,3,1,4,0,1,3,5,1,3,3,4,4,3,3,6,6,4,3,8,2,3,1,4,6,72,7,0,0,0,0,2,0,4,3,5,2,3,2,4,5,1,3,5,3,1,6,2,1,3,1,6,5,4,4,3,27,2,2,0,5,5,1,4,3,2,2,2,4,3,4,1,4,2,1,2,2,5,5,2,1,4,1,2,2,2,4,4,6,2,2,3,3,5,2,6,5,3,3,1,1,4
8,0,7,2,1,6,3,3,2,3,2,3,3,5,2,3,7,3,1,2,3,5,1,7,1,3,10,4,3,5,2,2,1,4,2,2,4,3,1,3,3,1,2,2,6,6,2,3,2,2,4,5,3,1,2,7,5,4,8,4,1,4,0,2,4,4,3,2,6,3,1,7,2,3,3,3,1,6,5,4,4,3,27,2,2,0,5,5,1,4,3,2,2,2,4,3,4,1,4,2,1,2,2,5,5,2,1,4,1,2,2,2,4,4,6,2,2,3,3,5,2,6,5,3,3,1,1,4
8,0,7,2,1,6,3,3,2,3,2,3,3,5,2,3,7,3,1,2,3,5,1,7,1,3,10,4,3,5,2,2,1,4,2,2,4,3,1,3,3,1,2,2,6,6,2,3,2,2,4,5,3,1,2,7,5,4,8,4,1,4,0,2,4,4,3,2,6,3,1,7,2,3,3,7,2,3,3,6,18,3,2,2,2,4,2,3,6,2,2,6,5,2,3,4,4,7,2,7,1,6,3,2,3,2,5,3,6,2,7,2,8,5,1,4,3,3,7,2,4,3,3,3,5,3,6,3
4,1,2,8,4,3,2,4,1,4,2,6,6,2,4,4,4,5,5,6,7,6,5,5,5,2,3,4,2,1,2,2,2,6,4,4,1,3,4,4,1,3,4,6,4,4,1,5,6,2,6,2,2,6,3,0,3,6,6,3,5,2,2,3,1,2,2,1,5,5,2,2,4,6,2,7,2,3,3,6,18,3,2,2,2,4,2,3,6,2,2,6,5,2,3,4,4,7,2,7,1,6,3,2,3,2,5,3,6,2,7,2,8,5,1,4,3,3,7,2,4,3,3,3,5,3,6,3
4,1,2,8,4,3,2,4,1,4,2,6,6,2,4,4,4,5,5,6,7,6,5,5,5,2,3,4,2,1,2,2,2,6,4,4,1,3,4,4,1,3,4,6,4,4,1,5,6,2,6,2,2,6,3,0,3,6,6,3,5,2,2,3,1,2,2,1,5,5,2,2,4,6,2,3,2,1,2,3,2,7,2,28,0,3,1,3,2,4,5,2,2,3,5,2,0,7,3,2,4,6,5,3,1,4,4,5,2,5,4,4,2,7,2,1,2,5,3,3,3,9,1,0,4,2,3,2
4,5,2,3,5,2,7,7,2,3,4,3,4,4,2,2,1,2,4,2,3,4,4,3,2,1,2,3,5,4,3,2,7,6,3,2,4,1,4,12,5,3,0,1,2,2,1,2,3,4,1,5,3,4,3,4,5,4,6,4,6,7,4,3,2,2,2,3,3,2,3,5,1,2,3,3,2,1,2,3,2,7,2,28,0,3,1,3,2,4,5,2,2,3,5,2,0,7,3,2,4,6,5,3,1,4,4,5,2,5,4,4,2,7,2,1,2,5,3,3,3,9,1,0,4,2,3,2
4,5,2,3,5,2,7,7,2,3,4,3,4,4,2,2,1,2,4,2,3,4,4,3,2,1,2,3,5,4,3,2,7,6,3,2,4,1,4,12,5,3,0,1,2,2,1,2,3,4,1,5,3,4,3,4,5,4,6,4,6,7,4,3,2,2,2,3,3,2,3,5,1,2,3,3,5,1,6,1,1,2,3,3,4,40,8,0,1,0,1,6,6,3,2,1,3,2,2,2,3,5,3,6,4,5,3,1,2,3,3,2,2,1,4,5,6,1,4,6,1,3,8,6,2,2,4,3
6,1,2,7,3,7,5,4,2,6,2,2,4,2,3,2,3,1,3,3,2,6,3,2,7,2,6,3,8,3,4,5,2,3,4,3,1,6,3,2,3,3,2,3,2,4,5,1,1,4,4,2,8,3,2,6,5,4,2,4,3,4,2,6,4,0,2,3,7,7,6,4,2,4,1,3,5,1,6,1,1,2,3,3,4,40,8,0,1,0,1,6,6,3,2,1,3,2,2,2,3,5,3,6,4,5,3,1,2,3,3,2,2,1,4,5,6,1,4,6,1,3,8,6,2,2,4,3
6,1,2,7,3,7,5,4,2,6,2,2,4,2,3,2,3,1,3,3,2,6,3,2,7,2,6,3,8,3,4,5,2,3,4,3,1,6,3,2,3,3,2,3,2,4,5,1,1,4,4,2,8,3,2,6,5,4,2,4,3,4,2,6,4,0,2,3,7,7,6,4,2,4,1,3,2,2,4,1,7,3,0,12,4,0,3,3,2,2,8,3,3,3,4,10,2,2,2,2,4,3,1,2,2,5,4,1,5,3,3,1,2,6,5,3,2,3,3,2,3,9,2,3,4,4,1,3
4,3,6,4,3,2,4,3,4,6,2,5,6,3,1,2,1,2,2,6,2,1,1,2,2,3,5,3,6,5,3,4,8,4,4,5,4,1,3,1,2,3,2,8,3,2,4,6,6,3,4,1,2,7,3,3,2,4,1,2,7,4,5,2,2,4,3,7,4,4,6,7,3,1,7,3,2,2,4,1,7,3,0,12,4,0,3,3,2,2,8,3,3,3,4,10,2,2,2,2,4,3,1,2,2,5,4,1,5,3,3,1,2,6,5,3,2,3,3,2,3,9,2,3,4,4,1,3
4,3,6,4,3,2,4,3,4,6,2,5,6,3,1,2,1,2,2,6,2,1,1,2,2,3,5,3,6,5,3,4,8,4,4,5,4,1,3,1,2,3,2,8,3,2,4,6,6,3,4,1,2,7,3,3,2,4,1,2,7,4,5,2,2,4,3,7,4,4,6,7,3,1,7,0,9,2,3,0,2,4,4,6,33,29,0,0,0,4,1,2,4,3,2,5,5,3,2,0,2,2,3,6,4,3,2,4,4,1,2,3,3,6,8,5,4,4,2,4,3,2,3,3,4,5,5,0
2,4,5,0,3,6,5,2,5,6,2,3,4,2,5,2,4,5,1,3,1,5,6,3,4,4,4,3,1,4,7,2,4,2,1,2,1,2,4,3,6,3,1,2,2,3,3,3,3,2,7,2,5,7,1,4,3,2,2,5,7,1,3,5,2,2,2,3,5,1,7,1,2,8,2,0,9,2,3,0,2,4,4,6,33,29,0,0,0,4,1,2,4,3,2,5,5,3,2,0,2,2,3,6,4,3,2,4,4,1,2,3,3,6,8,5,4,4,2,4,3,2,3,3,4,5,5,0
2,4,5,0,3,6,5,2,5,6,2,3,4,2,5,2,4,5,1,3,1,5,6,3,4,4,4,3,1,4,7,2,4,2,1,2,1,2,4,3,6,3,1,2,2,3,3,3,3,2,7,2,5,7,1,4,3,2,2,5,7,1,3,5,2,2,2,3,5,1,7,1,2,8,2,2,2,3,1,2,7,2,2,4,3,1,3,2,5,4,3,6,3,2,2,5,3,4,5,9,3,0,2,2,3,0,1,2,3,6,6,2,2,2,3,6,4,4,4,3,2,2,2,3,1,2,7,4
1,7,3,3,3,4,6,3,3,0,4,7,4,5,2,2,5,6,4,2,3,2,4,3,3,8,5,3,8,2,4,4,5,2,1,2,3,3,4,2,1,5,7,2,2,6,1,3,5,2,3,3,6,1,0,6,6,2,5,2,4,1,2,2,9,3,4,4,3,1,4,1,1,4,2,2,2,3,1,2,7,2,2,4,3,1,3,2,5,4,3,6,3,2,2,5,3,4,5,9,3,0,2,2,3,0,1,2,3,6,6,2,2,2,3,6,4,4,4,3,2,2,2,3,1,2,7,4
2,7,3,3,3,4,6,3,3,0,4,7,4,5,2,2,5,6,4,2,3,2,4,3,3,8,5,3,8,2,4,4,5,2,1,2,3,3,4,2,1,5,7,2,2,6,1,3,5,2,3,3,6,1,0,6,6,2,5,2,4,1,2,2,9,3,4,4,3,1,4,1,1,4,2,4,5,4,2,3,18,4,4,3,4,6,4,1,3,4,3,2,5,6,2,3,2,7,4,2,1,5,5,5,4,4,2,6,3,6,5,2,2,1,3,3,5,1,1,3,4,4,2,1,1,6,3,1
2,7,4,1,3,9,6,1,1,6,1,9,8,5,2,7,1,3,2,3,6,10,5,4,1,0,1,3,4,2,3,4,3,3,5,2,3,4,2,2,6,2,4,6,5,4,1,1,1,3,7,1,3,2,1,9,1,2,9,2,3,2,7,2,2,1,4,4,2,2,6,2,2,5,3,4,5,4,2,3,18,4,4,3,4,6,4,1,3,4,3,2,5,6,2,3,2,7,4,2,1,5,5,5,4,4,2,6,3,6,5,2,2,1,3,3,5,1,1,3,4,4,2,1,1,6,3,1
2,7,4,1,3,9,6,1,1,6,1,9,8,5,2,7,1,3,2,3,6,10,5,4,1,0,1,3,4,2,3,4,3,3,5,2,3,4,2,2,6,2,4,6,5,4,1,1,1,3,7,1,3,2,1,9,1,2,9,2,3,2,7,2,2,1,4,4,2,2,6,2,2,5,3,5,7,4,2,3,8,14,5,3,2,5,5,6,1,3,3,4,2,2,2,2,3,5,3,1,2,2,3,3,4,3,1,8,2,1,2,3,3,3,3,2,6,4,2,4,2,4,2,4,2,8,1,3
2,3,1,2,2,5,0,6,3,4,4,1,6,4,10,1,3,2,1,2,2,4,2,5,5,3,2,8,2,4,3,2,4,2,2,5,3,3,4,4,1,6,8,5,4,2,2,3,2,3,5,1,4,5,8,4,3,4,1,4,6,3,5,4,5,1,1,1,3,5,3,6,2,8,2,3,5,1,4,3,5,3,3,2,36,16,0,1,2,0,3,4,2,4,2,2,1,3,3,2,5,0,4,5,4,3,2,3,4,5,2,4,3,5,6,10,6,2,3,5,1,3,3,7,3,4,4,6
3,3,1,2,2,5,0,6,3,4,4,1,6,4,10,1,3,2,1,2,2,4,2,5,5,3,2,8,2,4,3,2,4,2,2,5,3,3,4,4,1,6,8,5,4,2,2,3,2,3,5,1,4,5,8,4,3,4,1,4,6,3,5,4,5,1,1,1,3,5,3,6,2,8,2,8,5,3,10,7,1,5,3,2,25,15,2,1,5,1,2,2,1,3,3,1,4,9,6,2,3,3,1,8,2,3,1,7,2,1,2,1,4,6,2,4,3,2,1,4,1,4,6,3,6,1,5,4
3,4,3,2,3,3,8,2,3,3,4,4,6,3,2,1,2,7,2,2,6,5,3,2,8,3,2,5,4,2,2,3,4,3,3,5,5,1,2,1,5,6,9,2,2,3,4,3,3,2,4,1,5,7,5,2,0,3,2,0,3,3,6,2,5,6,1,2,4,3,2,3,3,3,5,8,5,3,10,7,1,5,3,2,25,15,2,1,5,1,2,2,1,3,3,1,4,9,6,2,3,3,1,8,2,3,1,7,2,1,2,1,4,6,2,4,3,2,1,4,1,4,6,3,6,1,5,4
2,4,3,2,3,3,8,2,3,3,4,4,6,3,2,1,2,7,2,2,6,5,3,2,8,3,2,5,4,2,2,3,4,3,3,5,5,1,2,1,5,6,9,2,2,3,4,3,3,2,4,1,5,7,5,2,0,3,2,0,3,3,6,2,5,6,1,2,4,3,2,3,3,3,5,2,4,1,0,5,4,8,4,29,1,0,2,0,1,2,4,1,6,2,3,3,4,5,5,2,2,6,3,4,6,2,4,2,1,7,2,2,4,7,1,7,2,5,2,2,4,8,3,6,3,3,1,3
1,2,3,4,1,3,4,3,5,4,10,1,1,4,3,2,2,4,2,4,4,4,3,3,4,1,3,2,2,0,0,4,3,2,3,3,2,3,4,2,3,4,4,2,5,3,5,1,3,2,2,5,6,6,6,3,3,2,4,2,2,5,3,5,3,4,3,3,3,6,5,0,3,2,5,2,4,1,0,5,4,8,4,29,1,0,2,0,1,2,4,1,6,2,3,3,4,5,5,2,2,6,3,4,6,2,4,2,1,7,2,2,4,7,1,7,2,5,2,2,4,8,3,6,3,3,1,3
1,2,3,4,1,3,4,3,5,4,10,1,1,4,3,2,2,4,2,4,4,4,3,3,4,1,3,2,2,0,0,4,3,2,3,3,2,3,4,2,3,4,4,2,5,3,5,1,3,2,2,5,6,6,6,3,3,2,4,2,2,5,3,5,3,4,3,3,3,6,5,0,3,2,9,3,2,2,4,4,3,4,14,4,2,4,4,3,0,6,2,6,2,3,3,2,7,4,9,6,3,9,1,3,1,4,2,2,1,3,4,7,3,2,3,4,2,6,1,5,4,2,2,3,3,4,5,5
2,4,5,2,1,3,5,4,4,1,2,3,5,3,4,1,3,2,1,7,5,2,5,2,1,6,3,3,1,4,4,2,4,2,1,4,1,4,1,4,5,3,2,7,4,3,7,4,1,3,4,2,1,10,2,3,5,4,4,5,5,5,2,7,5,9,4,3,5,2,2,1,2,4,2,3,2,2,4,4,3,4,14,4,2,4,4,3,0,6,2,6,2,3,3,2,7,4,9,6,3,9,1,3,1,4,2,2,1,3,4,7,3,2,3,4,2,6,1,5,4,2,2,3,3,4,5,5
3,4,5,2,1,3,5,4,4,1,2,3,5,3,4,1,3,2,1,7,5,2,5,2,1,6,3,3,1,4,4,2,4,2,1,4,1,4,1,4,5,3,2,7,4,3,7,4,1,3,4,2,1,10,2,3,5,4,4,5,5,5,2,7,5,9,4,3,5,2,2,1,2,4,2,1,5,8,3,3,2,3,1,23,3,3,1,4,5,4,3,6,3,7,1,6,6,3,4,7,3,3,6,3,4,5,8,0,5,2,5,3,2,7,3,3,3,2,1,6,3,2,2,9,3,2,3,4
3,2,3,4,5,3,2,4,2,4,4,3,6,2,3,2,4,4,5,3,1,7,2,2,4,1,4,2,8,2,8,0,1,4,4,3,1,3,2,2,3,5,4,7,2,6,3,6,2,2,1,1,3,3,5,3,3,2,3,5,1,1,1,4,4,3,3,2,3,4,2,6,2,3,1,1,5,8,3,3,2,3,1,23,3,3,1,4,5,4,3,6,3,7,1,6,6,3,4,7,3,3,6,3,4,5,8,0,5,2,5,3,2,7,3,3,3,2,1,6,3,2,2,9,3,2,3,4
3,2,3,4,5,3,2,4,2,4,4,3,6,2,3,2,4,4,5,3,1,7,2,2,4,1,4,2,8,2,8,0,1,4,4,3,1,3,2,2,3,5,4,7,2,6,3,6,2,2,1,1,3,3,5,3,3,2,3,5,1,1,1,4,4,3,3,2,3,4,2,6,2,3,1,1,1,5,3,4,24,13,4,0,3,6,3,2,7,5,3,2,2,2,4,3,5,4,5,5,0,8,3,2,3,2,4,3,2,5,2,0,1,5,1,5,2,2,3,6,7,4,6,4,3,6,5,2
2,4,5,6,4,5,8,3,4,4,4,3,2,2,3,4,2,4,7,3,1,3,3,5,9,1,3,1,6,3,2,2,3,3,2,4,2,4,4,1,3,3,2,1,2,2,0,3,6,5,2,4,6,3,5,4,5,5,4,4,1,3,9,1,5,6,3,4,3,5,2,2,7,0,6,1,1,5,3,4,24,13,4,0,3,6,3,2,7,5,3,2,2,2,4,3,5,4,5,5,0,8,3,2,3,2,4,3,2,5,2,0,1,5,1,5,2,2,3,6,7,4,6,4,3,6,5,2
2,4,5,6,4,5,8,3,4,4,4,3,2,2,3,4,2,4,7,3,1,3,3,5,9,1,3,1,6,3,2,2,3,3,2,4,2,4,4,1,3,3,2,1,2,2,0,3,6,5,2,4,6,3,5,4,5,5,4,4,1,3,9,1,5,6,3,4,3,5,2,2,7,0,6,2,3,2,1,3,2,2,3,5,22,2,2,3,4,3,1,6,2,1,6,2,4,2,4,3,3,2,5,3,3,1,2,6,4,3,2,5,2,4,6,4,4,1,3,1,3,3,7,2,2,3,5,7
3,5,3,1,2,5,1,1,2,3,4,4,2,5,1,3,6,8,2,5,3,6,1,5,5,4,0,3,3,4,3,3,3,6,6,4,3,2,3,88,21,1,88,0,77,3,81,27,85,0,72,59,26,76,0,81,75,54,63,12,73,5,61,71,48,0,77,0,77,0,69,0,0,0,66,2,3,2,1,3,2,2,3,5,22,2,2,3,4,3,1,6,2,1,6,2,4,2,4,3,3,2,5,3,3,1,2,6,4,3,2,5,2,4,6,4,4,1,3,1,3,3,7,2,2,3,5,7
3,5,3,1,2,5,1,1,2,3,4,4,2,5,1,3,6,8,2,5,3,6,1,5,5,4,0,3,3,4,3,3,3,6,6,4,3,2,3,88,21,1,88,0,77,3,81,27,85,0,72,59,26,76,0,81,75,54,63,12,73,5,61,71,48,0,77,0,77,0,69,0,0,0,66,0,0,0,0,4,0,1,0,1,1,2,3,3,1,3,2,2,1,3,2,6,4,3,2,6,3,4,9,3,3,4,26,0,5,8,3,1,7,4,0,5,2,1,5,2,1,6,2,4,4,5,0,1
1,6,4,2,1,1,2,1,5,2,3,3,6,5,0,5,4,2,5,1,3,5,4,4,3,2,3,1,3,1,2,4,3,1,2,2,4,9,6,4,4,3,3,3,5,3,7,4,3,5,7,2,3,3,7,2,3,6,3,61,11,5,0,4,0,3,2,2,5,2,6,2,1,1,6,0,0,0,0,4,0,1,0,1,1,2,3,3,1,3,2,2,1,3,2,6,4,3,2,6,3,4,9,3,3,4,26,0,5,8,3,1,7,4,0,5,2,1,5,2,1,6,2,4,4,5,0,1
1,6,4,2,1,1,2,1,5,2,3,3,6,5,0,5,4,2,5,1,3,5,4,4,3,2,3,1,3,1,2,4,3,1,2,2,4,9,6,4,4,3,3,3,5,3,7,4,3,5,7,2,3,3,7,2,3,6,3,61,11,5,0,4,0,3,2,2,5,2,6,2,1,1,6,1,3,4,1,3,2,9,3,2,2,6,4,3,3,3,5,1,5,7,3,4,3,2,1,5,4,1,3,1,4,1,6,5,8,4,7,3,4,4,2,6,0,1,4,2,4,4,3,4,6,3,1,3
4,1,5,5,5,2,4,2,5,2,2,5,2,4,2,9,4,3,2,4,2,3,3,2,2,2,4,2,9,8,1,2,3,7,3,4,3,4,9,3,4,3,5,7,6,5,1,5,5,2,3,4,1,4,2,2,5,2,3,4,3,5,6,4,2,3,2,5,2,3,3,2,5,4,7,1,3,4,1,3,2,9,3,2,2,6,4,3,3,3,5,1,5,7,3,4,3,2,1,5,4,1,3,1,4,1,6,5,8,4,7,3,4,4,2,6,0,1,4,2,4,4,3,4,6,3,1,3
4,1,5,5,5,2,4,2,5,2,2,5,2,4,2,9,4,3,2,4,2,3,3,2,2,2,4,2,9,8,1,2,3,7,3,4,3,4,9,3,4,3,5,7,6,5,1,5,5,2,3,4,1,4,2,2,5,2,3,4,3,5,6,4,2,3,2,5,2,3,3,2,5,4,7,9,3,2,2,3,1,5,5,3,30,17,0,2,2,2,1,7,4,3,2,2,2,4,2,5,3,8,1,3,4,2,2,1,4,5,5,3,2,9,5,2,4,3,1,1,48,35,7,0,2,0,2,8
2,1,2,4,2,1,5,4,5,2,3,1,2,2,1,7,2,6,2,5,5,4,3,5,6,2,2,2,4,1,3,4,4,5,2,2,6,10,0,3,4,5,5,1,4,6,3,3,5,6,4,2,1,1,1,4,2,3,5,2,4,2,5,1,5,3,3,6,2,3,5,3,1,3,7,9,3,2,2,3,1,5,5,3,30,17,0,2,2,2,1,7,4,3,2,2,2,4,2,5,3,8,1,3,4,2,2,1,4,5,5,3,2,9,5,2,4,3,1,1,48,35,7,0,2,0,2,8
2,1,2,4,2,1,5,4,5,2,3,1,2,2,1,7,2,6,2,5,5,4,3,5,6,2,2,2,4,1,3,4,4,5,2,2,6,10,0,3,4,5,5,1,4,6,3,3,5,6,4,2,1,1,1,4,2,3,5,2,4,2,5,1,5,3,3,6,2,3,5,3,1,3,3,3,3,3,4,4,1,0,3,2,28,1,1,7,2,3,2,4,7,1,1,2,5,3,2,4,2,5,7,5,6,3,5,1,1,7,5,2,2,3,3,4,8,3,7,4,6,3,4,3,6,3,3,1
3,2,5,1,5,3,3,2,3,4,4,4,2,3,1,2,5,3,2,6,3,6,1,6,2,4,5,3,6,7,2,2,2,5,2,2,3,3,2,2,3,0,3,4,4,2,5,3,3,2,3,5,4,1,2,7,4,3,8,1,2,7,2,2,3,2,2,3,3,2,2,6,5,1,5,3,3,3,4,4,1,0,3,2,28,1,1,7,2,3,2,4,7,1,1,2,5,3,2,4,2,5,7,5,6,3,5,1,1,7,5,2,2,3,3,4,8,3,7,4,6,3,4,3,6,3,3,1
3,2,5,1,5,3,3,2,3,4,4,4,2,3,1,2,5,3,2,6,3,6,1,6,2,4,5,3,6,7,2,2,2,5,2,2,3,3,2,2,3,0,3,4,4,2,5,3,3,2,3,5,4,1,2,7,4,3,8,1,2,7,2,2,3,2,2,3,3,2,2,6,5,1,5,1,5,9,1,6,24,2,5,6,2,2,0,4,3,7,5,2,2,5,5,2,3,1,3,9,1,4,4,5,5,5,2,4,4,3,3,4,3,59,18,1,0,2,0,0,1,6,6,4,0,4,3,5
2,7,5,11,3,0,1,5,8,7,2,3,4,3,1,7,3,4,6,5,2,5,1,1,2,3,2,2,4,4,4,1,6,4,2,5,3,2,3,5,1,2,2,5,2,1,4,3,4,1,5,5,5,4,2,1,4,5,3,2,4,3,3,3,6,2,2,3,3,2,3,4,2,1,6,1,5,9,1,6,24,2,5,6,2,2,0,4,3,7,5,2,2,5,5,2,3,1,3,9,1,4,4,5,5,5,2,4,4,3,3,4,3,59,18,1,0,2,0,0,1,6,6,4,0,4,3,5
2,7,5,11,3,0,1,5,8,7,2,3,4,3,1,7,3,4,6,5,2,5,1,1,2,3,2,2,4,4,4,1,6,4,2,5,3,2,3,5,1,2,2,5,2,1,4,3,4,1,5,5,5,4,2,1,4,5,3,2,4,3,3,3,6,2,2,3,3,2,3,4,2,1,6,1,3,8,4,1,4,1,4,2,8,6,24,2,2,3,4,0,2,4,0,6,4,4,8,7,10,6,1,4,3,2,1,1,2,1,4,2,5,4,5,2,1,3,4,3,4,4,4,6,4,4,3,3
3,5,1,7,5,1,4,3,6,3,5,3,2,6,4,3,4,10,1,1,2,2,2,1,3,2,3,2,4,5,2,5,4,2,2,2,2,4,2,3,3,2,4,2,5,5,4,5,4,5,1,2,2,1,3,2,6,3,7,7,1,2,5,2,2,4,11,4,1,3,2,3,1,4,6,1,3,8,4,1,4,1,4,2,8,6,24,2,2,3,4,0,2,4,0,6,4,4,8,7,10,6,1,4,3,2,1,1,2,1,4,2,5,4,5,2,1,3,4,3,4,4,4,6,4,4,3,3
3,5,1,7,5,1,4,3,6,3,5,3,2,6,4,3,4,10,1,1,2,2,2,1,3,2,3,2,4,5,2,5,4,2,2,2,2,4,2,3,3,2,4,2,5,5,4,5,4,5,1,2,2,1,3,2,6,3,7,7,1,2,5,2,2,4,11,4,1,3,2,3,1,4,4,3,7,4,4,4,9,2,4,6,4,2,1,2,3,4,7,1,3,3,3,4,6,3,3,2,1,5,3,3,4,2,2,4,6,2,7,1,3,3,3,1,3,8,2,8,4,4,3,2,4,3,2,2
1,6,5,6,6,3,3,4,2,3,3,2,1,3,1,9,3,4,2,1,3,8,6,5,3,5,3,2,6,2,2,3,7,7,2,4,2,3,7,3,1,2,3,3,8,1,1,1,2,5,3,2,1,3,1,3,6,1,6,4,5,2,5,7,5,9,4,4,3,3,9,3,2,7,4,3,7,4,4,4,9,2,4,6,4,2,1,2,3,4,7,1,3,3,3,4,6,3,3,2,1,5,3,3,4,2,2,4,6,2,7,1,3,3,3,1,3,8,2,8,4,4,3,2,4,3,2,2
1,6,5,6,6,3,3,4,2,3,3,2,1,3,1,9,3,4,2,1,3,8,6,5,3,5,3,2,6,2,2,3,7,7,2,4,2,3,7,3,1,2,3,3,8,1,1,1,2,5,3,2,1,3,1,3,6,1,6,4,5,2,5,7,5,9,4,4,3,3,9,3,2,7,4,8,3,5,4,2,1,2,3,26,2,4,4,3,0,3,3,1,2,6,4,5,1,1,1,4,6,3,7,3,3,5,4,6,4,3,5,2,3,2,4,5,2,4,5,3,0,2,2,3,3,7,3,1
4,2,6,4,2,5,3,7,7,4,4,2,6,2,2,3,3,8,0,6,3,3,0,4,2,2,4,3,5,10,6,3,2,3,1,4,3,2,6,5,2,3,4,5,3,2,1,4,3,5,4,7,1,1,3,3,5,5,3,1,2,4,3,4,3,6,1,2,1,7,7,3,3,2,4,8,3,5,4,2,1,2,3,26,2,4,4,3,0,3,3,1,2,6,4,5,1,1,1,4,6,3,7,3,3,5,4,6,4,3,5,2,3,2,4,5,2,4,5,3,0,2,2,3,3,7,3,1
4,2,6,4,2,5,3,7,7,4,4,2,6,2,2,3,3,8,0,6,3,3,0,4,2,2,4,3,5,10,6,3,2,3,1,4,3,2,6,5,2,3,4,5,3,2,1,4,3,5,4,7,1,1,3,3,5,5,3,1,2,4,3,4,3,6,1,2,1,7,7,3,3,2,4,1,6,4,8,1,1,5,2,17,5,4,5,11,4,3,2,4,1,8,4,4,0,7,3,1,4,1,6,6,6,31,0,1,1,6,3,6,2,5,1,3,3,3,5,2,2,0,3,2,2,5,3,2
2,2,2,5,4,4,8,6,2,5,5,4,4,3,2,6,2,2,6,5,5,3,2,6,2,4,1,2,3,1,5,2,5,2,3,8,4,3,5,1,4,2,2,8,4,4,4,1,8,7,2,7,2,3,4,2,2,3,3,4,0,3,4,3,3,6,5,2,4,2,2,7,4,4,0,1,6,4,8,1,1,5,2,17,5,4,5,11,4,3,2,4,1,8,4,4,0,7,3,1,4,1,6,6,6,31,0,1,1,6,3,6,2,5,1,3,3,3,5,2,2,0,3,2,2,5,3,2
2,2,2,5,4,4,8,6,2,5,5,4,4,3,2,6,2,2,6,5,5,3,2,6,2,4,1,2,3,1,5,2,5,2,3,8,4,3,5,1,4,2,2,8,4,4,4,1,8,7,2,7,2,3,4,2,2,3,3,4,0,3,4,3,3,6,5,2,4,2,2,7,4,4,0,8,3,3,3,4,2,3,1,7,27,3,0,4,2,0,6,1,1,4,2,1,1,4,1,5,5,4,6,2,2,3,4,6,1,2,1,3,2,2,4,2,2,4,3,4,4,3,5,4,2,3,4,2
0,3,3,4,1,4,4,4,3,3,3,1,2,7,4,3,1,4,8,4,2,2,1,2,4,3,2,5,4,1,1,3,4,2,4,3,5,4,3,1,5,3,1,5,3,3,1,3,5,0,2,4,3,3,5,4,2,2,5,3,5,2,3,2,4,7,1,5,2,2,1,3,2,3,4,8,3,3,3,4,2,3,1,7,27,3,0,4,2,0,6,1,1,4,2,1,1,4,1,5,5,4,6,2,2,3,4,6,1,2,1,3,2,2,4,2,2,4,3,4,4,3,5,4,2,3,4,2
0,3,3,4,1,4,4,4,3,3,3,1,2,7,4,3,1,4,8,4,2,2,1,2,4,3,2,5,4,1,1,3,4,2,4,3,5,4,3,1,5,3,1,5,3,3,1,3,5,0,2,4,3,3,5,4,2,2,5,3,5,2,3,2,4,7,1,5,2,2,1,3,2,3,4,6,4,1,3,14,1,2,2,2,3,3,3,3,2,9,4,4,1,7,4,1,3,3,4,6,4,8,2,3,3,3,1,2,2,1,5,3,3,3,0,6,4,2,3,3,6,4,3,5,2,2,1,3
2,1,2,3,2,3,5,4,3,0,2,2,3,3,1,4,2,4,4,2,5,3,8,2,3,3,2,2,6,3,7,2,4,2,8,3,2,3,4,2,2,5,4,2,4,1,7,4,1,5,2,2,1,7,2,8,1,5,3,4,2,5,2,2,2,4,4,5,1,4,1,4,0,3,4,6,4,1,3,14,1,2,2,2,3,3,3,3,2,9,4,4,1,7,4,1,3,3,4,6,4,8,2,3,3,3,1,2,2,1,5,3,3,3,0,6,4,2,3,3,6,4,3,5,2,2,1,3
2,1,2,3,2,3,5,4,3,0,2,2,3,3,1,4,2,4,4,2,5,3,8,2,3,3,2,2,6,3,7,2,4,2,8,3,2,3,4,2,2,5,4,2,4,1,7,4,1,5,2,2,1,7,2,8,1,5,3,4,2,5,2,2,2,4,4,5,1,4,1,4,0,3,4,3,2,5,3,4,6,2,3,34,0,3,2,5,0,4,1,2,4,8,6,4,2,2,1,5,2,8,2,1,4,1,1,1,1,4,6,3,2,3,3,9,1,3,5,3,2,3,4,3,3,1,3,6
3,2,3,2,8,6,5,4,3,5,3,4,2,1,5,3,3,3,3,3,2,3,6,5,4,2,3,2,3,3,5,3,3,4,3,2,6,6,0,4,3,2,2,4,10,6,2,2,5,3,2,6,5,2,2,7,3,4,3,2,2,4,1,3,2,4,4,4,4,3,2,5,2,4,5,3,2,5,3,4,6,2,3,34,0,3,2,5,0,4,1,2,4,8,6,4,2,2,1,5,2,8,2,1,4,1,1,1,1,4,6,3,2,3,3,9,1,3,5,3,2,3,4,3,3,1,3,6
3,2,3,2,8,6,5,4,3,5,3,4,2,1,5,3,3,3,3,3,2,3,6,5,4,2,3,2,3,3,5,3,3,4,3,2,6,6,0,4,3,2,2,4,10,6,2,2,5,3,2,6,5,2,2,7,3,4,3,2,2,4,1,3,2,4,4,4,4,3,2,5,2,4,5,3,3,3,5,1,1,4,6,16,2,2,2,5,6,3,6,4,1,3,3,3,5,4,4,3,5,5,2,3,3,5,3,5,0,0,5,1,1,3,3,4,5,63,19,0,0,2,1,2,1,1,9,6
2,2,4,7,1,5,5,2,7,5,3,3,3,1,3,2,1,4,3,2,3,2,3,1,6,1,5,1,3,3,3,4,6,5,2,8,4,3,3,1,3,4,5,3,4,1,5,5,2,2,4,3,2,2,5,4,9,4,2,7,4,5,2,3,3,5,4,1,5,6,4,2,3,5,5,3,3,3,5,1,1,4,6,16,2,2,2,5,6,3,6,4,1,3,3,3,5,4,4,3,5,5,2,3,3,5,3,5,0,0,5,1,1,3,3,4,5,63,19,0,0,2,1,2,1,1,9,6
2,2,4,7,1,5,5,2,7,5,3,3,3,1,3,2,1,4,3,2,3,2,3,1,6,1,5,1,3,3,3,4,6,5,2,8,4,3,3,1,3,4,5,3,4,1,5,5,2,2,4,3,2,2,5,4,9,4,2,7,4,5,2,3,3,5,4,1,5,6,4,2,3,5,5,4,3,3,1,3,4,3,6,18,3,7,2,6,1,6,2,2,4,2,3,0,6,3,1,3,4,6,3,2,3,6,2,1,4,2,3,1,2,5,4,3,1,4,3,7,5,2,2,9,3,6,9,3
1,5,4,2,1,5,4,2,2,3,4,3,2,3,1,2,4,2,2,5,3,2,2,4,2,3,5,6,3,4,3,2,3,3,5,7,5,2,2,2,2,1,6,1,2,3,4,2,3,4,3,0,3,4,3,4,4,4,2,4,7,5,2,2,4,1,3,1,7,1,3,2,2,3,5,4,3,3,1,3,4,3,6,18,3,7,2,6,1,6,2,2,4,2,3,0,6,3,1,3,4,6,3,2,3,6,2,1,4,2,3,1,2,5,4,3,1,4,3,7,5,2,2,9,3,6,9,3
1,5,4,2,1,5,4,2,2,3,4,3,2,3,1,2,4,2,2,5,3,2,2,4,2,3,5,6,3,4,3,2,3,3,5,7,5,2,2,2,2,1,6,1,2,3,4,2,3,4,3,0,3,4,3,4,4,4,2,4,7,5,2,2,4,1,3,1,7,1,3,2,2,3,5,2,4,4,5,3,2,8,5,2,2,10,3,0,2,2,4,3,2,1,3,3,4,2,3,1,1,1,7,1,4,1,1,5,2,2,2,3,5,9,3,1,1,1,5,7,4,3,2,2,5,5,9,2
5,2,3,3,2,2,2,0,3,1,1,3,7,3,1,4,2,1,5,3,2,2,5,7,0,6,6,3,5,4,8,6,1,0,2,2,7,10,7,5,2,6,3,1,1,6,2,3,4,5,7,2,2,5,3,3,3,5,2,2,6,5,3,2,3,1,2,5,5,1,2,2,7,3,2,2,4,4,5,3,2,8,5,2,2,10,3,0,2,2,4,3,2,1,3,3,4,2,3,1,1,1,7,1,4,1,1,5,2,2,2,3,5,9,3,1,1,1,5,7,4,3,2,2,5,5,9,2
5,2,3,3,2,2,2,0,3,1,1,3,7,3,1,4,2,1,5,3,2,2,5,7,0,6,6,3,5,4,8,6,1,0,2,2,7,10,7,5,2,6,3,1,1,6,2,3,4,5,7,2,2,5,3,3,3,5,2,2,6,5,3,2,3,1,2,5,5,1,2,2,7,3,2,2,3,4,3,3,7,3,26,0,0,2,2,5,2,1,2,2,7,4,2,2,2,0,4,3,7,2,2,4,2,2,4,3,3,9,3,11,3,5,5,4,1,4,1,3,2,5,4,4,3,3,5,3
1,6,0,2,1,2,3,3,4,1,1,3,3,3,2,2,4,1,6,3,0,1,4,4,3,7,2,2,5,2,5,2,8,2,5,6,1,5,4,3,2,4,2,5,7,7,1,2,3,4,8,3,2,3,7,6,5,3,2,7,4,3,2,1,6,9,5,3,5,4,3,3,5,1,10,2,3,4,3,3,7,3,26,0,0,2,2,5,2,1,2,2,7,4,2,2,2,0,4,3,7,2,2,4,2,2,4,3,3,9,3,11,3,5,5,4,1,4,1,3,2,5,4,4,3,3,5,3
1,6,0,2,1,2,3,3,4,1,1,3,3,3,2,2,4,1,6,3,0,1,4,4,3,7,2,2,5,2,5,2,8,2,5,6,1,5,4,3,2,4,2,5,7,7,1,2,3,4,8,3,2,3,7,6,5,3,2,7,4,3,2,1,6,9,5,3,5,4,3,3,5,1,10,4,3,5,4,14,2,3,2,4,2,2,2,2,6,5,7,2,2,3,4,3,3,3,2,1,1,0,2,3,6,4,5,3,1,7,3,1,1,2,3,5,3,5,3,2,1,4,3,4,3,1,2,1
3,5,2,6,2,4,8,3,3,1,2,3,4,1,4,7,3,5,3,2,4,7,3,3,6,6,2,3,1,2,4,2,3,4,4,5,1,2,3,5,3,1,3,3,3,2,9,2,2,4,3,3,2,4,2,6,2,2,3,4,4,4,5,3,1,4,2,2,5,4,3,1,4,4,4,4,3,5,4,14,2,3,2,4,2,2,2,2,6,5,7,2,2,3,4,3,3,3,2,1,1,0,2,3,6,4,5,3,1,7,3,1,1,2,3,5,3,5,3,2,1,4,3,4,3,1,2,1
3,5,2,6,2,4,8,3,3,1,2,3,4,1,4,7,3,5,3,2,4,7,3,3,6,6,2,3,1,2,4,2,3,4,4,5,1,2,3,5,3,1,3,3,3,2,9,2,2,4,3,3,2,4,2,6,2,2,3,4,4,4,5,3,1,4,2,2,5,4,3,1,4,4,4,5,2,2,4,4,3,13,2,2,3,7,4,1,2,3,4,5,4,4,7,1,3,6,4,2,3,3,2,4,2,2,4,3,4,3,1,4,4,1,7,2,3,3,2,3,2,5,2,5,3,4,2,7
5,1,2,1,3,1,5,2,3,2,3,1,8,3,3,10,4,5,4,2,0,3,2,4,3,1,4,4,4,3,5,3,2,2,5,6,5,5,4,4,3,5,8,2,2,2,3,5,0,0,3,4,3,7,5,1,2,3,4,4,5,3,4,3,2,3,1,4,2,4,4,1,4,2,3,5,2,2,4,4,3,13,2,2,3,7,4,1,2,3,4,5,4,4,7,1,3,6,4,2,3,3,2,4,2,2,4,3,4,3,1,4,4,1,7,2,3,3,2,3,2,5,2,5,3,4,2,7
5,1,2,1,3,1,5,2,3,2,3,1,8,3,3,10,4,5,4,2,0,3,2,4,3,1,4,4,4,3,5,3,2,2,5,6,5,5,4,4,3,5,8,2,2,2,3,5,0,0,3,4,3,7,5,1,2,3,4,4,5,3,4,3,2,3,1,4,2,4,4,1,4,2,3,5,4,9,3,2,3,2,2,19,3,1,3,4,2,4,3,3,1,2,6,2,3,1,3,5,3,4,3,3,5,2,5,6,3,1,5,3,6,3,3,3,5,1,7,5,61,0,0,0,0,0,2,0
4,4,1,2,3,2,2,3,6,2,3,4,4,5,4,7,2,2,2,8,2,0,2,4,3,3,2,2,5,4,8,4,0,4,2,2,4,1,2,3,3,1,4,3,2,1,3,5,1,5,1,4,4,4,6,1,4,7,5,2,2,2,4,3,3,4,3,5,1,3,3,3,2,3,3,5,4,9,3,2,3,2,2,19,3,1,3,4,2,4,3,3,1,2,6,2,3,1,3,5,3,4,3,3,5,2,5,6,3,1,5,3,6,3,3,3,5,1,7,5,61,0,0,0,0,0,2,0
4,4,1,2,3,2,2,3,6,2,3,4,4,5,4,7,2,2,2,8,2,0,2,4,3,3,2,2,5,4,8,4,0,4,2,2,4,1,2,3,3,1,4,3,2,1,3,5,1,5,1,4,4,4,6,1,4,7,5,2,2,2,4,3,3,4,3,5,1,3,3,3,2,3,6,5,3,6,2,4,2,3,4,23,4,1,3,5,3,2,4,2,1,4,5,2,2,6,4,2,5,5,4,3,5,2,1,8,5,8,6,5,3,7,1,2,3,2,5,3,4,2,4,3,3,2,8,4
2,1,7,2,4,3,5,1,1,7,5,3,2,1,1,2,5,3,4,5,3,3,3,1,1,1,2,5,1,5,0,2,8,3,3,1,4,6,3,1,2,2,3,3,7,3,0,3,3,4,2,2,3,2,7,1,5,2,2,8,3,4,4,5,5,4,4,1,4,4,1,1,5,2,6,5,3,6,2,4,2,3,4,23,4,1,3,5,3,2,4,2,1,4,5,2,2,6,4,2,5,5,4,3,5,2,1,8,5,8,6,5,3,7,1,2,3,2,5,3,4,2,4,3,3,2,8,4
2,1,7,2,4,3,5,1,1,7,5,3,2,1,1,2,5,3,4,5,3,3,3,1,1,1,2,5,1,5,0,2,8,3,3,1,4,6,3,1,2,2,3,3,7,3,0,3,3,4,2,2,3,2,7,1,5,2,2,8,3,4,4,5,5,4,4,1,4,4,1,1,5,2,6,2,2,6,5,1,21,2,1,3,5,3,4,1,3,2,3,2,4,4,4,3,11,1,3,4,5,1,3,2,1,2,2,3,2,1,8,3,3,4,3,7,3,4,5,1,3,3,3,4,5,4,3,2
2,6,4,3,3,3,1,4,2,1,10,4,7,3,3,6,2,2,3,4,1,8,4,3,4,2,6,4,3,8,0,0,2,3,3,7,3,11,1,1,3,5,4,4,3,4,2,4,1,3,3,4,7,3,4,2,6,1,4,3,2,1,7,1,1,4,3,2,2,7,2,6,3,2,1,2,2,6,5,1,21,2,1,3,5,3,4,1,3,2,3,2,4,4,4,3,11,1,3,4,5,1,3,2,1,2,2,3,2,1,8,3,3,4,3,7,3,4,5,1,3,3,3,4,5,4,3,2
2,6,4,3,3,3,1,4,2,1,10,4,7,3,3,6,2,2,3,4,1,8,4,3,4,2,6,4,3,8,0,0,2,3,3,7,3,11,1,1,3,5,4,4,3,4,2,4,1,3,3,4,7,3,4,2,6,1,4,3,2,1,7,1,1,4,3,2,2,7,2,6,3,2,1,4,4,5,5,4,2,4,4,1,2,4,2,3,4,0,42,6,0,1,2,3,1,6,2,2,2,2,3,2,2,4,4,4,1,3,2,4,4,2,5,4,4,2,5,5,6,2,5,3,2,4,4,2
5,1,1,3,4,6,2,2,1,1,2,2,2,4,2,3,2,4,1,1,1,3,4,4,8,6,2,2,6,3,1,1,3,5,2,3,2,3,3,5,9,3,3,2,5,5,4,4,4,5,3,2,3,3,5,2,3,4,3,2,6,1,2,4,4,4,7,4,2,2,3,2,5,5,2,4,4,5,5,4,2,4,4,1,2,4,2,3,4,0,42,6,0,1,2,3,1,6,2,2,2,2,3,2,2,4,4,4,1,3,2,4,4,2,5,4,4,2,5,5,6,2,5,3,2,4,4,2
5,1,1,3,4,6,2,2,1,1,2,2,2,4,2,3,2,4,1,1,1,3,4,4,8,6,2,2,6,3,1,1,3,5,2,3,2,3,3,5,9,3,3,2,5,5,4,4,4,5,3,2,3,3,5,2,3,4,3,2,6,1,2,4,4,4,7,4,2,2,3,2,5,5,2,4,4,7,4,2,3,1,1,2,5,22,3,4,3,2,1,3,4,1,3,3,3,1,3,6,3,6,3,3,3,3,4,8,1,3,5,6,3,5,1,1,2,4,4,3,1,2,2,3,4,2,4,3
2,3,5,2,1,2,1,5,4,2,1,2,3,2,2,3,4,6,2,3,3,6,3,2,7,2,1,4,2,4,2,3,4,3,5,3,3,2,10,4,7,5,2,3,2,5,0,3,1,5,3,4,1,2,4,4,2,6,6,7,4,3,3,4,4,2,3,8,7,1,1,2,10,5,2,4,4,7,4,2,3,1,1,2,5,22,3,4,3,2,1,3,4,1,3,3,3,1,3,6,3,6,3,3,3,3,4,8,1,3,5,6,3,5,1,1,2,4,4,3,1,2,2,3,4,2,4,3
2,3,5,2,1,2,1,5,4,2,1,2,3,2,2,3,4,6,2,3,3,6,3,2,7,2,1,4,2,4,2,3,4,3,5,3,3,2,10,4,7,5,2,3,2,5,0,3,1,5,3,4,1,2,4,4,2,6,6,7,4,3,3,4,4,2,3,8,7,1,1,2,10,5,2,2,4,3,2,3,3,17,2,3,4,4,1,6,4,1,2,3,4,5,4,2,2,5,1,3,4,3,8,2,5,4,3,3,3,2,1,41,29,0,4,5,0,2,2,7,4,5,2,3,5,2,1,5
3,3,3,3,6,8,3,2,2,1,2,2,6,5,3,4,2,6,4,2,1,11,5,0,7,2,2,6,4,0,2,4,2,10,4,3,1,4,4,3,2,3,5,1,3,4,2,4,1,3,3,5,5,2,3,4,4,3,1,2,6,10,1,2,4,8,5,2,5,1,3,3,3,2,2,3,4,2,4,4,2,5,18,8,2,3,5,5,1,0,2,3,4,3,3,3,4,1,2,2,7,1,5,5,2,3,3,2,3,3,4,1,3,5,2,3,2,4,5,2,2,5,4,4,5,4,5,1
3,3,3,3,6,8,3,2,2,1,2,2,6,5,3,4,2,6,4,2,1,11,5,0,7,2,2,6,4,0,2,4,2,10,4,3,1,4,4,3,2,3,5,1,3,4,2,4,1,3,3,5,5,2,3,4,4,3,1,2,6,10,1,2,4,8,5,2,5,1,3,3,3,2,2,5,3,2,2,1,9,2,2,28,2,8,1,3,3,2,3,0,2,4,7,2,0,3,6,2,2,3,2,3,2,2,4,2,1,7,1,3,2,4,3,4,2,2,3,4,2,0,6,1,1,3,3,1
4,4,9,4,1,4,4,4,1,2,3,5,2,7,4,0,5,4,3,3,5,3,4,4,6,2,2,4,1,1,3,1,1,2,3,5,1,2,4,10,4,4,2,1,2,6,4,1,1,2,3,1,1,1,3,4,4,6,3,4,3,3,2,4,1,2,0,2,5,5,2,7,4,3,1,5,3,2,2,1,9,2,2,28,2,8,1,3,3,2,3,0,2,4,7,2,0,3,6,2,2,3,2,3,2,2,4,2,1,7,1,3,2,4,3,4,2,2,3,4,2,0,6,1,1,3,3,1
4,4,9,4,1,4,4,4,1,2,3,5,2,7,4,0,5,4,3,3,5,3,4,4,6,2,2,4,1,1,3,1,1,2,3,5,1,2,4,10,4,4,2,1,2,6,4,1,1,2,3,1,1,1,3,4,4,6,3,4,3,3,2,4,1,2,0,2,5,5,2,7,4,3,1,3,3,3,10,7,3,10,3,4,17,2,2,1,4,5,3,3,1,1,3,3,2,4,1,3,1,6,3,3,1,3,4,4,7,3,4,5,6,1,3,4,2,3,3,4,2,3,1,7,1,1,6,2
6,4,3,3,3,3,2,2,3,5,7,1,4,1,5,8,2,3,7,6,3,2,3,5,4,0,1,5,2,5,2,1,2,1,4,2,7,2,1,7,4,1,5,2,3,5,1,4,2,2,5,3,4,1,1,3,3,3,2,4,6,2,2,3,4,3,4,9,4,3,3,4,2,6,4,3,3,3,10,7,3,10,3,4,17,2,2,1,4,5,3,3,1,1,3,3,2,4,1,3,1,6,3,3,1,3,4,4,7,3,4,5,6,1,3,4,2,3,3,4,2,3,1,7,1,1,6,2
6,4,3,3,3,3,2,2,3,5,7,1,4,1,5,8,2,3,7,6,3,2,3,5,4,0,1,5,2,5,2,1,2,1,4,2,7,2,1,7,4,1,5,2,3,5,1,4,2,2,5,3,4,1,1,3,3,3,2,4,6,2,2,3,4,3,4,9,4,3,3,4,2,6,4,3,4,4,3,1,21,1,5,5,5,4,4,2,7,5,1,3,1,1,5,4,3,4,2,5,2,0,3,3,2,4,3,2,3,4,5,2,6,6,3,7,4,3,5,3,8,4,2,1,2,4,5,4
2,2,1,5,1,3,2,4,3,2,5,4,3,3,3,1,3,4,3,2,3,3,5,3,2,6,3,3,5,3,5,1,2,3,3,4,7,4,1,5,2,3,1,4,2,6,3,3,5,4,9,1,1,4,4,1,3,3,5,3,3,1,2,2,2,3,5,2,4,3,5,3,2,3,6,3,4,4,3,1,21,1,5,5,5,4,4,2,7,5,1,3,1,1,5,4,3,4,2,5,2,0,3,3,2,4,3,2,3,4,5,2,6,6,3,7,4,3,5,3,8,4,2,1,2,4,5,4
2,2,1,5,1,3,2,4,3,2,5,4,3,3,3,1,3,4,3,2,3,3,5,3,2,6,3,3,5,3,5,1,2,3,3,4,7,4,1,5,2,3,1,4,2,6,3,3,5,4,9,1,1,4,4,1,3,3,5,3,3,1,2,2,2,3,5,2,4,3,5,3,2,3,6,3,3,2,4,2,4,1,2,4,2,0,3,2,0,26,5,2,1,3,2,4,1,3,2,2,2,4,6,1,5,4,2,4,1,5,2,4,7,2,1,3,3,4,3,5,4,2,4,0,3,1,2,3
4,4,5,2,5,3,2,2,4,5,5,4,5,2,5,1,4,3,8,2,4,0,1,4,4,5,3,4,3,1,5,3,1,2,4,4,3,8,3,3,3,3,8,1,1,5,6,6,3,6,2,2,1,8,2,2,2,3,2,5,3,6,7,2,5,1,3,2,4,4,4,3,6,3,4,3,3,2,4,2,4,1,2,4,2,0,3,2,0,26,5,2,1,3,2,4,1,3,2,2,2,4,6,1,5,4,2,4,1,5,2,4,7,2,1,3,3,4,3,5,4,2,4,0,3,1,2,3
4,4,5,2,5,3,2,2,4,5,5,4,5,2,5,1,4,3,8,2,4,0,1,4,4,5,3,4,3,1,5,3,1,2,4,4,3,8,3,3,3,3,8,1,1,5,6,6,3,6,2,2,1,8,2,2,2,3,2,5,3,6,7,2,5,1,3,2,4,4,4,3,6,3,4,4,2,1,5,2,22,3,1,3,3,2,0,0,7,6,3,2,0,5,6,4,3,3,2,4,3,2,3,3,4,4,6,3,3,2,4,5,4,4,4,2,2,4,7,1,4,3,5,4,2,4,10,2
7,2,1,2,1,6,3,3,4,2,6,2,4,2,2,6,2,3,3,3,3,4,6,2,0,0,4,6,3,7,2,2,1,1,2,2,3,4,7,1,4,2,4,1,3,1,4,7,7,5,3,4,4,5,2,3,5,4,6,7,3,2,1,4,0,3,3,7,2,3,4,2,1,0,4,4,2,1,5,2,22,3,1,3,3,2,0,0,7,6,3,2,0,5,6,4,3,3,2,4,3,2,3,3,4,4,6,3,3,2,4,5,4,4,4,2,2,4,7,1,4,3,5,4,2,4,10,2
7,2,1,2,1,6,3,3,4,2,6,2,4,2,2,6,2,3,3,3,3,4,6,2,0,0,4,6,3,7,2,2,1,1,2,2,3,4,7,1,4,2,4,1,3,1,4,7,7,5,3,4,4,5,2,3,5,4,6,7,3,2,1,4,0,3,3,7,2,3,4,2,1,0,4,5,5,4,2,2,4,7,3,37,24,4,3,4,1,2,2,1,3,4,1,3,4,6,4,6,3,3,3,0,5,5,3,6,3,5,4,2,2,6,1,4,3,8,10,4,1,2,3,8,4,1,2,2
2,7,3,2,1,3,5,4,4,6,4,1,4,3,5,3,3,3,3,2,3,5,6,4,5,2,7,4,3,4,0,4,4,1,2,4,4,3,6,2,3,4,2,3,6,5,6,6,4,2,4,4,2,4,5,5,5,1,3,2,3,7,2,7,0,2,2,2,5,3,2,3,4,6,4,5,5,4,2,2,4,7,3,37,24,4,3,4,1,2,2,1,3,4,1,3,4,6,4,6,3,3,3,0,5,5,3,6,3,5,4,2,2,6,1,4,3,8,10,4,1,2,3,8,4,1,2,2
2,7,3,2,1,3,5,4,4,6,4,1,4,3,5,3,3,3,3,2,3,5,6,4,5,2,7,4,3,4,0,4,4,1,2,4,4,3,6,2,3,4,2,3,6,5,6,6,4,2,4,4,2,4,5,5,5,1,3,2,3,7,2,7,0,2,2,2,5,3,2,3,4,6,4,2,3,4,3,4,4,3,5,1,6,25,3,1,0,0,1,5,1,1,6,7,5,4,3,3,4,1,2,4,1,5,1,6,3,4,3,2,4,2,2,2,3,1,3,5,1,4,4,2,3,3,1,2
2,6,3,2,3,2,3,3,6,6,2,3,5,2,4,8,3,1,12,5,4,4,2,5,6,2,2,6,4,4,5,1,4,2,1,1,7,5,2,2,9,4,2,2,3,7,1,8,2,2,5,4,2,1,1,4,4,3,4,2,7,7,6,6,2,2,2,1,3,6,4,5,3,1,1,2,3,4,3,4,4,3,5,1,6,25,3,1,0,0,1,5,1,1,6,7,5,4,3,3,4,1,2,4,1,5,1,6,3,4,3,2,4,2,2,2,3,1,3,5,1,4,4,2,3,3,1,2
0,6,3,2,3,2,3,3,6,6,2,3,5,2,4,8,3,1,12,5,4,4,2,5,6,2,2,6,4,4,5,1,4,2,1,1,7,5,2,2,9,4,2,2,3,7,1,8,2,2,5,4,2,1,1,4,4,3,4,2,7,7,6,6,2,2,2,1,3,6,4,5,3,1,1,4,2,10,7,2,34,0,0,1,1,1,3,5,3,4,1,2,7,2,4,6,7,3,5,2,4,7,3,1,3,5,4,3,5,3,1,4,3,2,3,0,2,0,3,4,9,3,5,3,1,4,3,3
1,1,2,2,6,4,2,2,2,4,4,4,2,1,2,2,4,2,4,1,3,2,4,3,7,2,1,1,4,2,5,6,5,4,6,4,3,2,3,3,3,0,3,2,3,7,6,2,3,3,2,3,3,3,1,5,5,4,6,1,2,2,3,4,4,3,2,4,3,3,4,3,2,3,5,4,2,10,7,2,34,0,0,1,1,1,3,5,3,4,1,2,7,2,4,6,7,3,5,2,4,7,3,1,3,5,4,3,5,3,1,4,3,2,3,0,2,0,3,4,9,3,5,3,1,4,3,3
1,1,2,2,6,4,2,2,2,4,4,4,2,1,2,2,4,2,4,1,3,2,4,3,7,2,1,1,4,2,5,6,5,4,6,4,3,2,3,3,3,0,3,2,3,7,6,2,3,3,2,3,3,3,1,5,5,4,6,1,2,2,3,4,4,3,2,4,3,3,4,3,2,3,5,3,3,3,2,1,1,3,9,5,4,4,2,2,7,1,5,2,8,2,2,3,3,5,3,4,2,8,7,3,1,4,3,3,8,1,2,1,3,2,5,3,4,3,8,2,3,2,3,2,4,7,3,5
7,4,4,4,2,0,4,6,5,5,3,3,3,3,1,4,4,4,2,2,6,8,2,5,5,3,5,4,1,2,3,8,5,6,6,4,4,3,6,3,5,5,5,4,3,2,2,1,2,5,5,6,1,6,3,6,1,3,3,1,2,3,5,1,4,3,2,6,1,3,3,3,4,4,2,3,3,3,2,1,1,3,9,5,4,4,2,2,7,1,5,2,8,2,2,3,3,5,3,4,2,8,7,3,1,4,3,3,8,1,2,1,3,2,5,3,4,3,8,2,3,2,3,2,4,7,3,5
7,4,4,4,2,0,4,6,5,5,3,3,3,3,1,4,4,4,2,2,6,8,2,5,5,3,5,4,1,2,3,8,5,6,6,4,4,3,6,3,5,5,5,4,3,2,2,1,2,5,5,6,1,6,3,6,1,3,3,1,2,3,5,1,4,3,2,6,1,3,3,3,4,4,2,1,3,2,8,6,5,4,2,30,11,2,3,0,3,1,4,10,3,1,5,3,1,1,3,0,2,1,3,5,5,7,6,5,6,2,1,6,4,2,4,6,1,3,4,5,1,2,4,3,5,7,2,6
3,5,4,5,2,1,2,3,5,5,4,2,6,4,7,4,1,1,2,3,2,7,6,4,4,3,3,3,1,7,3,2,2,5,5,6,4,4,2,3,1,3,2,7,5,3,4,6,7,5,0,3,1,2,4,3,3,6,3,3,3,1,3,5,2,1,5,1,7,1,1,2,5,2,4,1,3,2,8,6,5,4,2,30,11,2,3,0,3,1,4,10,3,1,5,3,1,1,3,0,2,1,3,5,5,7,6,5,6,2,1,6,4,2,4,6,1,3,4,5,1,2,4,3,5,7,2,6
3,5,4,5,2,1,2,3,5,5,4,2,6,4,7,4,1,1,2,3,2,7,6,4,4,3,3,3,1,7,3,2,2,5,5,6,4,4,2,3,1,3,2,7,5,3,4,6,7,5,0,3,1,2,4,3,3,6,3,3,3,1,3,5,2,1,5,1,7,1,1,2,5,2,4,1,2,1,2,4,2,3,8,5,1,5,2,2,3,3,4,1,43,1,5,0,5,4,1,7,4,2,0,4,3,2,2,4,6,3,5,3,3,1,8,3,2,1,4,1,6,2,2,2,2,3,2,2
2,2,2,7,4,3,3,1,4,0,2,6,1,3,7,2,5,2,3,4,3,2,1,6,6,1,1,3,3,3,3,4,1,5,6,3,4,4,4,6,1,4,2,2,3,2,2,7,0,2,0,7,3,2,0,2,3,5,3,1,4,5,6,2,6,3,3,3,4,3,5,5,5,1,3,1,2,1,2,4,2,3,8,5,1,5,2,2,3,3,4,1,43,1,5,0,5,4,1,7,4,2,0,4,3,2,2,4,6,3,5,3,3,1,8,3,2,1,4,1,6,2,2,2,2,3,2,2
2,2,2,7,4,3,3,1,4,0,2,6,1,3,7,2,5,2,3,4,3,2,1,6,6,1,1,3,3,3,3,4,1,5,6,3,4,4,4,6,1,4,2,2,3,2,2,7,0,2,0,7,3,2,0,2,3,5,3,1,4,5,6,2,6,3,3,3,4,3,5,5,5,1,3,6,3,2,1,3,3,8,3,12,2,25,2,3,1,5,9,1,3,2,3,0,2,4,1,4,3,0,4,9,4,3,4,2,2,4,2,4,4,1,3,2,1,4,3,3,3,4,2,3,3,3,2,7
2,1,4,5,1,5,2,4,5,4,3,4,2,2,3,4,6,1,4,2,3,3,3,3,2,3,6,3,12,2,2,3,5,4,1,2,5,10,6,4,1,4,7,5,6,4,2,1,6,1,3,3,4,2,2,4,2,3,2,1,8,1,4,4,3,4,4,3,4,5,2,4,2,6,5,6,3,2,1,3,3,8,3,12,2,25,2,3,1,5,9,1,3,2,3,0,2,4,1,4,3,0,4,9,4,3,4,2,2,4,2,4,4,1,3,2,1,4,3,3,3,4,2,3,3,3,2,7
2,1,4,5,1,5,2,4,5,4,3,4,2,2,3,4,6,1,4,2,3,3,3,3,2,3,6,3,12,2,2,3,5,4,1,2,5,10,6,4,1,4,7,5,6,4,2,1,6,1,3,3,4,2,2,4,2,3,2,1,8,1,4,4,3,4,4,3,4,5,2,4,2,6,5,5,1,1,3,1,3,6,6,4,37,0,0,3,3,2,2,1,5,1,4,0,2,5,2,2,1,5,4,3,3,3,4,2,5,2,5,3,2,5,1,7,1,3,4,10,4,1,4,2,4,5,3,1
2,3,7,1,7,3,3,5,2,2,2,3,2,4,3,1,2,2,1,2,3,7,5,4,1,4,3,6,2,3,7,8,1,11,1,2,2,5,6,4,3,4,1,5,2,2,4,5,3,3,3,3,3,5,2,3,2,2,4,1,4,3,4,3,3,0,1,3,3,5,2,1,4,3,3,5,1,1,3,1,3,6,6,4,37,0,0,3,3,2,2,1,5,1,4,0,2,5,2,2,1,5,4,3,3,3,4,2,5,2,5,3,2,5,1,7,1,3,4,10,4,1,4,2,4,5,3,1
1,3,7,1,7,3,3,5,2,2,2,3,2,4,3,1,2,2,1,2,3,7,5,4,1,4,3,6,2,3,7,8,1,11,1,2,2,5,6,4,3,4,1,5,2,2,4,5,3,3,3,3,3,5,2,3,2,2,4,1,4,3,4,3,3,0,1,3,3,5,2,1,4,3,4,1,5,4,1,2,4,2,17,9,3,5,2,3,5,2,3,2,3,3,2,1,5,2,2,3,5,2,5,10,3,2,6,6,4,2,2,4,4,1,4,2,6,4,3,4,3,7,3,2,2,5,3,2
4,1,2,1,4,3,6,1,2,3,1,4,7,2,6,3,3,6,0,3,5,2,5,10,4,3,2,1,1,4,2,2,11,2,5,3,3,4,8,7,1,2,5,2,3,3,4,2,7,3,1,4,7,2,3,2,1,1,2,3,2,3,6,5,7,9,2,5,2,2,3,5,2,1,4,1,5,4,1,2,4,2,17,9,3,5,2,3,5,2,3,2,3,3,2,1,5,2,2,3,5,2,5,10,3,2,6,6,4,2,2,4,4,1,4,2,6,4,3,4,3,7,3,2,2,5,3,2
4,1,2,1,4,3,6,1,2,3,1,4,7,2,6,3,3,6,0,3,5,2,5,10,4,3,2,1,1,4,2,2,11,2,5,3,3,4,8,7,1,2,5,2,3,3,4,2,7,3,1,4,7,2,3,2,1,1,2,3,2,3,6,5,7,9,2,5,2,2,3,5,2,1,4,1,2,2,2,6,5,16,2,4,1,9,6,1,3,2,2,2,3,3,4,3,2,1,6,2,4,5,2,2,3,3,2,3,3,1,2,6,2,4,4,1,1,4,5,1,3,3,2,1,2,6,6,2
5,2,5,6,3,4,3,5,4,5,5,3,2,1,7,4,1,4,4,4,1,6,3,2,8,2,2,3,3,5,5,3,1,3,3,0,3,2,3,6,6,2,3,5,1,7,0,2,4,3,2,6,3,3,3,5,3,3,5,2,3,6,7,4,6,6,3,2,4,1,8,2,3,5,2,1,2,2,2,6,5,16,2,4,1,9,6,1,3,2,2,2,3,3,4,3,2,1,6,2,4,5,2,2,3,3,2,3,3,1,2,6,2,4,4,1,1,4,5,1,3,3,2,1,2,6,6,2
5,2,5,6,3,4,3,5,4,5,5,3,2,1,7,4,1,4,4,4,1,6,3,2,8,2,2,3,3,5,5,3,1,3,3,0,3,2,3,6,6,2,3,5,1,7,0,2,4,3,2,6,3,3,3,5,3,3,5,2,3,6,7,4,6,6,3,2,4,1,8,2,3,5,2,3,2,7,3,4,7,19,3,3,1,2,6,0,1,3,5,2,7,1,5,5,2,6,2,3,5,6,2,6,1,1,5,3,8,4,5,5,4,4,3,5,3,3,2,4,1,3,3,3,2,4,6,1
5,1,8,2,3,6,3,0,1,5,5,5,4,3,7,1,5,2,6,3,7,1,3,3,0,2,3,4,1,7,4,7,1,3,3,8,2,2,4,6,9,4,1,4,3,1,3,5,6,7,2,4,3,2,8,3,4,1,1,6,2,3,2,5,1,3,2,2,1,2,4,6,1,2,2,3,2,7,3,4,7,19,3,3,1,2,6,0,1,3,5,2,7,1,5,5,2,6,2,3,5,6,2,6,1,1,5,3,8,4,5,5,4,4,3,5,3,3,2,4,1,3,3,3,2,4,6,1
2,1,8,2,3,6,3,0,1,5,5,5,4,3,7,1,5,2,6,3,7,1,3,3,0,2,3,4,1,7,4,7,1,3,3,8,2,2,4,6,9,4,1,4,3,1,3,5,6,7,2,4,3,2,8,3,4,1,1,6,2,3,2,5,1,3,2,2,1,2,4,6,1,2,2,2,6,1,2,3,1,6,3,1,2,3,3,1,5,3,6,4,4,2,23,0,4,2,3,2,5,4,2,6,5,3,1,1,3,2,4,3,3,1,3,3,4,3,1,4,3,2,1,4,1,4,3,2
1,2,4,3,8,5,2,4,7,4,8,4,3,2,6,2,1,5,2,3,3,3,4,6,2,7,3,2,2,4,6,0,3,3,2,4,2,5,1,4,5,2,3,6,3,3,2,3,2,4,4,4,5,2,4,2,2,1,5,2,4,4,1,4,2,3,2,2,2,4,4,6,6,3,6,2,6,1,2,3,1,6,3,1,2,3,3,1,5,3,6,4,4,2,23,0,4,2,3,2,5,4,2,6,5,3,1,1,3,2,4,3,3,1,3,3,4,3,1,4,3,2,1,4,1,4,3,2
1,2,4,3,8,5,2,4,7,4,8,4,3,2,6,2,1,5,2,3,3,3,4,6,2,7,3,2,2,4,6,0,3,3,2,4,2,5,1,4,5,2,3,6,3,3,2,3,2,4,4,4,5,2,4,2,2,1,5,2,4,4,1,4,2,3,2,2,2,4,4,6,6,3,6,5,10,3,4,5,5,3,2,1,7,2,3,3,6,3,3,2,1,1,31,1,2,5,1,2,3,4,5,2,2,4,3,8,4,2,3,1,3,3,7,2,3,3,2,1,6,4,3,4,3,1,3,1
5,5,2,2,4,3,6,2,7,1,5,4,5,2,4,4,2,5,3,6,3,5,3,5,5,1,3,11,6,2,4,2,3,2,1,5,2,10,2,2,2,1,4,1,3,4,5,5,5,3,6,4,3,3,5,3,5,1,3,9,2,6,1,5,0,3,2,4,2,2,5,7,5,4,7,5,10,3,4,5,5,3,2,1,7,2,3,3,6,3,3,2,1,1,31,1,2,5,1,2,3,4,5,2,2,4,3,8,4,2,3,1,3,3,7,2,3,3,2,1,6,4,3,4,3,1,3,1
5,5,2,2,4,3,6,2,7,1,5,4,5,2,4,4,2,5,3,6,3,5,3,5,5,1,3,11,6,2,4,2,3,2,1,5,2,10,2,2,2,1,4,1,3,4,5,5,5,3,6,4,3,3,5,3,5,1,3,9,2,6,1,5,0,3,2,4,2,2,5,7,5,4,7,4,2,3,4,5,5,4,6,5,10,34,1,0,1,4,1,2,5,2,4,5,3,8,1,3,3,5,6,1,3,4,5,3,4,1,3,4,5,2,3,3,2,3,4,2,7,7,2,2,2,2,5,7
2,4,7,4,5,5,3,2,6,3,2,1,2,4,2,8,2,1,3,2,3,5,6,4,2,3,6,5,3,3,4,2,2,2,3,4,1,5,4,7,2,5,2,2,4,3,2,1,6,0,6,3,2,3,8,2,4,2,2,1,2,3,5,5,4,5,1,2,1,2,5,6,5,3,0,4,2,3,4,5,5,4,6,5,10,34,1,0,1,4,1,2,5,2,4,5,3,8,1,3,3,5,6,1,3,4,5,3,4,1,3,4,5,2,3,3,2,3,4,2,7,7,2,2,2,2,5,7
2,4,7,4,5,5,3,2,6,3,2,1,2,4,2,8,2,1,3,2,3,5,6,4,2,3,6,5,3,3,4,2,2,2,3,4,1,5,4,7,2,5,2,2,4,3,2,1,6,0,6,3,2,3,8,2,4,2,2,1,2,3,5,5,4,5,1,2,1,2,5,6,5,3,4,6,6,1,3,5,2,6,3,4,28,5,1,2,2,6,2,3,2,9,9,0,3,3,1,2,1,5,2,6,2,3,3,4,0,2,0,2,8,3,1,2,4,3,3,2,4,2,4,3,2,5,2,2
3,3,5,3,4,2,2,4,4,4,3,2,1,3,7,4,4,2,4,3,3,2,2,2,4,4,2,2,9,5,3,7,3,2,4,3,2,3,7,5,2,2,3,5,1,4,3,1,6,3,4,5,4,4,3,9,4,4,2,1,6,5,2,3,1,3,3,7,3,3,3,1,3,1,4,6,6,1,3,5,2,6,3,4,28,5,1,2,2,6,2,3,2,9,9,0,3,3,1,2,1,5,2,6,2,3,3,4,0,2,0,2,8,3,1,2,4,3,3,2,4,2,4,3,2,5,2,2
3,3,5,3,4,2,2,4,4,4,3,2,1,3,7,4,4,2,4,3,3,2,2,2,4,4,2,2,9,5,3,7,3,2,4,3,2,3,7,5,2,2,3,5,1,4,3,1,6,3,4,5,4,4,3,9,4,4,2,1,6,5,2,3,1,3,3,7,3,3,3,1,3,1,4,1,5,2,6,1,2,5,1,2,23,1,3,5,1,7,4,3,5,3,5,5,2,1,6,6,1,1,3,2,4,5,9,5,2,5,9,7,1,2,2,1,9,2,2,3,2,1,4,3,6,4,4,4
2,5,6,2,7,2,3,1,2,8,2,2,0,1,4,4,6,4,1,3,3,4,7,3,2,7,4,6,4,1,2,2,2,1,2,2,4,5,2,1,2,2,1,3,6,4,3,2,2,6,2,1,5,5,3,3,2,3,7,6,3,0,3,4,3,6,5,2,2,7,1,4,2,6,5,1,5,2,6,1,2,5,1,2,23,1,3,5,1,7,4,3,5,3,5,5,2,1,6,6,1,1,3,2,4,5,9,5,2,5,9,7,1,2,2,1,9,2,2,3,2,1,4,3,6,4,4,4
2,5,6,2,7,2,3,1,2,8,2,2,0,1,4,4,6,4,1,3,3,4,7,3,2,7,4,6,4,1,2,2,2,1,2,2,4,5,2,1,2,2,1,3,6,4,3,2,2,6,2,1,5,5,3,3,2,3,7,6,3,0,3,4,3,6,5,2,2,7,1,4,2,6,5,2,3,5,1,4,4,1,7,1,3,24,7,1,3,3,4,1,7,8,2,4,2,2,1,6,1,4,4,2,3,5,4,3,3,1,2,1,5,3,2,3,3,5,3,2,3,3,5,6,5,4,7,3
3,2,1,2,3,4,3,7,2,8,1,4,3,2,3,3,5,2,5,4,1,2,3,9,5,5,3,5,1,3,4,3,3,3,5,6,3,3,2,2,4,5,4,4,4,1,4,3,4,4,3,3,1,2,5,5,2,2,3,7,5,6,3,3,4,4,1,2,3,3,3,1,2,6,3,2,3,5,1,4,4,1,7,1,3,24,7,1,3,3,4,1,7,8,2,4,2,2,1,6,1,4,4,2,3,5,4,3,3,1,2,1,5,3,2,3,3,5,3,2,3,3,5,6,5,4,7,3
5,2,1,2,3,4,3,7,2,8,1,4,3,2,3,3,5,2,5,4,1,2,3,9,5,5,3,5,1,3,4,3,3,3,5,6,3,3,2,2,4,5,4,4,4,1,4,3,4,4,3,3,1,2,5,5,2,2,3,7,5,6,3,3,4,4,1,2,3,3,3,1,2,6,2,6,3,1,6,7,7,4,2,18,8,1,0,6,1,1,2,5,4,3,3,4,1,5,3,5,2,5,2,4,2,5,1,2,2,4,3,3,6,4,1,2,4,1,2,2,3,2,5,5,1,4,2,7
5,2,3,1,3,5,1,1,6,2,2,7,1,5,4,3,2,2,2,4,2,2,3,2,2,7,3,2,7,2,1,3,3,4,3,2,2,4,4,4,2,2,6,6,3,1,5,3,4,2,7,1,4,1,4,5,3,10,1,5,1,5,2,6,1,3,3,1,4,6,2,4,2,5,7,6,3,1,6,7,7,4,2,18,8,1,0,6,1,1,2,5,4,3,3,4,1,5,3,5,2,5,2,4,2,5,1,2,2,4,3,3,6,4,1,2,4,1,2,2,3,2,5,5,1,4,2,7
1,2,3,1,3,5,1,1,6,2,2,7,1,5,4,3,2,2,2,4,2,2,3,2,2,7,3,2,7,2,1,3,3,4,3,2,2,4,4,4,2,2,6,6,3,1,5,3,4,2,7,1,4,1,4,5,3,10,1,5,1,5,2,6,1,3,3,1,4,6,2,4,2,5,7,5,3,2,7,1,3,2,5,19,2,1,3,4,0,1,6,1,2,6,3,0,2,2,5,6,2,1,10,3,3,1,2,3,3,10,4,3,2,5,8,4,8,3,2,4,1,3,5,3,1,5,1,1
1,2,1,7,2,2,1,5,4,6,1,4,6,2,0,3,1,2,4,6,6,2,4,3,3,6,1,2,5,2,9,3,6,2,1,4,1,9,2,3,4,1,3,2,5,2,4,4,4,9,5,1,2,2,5,5,2,2,4,4,6,1,3,5,3,6,7,2,1,2,1,5,4,2,5,5,3,2,7,1,3,2,5,19,2,1,3,4,0,1,6,1,2,6,3,0,2,2,5,6,2,1,10,3,3,1,2,3,3,10,4,3,2,5,8,4,8,3,2,4,1,3,5,3,1,5,1,1
1,2,1,7,2,2,1,5,4,6,1,4,6,2,0,3,1,2,4,6,6,2,4,3,3,6,1,2,5,2,9,3,6,2,1,4,1,9,2,3,4,1,3,2,5,2,4,4,4,9,5,1,2,2,5,5,2,2,4,4,6,1,3,5,3,6,7,2,1,2,1,5,4,2,5,3,1,3,3,5,5,4,16,1,3,1,5,1,5,1,5,4,1,4,3,4,3,3,5,1,3,1,4,3,7,1,3,3,3,4,3,3,2,0,4,8,3,1,1,2,4,3,3,5,1,7,5,0
5,1,3,4,5,7,4,5,2,6,4,3,4,2,6,5,5,5,1,6,1,3,2,3,3,5,5,5,2,7,4,3,3,2,3,3,4,6,2,9,4,1,6,6,5,3,7,2,6,3,4,2,0,4,4,4,2,4,6,5,7,4,1,1,2,3,3,2,5,2,5,1,1,5,5,3,1,3,3,5,5,4,16,1,3,1,5,1,5,1,5,4,1,4,3,4,3,3,5,1,3,1,4,3,7,1,3,3,3,4,3,3,2,0,4,8,3,1,1,2,4,3,3,5,1,7,5,0
5,1,3,4,5,7,4,5,2,6,4,3,4,2,6,5,5,5,1,6,1,3,2,3,3,5,5,5,2,7,4,3,3,2,3,3,4,6,2,9,4,1,6,6,5,3,7,2,6,3,4,2,0,4,4,4,2,4,6,5,7,4,1,1,2,3,3,2,5,2,5,1,1,5,5,5,2,3,3,4,3,3,25,1,3,2,2,3,5,5,4,1,4,3,5,5,2,3,5,3,5,2,5,4,3,3,5,8,5,2,5,2,4,5,3,2,5,2,4,8,3,4,4,5,3,2,3,1
1,2,1,4,2,1,1,5,3,2,3,5,5,4,2,2,3,2,3,1,5,2,1,5,1,3,2,1,2,2,3,5,4,1,3,2,7,3,4,3,1,6,4,2,2,5,3,3,4,4,3,1,5,3,2,2,5,5,4,5,4,2,4,4,3,3,2,3,2,2,6,4,1,4,6,5,2,3,3,4,3,3,25,1,3,2,2,3,5,5,4,1,4,3,5,5,2,3,5,3,5,2,5,4,3,3,5,8,5,2,5,2,4,5,3,2,5,2,4,8,3,4,4,5,3,2,3,1
1,2,1,4,2,1,1,5,3,2,3,5,5,4,2,2,3,2,3,1,5,2,1,5,1,3,2,1,2,2,3,5,4,1,3,2,7,3,4,3,1,6,4,2,2,5,3,3,4,4,3,1,5,3,2,2,5,5,4,5,4,2,4,4,3,3,2,3,2,2,6,4,1,4,6,0,5,2,6,2,2,3,2,10,2,3,3,2,3,6,5,1,2,1,3,3,2,6,1,3,1,1,1,2,4,3,6,6,0,7,3,9,2,1,4,5,2,4,1,5,1,6,5,4,6,2,2,1
6,13,1,1,4,2,2,1,5,5,6,3,3,2,3,7,2,3,2,2,4,3,6,3,3,6,1,5,9,6,2,2,5,4,2,5,1,1,3,3,3,4,3,2,4,5,3,5,2,3,1,2,1,2,1,6,4,11,4,5,6,1,2,7,1,1,2,7,8,2,2,3,6,2,4,0,5,2,6,2,2,3,2,10,2,3,3,2,3,6,5,1,2,1,3,3,2,6,1,3,1,1,1,2,4,3,6,6,0,7,3,9,2,1,4,5,2,4,1,5,1,6,5,4,6,2,2,1
6,13,1,1,4,2,2,1,5,5,6,3,3,2,3,7,2,3,2,2,4,3,6,3,3,6,1,5,9,6,2,2,5,4,2,5,1,1,3,3,3,4,3,2,4,5,3,5,2,3,1,2,1,2,1,6,4,11,4,5,6,1,2,7,1,1,2,7,8,2,2,3,6,2,4,2,2,2,8,8,5,3,2,2,5,3,3,5,3,3,1,5,5,2,3,4,5,3,5,3,3,3,2,3,3,8,5,5,2,2,2,4,6,8,0,4,4,1,4,3,6,21,12,3,2,1,5,1
4,2,3,2,1,5,1,2,3,2,6,4,4,7,0,5,3,2,6,1,5,6,6,3,2,4,1,3,5,4,5,1,3,3,3,7,3,6,5,2,2,2,5,3,5,1,9,2,6,1,8,5,2,3,6,3,4,2,2,1,1,5,4,3,1,4,5,2,4,1,7,10,4,3,0,2,2,2,8,8,5,3,2,2,5,3,3,5,3,3,1,5,5,2,3,4,5,3,5,3,3,3,2,3,3,8,5,5,2,2,2,4,6,8,0,4,4,1,4,3,6,21,12,3,2,1,5,1
4,2,3,2,1,5,1,2,3,2,6,4,4,7,0,5,3,2,6,1,5,6,6,3,2,4,1,3,5,4,5,1,3,3,3,7,3,6,5,2,2,2,5,3,5,1,9,2,6,1,8,5,2,3,6,3,4,2,2,1,1,5,4,3,1,4,5,2,4,1,7,10,4,3,0,3,2,4,2,4,2,1,6,21,6,2,9,5,6,5,1,1,6,4,2,5,3,3,1,4,4,2,1,2,1,3,2,3,3,3,3,3,5,5,5,3,2,2,1,2,3,4,4,2,0,4,6,5
3,4,4,4,3,4,3,4,5,4,2,3,2,1,3,3,1,2,3,6,5,3,4,2,4,4,1,3,3,6,6,3,5,4,3,3,2,4,2,3,6,4,8,1,3,9,1,4,3,4,1,0,5,3,2,5,3,7,5,6,1,2,1,3,4,3,8,2,3,6,1,5,3,7,1,3,2,4,2,4,2,1,6,21,6,2,9,5,6,5,1,1,6,4,2,5,3,3,1,4,4,2,1,2,1,3,2,3,3,3,3,3,5,5,5,3,2,2,1,2,3,4,4,2,0,4,6,5
3,4,4,4,3,4,3,4,5,4,2,3,2,1,3,3,1,2,3,6,5,3,4,2,4,4,1,3,3,6,6,3,5,4,3,3,2,4,2,3,6,4,8,1,3,9,1,4,3,4,1,0,5,3,2,5,3,7,5,6,1,2,1,3,4,3,8,2,3,6,1,5,3,7,1,2,2,3,1,1,2,34,24,1,4,0,2,6,2,1,2,1,3,2,3,3,1,6,3,3,6,2,6,3,3,3,2,6,5,8,4,1,4,2,3,4,2,3,0,5,0,2,5,1,3,3,7,5
2,2,4,3,5,0,4,2,0,7,3,1,2,2,5,5,1,1,3,2,4,4,1,2,7,4,2,2,4,1,2,4,1,1,4,2,1,3,1,4,5,6,3,7,3,5,3,4,4,4,2,2,4,3,2,4,5,6,3,3,4,4,5,1,1,3,4,2,3,1,4,1,4,2,2,2,5,1,4,4,2,1,3,3,5,2,6,6,2,2,4,5,5,3,5,3,4,6,2,2,3,2,2,6,4,5,1,4,4,1,2,3,2,3,4,8,2,2,3,6,4,1,5,1,4,1,7,1
2,2,4,3,5,0,4,2,0,7,3,1,2,2,5,5,1,1,3,2,4,4,1,2,7,4,2,2,4,1,2,4,1,1,4,2,1,3,1,4,5,6,3,7,3,5,3,4,4,4,2,2,4,3,2,4,5,6,3,3,4,4,5,1,1,3,4,2,3,1,4,1,4,2,1,4,4,2,4,7,24,15,2,4,4,3,3,2,1,3,1,3,2,7,6,2,4,4,2,3,4,1,1,4,6,1,3,2,3,4,6,6,3,5,4,6,4,1,1,5,3,2,2,3,2,1,2,2
2,4,2,3,3,2,7,4,3,1,1,2,1,2,2,5,37,4,0,1,1,1,4,2,4,1,3,5,3,2,2,4,2,1,3,1,4,5,1,4,9,1,4,1,3,6,2,2,4,7,3,2,4,2,4,1,4,5,2,3,3,3,2,2,3,4,5,5,6,4,4,4,7,6,2,4,4,2,4,7,24,15,2,4,4,3,3,2,1,3,1,3,2,7,6,2,4,4,2,3,4,1,1,4,6,1,3,2,3,4,6,6,3,5,4,6,4,1,1,5,3,2,2,3,2,1,2,2
2,4,2,3,3,2,7,4,3,1,1,2,1,2,2,5,37,4,0,1,1,1,4,2,4,1,3,5,3,2,2,4,2,1,3,1,4,5,1,4,9,1,4,1,3,6,2,2,4,7,3,2,4,2,4,1,4,5,2,3,3,3,2,2,3,4,5,5,6,4,4,4,7,6,2,3,3,2,3,1,3,6,3,3,25,2,2,5,1,2,4,5,1,2,2,3,2,5,3,2,6,2,9,5,1,3,2,7,5,3,1,4,4,6,3,2,2,3,3,3,1,5,2,1,5,4,4,2
11,4,2,3,3,4,5,4,3,4,3,2,2,9,3,2,7,3,2,3,4,5,2,4,6,3,4,8,1,1,1,5,1,5,6,2,2,2,4,3,3,3,8,3,3,3,5,4,5,1,3,3,3,1,4,3,2,4,6,5,2,4,3,4,3,2,1,3,2,2,4,6,1,2,3,3,3,2,3,1,3,6,3,3,25,2,2,5,1,2,4,5,1,2,2,3,2,5,3,2,6,2,9,5,1,3,2,7,5,3,1,4,4,6,3,2,2,3,3,3,1,5,2,1,5,4,4,2
11,4,2,3,3,4,5,4,3,4,3,2,2,9,3,2,7,3,2,3,4,5,2,4,6,3,4,8,1,1,1,5,1,5,6,2,2,2,4,3,3,3,8,3,3,3,5,4,5,1,3,3,3,1,4,3,2,4,6,5,2,4,3,4,3,2,1,3,2,2,4,6,1,2,3,2,5,6,5,5,2,2,3,6,1,2,1,4,4,2,3,5,4,3,5,4,2,3,4,4,3,5,7,3,9,5,4,6,2,4,2,3,1,5,2,3,5,3,4,3,3,3,7,3,2,1,4,1
1,7,2,2,2,6,4,2,0,1,4,3,1,1,8,4,4,5,2,3,4,3,4,2,2,2,1,2,3,3,2,2,4,1,4,6,3,4,2,1,2,4,3,2,2,2,2,3,2,4,3,7,2,4,4,3,6,1,2,2,4,2,2,9,3,5,5,2,1,3,3,2,6,3,3,2,5,6,5,5,2,2,3,6,1,2,1,4,4,2,3,5,4,3,5,4,2,3,4,4,3,5,7,3,9,5,4,6,2,4,2,3,1,5,2,3,5,3,4,3,3,3,7,3,2,1,4,1
1,7,2,2,2,6,4,2,0,1,4,3,1,1,8,4,4,5,2,3,4,3,4,2,2,2,1,2,3,3,2,2,4,1,4,6,3,4,2,1,2,4,3,2,2,2,2,3,2,4,3,7,2,4,4,3,6,1,2,2,4,2,2,9,3,5,5,2,1,3,3,2,6,3,3,1,2,1,5,4,4,7,4,27,14,3,1,4,4,0,1,3,2,3,2,4,2,5,2,5,4,2,3,7,4,4,4,1,1,1,3,1,4,5,7,1,2,3,3,3,2,4,2,5,3,0,4,7
4,2,4,3,6,2,2,3,2,8,3,2,2,5,5,6,1,6,3,5,8,2,5,3,3,3,2,4,5,6,3,6,1,2,5,2,4,6,6,5,0,2,2,6,2,0,1,4,3,4,4,6,3,2,5,2,3,3,4,8,3,4,4,3,2,3,2,2,3,2,3,4,3,4,3,1,2,1,5,4,4,7,4,27,14,3,1,4,4,0,1,3,2,3,2,4,2,5,2,5,4,2,3,7,4,4,4,1,1,1,3,1,4,5,7,1,2,3,3,3,2,4,2,5,3,0,4,7
4,2,4,3,6,2,2,3,2,8,3,2,2,5,5,6,1,6,3,5,8,2,5,3,3,3,2,4,5,6,3,6,1,2,5,2,4,6,6,5,0,2,2,6,2,0,1,4,3,4,4,6,3,2,5,2,3,3,4,8,3,4,4,3,2,3,2,2,3,2,3,4,3,4,3,1,3,3,5,2,4,4,5,18,8,7,3,3,2,6,0,1,5,6,1,4,3,3,5,2,4,6,3,2,3,1,3,2,3,1,3,4,4,4,3,5,3,1,1,6,4,3,9,3,6,2,3,5
4,2,3,2,3,8,2,3,1,3,2,1,5,6,3,3,2,2,9,4,2,5,2,0,6,2,6,3,5,2,7,2,2,2,3,4,4,2,2,5,6,3,4,4,4,1,2,3,5,2,3,2,2,6,2,3,2,3,2,1,4,1,10,2,4,5,1,3,6,1,2,3,1,3,5,1,3,3,5,2,4,4,5,18,8,7,3,3,2,6,0,1,5,6,1,4,3,3,5,2,4,6,3,2,3,1,3,2,3,1,3,4,4,4,3,5,3,1,1,6,4,3,9,3,6,2,3,5
4,2,3,2,3,8,2,3,1,3,2,1,5,6,3,3,2,2,9,4,2,5,2,0,6,2,6,3,5,2,7,2,2,2,3,4,4,2,2,5,6,3,4,4,4,1,2,3,5,2,3,2,2,6,2,3,2,3,2,1,4,1,10,2,4,5,1,3,6,1,2,3,1,3,5,1,6,3,5,3,2,3,4,5,8,4,3,6,2,2,1,23,1,1,3,5,3,6,5,2,3,6,6,5,3,6,3,2,4,3,2,8,3,4,2,6,3,1,5,0,3,5,4,3,2,6,5,2
4,2,2,3,2,4,9,1,3,2,6,3,3,2,1,2,3,1,2,4,3,6,2,5,4,5,1,3,2,2,4,2,1,4,3,4,3,3,4,2,4,4,4,8,2,1,4,6,8,6,1,4,3,7,2,1,1,8,2,2,4,4,2,3,2,3,1,3,2,2,5,5,1,6,1,1,6,3,5,3,2,3,4,5,8,4,3,6,2,2,1,23,1,1,3,5,3,6,5,2,3,6,6,5,3,6,3,2,4,3,2,8,3,4,2,6,3,1,5,0,3,5,4,3,2,6,5,2
4,2,2,3,2,4,9,1,3,2,6,3,3,2,1,2,3,1,2,4,3,6,2,5,4,5,1,3,2,2,4,2,1,4,3,4,3,3,4,2,4,4,4,8,2,1,4,6,8,6,1,4,3,7,2,1,1,8,2,2,4,4,2,3,2,3,1,3,2,2,5,5,1,6,1,4,6,5,5,1,3,4,3,2,1,21,0,1,7,5,10,4,1,7,2,2,5,1,5,4,7,2,3,2,7,2,6,4,1,2,1,10,3,4,6,5,2,3,6,3,4,1,9,3,2,2,1,7
5,2,4,3,2,5,4,5,1,5,4,6,3,2,3,5,2,6,3,3,3,2,7,2,3,1,3,3,2,3,3,6,6,8,3,1,2,1,2,4,4,2,2,3,6,7,4,5,3,2,4,0,4,1,6,3,1,2,3,9,2,2,6,1,1,6,4,2,3,4,2,3,5,1,2,4,6,5,5,1,3,4,3,2,1,21,0,1,7,5,10,4,1,7,2,2,5,1,5,4,7,2,3,2,7,2,6,4,1,2,1,10,3,4,6,5,2,3,6,3,4,1,9,3,2,2,1,7
5,2,4,3,2,5,4,5,1,5,4,6,3,2,3,5,2,6,3,3,3,2,7,2,3,1,3,3,2,3,3,6,6,8,3,1,2,1,2,4,4,2,2,3,6,7,4,5,3,2,4,0,4,1,6,3,1,2,3,9,2,2,6,1,1,6,4,2,3,4,2,3,5,1,2,2,4,3,4,4,2,4,2,4,2,2,3,3,3,32,5,1,1,0,1,0,3,3,1,2,9,3,5,3,4,3,2,4,1,5,1,2,2,2,5,3,5,3,7,2,6,1,3,3,3,6,7,7
1,5,4,4,5,5,1,3,1,5,6,8,3,5,2,4,1,2,2,4,3,9,1,4,2,1,1,5,4,6,5,5,1,5,6,4,2,1,4,1,5,6,2,3,1,3,4,4,4,5,2,2,3,6,3,2,0,4,5,3,11,2,3,6,2,6,5,3,3,4,1,9,4,4,9,2,4,3,4,4,2,4,2,4,2,2,3,3,3,32,5,1,1,0,1,0,3,3,1,2,9,3,5,3,4,3,2,4,1,5,1,2,2,2,5,3,5,3,7,2,6,1,3,3,3,6,7,7
1,5,4,4,5,5,1,3,1,5,6,8,3,5,2,4,1,2,2,4,3,9,1,4,2,1,1,5,4,6,5,5,1,5,6,4,2,1,4,1,5,6,2,3,1,3,4,4,4,5,2,2,3,6,3,2,0,4,5,3,11,2,3,6,2,6,5,3,3,4,1,9,4,4,9,2,2,3,2,3,1,4,5,1,3,2,5,4,3,0,5,8,6,1,2,28,0,5,2,4,3,1,1,2,3,3,1,3,5,7,5,4,2,5,5,2,2,2,4,3,2,3,2,4,2,2,4,2
2,6,6,2,5,3,6,3,4,3,3,5,6,1,5,4,5,3,2,3,1,2,5,4,2,6,5,1,4,5,5,4,3,6,2,3,3,6,3,2,3,4,3,7,2,3,2,2,3,4,2,3,6,6,1,5,3,4,5,4,0,4,3,7,2,3,4,4,2,1,5,9,4,4,2,2,2,3,2,3,1,4,5,1,3,2,5,4,3,0,5,8,6,1,2,28,0,5,2,4,3,1,1,2,3,3,1,3,5,7,5,4,2,5,5,2,2,2,4,3,2,3,2,4,2,2,4,2
6,6,6,2,5,3,6,3,4,3,3,5,6,1,5,4,5,3,2,3,1,2,5,4,2,6,5,1,4,5,5,4,3,6,2,3,3,6,3,2,3,4,3,7,2,3,2,2,3,4,2,3,6,6,1,5,3,4,5,4,0,4,3,7,2,3,4,4,2,1,5,9,4,4,2,2,2,5,3,1,6,24,3,4,4,4,5,7,4,1,3,2,2,3,3,4,1,6,2,2,3,1,2,3,4,3,2,3,4,1,4,2,5,4,2,5,4,5,4,1,2,1,3,3,4,2,2,1
6,3,4,3,2,6,4,0,7,3,2,3,3,2,0,3,5,0,3,5,6,1,5,3,0,2,2,11,3,5,2,3,4,5,3,6,2,2,3,3,4,2,2,4,6,4,2,5,7,4,0,3,2,3,3,2,7,4,1,5,2,4,0,3,2,2,2,4,1,3,6,2,4,3,4,2,2,5,3,1,6,24,3,4,4,4,5,7,4,1,3,2,2,3,3,4,1,6,2,2,3,1,2,3,4,3,2,3,4,1,4,2,5,4,2,5,4,5,4,1,2,1,3,3,4,2,2,1
3,3,4,3,2,6,4,0,7,3,2,3,3,2,0,3,5,0,3,5,6,1,5,3,0,2,2,11,3,5,2,3,4,5,3,6,2,2,3,3,4,2,2,4,6,4,2,5,7,4,0,3,2,3,3,2,7,4,1,5,2,4,0,3,2,2,2,4,1,3,6,2,4,3,4,1,4,3,3,2,4,25,2,1,2,2,4,3,2,1,2,2,5,1,4,6,4,4,2,2,3,2,5,4,4,4,4,8,4,4,2,1,2,3,5,5,1,4,5,4,2,6,0,7,6,3,5,1
3,4,5,4,3,4,2,5,2,3,2,2,3,1,1,3,3,4,3,3,1,5,5,3,2,1,3,6,1,4,7,5,3,2,1,3,6,4,0,4,2,2,4,8,3,2,2,4,2,4,2,4,3,2,3,3,4,8,5,7,1,8,5,2,3,1,2,2,2,1,3,4,3,1,4,1,4,3,3,2,4,25,2,1,2,2,4,3,2,1,2,2,5,1,4,6,4,4,2,2,3,2,5,4,4,4,4,8,4,4,2,1,2,3,5,5,1,4,5,4,2,6,0,7,6,3,5,1
3,4,5,4,3,4,2,5,2,3,2,2,3,1,1,3,3,4,3,3,1,5,5,3,2,1,3,6,1,4,7,5,3,2,1,3,6,4,0,4,2,2,4,8,3,2,2,4,2,4,2,4,3,2,3,3,4,8,5,7,1,8,5,2,3,1,2,2,2,1,3,4,3,1,4,5,4,3,1,3,12,4,5,3,7,1,3,6,2,4,30,10,0,1,3,5,2,0,5,3,5,3,1,1,4,1,8,3,2,4,6,2,4,2,3,2,3,2,6,3,1,2,6,9,1,1,0,4
2,2,2,3,3,3,2,3,1,4,2,4,6,3,5,2,5,7,1,2,6,5,4,8,5,4,3,3,6,7,3,4,6,5,3,1,2,3,3,2,3,5,1,6,0,4,5,1,5,3,3,3,4,2,0,2,3,3,2,2,4,2,2,2,2,2,2,4,3,2,2,3,4,4,5,5,4,3,1,3,12,4,5,3,7,1,3,6,2,4,30,10,0,1,3,5,2,0,5,3,5,3,1,1,4,1,8,3,2,4,6,2,4,2,3,2,3,2,6,3,1,2,6,9,1,1,0,4
3,2,2,3,3,3,2,3,1,4,2,4,6,3,5,2,5,7,1,2,6,5,4,8,5,4,3,3,6,7,3,4,6,5,3,1,2,3,3,2,3,5,1,6,0,4,5,1,5,3,3,3,4,2,0,2,3,3,2,2,4,2,2,2,2,2,2,4,3,2,2,3,4,4,5,1,6,3,4,3,3,0,2,3,11,4,7,3,3,5,1,4,2,4,3,5,1,3,6,4,2,7,6,1,6,2,3,2,2,6,3,2,3,4,1,6,2,5,2,3,1,3,1,1,2,9,10,2
3,4,1,2,4,4,2,2,2,4,3,4,3,4,2,4,4,2,2,2,1,4,4,3,4,5,1,2,3,1,3,3,1,3,5,2,7,3,3,3,3,4,6,3,5,2,3,6,3,7,5,5,2,2,2,5,0,6,2,2,7,3,3,5,3,2,2,4,1,1,4,3,5,5,2,1,6,3,4,3,3,0,2,3,11,4,7,3,3,5,1,4,2,4,3,5,1,3,6,4,2,7,6,1,6,2,3,2,2,6,3,2,3,4,1,6,2,5,2,3,1,3,1,1,2,9,10,2
2,4,1,2,4,4,2,2,2,4,3,4,3,4,2,4,4,2,2,2,1,4,4,3,4,5,1,2,3,1,3,3,1,3,5,2,7,3,3,3,3,4,6,3,5,2,3,6,3,7,5,5,2,2,2,5,0,6,2,2,7,3,3,5,3,2,2,4,1,1,4,3,5,5,2,3,5,4,5,4,2,8,4,5,4,5,2,4,2,3,2,2,27,0,4,1,3,1,6,4,0,1,6,1,3,3,5,3,2,1,5,2,2,3,0,3,5,2,4,6,4,4,5,6,3,1,3,3
2,4,4,3,5,2,2,1,4,1,1,4,4,5,6,2,1,4,1,9,4,6,2,4,3,3,2,8,1,7,3,2,4,4,3,2,5,9,3,3,3,4,4,7,9,6,2,6,4,8,0,2,4,0,4,5,4,5,4,1,2,4,7,2,1,8,1,5,2,3,2,6,2,7,4,3,5,4,5,4,2,8,4,5,4,5,2,4,2,3,2,2,27,0,4,1,3,1,6,4,0,1,6,1,3,3,5,3,2,1,5,2,2,3,0,3,5,2,4,6,4,4,5,6,3,1,3,3
2,4,4,3,5,2,2,1,4,1,1,4,4,5,6,2,1,4,1,9,4,6,2,4,3,3,2,8,1,7,3,2,4,4,3,2,5,9,3,3,3,4,4,7,9,6,2,6,4,8,0,2,4,0,4,5,4,5,4,1,2,4,7,2,1,8,1,5,2,3,2,6,2,7,4,2,1,1,3,2,14,0,4,1,1,4,5,3,3,4,7,1,3,3,4,2,2,9,3,7,1,5,7,3,3,1,4,1,3,2,3,5,2,6,3,1,5,3,3,3,5,6,2,3,2,2,2,9
2,2,4,2,7,2,3,2,4,4,5,2,3,0,2,1,2,2,6,2,1,1,1,2,4,11,2,2,2,3,5,4,1,1,5,2,3,3,2,6,2,1,4,2,7,1,6,6,3,6,3,6,3,2,1,5,3,4,1,5,2,3,6,4,2,2,1,5,0,4,1,3,1,3,2,2,1,1,3,2,14,0,4,1,1,4,5,3,3,4,7,1,3,3,4,2,2,9,3,7,1,5,7,3,3,1,4,1,3,2,3,5,2,6,3,1,5,3,3,3,5,6,2,3,2,2,2,9
2,2,4,2,7,2,3,2,4,4,5,2,3,0,2,1,2,2,6,2,1,1,1,2,4,11,2,2,2,3,5,4,1,1,5,2,3,3,2,6,2,1,4,2,7,1,6,6,3,6,3,6,3,2,1,5,3,4,1,5,2,3,6,4,2,2,1,5,0,4,1,3,1,3,2,6,8,5,5,14,0,1,4,2,4,1,3,1,3,3,3,2,1,3,3,6,3,4,0,2,3,4,7,1,1,2,4,7,2,3,2,5,1,2,4,7,2,3,5,1,3,1,3,8,3,2,2,5
8,3,1,3,1,4,4,0,6,3,2,5,2,4,6,4,8,6,0,3,5,5,4,4,3,4,8,3,3,1,5,2,3,3,4,2,3,1,3,4,1,1,4,3,3,4,2,3,3,4,3,5,3,4,4,4,4,6,2,5,4,4,2,5,2,3,2,1,5,4,2,2,6,8,1,6,8,5,5,14,0,1,4,2,4,1,3,1,3,3,3,2,1,3,3,6,3,4,0,2,3,4,7,1,1,2,4,7,2,3,2,5,1,2,4,7,2,3,5,1,3,1,3,8,3,2,2,5
8,3,1,3,1,4,4,0,6,3,2,5,2,4,6,4,8,6,0,3,5,5,4,4,3,4,8,3,3,1,5,2,3,3,4,2,3,1,3,4,1,1,4,3,3,4,2,3,3,4,3,5,3,4,4,4,4,6,2,5,4,4,2,5,2,3,2,1,5,4,2,2,6,8,1,3,3,4,5,5,2,2,1,7,2,5,3,2,3,2,3,5,34,1,0,3,3,0,1,1,2,1,4,3,2,6,6,1,1,2,3,7,2,2,7,5,3,4,5,0,6,3,7,3,2,2,6,5
3,5,6,4,6,1,1,4,3,3,2,4,3,8,4,1,7,3,7,4,1,9,6,1,4,3,4,7,6,9,3,4,2,3,3,6,7,1,1,5,2,4,3,2,5,1,2,3,2,4,2,6,2,3,4,2,3,4,6,3,3,5,4,3,5,2,2,4,7,4,1,4,2,6,2,3,3,4,5,5,2,2,1,7,2,5,3,2,3,2,3,5,34,1,0,3,3,0,1,1,2,1,4,3,2,6,6,1,1,2,3,7,2,2,7,5,3,4,5,0,6,3,7,3,2,2,6,5
3,5,6,4,6,1,1,4,3,3,2,4,3,8,4,1,7,3,7,4,1,9,6,1,4,3,4,7,6,9,3,4,2,3,3,6,7,1,1,5,2,4,3,2,5,1,2,3,2,4,2,6,2,3,4,2,3,4,6,3,3,5,4,3,5,2,2,4,7,4,1,4,2,6,2,4,3,2,3,3,3,6,3,5,3,5,3,0,2,2,2,5,6,5,2,5,2,2,6,2,4,10,2,3,4,0,0,3,5,8,4,3,4,4,5,4,7,3,3,3,2,6,4,3,6,4,4,3
2,2,5,4,2,4,5,3,6,3,2,4,5,3,1,3,5,2,7,3,3,3,2,2,1,4,3,1,4,3,11,1,2,5,2,2,3,2,2,4,6,4,2,5,5,5,2,3,8,2,11,0,3,4,5,5,6,1,2,3,2,3,8,2,3,2,4,4,5,3,4,2,3,3,2,4,3,2,3,3,3,6,3,5,3,5,3,0,2,2,2,5,6,5,2,5,2,2,6,2,4,10,2,3,4,0,0,3,5,8,4,3,4,4,5,4,7,3,3,3,2,6,4,3,6,4,4,3
2,2,5,4,2,4,5,3,6,3,2,4,5,3,1,3,5,2,7,3,3,3,2,2,1,4,3,1,4,3,11,1,2,5,2,2,3,2,2,4,6,4,2,5,5,5,2,3,8,2,11,0,3,4,5,5,6,1,2,3,2,3,8,2,3,2,4,4,5,3,4,2,3,3,2,1,4,3,7,3,5,2,3,1,3,6,2,4,5,2,4,0,1,5,5,2,2,6,3,2,4,5,10,5,4,1,4,6,5,4,4,3,4,2,4,2,1,1,4,2,1,2,3,3,5,2,1,6
3,1,1,1,3,3,4,2,3,6,3,5,4,4,5,2,3,3,4,4,3,1,7,3,3,6,3,1,2,3,7,3,7,2,7,2,4,2,3,2,3,1,8,2,3,2,4,2,5,5,3,3,5,1,2,4,4,6,3,3,6,4,5,3,2,4,1,3,2,3,2,1,3,4,5,1,4,3,7,3,5,2,3,1,3,6,2,4,5,2,4,0,1,5,5,2,2,6,3,2,4,5,10,5,4,1,4,6,5,4,4,3,4,2,4,2,1,1,4,2,1,2,3,3,5,2,1,6
3,1,1,1,3,3,4,2,3,6,3,5,4,4,5,2,3,3,4,4,3,1,7,3,3,6,3,1,2,3,7,3,7,2,7,2,4,2,3,2,3,1,8,2,3,2,4,2,5,5,3,3,5,1,2,4,4,6,3,3,6,4,5,3,2,4,1,3,2,3,2,1,3,4,5,10,3,4,2,3,3,3,8,5,5,4,4,2,1,4,4,3,4,1,6,6,5,0,3,4,3,4,4,2,3,5,3,4,5,2,3,4,4,1,4,5,4,2,2,5,1,1,2,2,3,6,1,3
1,2,2,3,3,4,2,3,4,3,5,2,6,2,2,6,3,3,1,2,2,1,5,2,3,5,5,1,5,5,3,3,2,4,2,2,3,2,5,1,4,3,1,3,8,3,3,4,1,4,2,3,6,6,3,2,4,3,3,4,1,1,3,4,3,2,2,5,2,2,2,2,2,4,4,10,3,4,2,3,3,3,8,5,5,4,4,2,1,4,4,3,4,1,6,6,5,0,3,4,3,4,4,2,3,5,3,4,5,2,3,4,4,1,4,5,4,2,2,5,1,1,2,2,3,6,1,3
1,2,2,3,3,4,2,3,4,3,5,2,6,2,2,6,3,3,1,2,2,1,5,2,3,5,5,1,5,5,3,3,2,4,2,2,3,2,5,1,4,3,1,3,8,3,3,4,1,4,2,3,6,6,3,2,4,3,3,4,1,1,3,4,3,2,2,5,2,2,2,2,2,4,4,1,6,3,4,2,3,3,20,1,0,2,2,4,5,3,3,2,3,1,3,2,6,4,1,5,4,2,5,4,6,1,0,3,2,5,3,6,3,2,4,1,4,2,5,6,2,2,3,6,5,4,1,4
2,3,5,5,2,8,6,4,7,1,2,0,1,1,3,4,4,6,3,6,10,5,3,6,1,2,2,8,5,2,1,4,6,2,1,3,1,8,3,3,1,6,2,6,4,3,4,1,3,1,3,3,2,4,5,2,2,2,5,4,1,3,2,3,1,3,4,3,1,1,3,4,2,3,1,1,6,3,4,2,3,3,20,1,0,2,2,4,5,3,3,2,3,1,3,2,6,4,1,5,4,2,5,4,6,1,0,3,2,5,3,6,3,2,4,1,4,2,5,6,2,2,3,6,5,4,1,4
2,3,5,5,2,8,6,4,7,1,2,0,1,1,3,4,4,6,3,6,10,5,3,6,1,2,2,8,5,2,1,4,6,2,1,3,1,8,3,3,1,6,2,6,4,3,4,1,3,1,3,3,2,4,5,2,2,2,5,4,1,3,2,3,1,3,4,3,1,1,3,4,2,3,3,3,2,2,6,2,4,8,21,1,4,7,6,6,4,2,6,6,4,4,5,3,0,7,4,3,3,3,5,3,1,6,2,3,3,4,5,7,6,2,3,8,5,4,2,3,7,3,0,2,1,4,2,7
5,2,2,4,1,3,5,3,3,3,3,2,2,6,3,1,4,4,2,4,2,6,4,2,2,4,6,5,3,2,2,3,5,6,0,2,1,2,3,5,1,4,4,2,1,3,2,3,5,5,3,2,6,3,3,2,6,4,1,1,1,2,2,4,2,6,4,5,5,2,1,5,2,4,7,3,2,2,6,2,4,8,21,1,4,7,6,6,4,2,6,6,4,4,5,3,0,7,4,3,3,3,5,3,1,6,2,3,3,4,5,7,6,2,3,8,5,4,2,3,7,3,0,2,1,4,2,7
5,2,2,4,1,3,5,3,3,3,3,2,2,6,3,1,4,4,2,4,2,6,4,2,2,4,6,5,3,2,2,3,5,6,0,2,1,2,3,5,1,4,4,2,1,3,2,3,5,5,3,2,6,3,3,2,6,4,1,1,1,2,2,4,2,6,4,5,5,2,1,5,2,4,7,4,3,3,2,4,2,2,3,2,2,5,2,3,3,6,2,2,5,7,2,3,8,11,4,5,3,7,1,6,6,2,2,2,1,3,1,3,2,6,3,4,3,3,2,2,1,4,1,2,1,2,3,3
1,5,6,2,1,8,4,6,1,4,4,1,1,4,4,0,4,5,3,1,3,2,1,5,2,1,5,3,4,2,2,1,5,2,6,9,1,6,3,3,5,2,2,5,5,4,6,4,3,4,3,3,2,2,4,2,1,2,4,4,4,3,3,3,6,4,7,3,1,6,8,4,2,2,4,4,3,3,2,4,2,2,3,2,2,5,2,3,3,6,2,2,5,7,2,3,8,11,4,5,3,7,1,6,6,2,2,2,1,3,1,3,2,6,3,4,3,3,2,2,1,4,1,2,1,2,3,3
4,5,6,2,1,8,4,6,1,4,4,1,1,4,4,0,4,5,3,1,3,2,1,5,2,1,5,3,4,2,2,1,5,2,6,9,1,6,3,3,5,2,2,5,5,4,6,4,3,4,3,3,2,2,4,2,1,2,4,4,4,3,3,3,6,4,7,3,1,6,8,4,2,2,4,4,4,3,3,4,7,3,5,6,1,2,11,3,4,4,8,3,1,4,2,5,2,1,2,1,8,1,4,3,3,6,2,5,3,3,2,3,7,2,6,1,3,3,2,3,4,1,6,4,0,2,4,2
5,5,3,6,1,2,6,4,3,7,2,2,0,2,1,5,3,4,7,3,4,4,3,2,1,5,2,4,2,2,4,4,2,7,6,1,4,1,5,5,2,5,4,6,3,3,4,2,1,8,2,2,2,4,3,1,1,3,3,2,2,5,4,2,6,2,1,5,1,4,4,3,1,1,4,4,4,3,3,4,7,3,5,6,1,2,11,3,4,4,8,3,1,4,2,5,2,1,2,1,8,1,4,3,3,6,2,5,3,3,2,3,7,2,6,1,3,3,2,3,4,1,6,4,0,2,4,2
5,5,3,6,1,2,6,4,3,7,2,2,0,2,1,5,3,4,7,3,4,4,3,2,1,5,2,4,2,2,4,4,2,7,6,1,4,1,5,5,2,5,4,6,3,3,4,2,1,8,2,2,2,4,3,1,1,3,3,2,2,5,4,2,6,2,1,5,1,4,4,3,1,1,1,3,5,2,6,2,4,1,2,7,21,3,3,6,2,2,2,2,1,1,3,4,1,3,4,3,3,2,2,5,3,1,8,3,8,6,1,2,3,2,4,6,2,7,3,2,1,3,2,4,7,3,3,3
2,2,2,5,1,2,3,2,4,2,1,4,2,8,6,2,3,2,4,3,3,5,4,3,4,2,3,4,4,2,7,1,2,6,8,2,0,4,1,5,3,5,4,3,3,5,4,4,1,4,5,4,6,1,5,3,2,0,1,4,6,2,4,7,3,1,2,7,1,1,3,3,4,4,2,3,5,2,6,2,4,1,2,7,21,3,3,6,2,2,2,2,1,1,3,4,1,3,4,3,3,2,2,5,3,1,8,3,8,6,1,2,3,2,4,6,2,7,3,2,1,3,2,4,7,3,3,3
2,2,2,5,1,2,3,2,4,2,1,4,2,8,6,2,3,2,4,3,3,5,4,3,4,2,3,4,4,2,7,1,2,6,8,2,0,4,1,5,3,5,4,3,3,5,4,4,1,4,5,4,6,1,5,3,2,0,1,4,6,2,4,7,3,1,2,7,1,1,3,3,4,4,2,5,0,2,3,4,5,4,3,16,2,8,0,3,3,2,1,1,3,2,2,4,5,4,3,2,3,3,5,1,4,7,3,8,1,3,4,2,5,2,11,4,3,4,7,4,4,3,4,4,1,5,2,3
0,2,2,2,6,3,1,4,3,3,5,2,3,2,4,2,1,4,2,2,5,2,2,5,2,5,4,5,3,7,3,1,0,2,7,2,3,4,3,5,4,5,2,5,2,5,2,3,5,8,3,3,3,6,4,2,5,2,4,5,4,4,4,3,2,1,3,2,2,1,2,3,5,2,6,5,0,2,3,4,5,4,3,16,2,8,0,3,3,2,1,1,3,2,2,4,5,4,3,2,3,3,5,1,4,7,3,8,1,3,4,2,5,2,11,4,3,4,7,4,4,3,4,4,1,5,2,3
6,2,2,2,6,3,1,4,3,3,5,2,3,2,4,2,1,4,2,2,5,2,2,5,2,5,4,5,3,7,3,1,0,2,7,2,3,4,3,5,4,5,2,5,2,5,2,3,5,8,3,3,3,6,4,2,5,2,4,5,4,4,4,3,2,1,3,2,2,1,2,3,5,2,6,2,2,5,3,1,3,4,1,4,5,2,2,5,6,3,2,5,5,23,4,1,4,2,0,4,1,4,5,4,3,3,3,4,2,2,1,6,3,3,5,2,2,6,2,3,3,2,2,4,5,6,2,3
6,6,2,3,5,3,4,5,1,6,1,1,6,1,6,2,2,4,2,4,6,3,10,6,2,3,3,3,5,1,8,1,3,1,2,2,5,3,2,4,4,5,1,5,3,3,1,3,3,6,2,2,3,6,4,4,6,3,3,3,2,3,1,4,6,3,3,2,4,5,2,1,3,4,4,2,2,5,3,1,3,4,1,4,5,2,2,5,6,3,2,5,5,23,4,1,4,2,0,4,1,4,5,4,3,3,3,4,2,2,1,6,3,3,5,2,2,6,2,3,3,2,2,4,5,6,2,3
6,6,2,3,5,3,4,5,1,6,1,1,6,1,6,2,2,4,2,4,6,3,10,6,2,3,3,3,5,1,8,1,3,1,2,2,5,3,2,4,4,5,1,5,3,3,1,3,3,6,2,2,3,6,4,4,6,3,3,3,2,3,1,4,6,3,3,2,4,5,2,1,3,4,4,5,10,5,8,4,7,1,2,2,2,5,4,5,1,5,3,5,2,2,5,2,2,5,3,3,1,1,1,2,3,4,1,3,5,5,5,3,6,3,6,4,2,4,2,3,7,2,5,1,2,2,2,2
4,4,5,2,2,3,5,2,5,3,5,3,1,3,2,3,2,6,3,3,4,4,3,3,1,2,1,4,2,2,8,4,6,1,2,2,5,3,6,3,4,8,3,1,3,4,3,2,3,2,4,3,3,4,3,3,4,5,1,4,1,3,5,5,2,2,8,4,3,6,3,1,4,1,2,5,10,5,8,4,7,1,2,2,2,5,4,5,1,5,3,5,2,2,5,2,2,5,3,3,1,1,1,2,3,4,1,3,5,5,5,3,6,3,6,4,2,4,2,3,7,2,5,1,2,2,2,2
4,4,5,2,2,3,5,2,5,3,5,3,1,3,2,3,2,6,3,3,4,4,3,3,1,2,1,4,2,2,8,4,6,1,2,2,5,3,6,3,4,8,3,1,3,4,3,2,3,2,4,3,3,4,3,3,4,5,1,4,1,3,5,5,2,2,8,4,3,6,3,1,4,1,2,4,9,6,1,5,6,2,2,16,8,3,2,2,4,6,1,4,4,6,1,8,2,3,3,1,6,1,4,3,2,2,2,2,6,2,3,2,4,7,9,5,4,1,3,2,3,5,1,4,4,5,3,4
3,2,3,2,2,2,4,3,2,2,5,2,8,2,2,5,4,3,3,5,2,4,3,1,4,4,4,3,7,3,1,3,7,2,3,0,4,4,2,5,1,5,2,3,3,10,2,1,4,1,2,2,2,3,2,2,4,4,4,3,4,5,1,3,3,8,2,3,4,4,0,4,2,5,1,4,9,6,1,5,6,2,2,16,8,3,2,2,4,6,1,4,4,6,1,8,2,3,3,1,6,1,4,3,2,2,2,2,6,2,3,2,4,7,9,5,4,1,3,2,3,5,1,4,4,5,3,4
3,2,3,2,2,2,4,3,2,2,5,2,8,2,2,5,4,3,3,5,2,4,3,1,4,4,4,3,7,3,1,3,7,2,3,0,4,4,2,5,1,5,2,3,3,10,2,1,4,1,2,2,2,3,2,2,4,4,4,3,4,5,1,3,3,8,2,3,4,4,0,4,2,5,1,2,4,3,2,4,7,2,4,10,2,3,2,2,2,4,0,4,5,2,2,2,2,2,7,1,1,2,2,2,3,8,4,4,2,3,2,5,3,2,4,4,0,3,3,4,4,2,5,2,9,3,3,1
5,2,4,3,5,3,6,3,3,3,7,3,6,2,3,3,2,2,7,2,2,3,6,1,2,3,4,4,2,2,3,6,5,5,1,4,2,2,4,4,4,4,5,2,2,2,4,3,5,5,1,6,5,2,3,3,3,4,4,2,3,8,3,3,3,3,3,2,2,2,4,3,2,3,4,3,2,10,2,3,3,3,4,2,2,3,3,1,2,6,2,3,5,3,4,2,5,1,2,4,4,3,4,3,2,5,4,0,3,3,4,3,2,4,3,8,3,1,3,2,5,2,7,3,4,3,2,3
5,2,4,3,5,3,6,3,3,3,7,3,6,2,3,3,2,2,7,2,2,3,6,1,2,3,4,4,2,2,3,6,5,5,1,4,2,2,4,4,4,4,5,2,2,2,4,3,5,5,1,6,5,2,3,3,3,4,4,2,3,8,3,3,3,3,3,2,2,2,4,3,2,3,4,2,9,5,4,0,5,3,13,2,6,5,9,3,3,4,4,5,4,2,7,6,2,2,5,4,2,2,4,3,0,3,2,2,3,3,6,1,1,4,3,3,3,2,3,2,4,2,5,6,2,3,4,1
3,4,5,1,3,3,6,2,3,5,4,5,1,2,3,3,5,2,5,2,2,3,4,3,5,2,3,2,3,2,2,7,6,3,3,1,7,2,3,5,2,1,2,6,2,3,4,4,2,5,5,6,0,3,4,1,3,3,3,2,4,4,2,5,2,0,5,3,5,3,5,3,4,5,6,2,9,5,4,0,5,3,13,2,6,5,9,3,3,4,4,5,4,2,7,6,2,2,5,4,2,2,4,3,0,3,2,2,3,3,6,1,1,4,3,3,3,2,3,2,4,2,5,6,2,3,4,1
3,4,5,1,3,3,6,2,3,5,4,5,1,2,3,3,5,2,5,2,2,3,4,3,5,2,3,2,3,2,2,7,6,3,3,1,7,2,3,5,2,1,2,6,2,3,4,4,2,5,5,6,0,3,4,1,3,3,3,2,4,4,2,5,2,0,5,3,5,3,5,3,4,5,6,4,1,0,10,3,4,12,0,2,1,5,4,4,3,1,6,3,2,3,3,2,5,6,2,2,4,2,1,3,8,5,4,2,2,1,2,3,3,1,3,2,4,3,4,2,6,5,0,2,2,5,3,3
1,3,1,2,3,3,2,2,3,2,2,3,0,3,2,3,39,28,1,0,2,3,3,1,3,2,5,3,2,7,3,2,2,3,4,2,6,5,6,1,4,2,5,3,1,3,9,2,2,3,3,4,6,5,3,2,3,3,1,5,4,4,5,3,1,5,2,2,2,6,3,5,7,1,4,4,1,0,10,3,4,12,0,2,1,5,4,4,3,1,6,3,2,3,3,2,5,6,2,2,4,2,1,3,8,5,4,2,2,1,2,3,3,1,3,2,4,3,4,2,6,5,0,2,2,5,3,3
2,3,1,2,3,3,2,2,3,2,2,3,0,3,2,3,39,28,1,0,2,3,3,1,3,2,5,3,2,7,3,2,2,3,4,2,6,5,6,1,4,2,5,3,1,3,9,2,2,3,3,4,6,5,3,2,3,3,1,5,4,4,5,3,1,5,2,2,2,6,3,5,7,1,4,1,0,8,1,3,1,2,4,5,5,6,3,3,2,3,3,2,5,4,4,5,1,7,3,1,3,8,2,0,3,3,4,1,7,5,4,4,2,8,5,3,1,5,4,1,2,2,6,4,4,2,2,2
4,2,7,3,6,4,2,2,2,3,6,4,3,0,2,2,2,2,1,5,3,1,3,1,2,2,2,5,4,5,8,3,4,3,8,4,6,3,4,1,2,6,3,1,1,4,2,3,7,3,4,2,5,4,5,6,6,1,5,5,4,5,4,4,5,3,6,1,1,4,5,5,3,3,3,1,0,8,1,3,1,2,4,5,5,6,3,3,2,3,3,2,5,4,4,5,1,7,3,1,3,8,2,0,3,3,4,1,7,5,4,4,2,8,5,3,1,5,4,1,2,2,6,4,4,2,2,2
4,2,7,3,6,4,2,2,2,3,6,4,3,0,2,2,2,2,1,5,3,1,3,1,2,2,2,5,4,5,8,3,4,3,8,4,6,3,4,1,2,6,3,1,1,4,2,3,7,3,4,2,5,4,5,6,6,1,5,5,4,5,4,4,5,3,6,1,1,4,5,5,3,3,3,3,6,1,4,6,1,5,1,5,3,3,2,4,2,8,5,5,2,3,5,3,5,1,1,5,5,2,6,4,4,5,2,3,5,3,4,5,3,5,2,6,2,3,3,2,3,3,2,5,5,2,3,2
1,1,4,2,3,4,5,3,2,3,7,6,7,5,3,3,2,2,2,3,2,4,3,4,2,4,1,2,6,4,1,2,6,7,5,1,2,2,5,5,4,3,5,9,10,3,2,3,5,1,1,1,5,1,1,4,2,3,2,4,2,2,3,3,4,4,2,6,3,6,4,0,5,2,3,3,6,1,4,6,1,5,1,5,3,3,2,4,2,8,5,5,2,3,5,3,5,1,1,5,5,2,6,4,4,5,2,3,5,3,4,5,3,5,2,6,2,3,3,2,3,3,2,5,5,2,3,2
6,1,4,2,3,4,5,3,2,3,7,6,7,5,3,3,2,2,2,3,2,4,3,4,2,4,1,2,6,4,1,2,6,7,5,1,2,2,5,5,4,3,5,9,10,3,2,3,5,1,1,1,5,1,1,4,2,3,2,4,2,2,3,3,4,4,2,6,3,6,4,0,5,2,3,2,4,4,6,2,2,15,1,4,3,3,2,4,4,3,3,4,6,7,4,1,1,6,2,5,4,2,5,5,7,1,4,2,3,6,4,7,3,3,2,3,4,3,2,4,5,1,4,2,2,6,4,5
6,5,4,3,1,4,3,8,5,1,2,3,2,2,4,2,8,5,2,2,2,2,5,3,4,0,2,2,7,6,3,5,1,2,2,5,3,1,4,2,3,2,3,3,2,3,2,3,5,2,3,1,3,2,2,4,2,2,2,4,7,1,3,1,2,1,8,3,1,4,4,3,2,5,5,2,4,4,6,2,2,15,1,4,3,3,2,4,4,3,3,4,6,7,4,1,1,6,2,5,4,2,5,5,7,1,4,2,3,6,4,7,3,3,2,3,4,3,2,4,5,1,4,2,2,6,4,5
2,5,4,3,1,4,3,8,5,1,2,3,2,2,4,2,8,5,2,2,2,2,5,3,4,0,2,2,7,6,3,5,1,2,2,5,3,1,4,2,3,2,3,3,2,3,2,3,5,2,3,1,3,2,2,4,2,2,2,4,7,1,3,1,2,1,8,3,1,4,4,3,2,5,5,2,3,5,2,35,1,1,8,3,1,2,2,6,3,3,4,1,3,2,2,2,4,1,4,3,2,4,1,5,1,2,3,5,6,3,1,3,1,2,2,4,2,3,3,3,3,7,4,5,4,5,2,6
1,2,3,3,0,5,1,1,5,1,2,2,3,2,2,0,2,2,4,6,3,4,1,5,4,1,2,3,3,6,4,1,6,3,3,1,3,8,0,8,2,1,4,4,2,3,3,5,2,0,2,1,5,5,2,1,2,3,3,3,4,3,0,4,2,2,4,5,2,4,3,8,3,0,6,2,3,5,2,35,1,1,8,3,1,2,2,6,3,3,4,1,3,2,2,2,4,1,4,3,2,4,1,5,1,2,3,5,6,3,1,3,1,2,2,4,2,3,3,3,3,7,4,5,4,5,2,6
1,2,3,3,0,5,1,1,5,1,2,2,3,2,2,0,2,2,4,6,3,4,1,5,4,1,2,3,3,6,4,1,6,3,3,1,3,8,0,8,2,1,4,4,2,3,3,5,2,0,2,1,5,5,2,1,2,3,3,3,4,3,0,4,2,2,4,5,2,4,3,8,3,0,6,4,1,6,3,5,2,5,1,16,1,1,3,6,5,5,1,6,5,4,3,1,5,1,4,3,3,2,3,2,3,0,5,2,2,3,1,3,4,5,1,6,3,1,4,2,4,2,5,1,3,3,2,5
2,4,5,2,2,4,2,4,2,5,5,5,3,4,6,6,4,3,3,4,2,9,3,2,2,3,5,2,3,8,2,6,4,4,1,4,3,4,2,2,3,4,1,3,3,1,2,2,1,4,4,2,8,4,6,4,1,8,6,3,6,3,0,3,2,2,3,4,3,5,5,3,3,4,3,4,1,6,3,5,2,5,1,16,1,1,3,6,5,5,1,6,5,4,3,1,5,1,4,3,3,2,3,2,3,0,5,2,2,3,1,3,4,5,1,6,3,1,4,2,4,2,5,1,3,3,2,5
2,4,5,2,2,4,2,4,2,5,5,5,3,4,6,6,4,3,3,4,2,9,3,2,2,3,5,2,3,8,2,6,4,4,1,4,3,4,2,2,3,4,1,3,3,1,2,2,1,4,4,2,8,4,6,4,1,8,6,3,6,3,0,3,2,2,3,4,3,5,5,3,3,4,3,2,5,3,1,3,6,0,2,2,5,3,3,2,1,5,2,3,4,3,6,18,1,2,3,5,2,7,1,7,2,5,1,3,2,5,5,5,1,3,3,3,4,4,2,2,2,2,5,5,1,6,4,5
4,2,2,4,4,4,1,1,4,3,6,6,2,2,2,5,7,3,2,2,5,4,3,1,1,2,2,4,4,4,2,3,3,2,6,5,3,4,7,4,3,2,2,2,5,3,2,6,5,3,2,6,2,1,3,5,3,3,0,3,4,4,3,3,1,6,5,2,2,4,4,2,3,4,1,2,5,3,1,3,6,0,2,2,5,3,3,2,1,5,2,3,4,3,6,18,1,2,3,5,2,7,1,7,2,5,1,3,2,5,5,5,1,3,3,3,4,4,2,2,2,2,5,5,1,6,4,5
4,2,2,4,4,4,1,1,4,3,6,6,2,2,2,5,7,3,2,2,5,4,3,1,1,2,2,4,4,4,2,3,3,2,6,5,3,4,7,4,3,2,2,2,5,3,2,6,5,3,2,6,2,1,3,5,3,3,0,3,4,4,3,3,1,6,5,2,2,4,4,2,3,4,1,3,1,4,2,2,4,26,4,1,5,2,9,2,4,2,3,2,6,4,5,4,0,7,7,4,2,4,6,1,4,5,4,4,2,2,3,4,2,2,3,2,7,3,2,3,9,4,4,5,1,8,3,3
4,2,3,5,3,1,4,3,3,5,6,1,3,1,2,4,2,4,3,6,2,4,5,6,2,3,2,4,2,2,5,6,6,2,3,4,4,4,1,2,3,3,4,5,5,3,5,3,4,2,2,6,2,3,3,6,3,3,3,1,2,1,3,3,9,3,3,4,4,2,8,1,6,4,1,3,1,4,2,2,4,26,4,1,5,2,9,2,4,2,3,2,6,4,5,4,0,7,7,4,2,4,6,1,4,5,4,4,2,2,3,4,2,2,3,2,7,3,2,3,9,4,4,5,1,8,3,3
4,2,3,5,3,1,4,3,3,5,6,1,3,1,2,4,2,4,3,6,2,4,5,6,2,3,2,4,2,2,5,6,6,2,3,4,4,4,1,2,3,3,4,5,5,3,5,3,4,2,2,6,2,3,3,6,3,3,3,1,2,1,3,3,9,3,3,4,4,2,8,1,6,4,1,7,0,2,3,4,3,1,2,4,2,17,4,4,4,5,8,3,4,2,4,4,3,5,4,2,1,2,2,3,3,2,3,2,6,4,1,8,2,7,1,5,3,4,2,5,0,3,5,2,3,3,7,2
6,3,3,2,2,0,2,2,4,4,6,4,0,9,6,4,5,2,1,2,6,1,3,1,3,4,9,3,10,0,3,4,2,1,5,3,5,3,6,4,5,2,4,3,3,6,4,1,2,4,3,4,4,2,6,3,2,1,2,2,2,9,3,1,1,2,3,3,5,4,5,2,2,2,3,7,0,2,3,4,3,1,2,4,2,17,4,4,4,5,8,3,4,2,4,4,3,5,4,2,1,2,2,3,3,2,3,2,6,4,1,8,2,7,1,5,3,4,2,5,0,3,5,2,3,3,7,2
6,3,3,2,2,0,2,2,4,4,6,4,0,9,6,4,5,2,1,2,6,1,3,1,3,4,9,3,10,0,3,4,2,1,5,3,5,3,6,4,5,2,4,3,3,6,4,1,2,4,3,4,4,2,6,3,2,1,2,2,2,9,3,1,1,2,3,3,5,4,5,2,2,2,3,2,5,4,9,3,8,17,7,4,10,6,4,5,1,1,8,6,3,2,5,3,1,5,3,4,4,4,5,2,3,6,4,3,7,2,2,2,5,8,7,3,2,3,3,5,4,4,5,1,5,1,4,3
2,2,6,3,5,4,5,2,5,7,4,5,2,4,3,2,2,5,2,3,3,3,5,3,3,3,3,2,2,0,2,9,3,2,2,1,4,2,3,2,2,1,1,1,6,0,2,4,2,1,2,1,2,3,5,3,2,7,1,3,4,5,3,4,5,2,2,3,3,3,4,1,3,4,3,2,5,4,9,3,8,17,7,4,10,6,4,5,1,1,8,6,3,2,5,3,1,5,3,4,4,4,5,2,3,6,4,3,7,2,2,2,5,8,7,3,2,3,3,5,4,4,5,1,5,1,4,3
2,2,6,3,5,4,5,2,5,7,4,5,2,4,3,2,2,5,2,3,3,3,5,3,3,3,3,2,2,0,2,9,3,2,2,1,4,2,3,2,2,1,1,1,6,0,2,4,2,1,2,1,2,3,5,3,2,7,1,3,4,5,3,4,5,2,2,3,3,3,4,1,3,4,3,3,3,2,4,9,3,1,3,1,2,1,5,5,6,5,1,3,3,3,1,3,5,5,7,2,2,6,4,2,3,1,4,4,2,3,10,3,2,4,5,2,2,5,2,3,2,4,2,0,3,4,2,1
5,2,6,4,5,3,3,4,4,1,0,4,7,1,2,4,9,5,3,1,2,4,1,1,2,4,3,6,6,5,3,4,1,4,2,4,1,5,2,1,6,5,10,1,2,4,5,2,2,5,2,5,7,5,3,4,3,4,5,3,2,1,2,3,2,3,7,3,7,2,2,2,3,8,5,3,3,2,4,9,3,1,3,1,2,1,5,5,6,5,1,3,3,3,1,3,5,5,7,2,2,6,4,2,3,1,4,4,2,3,10,3,2,4,5,2,2,5,2,3,2,4,2,0,3,4,2,1
5,2,6,4,5,3,3,4,4,1,0,4,7,1,2,4,9,5,3,1,2,4,1,1,2,4,3,6,6,5,3,4,1,4,2,4,1,5,2,1,6,5,10,1,2,4,5,2,2,5,2,5,7,5,3,4,3,4,5,3,2,1,2,3,2,3,7,3,7,2,2,2,3,8,5,0,4,5,1,2,3,4,3,2,6,7,24,13,4,5,2,4,3,2,3,2,4,5,2,3,8,4,5,3,3,3,1,6,1,1,2,2,4,5,4,0,1,4,3,8,2,5,3,3,4,4,3,3
1,0,4,2,1,4,5,5,3,3,4,7,3,3,4,3,3,3,4,1,4,6,6,3,2,1,6,4,6,5,3,4,4,5,6,3,3,2,3,2,1,2,3,4,3,6,4,6,2,4,4,2,1,2,4,7,3,6,6,6,6,1,3,2,4,4,1,4,2,3,4,5,5,7,3,0,4,5,1,2,3,4,3,2,6,7,24,13,4,5,2,4,3,2,3,2,4,5,2,3,8,4,5,3,3,3,1,6,1,1,2,2,4,5,4,0,1,4,3,8,2,5,3,3,4,4,3,3
1,0,4,2,1,4,5,5,3,3,4,7,3,3,4,3,3,3,4,1,4,6,6,3,2,1,6,4,6,5,3,4,4,5,6,3,3,2,3,2,1,2,3,4,3,6,4,6,2,4,4,2,1,2,4,7,3,6,6,6,6,1,3,2,4,4,1,4,2,3,4,5,5,7,3,9,0,3,2,1,4,19,2,2,3,2,4,1,8,3,3,1,5,4,4,4,4,2,5,5,7,2,4,3,4,2,4,4,3,4,4,1,2,5,5,1,7,3,9,4,2,7,2,4,0,2,4,3
2,7,2,2,2,6,2,8,2,3,7,2,2,3,1,3,3,9,4,2,7,3,4,3,5,2,1,0,5,2,2,3,4,11,3,5,2,3,2,1,2,2,5,1,1,4,1,2,4,1,4,5,3,4,3,4,4,3,2,1,6,2,5,1,2,5,3,8,4,3,8,1,2,7,3,9,0,3,2,1,4,19,2,2,3,2,4,1,8,3,3,1,5,4,4,4,4,2,5,5,7,2,4,3,4,2,4,4,3,4,4,1,2,5,5,1,7,3,9,4,2,7,2,4,0,2,4,3
2,7,2,2,2,6,2,8,2,3,7,2,2,3,1,3,3,9,4,2,7,3,4,3,5,2,1,0,5,2,2,3,4,11,3,5,2,3,2,1,2,2,5,1,1,4,1,2,4,1,4,5,3,4,3,4,4,3,2,1,6,2,5,1,2,5,3,8,4,3,8,1,2,7,1,3,2,5,2,4,6,13,1,3,1,0,5,4,1,1,4,9,4,3,2,4,5,3,3,4,0,4,4,2,6,4,2,3,2,4,2,3,4,3,3,5,1,4,3,5,3,4,2,1,1,5,0,8
4,1,1,2,3,4,3,6,6,2,1,4,2,3,1,3,3,3,7,2,3,2,8,4,1,2,3,6,3,5,3,2,3,3,3,2,4,5,3,4,4,3,3,3,6,8,3,3,4,4,3,3,2,1,1,6,4,2,3,2,5,2,3,3,5,6,5,2,0,4,4,3,3,2,5,3,2,5,2,4,6,13,1,3,1,0,5,4,1,1,4,9,4,3,2,4,5,3,3,4,0,4,4,2,6,4,2,3,2,4,2,3,4,3,3,5,1,4,3,5,3,4,2,1,1,5,0,8
4,1,1,2,3,4,3,6,6,2,1,4,2,3,1,3,3,3,7,2,3,2,8,4,1,2,3,6,3,5,3,2,3,3,3,2,4,5,3,4,4,3,3,3,6,8,3,3,4,4,3,3,2,1,1,6,4,2,3,2,5,2,3,3,5,6,5,2,0,4,4,3,3,2,5,3,4,3,1,7,3,6,3,4,5,2,2,1,2,9,3,1,5,1,2,3,7,4,2,0,3,4,3,3,3,4,4,2,3,2,4,2,7,6,2,4,5,1,3,2,4,1,5,4,2,2,8,2
2,5,4,3,7,4,4,1,5,2,4,5,1,2,2,3,5,4,4,3,3,7,6,1,3,7,1,2,5,3,0,2,5,2,3,2,6,8,3,5,6,3,4,3,8,1,3,7,3,5,3,5,5,7,2,3,7,5,4,3,2,4,3,2,2,3,5,8,4,1,1,6,2,5,3,3,4,3,1,7,3,6,3,4,5,2,2,1,2,9,3,1,5,1,2,3,7,4,2,0,3,4,3,3,3,4,4,2,3,2,4,2,7,6,2,4,5,1,3,2,4,1,5,4,2,2,8,2
1,5,4,3,7,4,4,1,5,2,4,5,1,2,2,3,5,4,4,3,3,7,6,1,3,7,1,2,5,3,0,2,5,2,3,2,6,8,3,5,6,3,4,3,8,1,3,7,3,5,3,5,5,7,2,3,7,5,4,3,2,4,3,2,2,3,5,8,4,1,1,6,2,5,3,6,6,1,6,4,6,0,7,2,24,1,2,5,6,3,2,5,4,0,4,3,5,2,3,4,3,2,2,10,2,3,2,3,0,3,4,3,3,2,5,3,3,2,5,2,4,4,16,3,3,1,0,3
3,2,1,3,1,3,3,5,1,2,1,8,1,2,4,6,3,4,4,4,38,0,0,1,3,1,4,4,2,2,2,6,2,2,6,4,2,10,7,2,3,2,3,6,4,2,1,1,6,2,5,5,2,6,2,4,3,3,3,4,4,0,2,4,3,4,2,3,1,4,2,2,4,3,7,6,6,1,6,4,6,0,7,2,24,1,2,5,6,3,2,5,4,0,4,3,5,2,3,4,3,2,2,10,2,3,2,3,0,3,4,3,3,2,5,3,3,2,5,2,4,4,16,3,3,1,0,3
3,2,1,3,1,3,3,5,1,2,1,8,1,2,4,6,3,4,4,4,38,0,0,1,3,1,4,4,2,2,2,6,2,2,6,4,2,10,7,2,3,2,3,6,4,2,1,1,6,2,5,5,2,6,2,4,3,3,3,4,4,0,2,4,3,4,2,3,1,4,2,2,4,3,7,6,3,7,4,4,0,3,1,3,11,2,1,3,3,1,2,4,2,4,3,1,5,4,5,2,1,8,5,1,3,1,2,1,2,3,3,5,1,9,2,6,5,4,1,2,1,6,4,3,10,1,3,3
6,6,2,2,1,3,5,1,5,2,2,4,1,5,3,2,4,4,5,1,4,3,4,2,2,3,3,4,2,3,4,5,3,6,2,2,2,2,2,2,9,4,4,6,2,8,5,1,5,2,1,6,2,8,6,6,3,2,3,2,6,7,7,1,2,4,7,4,1,2,1,5,8,2,1,6,3,7,4,4,0,3,1,3,11,2,1,3,3,1,2,4,2,4,3,1,5,4,5,2,1,8,5,1,3,1,2,1,2,3,3,5,1,9,2,6,5,4,1,2,1,6,4,3,10,1,3,3
6,6,2,2,1,3,5,1,5,2,2,4,1,5,3,2,4,4,5,1,4,3,4,2,2,3,3,4,2,3,4,5,3,6,2,2,2,2,2,2,9,4,4,6,2,8,5,1,5,2,1,6,2,8,6,6,3,2,3,2,6,7,7,1,2,4,7,4,1,2,1,5,8,2,1,3,2,0,6,24,9,1,3,1,3,1,2,5,2,4,2,3,4,2,2,2,3,1,2,7,4,2,3,1,1,4,4,2,1,1,3,3,2,4,4,2,5,1,2,4,4,4,3,2,3,4,1,6
1,5,3,3,2,4,3,6,4,13,2,1,3,3,3,1,4,2,6,2,3,4,2,4,1,5,5,4,3,3,4,2,6,2,5,1,2,2,2,3,6,2,3,3,2,2,5,1,2,5,4,2,3,3,4,3,4,2,3,3,7,4,2,6,2,1,1,1,3,4,2,2,3,3,7,3,2,0,6,24,9,1,3,1,3,1,2,5,2,4,2,3,4,2,2,2,3,1,2,7,4,2,3,1,1,4,4,2,1,1,3,3,2,4,4,2,5,1,2,4,4,4,3,2,3,4,1,6
4,5,3,3,2,4,3,6,4,13,2,1,3,3,3,1,4,2,6,2,3,4,2,4,1,5,5,4,3,3,4,2,6,2,5,1,2,2,2,3,6,2,3,3,2,2,5,1,2,5,4,2,3,3,4,3,4,2,3,3,7,4,2,6,2,1,1,1,3,4,2,2,3,3,7,3,9,3,6,4,3,27,1,2,3,4,2,4,2,5,3,3,2,1,5,2,3,2,4,4,4,4,4,4,2,3,4,3,2,4,2,3,3,8,4,5,5,2,1,4,3,2,4,1,6,5,2,2
4,4,3,6,5,5,3,1,2,2,2,2,2,5,2,7,3,4,5,3,4,3,2,3,4,6,3,1,3,4,2,1,2,3,2,4,3,1,2,2,3,4,3,5,3,5,1,3,1,7,3,1,6,0,2,4,6,4,6,2,2,4,3,3,5,3,3,1,2,4,10,4,5,5,2,3,9,3,6,4,3,27,1,2,3,4,2,4,2,5,3,3,2,1,5,2,3,2,4,4,4,4,4,4,2,3,4,3,2,4,2,3,3,8,4,5,5,2,1,4,3,2,4,1,6,5,2,2
4,4,3,6,5,5,3,1,2,2,2,2,2,5,2,7,3,4,5,3,4,3,2,3,4,6,3,1,3,4,2,1,2,3,2,4,3,1,2,2,3,4,3,5,3,5,1,3,1,7,3,1,6,0,2,4,6,4,6,2,2,4,3,3,5,3,3,1,2,4,10,4,5,5,2,3,2,4,3,16,3,5,3,4,2,2,6,4,5,0,4,3,4,2,4,5,6,3,6,3,3,1,2,2,3,2,7,4,6,6,3,3,2,1,4,2,6,3,2,2,1,4,3,1,7,6,2,4
1,2,6,9,1,4,4,6,2,0,4,3,3,4,3,1,1,5,3,8,0,2,5,4,2,1,1,3,2,2,8,3,4,6,2,0,4,4,6,3,7,6,4,5,2,4,2,2,3,2,3,4,1,4,5,4,5,3,2,8,3,2,1,2,4,6,4,3,4,2,2,9,2,4,4,3,2,4,3,16,3,5,3,4,2,2,6,4,5,0,4,3,4,2,4,5,6,3,6,3,3,1,2,2,3,2,7,4,6,6,3,3,2,1,4,2,6,3,2,2,1,4,3,1,7,6,2,4
1,2,6,9,1,4,4,6,2,0,4,3,3,4,3,1,1,5,3,8,0,2,5,4,2,1,1,3,2,2,8,3,4,6,2,0,4,4,6,3,7,6,4,5,2,4,2,2,3,2,3,4,1,4,5,4,5,3,2,8,3,2,1,2,4,6,4,3,4,2,2,9,2,4,4,3,4,3,1,11,2,3,1,4,3,2,3,2,5,5,7,2,4,5,3,1,1,2,2,5,4,1,1,2,3,3,3,2,2,5,3,3,2,4,2,1,3,5,3,4,9,5,4,2,4,3,5,2
5,2,2,4,2,7,3,2,4,3,4,2,6,5,5,3,6,4,6,3,1,2,5,4,4,3,3,6,2,2,4,2,5,3,7,1,5,2,3,3,3,5,2,3,4,4,4,1,7,2,0,2,4,6,3,3,1,3,4,2,2,4,2,6,2,1,6,2,1,6,0,7,4,5,3,3,4,3,1,11,2,3,1,4,3,2,3,2,5,5,7,2,4,5,3,1,1,2,2,5,4,1,1,2,3,3,3,2,2,5,3,3,2,4,2,1,3,5,3,4,9,5,4,2,4,3,5,2
5,2,2,4,2,7,3,2,4,3,4,2,6,5,5,3,6,4,6,3,1,2,5,4,4,3,3,6,2,2,4,2,5,3,7,1,5,2,3,3,3,5,2,3,4,4,4,1,7,2,0,2,4,6,3,3,1,3,4,2,2,4,2,6,2,1,6,2,1,6,0,7,4,5,3,1,2,2,2,3,7,1,4,3,3,1,3,2,6,3,5,5,3,2,6,4,4,2,1,4,6,3,4,2,3,2,3,2,4,4,4,3,3,3,3,1,1,4,1,3,4,2,2,1,3,3,3,3
6,3,4,2,9,2,7,2,5,5,4,1,4,3,1,4,3,5,6,1,3,3,3,1,2,5,2,5,1,5,5,3,2,6,3,3,5,4,2,1,4,3,3,15,4,4,1,1,2,1,2,3,5,4,6,2,3,3,3,2,2,1,5,3,1,3,0,3,3,3,5,3,4,4,3,1,2,2,2,3,7,1,4,3,3,1,3,2,6,3,5,5,3,2,6,4,4,2,1,4,6,3,4,2,3,2,3,2,4,4,4,3,3,3,3,1,1,4,1,3,4,2,2,1,3,3,3,3
6,3,4,2,9,2,7,2,5,5,4,1,4,3,1,4,3,5,6,1,3,3,3,1,2,5,2,5,1,5,5,3,2,6,3,3,5,4,2,1,4,3,3,15,4,4,1,1,2,1,2,3,5,4,6,2,3,3,3,2,2,1,5,3,1,3,0,3,3,3,5,3,4,4,3,3,1,2,4,3,3,3,1,5,2,2,3,2,1,3,8,4,1,3,3,4,28,1,4,4,4,5,0,5,2,1,5,2,4,6,2,4,3,2,7,3,2,4,2,4,3,4,2,3,6,1,1,1
4,4,7,4,2,2,5,2,3,2,5,3,3,5,3,7,1,3,3,2,2,3,4,7,4,3,7,3,5,1,4,4,2,5,2,3,2,2,4,4,4,1,3,7,4,3,2,2,2,1,3,2,3,1,6,4,2,2,2,4,6,1,8,3,3,6,3,2,2,7,2,5,2,4,6,3,1,2,4,3,3,3,1,5,2,2,3,2,1,3,8,4,1,3,3,4,28,1,4,4,4,5,0,5,2,1,5,2,4,6,2,4,3,2,7,3,2,4,2,4,3,4,2,3,6,1,1,1
3,4,7,4,2,2,5,2,3,2,5,3,3,5,3,7,1,3,3,2,2,3,4,7,4,3,7,3,5,1,4,4,2,5,2,3,2,2,4,4,4,1,3,7,4,3,2,2,2,1,3,2,3,1,6,4,2,2,2,4,6,1,8,3,3,6,3,2,2,7,2,5,2,4,6,2,5,4,0,2,3,3,6,22,12,2,1,7,3,1,3,2,3,2,2,4,3,3,2,5,3,2,5,2,1,2,2,4,7,3,2,1,4,3,3,6,2,3,3,4,1,3,6,2,4,3,7,3
1,2,4,5,2,4,4,1,8,3,4,3,1,3,4,3,3,1,4,3,2,4,3,1,2,3,5,3,1,2,7,2,4,2,2,3,6,5,4,5,4,0,4,2,2,3,4,5,5,2,3,3,3,2,1,4,1,5,3,3,3,5,5,4,1,4,2,2,6,7,3,1,1,2,4,2,5,4,0,2,3,3,6,22,12,2,1,7,3,1,3,2,3,2,2,4,3,3,2,5,3,2,5,2,1,2,2,4,7,3,2,1,4,3,3,6,2,3,3,4,1,3,6,2,4,3,7,3
1,2,4,5,2,4,4,1,8,3,4,3,1,3,4,3,3,1,4,3,2,4,3,1,2,3,5,3,1,2,7,2,4,2,2,3,6,5,4,5,4,0,4,2,2,3,4,5,5,2,3,3,3,2,1,4,1,5,3,3,3,5,5,4,1,4,2,2,6,7,3,1,1,2,4,3,1,6,6,4,2,5,1,20,2,0,3,2,6,1,2,2,2,3,8,5,4,4,4,6,6,6,0,4,6,0,2,5,6,2,1,1,1,3,1,4,5,1,5,5,2,6,4,1,5,2,3,3
1,3,4,1,3,6,5,3,5,2,5,4,2,3,5,2,1,7,4,2,7,3,3,1,5,2,1,4,5,2,4,4,3,1,1,3,4,5,1,3,4,4,1,2,5,0,2,4,3,1,2,3,2,4,7,1,5,5,2,3,3,0,3,7,2,3,3,4,2,2,3,7,3,3,2,3,1,6,6,4,2,5,1,20,2,0,3,2,6,1,2,2,2,3,8,5,4,4,4,6,6,6,0,4,6,0,2,5,6,2,1,1,1,3,1,4,5,1,5,5,2,6,4,1,5,2,3,3
1,3,4,1,3,6,5,3,5,2,5,4,2,3,5,2,1,7,4,2,7,3,3,1,5,2,1,4,5,2,4,4,3,1,1,3,4,5,1,3,4,4,1,2,5,0,2,4,3,1,2,3,2,4,7,1,5,5,2,3,3,0,3,7,2,3,3,4,2,2,3,7,3,3,3,4,6,6,0,7,21,6,2,1,2,0,3,1,3,2,1,2,2,7,3,1,2,7,3,7,1,9,3,4,11,3,2,4,2,4,1,4,2,1,7,3,2,3,3,3,2,3,3,3,3,2,4,0
1,4,3,2,3,6,2,4,5,5,2,7,2,1,1,1,3,5,2,7,3,2,4,2,6,6,2,3,5,4,3,4,4,1,1,4,6,3,4,2,4,2,4,4,2,3,3,6,3,6,4,2,1,5,7,2,1,2,2,6,3,2,2,4,3,3,1,3,2,3,1,9,2,3,6,4,6,6,0,7,21,6,2,1,2,0,3,1,3,2,1,2,2,7,3,1,2,7,3,7,1,9,3,4,11,3,2,4,2,4,1,4,2,1,7,3,2,3,3,3,2,3,3,3,3,2,4,0
1,4,3,2,3,6,2,4,5,5,2,7,2,1,1,1,3,5,2,7,3,2,4,2,6,6,2,3,5,4,3,4,4,1,1,4,6,3,4,2,4,2,4,4,2,3,3,6,3,6,4,2,1,5,7,2,1,2,2,6,3,2,2,4,3,3,1,3,2,3,1,9,2,3,6,1,2,2,5,3,2,5,18,1,2,3,1,4,2,6,6,6,4,3,2,1,4,4,8,3,6,4,2,2,7,5,2,7,2,5,6,5,3,3,1,5,2,3,4,4,4,1,4,4,2,4,3,4
2,1,2,11,4,3,2,4,3,3,1,3,2,2,2,3,4,3,6,4,1,7,2,1,4,5,3,7,1,3,3,4,2,1,2,3,4,1,3,4,3,6,4,4,4,2,4,2,4,4,2,8,7,1,4,3,3,1,5,6,3,2,2,1,2,3,13,6,3,0,3,6,1,3,7,1,2,2,5,3,2,5,18,1,2,3,1,4,2,6,6,6,4,3,2,1,4,4,8,3,6,4,2,2,7,5,2,7,2,5,6,5,3,3,1,5,2,3,4,4,4,1,4,4,2,4,3,4
2,1,2,11,4,3,2,4,3,3,1,3,2,2,2,3,4,3,6,4,1,7,2,1,4,5,3,7,1,3,3,4,2,1,2,3,4,1,3,4,3,6,4,4,4,2,4,2,4,4,2,8,7,1,4,3,3,1,5,6,3,2,2,1,2,3,13,6,3,0,3,6,1,3,7,2,6,8,1,3,34,0,0,4,2,4,8,0,2,1,4,5,1,2,3,1,3,3,1,3,3,2,2,4,4,2,3,3,3,4,2,2,4,0,3,3,7,4,3,4,3,3,3,4,3,2,3,3
7,5,2,4,3,4,1,1,3,4,2,8,4,1,2,2,3,6,3,4,2,3,4,2,2,1,3,4,2,6,4,4,3,5,8,3,5,2,8,2,6,2,1,4,6,3,3,5,10,0,10,2,2,3,5,1,3,1,4,5,2,2,4,5,1,8,7,5,5,3,4,3,3,4,1,2,6,8,1,3,34,0,0,4,2,4,8,0,2,1,4,5,1,2,3,1,3,3,1,3,3,2,2,4,4,2,3,3,3,4,2,2,4,0,3,3,7,4,3,4,3,3,3,4,3,2,3,3
7,5,2,4,3,4,1,1,3,4,2,8,4,1,2,2,3,6,3,4,2,3,4,2,2,1,3,4,2,6,4,4,3,5,8,3,5,2,8,2,6,2,1,4,6,3,3,5,10,0,10,2,2,3,5,1,3,1,4,5,2,2,4,5,1,8,7,5,5,3,4,3,3,4,1,3,3,2,5,17,5,6,2,3,3,4,4,3,1,1,5,4,3,2,4,3,5,7,3,2,3,2,2,1,5,5,2,3,1,2,9,1,4,6,2,3,4,8,3,2,2,2,6,3,3,6,3,5
4,6,1,1,3,1,4,7,1,2,1,2,1,3,9,2,1,1,4,6,3,7,4,4,1,2,1,6,6,2,2,6,2,4,1,2,1,4,2,5,3,2,1,7,4,2,2,9,8,2,2,2,3,4,2,5,1,2,2,2,5,6,4,1,1,5,1,4,3,2,2,4,2,7,4,1,3,3,3,5,5,10,1,5,2,2,2,3,3,4,4,8,2,2,3,5,1,1,1,3,2,4,5,2,2,2,5,1,6,2,5,2,3,1,2,8,8,6,3,3,1,6,0,5,2,3,2,8
4,6,1,1,3,1,4,7,1,2,1,2,1,3,9,2,1,1,4,6,3,7,4,4,1,2,1,6,6,2,2,6,2,4,1,2,1,4,2,5,3,2,1,7,4,2,2,9,8,2,2,2,3,4,2,5,1,2,2,2,5,6,4,1,1,5,1,4,3,2,2,4,2,7,2,4,3,4,3,5,4,5,3,24,14,5,2,1,3,2,6,2,2,3,3,4,4,2,3,6,3,5,3,5,2,2,5,2,1,2,4,6,4,1,2,3,1,2,2,1,4,7,2,3,2,2,2,2
3,5,3,4,4,2,5,3,5,7,3,4,1,4,4,2,3,2,4,3,2,2,6,6,2,4,3,1,0,1,3,3,3,5,3,5,3,4,3,2,3,5,3,3,3,5,3,3,3,4,3,2,3,2,3,3,4,2,4,4,5,2,4,4,4,2,2,2,2,4,1,6,4,6,7,4,3,4,3,5,4,5,3,24,14,5,2,1,3,2,6,2,2,3,3,4,4,2,3,6,3,5,3,5,2,2,5,2,1,2,4,6,4,1,2,3,1,2,2,1,4,7,2,3,2,2,2,2
3,5,3,4,4,2,5,3,5,7,3,4,1,4,4,2,3,2,4,3,2,2,6,6,2,4,3,1,0,1,3,3,3,5,3,5,3,4,3,2,3,5,3,3,3,5,3,3,3,4,3,2,3,2,3,3,4,2,4,4,5,2,4,4,4,2,2,2,2,4,1,6,4,6,7,2,2,3,3,16,7,1,1,3,3,3,1,3,3,3,5,2,3,3,2,1,9,3,6,4,2,3,5,2,1,0,2,2,2,4,1,1,6,1,2,2,6,4,5,1,3,4,4,8,4,2,2,6
4,5,4,2,4,2,3,4,6,4,3,3,5,4,5,1,2,7,2,3,2,3,2,1,4,8,6,2,2,4,2,5,3,2,0,1,2,5,4,4,4,3,3,5,6,5,2,3,6,1,1,4,5,1,2,7,3,1,3,4,7,3,0,3,1,2,1,1,4,6,3,1,4,6,3,2,2,3,3,16,7,1,1,3,3,3,1,3,3,3,5,2,3,3,2,1,9,3,6,4,2,3,5,2,1,0,2,2,2,4,1,1,6,1,2,2,6,4,5,1,3,4,4,8,4,2,2,6
4,5,4,2,4,2,3,4,6,4,3,3,5,4,5,1,2,7,2,3,2,3,2,1,4,8,6,2,2,4,2,5,3,2,0,1,2,5,4,4,4,3,3,5,6,5,2,3,6,1,1,4,5,1,2,7,3,1,3,4,7,3,0,3,1,2,1,1,4,6,3,1,4,6,3,2,3,4,2,0,2,7,5,1,20,2,3,4,3,2,3,0,4,5,2,0,1,5,2,1,3,6,1,1,6,1,1,4,5,6,2,4,1,3,5,5,0,5,6,9,3,6,1,5,3,4,2,3
8,2,3,2,2,4,1,3,2,6,1,2,2,3,3,4,3,2,4,2,4,6,1,5,0,5,8,3,2,3,2,4,4,1,1,2,2,3,5,3,7,3,4,4,3,2,1,3,3,3,1,5,3,7,2,4,7,5,2,4,3,1,2,5,5,7,6,3,4,1,3,2,7,3,4,2,3,4,2,0,2,7,5,1,20,2,3,4,3,2,3,0,4,5,2,0,1,5,2,1,3,6,1,1,6,1,1,4,5,6,2,4,1,3,5,5,0,5,6,9,3,6,1,5,3,4,2,3
8,2,3,2,2,4,1,3,2,6,1,2,2,3,3,4,3,2,4,2,4,6,1,5,0,5,8,3,2,3,2,4,4,1,1,2,2,3,5,3,7,3,4,4,3,2,1,3,3,3,1,5,3,7,2,4,7,5,2,4,3,1,2,5,5,7,6,3,4,1,3,2,7,3,4,2,3,11,4,6,5,4,7,29,0,2,5,4,4,3,7,1,1,3,4,2,3,6,1,3,4,6,5,1,3,2,2,2,3,2,4,1,3,3,5,2,3,2,2,2,3,1,2,3,6,1,6,5
2,5,3,4,2,3,2,6,2,5,6,4,7,3,1,1,3,3,4,5,6,4,1,1,7,2,4,0,1,3,8,4,4,2,2,2,2,3,2,1,3,2,3,3,4,8,1,5,2,5,1,3,4,4,3,8,2,4,4,4,3,8,1,1,3,3,3,1,3,6,3,2,1,5,3,2,3,11,4,6,5,4,7,29,0,2,5,4,4,3,7,1,1,3,4,2,3,6,1,3,4,6,5,1,3,2,2,2,3,2,4,1,3,3,5,2,3,2,2,2,3,1,2,3,6,1,6,5
2,5,3,4,2,3,2,6,2,5,6,4,7,3,1,1,3,3,4,5,6,4,1,1,7,2,4,0,1,3,8,4,4,2,2,2,2,3,2,1,3,2,3,3,4,8,1,5,2,5,1,3,4,4,3,8,2,4,4,4,3,8,1,1,3,3,3,1,3,6,3,2,1,5,3,4,3,5,4,2,4,4,1,16,0,4,2,6,0,3,2,1,2,1,3,7,2,1,3,4,4,2,10,1,4,5,6,3,2,2,1,2,3,2,3,9,3,1,2,3,4,1,7,1,2,5,3,2
4,4,5,3,1,2,4,2,3,6,2,5,3,3,1,2,7,1,3,8,2,8,1,6,1,9,3,1,2,4,4,4,3,4,4,1,4,2,3,4,2,3,2,5,6,3,2,2,3,0,2,3,2,3,3,1,2,7,1,1,3,2,1,2,2,8,4,4,3,5,4,8,6,1,1,4,3,5,4,2,4,4,1,16,0,4,2,6,0,3,2,1,2,1,3,7,2,1,3,4,4,2,10,1,4,5,6,3,2,2,1,2,3,2,3,9,3,1,2,3,4,1,7,1,2,5,3,2
4,4,5,3,1,2,4,2,3,6,2,5,3,3,1,2,7,1,3,8,2,8,1,6,1,9,3,1,2,4,4,4,3,4,4,1,4,2,3,4,2,3,2,5,6,3,2,2,3,0,2,3,2,3,3,1,2,7,1,1,3,2,1,2,2,8,4,4,3,5,4,8,6,1,1,1,2,6,2,2,14,4,2,8,2,1,1,3,3,6,5,5,2,3,2,4,2,3,1,1,2,5,9,5,3,2,3,2,2,2,3,1,2,1,4,5,2,3,5,2,3,4,3,2,3,1,3,5
7,3,5,3,2,2,1,3,4,1,1,6,10,4,2,2,3,4,7,5,3,6,3,2,5,1,4,1,3,2,4,2,2,6,2,5,3,3,2,8,3,3,4,7,8,3,7,5,5,1,0,7,2,2,4,1,4,1,4,3,1,3,7,3,2,5,1,3,3,3,1,5,2,5,5,1,2,6,2,2,14,4,2,8,2,1,1,3,3,6,5,5,2,3,2,4,2,3,1,1,2,5,9,5,3,2,3,2,2,2,3,1,2,1,4,5,2,3,5,2,3,4,3,2,3,1,3,5
7,3,5,3,2,2,1,3,4,1,1,6,10,4,2,2,3,4,7,5,3,6,3,2,5,1,4,1,3,2,4,2,2,6,2,5,3,3,2,8,3,3,4,7,8,3,7,5,5,1,0,7,2,2,4,1,4,1,4,3,1,3,7,3,2,5,1,3,3,3,1,5,2,5,5,1,3,2,4,2,5,7,2,3,3,5,3,5,4,2,3,2,0,7,4,4,5,5,1,5,5,5,3,2,2,2,4,4,3,5,4,1,4,4,4,1,2,2,4,2,6,3,2,5,3,5,2,3
3,2,6,2,2,9,3,3,5,1,5,2,4,4,2,2,5,2,3,5,4,4,3,3,3,3,1,3,7,3,1,2,5,3,2,2,2,3,7,6,3,2,2,2,4,8,5,3,4,2,2,5,1,8,1,5,6,11,2,2,1,2,6,4,4,1,4,3,6,2,6,1,1,2,3,3,3,2,4,2,5,7,2,3,3,5,3,5,4,2,3,2,0,7,4,4,5,5,1,5,5,5,3,2,2,2,4,4,3,5,4,1,4,4,4,1,2,2,4,2,6,3,2,5,3,5,2,3
3,2,6,2,2,9,3,3,5,1,5,2,4,4,2,2,5,2,3,5,4,4,3,3,3,3,1,3,7,3,1,2,5,3,2,2,2,3,7,6,3,2,2,2,4,8,5,3,4,2,2,5,1,8,1,5,6,11,2,2,1,2,6,4,4,1,4,3,6,2,6,1,1,2,3,5,1,1,4,2,17,7,5,0,2,6,2,1,3,1,6,6,1,2,5,4,1,1,3,3,5,1,1,1,4,2,2,2,1,4,3,4,1,3,3,3,1,4,9,1,4,2,2,5,2,6,4,4
1,4,4,1,5,1,2,5,2,4,1,3,2,2,2,3,3,4,4,4,4,6,2,4,3,7,5,5,2,1,5,1,2,7,3,2,7,4,1,2,3,3,4,1,2,1,3,2,2,6,3,3,4,3,7,4,1,5,5,1,3,3,3,2,6,2,4,2,4,4,4,3,5,3,1,5,1,1,4,2,17,7,5,0,2,6,2,1,3,1,6,6,1,2,5,4,1,1,3,3,5,1,1,1,4,2,2,2,1,4,3,4,1,3,3,3,1,4,9,1,4,2,2,5,2,6,4,4
1,4,4,1,5,1,2,5,2,4,1,3,2,2,2,3,3,4,4,4,4,6,2,4,3,7,5,5,2,1,5,1,2,7,3,2,7,4,1,2,3,3,4,1,2,1,3,2,2,6,3,3,4,3,7,4,1,5,5,1,3,3,3,2,6,2,4,2,4,4,4,3,5,3,1,3,3,1,2,1,11,2,7,1,2,3,1,3,1,4,9,4,3,6,2,3,2,5,4,5,10,3,4,2,1,3,5,2,2,2,3,2,4,5,2,6,1,2,4,4,4,5,0,2,1,2,1,1
2,6,2,3,1,4,3,4,2,7,3,7,6,1,3,4,4,3,2,2,3,1,5,3,3,3,3,3,6,3,3,5,2,4,3,4,1,3,1,4,3,5,1,2,7,1,1,4,4,2,2,2,2,2,3,4,7,3,4,3,1,2,4,4,4,4,2,9,2,1,2,4,1,3,3,3,3,1,2,1,11,2,7,1,2,3,1,3,1,4,9,4,3,6,2,3,2,5,4,5,10,3,4,2,1,3,5,2,2,2,3,2,4,5,2,6,1,2,4,4,4,5,0,2,1,2,1,1
2,6,2,3,1,4,3,4,2,7,3,7,6,1,3,4,4,3,2,2,3,1,5,3,3,3,3,3,6,3,3,5,2,4,3,4,1,3,1,4,3,5,1,2,7,1,1,4,4,2,2,2,2,2,3,4,7,3,4,3,1,2,4,4,4,4,2,9,2,1,2,4,1,3,3,6,3,5,5,5,3,5,0,6,6,4,2,14,1,8,1,5,4,4,2,3,4,0,4,6,1,1,7,1,1,3,2,5,7,6,1,3,5,1,1,7,4,3,2,1,4,2,1,6,7,1,4,4
2,0,2,5,1,3,2,3,5,7,2,3,7,4,2,5,1,5,3,2,2,5,3,4,2,3,3,3,5,5,4,4,2,7,5,4,4,3,1,2,3,2,4,1,6,4,4,3,3,2,4,2,4,5,4,1,2,5,7,5,2,2,5,1,5,2,4,4,4,2,3,2,2,5,4,6,3,5,5,5,3,5,0,6,6,4,2,14,1,8,1,5,4,4,2,3,4,0,4,6,1,1,7,1,1,3,2,5,7,6,1,3,5,1,1,7,4,3,2,1,4,2,1,6,7,1,4,4
3,0,2,5,1,3,2,3,5,7,2,3,7,4,2,5,1,5,3,2,2,5,3,4,2,3,3,3,5,5,4,4,2,7,5,4,4,3,1,2,3,2,4,1,6,4,4,3,3,2,4,2,4,5,4,1,2,5,7,5,2,2,5,1,5,2,4,4,4,2,3,2,2,5,4,4,3,4,3,13,1,7,6,2,1,3,3,3,3,6,4,4,4,1,4,3,2,2,9,2,2,2,3,3,1,8,1,2,3,7,2,2,1,1,3,3,3,0,2,4,3,3,2,5,5,4,1,5
3,4,5,4,3,1,2,6,4,3,5,10,4,3,6,5,4,3,3,4,3,3,3,3,7,2,3,2,1,4,3,4,3,4,1,7,4,2,1,6,3,2,2,3,8,3,1,2,2,2,5,2,3,3,3,2,6,6,4,5,3,1,4,3,3,6,1,3,5,3,1,4,4,4,3,4,3,4,3,13,1,7,6,2,1,3,3,3,3,6,4,4,4,1,4,3,2,2,9,2,2,2,3,3,1,8,1,2,3,7,2,2,1,1,3,3,3,0,2,4,3,3,2,5,5,4,1,5
0,4,5,4,3,1,2,6,4,3,5,10,4,3,6,5,4,3,3,4,3,3,3,3,7,2,3,2,1,4,3,4,3,4,1,7,4,2,1,6,3,2,2,3,8,3,1,2,2,2,5,2,3,3,3,2,6,6,4,5,3,1,4,3,3,6,1,3,5,3,1,4,4,4,3,4,3,1,2,18,2,2,3,1,2,2,1,9,2,1,6,2,3,3,6,3,3,5,2,3,7,1,1,4,2,8,5,1,2,2,4,3,7,3,2,4,2,3,1,4,1,1,5,3,3,8,3,2
9,2,3,0,3,4,5,4,0,1,3,4,3,4,2,2,4,3,6,4,4,1,2,4,3,2,4,2,2,1,3,5,3,3,1,3,2,2,1,2,2,4,2,4,1,3,4,3,6,2,3,2,2,3,5,3,1,2,3,4,4,3,7,6,3,3,2,3,5,5,3,6,2,4,5,4,3,1,2,18,2,2,3,1,2,2,1,9,2,1,6,2,3,3,6,3,3,5,2,3,7,1,1,4,2,8,5,1,2,2,4,3,7,3,2,4,2,3,1,4,1,1,5,3,3,8,3,2
9,2,3,0,3,4,5,4,0,1,3,4,3,4,2,2,4,3,6,4,4,1,2,4,3,2,4,2,2,1,3,5,3,3,1,3,2,2,1,2,2,4,2,4,1,3,4,3,6,2,3,2,2,3,5,3,1,2,3,4,4,3,7,6,3,3,2,3,5,5,3,6,2,4,5,7,5,4,4,6,3,4,24,0,2,3,2,3,4,3,4,4,4,5,3,7,1,3,1,2,4,3,9,3,1,2,4,1,5,5,5,0,2,4,4,3,2,3,3,6,2,4,6,2,1,3,1,5
1,3,5,3,2,2,4,2,5,4,5,4,9,1,3,2,4,4,2,5,1,7,1,2,2,2,3,7,4,5,3,5,6,4,3,0,6,5,4,0,5,1,5,4,3,4,2,2,4,4,3,3,1,2,6,5,2,2,8,2,1,4,2,6,1,3,5,3,7,4,2,1,4,3,2,7,5,4,4,6,3,4,24,0,2,3,2,3,4,3,4,4,4,5,3,7,1,3,1,2,4,3,9,3,1,2,4,1,5,5,5,0,2,4,4,3,2,3,3,6,2,4,6,2,1,3,1,5
1,3,5,3,2,2,4,2,5,4,5,4,9,1,3,2,4,4,2,5,1,7,1,2,2,2,3,7,4,5,3,5,6,4,3,0,6,5,4,0,5,1,5,4,3,4,2,2,4,4,3,3,1,2,6,5,2,2,8,2,1,4,2,6,1,3,5,3,7,4,2,1,4,3,2,5,1,5,5,1,6,2,19,13,1,3,1,3,2,5,1,1,4,3,5,2,3,0,2,4,5,4,6,1,4,4,4,2,1,8,0,2,4,3,3,3,2,4,6,7,3,2,7,3,4,2,4,2
2,3,3,2,4,5,2,2,1,6,15,3,5,2,2,2,5,3,2,3,3,1,5,8,2,0,5,4,2,3,4,5,1,6,6,2,3,2,2,3,2,3,4,3,2,1,6,6,6,2,5,2,2,7,5,4,2,7,6,2,0,2,2,3,2,4,5,3,2,4,1,2,4,2,3,5,1,5,5,1,6,2,19,13,1,3,1,3,2,5,1,1,4,3,5,2,3,0,2,4,5,4,6,1,4,4,4,2,1,8,0,2,4,3,3,3,2,4,6,7,3,2,7,3,4,2,4,2
2,3,3,2,4,5,2,2,1,6,15,3,5,2,2,2,5,3,2,3,3,1,5,8,2,0,5,4,2,3,4,5,1,6,6,2,3,2,2,3,2,3,4,3,2,1,6,6,6,2,5,2,2,7,5,4,2,7,6,2,0,2,2,3,2,4,5,3,2,4,1,2,4,2,3,2,7,5,4,14,1,6,2,5,3,6,10,3,1,3,4,8,7,3,5,4,1,2,4,3,3,2,0,3,1,4,5,3,1,4,4,8,1,2,5,2,1,1,0,1,1,3,4,3,3,1,5,11
4,12,3,6,3,2,4,3,5,2,3,5,4,2,6,3,3,2,3,2,3,3,6,4,4,2,2,9,2,0,6,1,2,0,4,4,5,3,5,1,1,7,3,6,1,1,3,2,4,6,2,1,2,5,3,5,0,1,3,6,4,3,6,2,3,8,4,5,1,4,3,1,3,1,3,2,7,5,4,14,1,6,2,5,3,6,10,3,1,3,4,8,7,3,5,4,1,2,4,3,3,2,0,3,1,4,5,3,1,4,4,8,1,2,5,2,1,1,0,1,1,3,4,3,3,1,5,11
4,12,3,6,3,2,4,3,5,2,3,5,4,2,6,3,3,2,3,2,3,3,6,4,4,2,2,9,2,0,6,1,2,0,4,4,5,3,5,1,1,7,3,6,1,1,3,2,4,6,2,1,2,5,3,5,0,1,3,6,4,3,6,2,3,8,4,5,1,4,3,1,3,1,3,4,5,3,5,1,5,4,3,0,1,2,4,23,2,2,2,3,5,6,2,3,4,4,6,3,3,2,3,2,2,5,4,2,2,2,2,5,4,1,4,0,1,1,4,1,2,2,7,2,6,3,2,5
9,5,4,2,4,2,3,2,1,4,5,8,2,1,7,2,2,5,2,1,2,7,3,1,2,2,5,2,3,3,2,3,1,1,4,4,2,4,3,3,3,0,1,3,6,4,2,1,2,1,6,3,1,1,3,3,4,4,4,2,2,4,2,2,3,4,3,2,3,5,4,7,3,1,5,4,5,3,5,1,5,4,3,0,1,2,4,23,2,2,2,3,5,6,2,3,4,4,6,3,3,2,3,2,2,5,4,2,2,2,2,5,4,1,4,0,1,1,4,1,2,2,7,2,6,3,2,5
9,5,4,2,4,2,3,2,1,4,5,8,2,1,7,2,2,5,2,1,2,7,3,1,2,2,5,2,3,3,2,3,1,1,4,4,2,4,3,3,3,0,1,3,6,4,2,1,2,1,6,3,1,1,3,3,4,4,4,2,2,4,2,2,3,4,3,2,3,5,4,7,3,1,5,4,5,3,2,7,3,4,15,2,4,3,4,2,1,4,1,3,2,2,2,7,0,3,2,2,2,3,1,4,4,4,3,4,0,5,4,4,5,2,3,5,3,4,2,6,6,1,2,2,5,8,3,5
4,4,5,3,0,1,5,1,5,5,1,3,3,6,3,5,1,8,6,1,3,3,2,3,2,3,1,2,2,1,8,5,3,3,3,4,7,5,3,0,4,2,2,5,2,2,3,3,5,1,2,2,3,2,1,2,3,2,3,2,3,1,1,3,2,4,3,3,1,2,2,2,5,2,3,4,5,3,2,7,3,4,15,2,4,3,4,2,1,4,1,3,2,2,2,7,0,3,2,2,2,3,1,4,4,4,3,4,0,5,4,4,5,2,3,5,3,4,2,6,6,1,2,2,5,8,3,5
4,4,5,3,0,1,5,1,5,5,1,3,3,6,3,5,1,8,6,1,3,3,2,3,2,3,1,2,2,1,8,5,3,3,3,4,7,5,3,0,4,2,2,5,2,2,3,3,5,1,2,2,3,2,1,2,3,2,3,2,3,1,1,3,2,4,3,3,1,2,2,2,5,2,3,7,4,3,3,2,0,2,7,3,2,2,3,3,3,3,3,2,2,2,6,4,1,2,6,2,6,3,1,5,2,2,7,1,5,4,2,7,1,0,1,3,5,4,2,10,2,1,1,1,2,3,4,3
5,7,6,2,1,2,6,2,3,4,2,4,3,2,4,8,1,2,5,4,2,4,2,2,2,2,9,3,4,4,2,3,2,3,2,3,3,4,4,3,3,4,2,5,3,6,7,3,3,4,2,5,2,3,1,5,1,2,5,2,3,4,1,4,2,1,5,2,3,5,4,5,7,2,7,7,4,3,3,2,0,2,7,3,2,2,3,3,3,3,3,2,2,2,6,4,1,2,6,2,6,3,1,5,2,2,7,1,5,4,2,7,1,0,1,3,5,4,2,10,2,1,1,1,2,3,4,3
5,7,6,2,1,2,6,2,3,4,2,4,3,2,4,8,1,2,5,4,2,4,2,2,2,2,9,3,4,4,2,3,2,3,2,3,3,4,4,3,3,4,2,5,3,6,7,3,3,4,2,5,2,3,1,5,1,2,5,2,3,4,1,4,2,1,5,2,3,5,4,5,7,2,7,1,5,8,1,2,1,3,13,2,2,1,3,3,3,4,6,5,4,4,1,4,6,2,1,6,2,1,4,1,2,3,2,2,6,3,4,5,1,1,3,2,3,1,3,2,4,5,5,5,5,2,5,3
2,2,9,4,8,1,4,3,3,2,4,4,2,3,5,3,3,6,4,7,1,3,3,3,6,6,1,6,2,4,4,1,3,9,7,7,2,3,3,2,4,2,6,3,3,2,3,2,4,3,4,4,3,2,5,4,1,4,2,8,4,2,7,1,2,8,6,2,2,6,3,4,4,2,4,1,5,8,1,2,1,3,13,2,2,1,3,3,3,4,6,5,4,4,1,4,6,2,1,6,2,1,4,1,2,3,2,2,6,3,4,5,1,1,3,2,3,1,3,2,4,5,5,5,5,2,5,3
2,2,9,4,8,1,4,3,3,2,4,4,2,3,5,3,3,6,4,7,1,3,3,3,6,6,1,6,2,4,4,1,3,9,7,7,2,3,3,2,4,2,6,3,3,2,3,2,4,3,4,4,3,2,5,4,1,4,2,8,4,2,7,1,2,8,6,2,2,6,3,4,4,2,4,3,3,1,3,7,4,17,2,1,1,7,1,2,3,5,5,1,4,2,7,4,6,3,5,3,4,1,2,2,2,7,3,5,2,2,5,4,5,3,1,6,5,4,3,2,2,3,6,1,3,4,7,6
2,5,5,2,3,3,1,5,5,1,2,3,2,2,3,1,4,3,4,3,4,3,6,4,5,3,4,7,5,4,7,3,1,4,3,9,4,1,1,2,3,3,3,3,4,7,2,2,3,4,0,4,4,5,3,8,3,4,4,2,1,3,4,2,4,6,5,2,2,1,6,4,1,4,3,3,3,1,3,7,4,17,2,1,1,7,1,2,3,5,5,1,4,2,7,4,6,3,5,3,4,1,2,2,2,7,3,5,2,2,5,4,5,3,1,6,5,4,3,2,2,3,6,1,3,4,7,6
2,5,5,2,3,3,1,5,5,1,2,3,2,2,3,1,4,3,4,3,4,3,6,4,5,3,4,7,5,4,7,3,1,4,3,9,4,1,1,2,3,3,3,3,4,7,2,2,3,4,0,4,4,5,3,8,3,4,4,2,1,3,4,2,4,6,5,2,2,1,6,4,1,4,3,2,3,0,1,14,6,2,1,5,2,3,1,6,3,7,7,2,2,0,2,4,3,2,2,6,4,5,5,1,3,4,5,2,4,5,3,3,4,2,3,2,1,4,2,2,4,2,3,5,4,3,2,1
1,2,2,4,4,3,4,2,3,4,6,3,5,4,6,1,3,3,2,3,4,7,3,3,5,4,5,2,3,2,3,4,3,1,4,1,3,1,3,7,2,2,2,3,2,5,3,2,1,7,3,2,6,2,1,4,3,5,7,3,1,4,4,1,7,1,5,7,8,2,3,1,5,4,7,2,3,0,1,14,6,2,1,5,2,3,1,6,3,7,7,2,2,0,2,4,3,2,2,6,4,5,5,1,3,4,5,2,4,5,3,3,4,2,3,2,1,4,2,2,4,2,3,5,4,3,2,1
1,2,2,4,4,3,4,2,3,4,6,3,5,4,6,1,3,3,2,3,4,7,3,3,5,4,5,2,3,2,3,4,3,1,4,1,3,1,3,7,2,2,2,3,2,5,3,2,1,7,3,2,6,2,1,4,3,5,7,3,1,4,4,1,7,1,5,7,8,2,3,1,5,4,7,1,0,1,2,2,2,4,2,23,3,1,3,2,2,3,2,2,3,5,3,4,5,3,1,2,2,7,8,2,3,5,6,2,5,3,1,1,2,3,1,3,4,7,7,2,2,3,2,1,3,5,1,2
2,4,3,3,3,5,3,2,6,1,6,3,4,4,2,2,6,6,3,4,5,1,2,4,4,5,4,4,3,3,1,4,3,3,2,4,0,5,2,1,1,2,6,3,6,8,3,1,2,4,6,2,5,3,1,2,5,6,2,3,2,2,2,1,2,3,3,2,6,6,0,3,5,3,4,1,0,1,2,2,2,4,2,23,3,1,3,2,2,3,2,2,3,5,3,4,5,3,1,2,2,7,8,2,3,5,6,2,5,3,1,1,2,3,1,3,4,7,7,2,2,3,2,1,3,5,1,2
2,4,3,3,3,5,3,2,6,1,6,3,4,4,2,2,6,6,3,4,5,1,2,4,4,5,4,4,3,3,1,4,3,3,2,4,0,5,2,1,1,2,6,3,6,8,3,1,2,4,6,2,5,3,1,2,5,6,2,3,2,2,2,1,2,3,3,2,6,6,0,3,5,3,3,2,3,2,5,3,5,4,3,1,4,2,4,0,7,1,1,1,27,2,0,1,3,2,2,1,1,2,5,3,2,2,3,3,3,2,3,3,3,4,2,6,1,5,5,5,3,3,5,4,3,4,6,4
6,1,4,1,3,2,2,3,3,3,1,3,1,4,3,7,2,2,10,2,2,5,7,4,2,5,4,3,4,6,1,4,2,2,3,2,5,5,2,2,3,1,7,3,2,3,0,4,8,1,2,1,5,2,1,5,4,5,4,5,2,1,5,7,3,2,1,4,3,4,2,4,6,4,4,2,3,2,5,3,5,4,3,1,4,2,4,0,7,1,1,1,27,2,0,1,3,2,2,1,1,2,5,3,2,2,3,3,3,2,3,3,3,4,2,6,1,5,5,5,3,3,5,4,3,4,6,4
6,1,4,1,3,2,2,3,3,3,1,3,1,4,3,7,2,2,10,2,2,5,7,4,2,5,4,3,4,6,1,4,2,2,3,2,5,5,2,2,3,1,7,3,2,3,0,4,8,1,2,1,5,2,1,5,4,5,4,5,2,1,5,7,3,2,1,4,3,4,2,4,6,4,4,2,2,4,6,18,1,1,2,7,3,7,2,3,6,1,3,4,5,2,6,4,3,1,3,4,5,9,0,4,3,3,2,1,2,2,7,3,3,6,3,3,5,1,3,3,2,2,2,1,4,1,4,3
1,2,1,3,6,4,3,2,4,3,2,2,6,1,5,4,6,2,2,8,2,1,6,3,1,2,2,4,4,1,3,2,4,4,2,4,1,5,2,4,2,3,3,4,2,2,3,3,4,6,2,5,4,2,1,2,4,4,5,2,2,2,3,4,1,3,5,2,2,2,8,3,2,5,4,2,2,4,6,18,1,1,2,7,3,7,2,3,6,1,3,4,5,2,6,4,3,1,3,4,5,9,0,4,3,3,2,1,2,2,7,3,3,6,3,3,5,1,3,3,2,2,2,1,4,1,4,3
1,2,1,3,6,4,3,2,4,3,2,2,6,1,5,4,6,2,2,8,2,1,6,3,1,2,2,4,4,1,3,2,4,4,2,4,1,5,2,4,2,3,3,4,2,2,3,3,4,6,2,5,4,2,1,2,4,4,5,2,2,2,3,4,1,3,5,2,2,2,8,3,2,5,4,4,3,3,2,3,6,3,3,4,3,33,0,0,3,1,3,1,0,4,5,2,2,5,4,4,3,3,1,2,11,3,1,2,1,5,4,2,2,2,3,5,10,2,2,3,4,7,5,0,8,1,4,3
4,1,10,1,5,8,3,2,2,4,5,0,2,5,3,3,1,1,5,2,2,3,3,7,2,5,5,0,4,3,8,6,2,3,3,2,0,3,3,1,3,3,2,3,4,3,3,5,7,5,1,5,4,2,9,3,2,2,2,4,6,4,4,2,3,6,3,3,4,6,3,4,3,2,7,4,3,3,2,3,6,3,3,4,3,33,0,0,3,1,3,1,0,4,5,2,2,5,4,4,3,3,1,2,11,3,1,2,1,5,4,2,2,2,3,5,10,2,2,3,4,7,5,0,8,1,4,3
4,1,10,1,5,8,3,2,2,4,5,0,2,5,3,3,1,1,5,2,2,3,3,7,2,5,5,0,4,3,8,6,2,3,3,2,0,3,3,1,3,3,2,3,4,3,3,5,7,5,1,5,4,2,9,3,2,2,2,4,6,4,4,2,3,6,3,3,4,6,3,4,3,2,7,2,2,2,1,3,5,28,4,1,0,0,4,2,5,4,1,5,5,2,4,1,2,3,8,2,4,4,2,3,5,3,2,6,2,5,3,2,2,4,1,3,3,2,4,3,3,3,1,2,2,6,5,2
9,4,3,3,5,2,1,2,1,3,2,1,2,3,1,2,3,3,6,3,3,1,3,1,0,5,2,2,3,3,4,8,3,5,6,6,2,2,1,4,3,1,4,5,5,4,4,2,1,2,4,6,4,6,3,4,7,3,3,2,5,2,2,1,3,3,2,5,4,3,1,4,2,5,9,2,2,2,1,3,5,28,4,1,0,0,4,2,5,4,1,5,5,2,4,1,2,3,8,2,4,4,2,3,5,3,2,6,2,5,3,2,2,4,1,3,3,2,4,3,3,3,1,2,2,6,5,2
9,4,3,3,5,2,1,2,1,3,2,1,2,3,1,2,3,3,6,3,3,1,3,1,0,5,2,2,3,3,4,8,3,5,6,6,2,2,1,4,3,1,4,5,5,4,4,2,1,2,4,6,4,6,3,4,7,3,3,2,5,2,2,1,3,3,2,5,4,3,1,4,2,5,9,4,3,2,3,22,5,3,1,0,2,4,3,3,2,4,2,3,4,2,3,3,2,1,1,3,2,3,2,2,2,2,7,5,2,3,2,3,3,3,4,2,1,2,2,2,3,2,7,2,4,2,2,4
7,2,2,2,2,3,5,10,5,3,4,5,2,3,1,4,3,2,2,2,2,1,6,3,1,2,3,5,5,8,3,1,3,2,4,1,5,1,6,5,2,3,3,4,4,6,4,5,3,6,8,4,3,0,1,6,3,7,2,7,2,3,2,5,5,2,3,1,3,3,2,4,4,5,3,4,3,2,3,22,5,3,1,0,2,4,3,3,2,4,2,3,4,2,3,3,2,1,1,3,2,3,2,2,2,2,7,5,2,3,2,3,3,3,4,2,1,2,2,2,3,2,7,2,4,2,2,4
7,2,2,2,2,3,5,10,5,3,4,5,2,3,1,4,3,2,2,2,2,1,6,3,1,2,3,5,5,8,3,1,3,2,4,1,5,1,6,5,2,3,3,4,4,6,4,5,3,6,8,4,3,0,1,6,3,7,2,7,2,3,2,5,5,2,3,1,3,3,2,4,4,5,3,3,5,2,4,26,4,0,1,2,3,5,0,2,4,3,2,3,8,3,3,3,1,4,7,4,3,1,1,6,5,2,2,2,6,2,3,6,2,3,6,1,5,2,2,3,5,3,3,3,2,7,5,3
3,4,2,1,3,2,3,7,2,1,2,5,1,1,4,4,1,3,3,2,4,7,0,3,5,3,4,3,2,6,1,3,1,2,0,3,1,3,3,2,5,4,5,2,2,2,2,8,5,3,2,4,6,3,2,1,2,2,3,2,2,4,1,4,6,3,3,4,2,3,2,3,2,5,5,3,5,2,4,26,4,0,1,2,3,5,0,2,4,3,2,3,8,3,3,3,1,4,7,4,3,1,1,6,5,2,2,2,6,2,3,6,2,3,6,1,5,2,2,3,5,3,3,3,2,7,5,3
3,4,2,1,3,2,3,7,2,1,2,5,1,1,4,4,1,3,3,2,4,7,0,3,5,3,4,3,2,6,1,3,1,2,0,3,1,3,3,2,5,4,5,2,2,2,2,8,5,3,2,4,6,3,2,1,2,2,3,2,2,4,1,4,6,3,3,4,2,3,2,3,2,5,5,3,6,3,4,5,4,3,5,3,19,2,2,1,3,2,2,2,2,3,4,7,5,3,5,4,3,2,2,3,3,3,2,2,2,5,1,5,2,3,4,2,4,3,3,1,5,6,1,3,2,4,4,9
3,6,2,6,2,4,1,5,1,3,3,2,3,3,5,1,4,8,4,3,5,4,5,5,3,3,2,5,2,1,4,3,3,3,1,2,2,4,2,1,1,2,4,6,2,4,3,4,5,4,2,5,2,60,42,4,0,0,0,0,0,1,1,3,3,2,7,3,3,7,2,4,1,3,2,3,6,3,4,5,4,3,5,3,19,2,2,1,3,2,2,2,2,3,4,7,5,3,5,4,3,2,2,3,3,3,2,2,2,5,1,5,2,3,4,2,4,3,3,1,5,6,1,3,2,4,4,9
3,6,2,6,2,4,1,5,1,3,3,2,3,3,5,1,4,8,4,3,5,4,5,5,3,3,2,5,2,1,4,3,3,3,1,2,2,4,2,1,1,2,4,6,2,4,3,4,5,4,2,5,2,60,42,4,0,0,0,0,0,1,1,3,3,2,7,3,3,7,2,4,1,3,5,2,6,5,1,12,2,1,3,4,3,3,1,4,3,6,3,6,5,6,4,3,5,3,2,4,5,2,9,1,1,2,3,2,2,2,8,3,5,7,1,6,3,0,3,2,5,3,7,4,5,0,2,3
5,10,4,1,6,2,2,5,3,5,2,5,2,2,6,1,2,4,5,1,8,1,6,3,3,3,3,5,4,4,4,5,6,2,1,1,3,5,2,2,4,1,5,7,2,2,3,2,4,1,5,3,7,2,6,4,4,3,3,2,1,3,0,3,5,6,4,2,7,6,3,4,4,2,2,4,4,1,1,4,3,4,3,1,21,2,1,3,3,2,3,5,1,3,2,1,2,5,5,0,5,1,6,2,6,4,3,6,7,2,5,3,1,1,1,1,1,2,3,1,5,7,3,3,2,2,2,2
4,10,4,1,6,2,2,5,3,5,2,5,2,2,6,1,2,4,5,1,8,1,6,3,3,3,3,5,4,4,4,5,6,2,1,1,3,5,2,2,4,1,5,7,2,2,3,2,4,1,5,3,7,2,6,4,4,3,3,2,1,3,0,3,5,6,4,2,7,6,3,4,4,2,1,2,4,4,4,5,3,2,4,3,2,4,7,3,6,6,6,1,1,3,6,1,2,8,2,3,11,1,2,6,2,2,3,1,5,3,3,5,1,2,10,2,2,5,5,7,4,1,2,4,6,2,3,3
7,1,5,1,2,5,1,7,8,2,4,1,1,2,6,3,4,2,3,2,0,5,2,5,6,4,3,1,7,5,2,3,3,2,2,4,2,3,1,7,3,2,6,3,3,7,3,0,5,3,3,2,8,2,1,2,7,4,2,3,2,2,2,5,8,1,3,2,4,2,1,2,4,2,2,2,4,4,4,5,3,2,4,3,2,4,7,3,6,6,6,1,1,3,6,1,2,8,2,3,11,1,2,6,2,2,3,1,5,3,3,5,1,2,10,2,2,5,5,7,4,1,2,4,6,2,3,3
7,1,5,1,2,5,1,7,8,2,4,1,1,2,6,3,4,2,3,2,0,5,2,5,6,4,3,1,7,5,2,3,3,2,2,4,2,3,1,7,3,2,6,3,3,7,3,0,5,3,3,2,8,2,1,2,7,4,2,3,2,2,2,5,8,1,3,2,4,2,1,2,4,2,2,3,2,1,3,4,5,2,1,3,4,19,4,2,1,3,2,0,2,4,3,2,3,5,7,3,1,2,1,4,3,3,5,5,3,6,4,3,2,6,2,3,2,2,6,4,2,2,4,4,3,5,7,3
2,1,2,3,5,3,4,5,3,6,4,3,2,5,3,1,52,2,0,3,31,5,3,0,2,27,0,33,20,0,0,6,1,5,2,1,2,5,4,3,1,4,6,3,2,4,2,3,2,8,6,3,2,6,2,4,3,2,8,3,0,5,3,10,2,5,2,3,1,4,3,3,3,4,3,3,2,1,3,4,5,2,1,3,4,19,4,2,1,3,2,0,2,4,3,2,3,5,7,3,1,2,1,4,3,3,5,5,3,6,4,3,2,6,2,3,2,2,6,4,2,2,4,4,3,5,7,3
2,1,2,3,5,3,4,5,3,6,4,3,2,5,3,1,52,2,0,3,31,5,3,0,2,27,0,33,20,0,0,6,1,5,2,1,2,5,4,3,1,4,6,3,2,4,2,3,2,8,6,3,2,6,2,4,3,2,8,3,0,5,3,10,2,5,2,3,1,4,3,3,3,4,4,3,1,7,1,9,6,3,3,2,4,1,2,6,3,6,0,2,4,3,9,4,4,2,4,7,1,2,3,2,9,4,4,0,1,1,1,3,3,2,12,1,4,6,2,4,2,3,4,2,2,2,2,3
4,4,3,3,2,2,4,3,5,4,2,7,10,3,2,2,2,2,43,4,0,31,19,0,1,2,2,3,3,4,3,4,2,1,2,1,5,2,4,1,4,3,3,1,3,4,1,4,6,1,4,1,5,4,5,6,1,2,1,4,3,2,3,4,3,4,2,6,3,1,4,4,2,5,9,3,1,7,1,9,6,3,3,2,4,1,2,6,3,6,0,2,4,3,9,4,4,2,4,7,1,2,3,2,9,4,4,0,1,1,1,3,3,2,12,1,4,6,2,4,2,3,4,2,2,2,2,3
4,4,3,3,2,2,4,3,5,4,2,7,10,3,2,2,2,2,43,4,0,31,19,0,1,2,2,3,3,4,3,4,2,1,2,1,5,2,4,1,4,3,3,1,3,4,1,4,6,1,4,1,5,4,5,6,1,2,1,4,3,2,3,4,3,4,2,6,3,1,4,4,2,5,9,5,2,4,7,2,2,5,1,3,2,3,2,5,3,2,1,2,33,0,2,2,3,2,1,2,3,1,7,6,1,7,4,4,7,1,1,3,3,3,1,2,2,5,4,2,3,1,1,5,1,4,1,5
2,2,1,2,4,6,7,39,3,0,1,1,2,3,43,17,0,0,3,0,5,5,3,1,2,4,4,3,5,7,2,2,1,2,7,3,4,4,4,2,5,1,2,4,3,7,2,3,1,4,4,2,2,2,1,3,4,5,3,2,5,4,3,3,5,1,2,2,5,2,2,7,1,1,6,5,2,4,7,2,2,5,1,3,2,3,2,5,3,2,1,2,33,0,2,2,3,2,1,2,3,1,7,6,1,7,4,4,7,1,1,3,3,3,1,2,2,5,4,2,3,1,1,5,1,4,1,5
1,2,1,2,4,6,7,39,3,0,1,1,2,3,43,17,0,0,3,0,5,5,3,1,2,4,4,3,5,7,2,2,1,2,7,3,4,4,4,2,5,1,2,4,3,7,2,3,1,4,4,2,2,2,1,3,4,5,3,2,5,4,3,3,5,1,2,2,5,2,2,7,1,1,6,2,5,5,4,4,3,3,2,4,6,3,4,2,3,5,2,1,31,0,0,0,2,2,3,2,4,5,5,6,4,3,2,1,3,2,1,3,2,3,0,2,2,9,4,3,3,1,1,6,6,2,3,3
3,5,1,1,5,4,3,6,3,1,4,2,2,3,3,40,16,2,0,5,4,1,3,3,2,2,2,11,3,1,2,4,4,2,3,1,3,2,2,3,4,1,4,4,7,5,0,3,1,3,4,4,4,2,3,4,2,4,6,5,6,7,4,7,3,2,2,5,11,5,2,2,4,2,1,2,5,5,4,4,3,3,2,4,6,3,4,2,3,5,2,1,31,0,0,0,2,2,3,2,4,5,5,6,4,3,2,1,3,2,1,3,2,3,0,2,2,9,4,3,3,1,1,6,6,2,3,3
3,5,1,1,5,4,3,6,3,1,4,2,2,3,3,40,16,2,0,5,4,1,3,3,2,2,2,11,3,1,2,4,4,2,3,1,3,2,2,3,4,1,4,4,7,5,0,3,1,3,4,4,4,2,3,4,2,4,6,5,6,7,4,7,3,2,2,5,11,5,2,2,4,2,1,6,2,3,7,2,3,2,3,2,22,1,0,1,3,0,4,3,2,5,7,4,3,1,0,4,4,5,5,1,3,1,3,4,4,3,2,7,6,3,6,2,6,5,2,1,2,2,3,2,1,2,8,3
3,1,12,3,1,3,4,5,3,3,3,2,2,3,2,3,3,8,2,1,2,3,2,0,2,3,3,8,3,3,8,6,1,3,4,4,5,3,4,4,5,1,2,2,2,2,2,8,5,5,4,2,5,5,2,3,3,3,2,5,3,1,1,4,5,7,3,5,2,4,4,4,1,4,5,6,2,3,7,2,3,2,3,2,22,1,0,1,3,0,4,3,2,5,7,4,3,1,0,4,4,5,5,1,3,1,3,4,4,3,2,7,6,3,6,2,6,5,2,1,2,2,3,2,1,2,8,3
3,1,12,3,1,3,4,5,3,3,3,2,2,3,2,3,3,8,2,1,2,3,2,0,2,3,3,8,3,3,8,6,1,3,4,4,5,3,4,4,5,1,2,2,2,2,2,8,5,5,4,2,5,5,2,3,3,3,2,5,3,1,1,4,5,7,3,5,2,4,4,4,1,4,5,4,1,3,3,1,4,3,3,1,4,1,2,1,3,0,3,2,0,2,15,15,2,4,6,7,5,2,1,2,3,3,2,2,2,6,10,2,9,0,10,1,1,1,2,2,2,5,2,4,1,2,0,3
1,4,3,3,3,1,2,6,0,3,4,5,1,2,3,3,2,4,2,3,2,6,1,2,3,6,3,16,4,3,1,0,3,3,5,2,2,6,4,1,3,0,6,3,2,4,1,3,6,2,2,3,5,3,3,4,4,3,4,2,5,2,1,3,3,3,3,3,5,2,5,2,4,3,7,4,1,3,3,1,4,3,3,1,4,1,2,1,3,0,3,2,0,2,15,15,2,4,6,7,5,2,1,2,3,3,2,2,2,6,10,2,9,0,10,1,1,1,2,2,2,5,2,4,1,2,0,3
2,4,3,3,3,1,2,6,0,3,4,5,1,2,3,3,2,4,2,3,2,6,1,2,3,6,3,16,4,3,1,0,3,3,5,2,2,6,4,1,3,0,6,3,2,4,1,3,6,2,2,3,5,3,3,4,4,3,4,2,5,2,1,3,3,3,3,3,5,2,5,2,4,3,7,1,1,1,2,4,4,4,7,5,4,27,3,0,1,8,4,3,1,4,6,2,3,0,4,9,4,2,3,1,7,6,3,4,2,2,4,3,3,3,2,1,4,3,4,3,2,1,2,3,5,2,1,1
3,1,3,7,2,1,6,5,3,3,3,4,2,3,5,2,4,3,3,4,2,3,2,3,4,6,3,2,8,5,2,2,3,3,3,0,3,3,2,4,3,1,3,6,2,3,1,2,4,4,7,7,3,4,4,5,0,5,4,0,2,5,1,4,6,2,4,5,3,3,2,4,2,3,1,1,1,1,2,4,4,4,7,5,4,27,3,0,1,8,4,3,1,4,6,2,3,0,4,9,4,2,3,1,7,6,3,4,2,2,4,3,3,3,2,1,4,3,4,3,2,1,2,3,5,2,1,1
3,1,3,7,2,1,6,5,3,3,3,4,2,3,5,2,4,3,3,4,2,3,2,3,4,6,3,2,8,5,2,2,3,3,3,0,3,3,2,4,3,1,3,6,2,3,1,2,4,4,7,7,3,4,4,5,0,5,4,0,2,5,1,4,6,2,4,5,3,3,2,4,2,3,1,3,1,8,1,3,2,4,5,29,3,0,1,1,1,5,4,3,1,2,2,5,2,2,5,1,2,4,1,5,4,2,4,5,2,3,2,4,1,3,4,3,3,3,2,3,2,6,2,3,4,3,1,3
14,2,0,3,2,1,3,2,3,6,1,3,2,2,2,3,3,6,5,2,2,1,3,33,0,0,2,5,2,3,2,2,3,18,4,3,3,1,1,6,2,2,5,6,3,1,4,2,3,4,4,3,2,1,4,2,2,3,4,4,4,7,3,3,3,1,1,4,1,2,7,2,7,7,1,3,1,8,1,3,2,4,5,29,3,0,1,1,1,5,4,3,1,2,2,5,2,2,5,1,2,4,1,5,4,2,4,5,2,3,2,4,1,3,4,3,3,3,2,3,2,6,2,3,4,3,1,3
14,2,0,3,2,1,3,2,3,6,1,3,2,2,2,3,3,6,5,2,2,1,3,33,0,0,2,5,2,3,2,2,3,18,4,3,3,1,1,6,2,2,5,6,3,1,4,2,3,4,4,3,2,1,4,2,2,3,4,4,4,7,3,3,3,1,1,4,1,2,7,2,7,7,3,5,3,3,4,3,2,6,0,3,20,1,2,5,1,3,2,3,7,2,3,2,2,3,1,4,2,3,2,7,3,2,2,4,1,3,1,2,3,2,2,1,3,1,5,48,2,0,3,0,5,1,1,3
0,8,4,1,3,3,5,4,1,4,2,1,3,1,5,2,3,4,2,5,4,3,3,7,1,6,3,2,2,5,1,4,1,2,2,5,3,3,2,1,5,3,2,4,4,2,4,1,6,1,4,2,1,3,1,3,5,3,1,4,4,5,2,4,3,2,2,8,4,1,3,3,6,9,3,5,3,3,4,3,2,6,0,3,20,1,2,5,1,3,2,3,7,2,3,2,2,3,1,4,2,3,2,7,3,2,2,4,1,3,1,2,3,2,2,1,3,1,5,48,2,0,3,0,5,1,1,3
3,8,4,1,3,3,5,4,1,4,2,1,3,1,5,2,3,4,2,5,4,3,3,7,1,6,3,2,2,5,1,4,1,2,2,5,3,3,2,1,5,3,2,4,4,2,4,1,6,1,4,2,1,3,1,3,5,3,1,4,4,5,2,4,3,2,2,8,4,1,3,3,6,9,3,3,2,4,2,2,6,19,0,2,2,4,2,5,8,4,4,3,4,3,4,2,2,2,3,2,4,6,4,4,2,5,0,1,5,1,6,4,5,2,5,3,1,2,3,2,3,1,2,4,4,5,3,3
3,2,3,1,3,2,3,5,1,4,3,6,3,5,5,3,2,2,4,4,11,4,3,6,1,3,2,2,1,8,2,2,3,5,6,5,6,1,1,2,3,5,3,2,3,3,5,3,0,4,4,2,1,2,7,5,2,6,3,3,6,10,3,5,4,0,2,6,6,2,3,3,2,1,0,3,2,4,2,2,6,19,0,2,2,4,2,5,8,4,4,3,4,3,4,2,2,2,3,2,4,6,4,4,2,5,0,1,5,1,6,4,5,2,5,3,1,2,3,2,3,1,2,4,4,5,3,3
3,2,3,1,3,2,3,5,1,4,3,6,3,5,5,3,2,2,4,4,11,4,3,6,1,3,2,2,1,8,2,2,3,5,6,5,6,1,1,2,3,5,3,2,3,3,5,3,0,4,4,2,1,2,7,5,2,6,3,3,6,10,3,5,4,0,2,6,6,2,3,3,2,1,0,1,2,5,5,19,11,0,3,3,1,2,2,3,6,6,5,3,6,1,2,5,2,1,2,4,3,2,4,2,5,4,1,2,8,4,1,6,4,0,4,4,2,4,8,10,3,1,2,3,2,0,6,1
3,6,3,3,3,3,2,3,3,0,5,5,3,3,10,3,2,1,2,2,4,2,4,2,2,4,4,2,2,2,2,5,3,0,6,1,4,5,5,3,7,2,2,1,9,6,1,6,3,5,2,2,1,11,1,3,4,1,4,1,2,2,7,5,0,3,3,0,5,3,2,2,3,2,5,1,2,5,5,19,11,0,3,3,1,2,2,3,6,6,5,3,6,1,2,5,2,1,2,4,3,2,4,2,5,4,1,2,8,4,1,6,4,0,4,4,2,4,8,10,3,1,2,3,2,0,6,1
0,6,3,3,3,3,2,3,3,0,5,5,3,3,10,3,2,1,2,2,4,2,4,2,2,4,4,2,2,2,2,5,3,0,6,1,4,5,5,3,7,2,2,1,9,6,1,6,3,5,2,2,1,11,1,3,4,1,4,1,2,2,7,5,0,3,3,0,5,3,2,2,3,2,5,2,3,6,18,2,3,2,1,6,3,1,2,2,3,2,6,1,0,2,4,2,2,1,2,4,4,1,3,5,4,3,3,4,2,5,1,1,2,4,1,2,5,4,6,4,1,3,1,4,5,2,1,3
2,2,3,3,2,2,4,1,1,0,2,3,4,2,4,2,3,7,9,1,3,6,1,1,3,2,3,1,3,1,7,9,2,3,2,1,3,4,2,6,5,3,2,2,3,3,4,3,2,1,3,4,2,2,3,3,3,8,1,6,5,2,3,5,8,4,2,3,2,4,5,1,5,5,4,2,3,6,18,2,3,2,1,6,3,1,2,2,3,2,6,1,0,2,4,2,2,1,2,4,4,1,3,5,4,3,3,4,2,5,1,1,2,4,1,2,5,4,6,4,1,3,1,4,5,2,1,3
2,2,3,3,2,2,4,1,1,0,2,3,4,2,4,2,3,7,9,1,3,6,1,1,3,2,3,1,3,1,7,9,2,3,2,1,3,4,2,6,5,3,2,2,3,3,4,3,2,1,3,4,2,2,3,3,3,8,1,6,5,2,3,5,8,4,2,3,2,4,5,1,5,5,4,3,2,2,2,1,16,1,4,0,3,4,4,3,4,3,2,5,3,1,2,5,1,2,1,3,3,1,3,2,2,1,4,4,8,2,10,0,3,2,3,3,4,4,4,3,0,2,5,6,4,3,1,5
4,4,1,3,3,3,5,4,3,3,4,2,5,10,3,5,6,2,2,1,3,3,5,1,5,0,9,3,5,4,8,1,5,2,3,4,4,1,6,3,3,2,5,4,5,4,4,1,3,4,3,3,11,2,3,6,4,7,4,4,7,4,3,2,5,2,4,2,5,4,0,4,2,1,4,3,2,2,2,1,16,1,4,0,3,4,4,3,4,3,2,5,3,1,2,5,1,2,1,3,3,1,3,2,2,1,4,4,8,2,10,0,3,2,3,3,4,4,4,3,0,2,5,6,4,3,1,5
4,4,1,3,3,3,5,4,3,3,4,2,5,10,3,5,6,2,2,1,3,3,5,1,5,0,9,3,5,4,8,1,5,2,3,4,4,1,6,3,3,2,5,4,5,4,4,1,3,4,3,3,11,2,3,6,4,7,4,4,7,4,3,2,5,2,4,2,5,4,0,4,2,1,4,4,3,1,5,2,9,1,5,2,1,1,5,3,1,3,2,3,2,2,7,2,5,1,2,4,4,2,4,1,3,5,3,5,7,2,0,2,1,4,1,1,2,1,4,3,2,4,3,4,2,3,1,3
5,5,2,4,4,2,2,2,1,3,6,3,3,4,3,2,2,4,3,1,6,4,2,1,5,1,2,3,3,3,4,5,8,2,4,8,2,3,3,0,6,8,4,2,3,3,7,5,1,5,5,2,1,4,2,1,1,2,3,7,7,4,3,1,5,1,2,3,3,3,5,3,3,4,4,4,3,1,5,2,9,1,5,2,1,1,5,3,1,3,2,3,2,2,7,2,5,1,2,4,4,2,4,1,3,5,3,5,7,2,0,2,1,4,1,1,2,1,4,3,2,4,3,4,2,3,1,3
5,5,2,4,4,2,2,2,1,3,6,3,3,4,3,2,2,4,3,1,6,4,2,1,5,1,2,3,3,3,4,5,8,2,4,8,2,3,3,0,6,8,4,2,3,3,7,5,1,5,5,2,1,4,2,1,1,2,3,7,7,4,3,1,5,1,2,3,3,3,5,3,3,4,2,4,1,1,1,1,6,4,3,6,2,5,24,0,1,3,4,1,4,5,2,3,4,1,5,7,2,5,5,3,1,4,5,2,1,4,3,4,3,1,4,3,7,5,1,4,2,5,4,6,1,2,2,3
3,4,3,2,2,2,2,3,5,3,3,2,2,3,2,4,3,2,5,3,2,0,4,2,3,4,5,5,6,2,3,2,2,2,4,0,6,3,6,3,5,2,2,1,4,3,4,1,3,1,4,6,3,2,2,3,3,4,3,1,4,3,5,2,4,6,1,2,1,3,2,2,2,3,1,5,1,1,1,1,6,4,3,6,2,5,24,0,1,3,4,1,4,5,2,3,4,1,5,7,2,5,5,3,1,4,5,2,1,4,3,4,3,1,4,3,7,5,1,4,2,5,4,6,1,2,2,3
3,4,3,2,2,2,2,3,5,3,3,2,2,3,2,4,3,2,5,3,2,0,4,2,3,4,5,5,6,2,3,2,2,2,4,0,6,3,6,3,5,2,2,1,4,3,4,1,3,1,4,6,3,2,2,3,3,4,3,1,4,3,5,2,4,6,1,2,1,3,2,2,2,3,1,5,6,2,5,4,4,21,1,1,5,2,2,3,1,3,4,4,4,2,4,3,5,2,4,4,6,0,2,1,4,4,5,4,2,2,4,1,5,3,2,4,3,1,3,5,6,3,4,1,6,2,1,6
3,5,1,7,1,1,3,6,1,6,3,0,5,5,3,2,3,2,4,2,5,1,1,2,7,2,1,5,5,3,4,2,4,3,3,5,1,2,5,1,1,6,6,4,0,1,1,2,3,2,4,2,1,3,4,5,3,8,1,5,3,1,7,2,3,3,3,1,1,2,4,2,2,5,3,5,6,2,5,4,4,21,1,1,5,2,2,3,1,3,4,4,4,2,4,3,5,2,4,4,6,0,2,1,4,4,5,4,2,2,4,1,5,3,2,4,3,1,3,5,6,3,4,1,6,2,1,6
3,5,1,7,1,1,3,6,1,6,3,0,5,5,3,2,3,2,4,2,5,1,1,2,7,2,1,5,5,3,4,2,4,3,3,5,1,2,5,1,1,6,6,4,0,1,1,2,3,2,4,2,1,3,4,5,3,8,1,5,3,1,7,2,3,3,3,1,1,2,4,2,2,5,3,6,2,2,2,4,3,4,2,2,4,1,5,2,5,3,5,6,1,0,2,2,2,3,2,1,3,3,1,6,2,7,3,2,3,2,1,7,5,5,5,3,4,2,0,5,1,3,6,3,0,3,2,2
2,3,2,7,3,3,3,1,8,2,5,3,4,3,5,1,2,3,3,1,2,4,3,3,5,4,2,3,2,2,2,3,1,3,5,1,5,1,5,2,4,3,2,5,2,4,2,4,2,5,2,2,4,4,5,2,3,2,2,2,2,5,2,3,2,3,4,2,1,3,4,4,3,6,6,6,2,2,2,4,3,4,2,2,4,1,5,2,5,3,5,6,1,0,2,2,2,3,2,1,3,3,1,6,2,7,3,2,3,2,1,7,5,5,5,3,4,2,0,5,1,3,6,3,0,3,2,2
2,3,2,7,3,3,3,1,8,2,5,3,4,3,5,1,2,3,3,1,2,4,3,3,5,4,2,3,2,2,2,3,1,3,5,1,5,1,5,2,4,3,2,5,2,4,2,4,2,5,2,2,4,4,5,2,3,2,2,2,2,5,2,3,2,3,4,2,1,3,4,4,3,6,6,3,3,3,3,4,5,2,5,6,3,6,2,0,4,2,1,3,3,2,2,2,3,3,3,2,2,5,3,5,2,3,3,1,9,2,3,5,1,3,7,2,3,6,1,10,3,2,3,4,1,3,1,2
2,4,3,4,3,1,6,2,5,2,6,3,5,3,4,4,3,2,2,4,4,2,6,2,1,1,5,6,2,3,5,1,2,2,2,2,8,2,4,5,6,1,1,3,3,6,6,3,4,3,4,2,2,5,2,3,7,6,2,1,2,6,1,4,2,3,6,4,8,5,1,4,7,3,5,3,3,3,3,4,5,2,5,6,3,6,2,0,4,2,1,3,3,2,2,2,3,3,3,2,2,5,3,5,2,3,3,1,9,2,3,5,1,3,7,2,3,6,1,10,3,2,3,4,1,3,1,2
2,4,3,4,3,1,6,2,5,2,6,3,5,3,4,4,3,2,2,4,4,2,6,2,1,1,5,6,2,3,5,1,2,2,2,2,8,2,4,5,6,1,1,3,3,6,6,3,4,3,4,2,2,5,2,3,7,6,2,1,2,6,1,4,2,3,6,4,8,5,1,4,7,3,5,4,2,3,2,3,3,20,4,2,1,3,4,6,2,2,5,1,10,4,7,5,5,2,4,7,2,3,3,2,2,2,1,2,1,2,2,3,1,6,1,4,5,2,1,4,3,2,3,3,6,3,2,3
4,4,4,1,5,5,8,3,5,3,3,9,2,4,2,0,2,5,3,5,3,3,2,2,7,3,4,2,3,1,3,2,2,3,3,4,1,2,3,2,4,2,2,3,5,4,6,3,4,3,4,3,2,3,4,3,4,5,2,2,4,4,0,4,1,1,2,5,4,3,2,6,4,3,3,4,2,3,2,3,3,20,4,2,1,3,4,6,2,2,5,1,10,4,7,5,5,2,4,7,2,3,3,2,2,2,1,2,1,2,2,3,1,6,1,4,5,2,1,4,3,2,3,3,6,3,2,3
4,4,4,1,5,5,8,3,5,3,3,9,2,4,2,0,2,5,3,5,3,3,2,2,7,3,4,2,3,1,3,2,2,3,3,4,1,2,3,2,4,2,2,3,5,4,6,3,4,3,4,3,2,3,4,3,4,5,2,2,4,4,0,4,1,1,2,5,4,3,2,6,4,3,3,3,2,4,2,1,1,23,2,3,2,4,2,3,1,3,8,3,3,1,7,5,3,1,0,6,0,3,1,2,2,2,2,2,5,2,2,5,1,3,5,4,2,1,7,3,3,2,6,3,2,1,3,4
1,0,1,3,1,3,4,3,3,6,3,1,4,7,6,3,6,6,1,4,0,0,2,3,5,3,3,2,4,4,2,4,2,3,2,2,4,2,3,3,4,8,2,2,0,3,4,1,2,6,3,10,3,4,3,7,2,2,5,0,2,8,2,2,3,1,4,1,3,4,1,2,3,2,3,3,2,4,2,1,1,23,2,3,2,4,2,3,1,3,8,3,3,1,7,5,3,1,0,6,0,3,1,2,2,2,2,2,5,2,2,5,1,3,5,4,2,1,7,3,3,2,6,3,2,1,3,4
3,0,1,3,1,3,4,3,3,6,3,1,4,7,6,3,6,6,1,4,0,0,2,3,5,3,3,2,4,4,2,4,2,3,2,2,4,2,3,3,4,8,2,2,0,3,4,1,2,6,3,10,3,4,3,7,2,2,5,0,2,8,2,2,3,1,4,1,3,4,1,2,3,2,3,4,2,3,5,2,23,5,3,1,4,3,3,2,4,4,1,4,4,2,5,4,4,1,2,3,1,4,5,4,1,5,4,4,2,3,4,4,6,6,3,1,3,3,4,2,3,2,6,6,1,3,6,1
4,1,4,4,3,1,1,1,1,5,3,3,3,3,2,5,6,9,1,3,1,8,4,5,2,6,8,3,6,6,1,3,7,2,6,4,3,1,4,5,3,6,5,6,2,2,3,7,7,2,2,1,1,2,3,2,6,3,6,8,2,3,4,1,8,1,5,0,7,2,2,7,3,4,4,4,2,3,5,2,23,5,3,1,4,3,3,2,4,4,1,4,4,2,5,4,4,1,2,3,1,4,5,4,1,5,4,4,2,3,4,4,6,6,3,1,3,3,4,2,3,2,6,6,1,3,6,1
4,1,4,4,3,1,1,1,1,5,3,3,3,3,2,5,6,9,1,3,1,8,4,5,2,6,8,3,6,6,1,3,7,2,6,4,3,1,4,5,3,6,5,6,2,2,3,7,7,2,2,1,1,2,3,2,6,3,6,8,2,3,4,1,8,1,5,0,7,2,2,7,3,4,4,7,2,5,0,37,30,0,2,0,5,2,2,5,2,2,6,11,4,2,4,2,1,4,6,4,4,2,1,4,3,6,2,1,5,5,4,3,5,5,2,1,2,3,4,4,2,2,3,3,3,2,6,2
3,1,6,3,1,1,2,1,3,4,2,3,2,1,2,4,5,1,1,7,5,4,6,3,10,2,3,3,3,1,5,3,3,7,2,1,4,1,5,1,3,3,6,6,5,3,1,3,7,3,3,4,2,1,5,3,5,5,2,2,2,2,3,6,10,5,12,4,2,1,3,3,2,2,2,7,2,5,0,37,30,0,2,0,5,2,2,5,2,2,6,11,4,2,4,2,1,4,6,4,4,2,1,4,3,6,2,1,5,5,4,3,5,5,2,1,2,3,4,4,2,2,3,3,3,2,6,2
3,1,6,3,1,1,2,1,3,4,2,3,2,1,2,4,5,1,1,7,5,4,6,3,10,2,3,3,3,1,5,3,3,7,2,1,4,1,5,1,3,3,6,6,5,3,1,3,7,3,3,4,2,1,5,3,5,5,2,2,2,2,3,6,10,5,12,4,2,1,3,3,2,2,2,7,1,5,4,4,5,5,25,14,2,0,7,1,3,5,6,1,1,3,5,3,2,1,5,4,1,3,4,2,2,4,5,2,1,0,4,6,5,3,4,2,1,3,4,3,1,2,4,3,3,1,3,6
4,2,6,5,6,6,3,6,4,2,3,3,3,5,2,1,2,8,51,25,0,2,0,5,3,5,3,2,2,1,3,4,1,4,2,2,1,3,2,6,2,8,4,4,2,6,2,3,2,4,0,2,7,4,3,3,2,1,2,5,5,20,14,5,2,0,5,0,6,2,5,3,2,4,1,7,1,5,4,4,5,5,25,14,2,0,7,1,3,5,6,1,1,3,5,3,2,1,5,4,1,3,4,2,2,4,5,2,1,0,4,6,5,3,4,2,1,3,4,3,1,2,4,3,3,1,3,6
4,2,6,5,6,6,3,6,4,2,3,3,3,5,2,1,2,8,51,25,0,2,0,5,3,5,3,2,2,1,3,4,1,4,2,2,1,3,2,6,2,8,4,4,2,6,2,3,2,4,0,2,7,4,3,3,2,1,2,5,5,20,14,5,2,0,5,0,6,2,5,3,2,4,1,2,2,2,4,5,5,24,2,0,1,2,4,4,3,3,5,4,4,4,7,5,3,2,3,5,2,3,3,5,2,5,3,2,2,2,5,3,2,4,1,5,2,3,1,2,4,3,2,2,3,2,4,4
2,4,5,2,4,11,0,6,5,3,2,2,4,4,5,1,1,1,2,3,2,6,3,4,4,3,4,9,2,6,7,9,2,5,8,3,5,5,1,0,1,3,1,6,1,6,2,3,1,1,5,3,1,3,3,3,2,3,3,5,3,8,4,5,5,1,7,4,3,7,3,3,3,2,4,2,2,2,4,5,5,24,2,0,1,2,4,4,3,3,5,4,4,4,7,5,3,2,3,5,2,3,3,5,2,5,3,2,2,2,5,3,2,4,1,5,2,3,1,2,4,3,2,2,3,2,4,4
2,4,5,2,4,11,0,6,5,3,2,2,4,4,5,1,1,1,2,3,2,6,3,4,4,3,4,9,2,6,7,9,2,5,8,3,5,5,1,0,1,3,1,6,1,6,2,3,1,1,5,3,1,3,3,3,2,3,3,5,3,8,4,5,5,1,7,4,3,7,3,3,3,2,4,2,3,3,3,18,3,1,1,3,4,1,5,6,5,3,4,2,4,2,4,5,5,3,5,3,1,1,3,4,1,1,6,5,4,5,1,2,3,1,3,2,2,3,5,1,3,4,3,8,1,3,7,4
4,1,5,7,7,2,4,2,2,6,1,3,4,4,3,3,3,2,7,0,5,3,5,4,2,3,3,4,4,3,4,1,2,5,5,6,3,7,7,4,1,2,4,6,4,2,11,2,3,2,3,2,3,3,5,5,2,7,2,6,4,4,3,3,2,3,5,3,3,2,1,2,5,9,1,2,3,3,3,18,3,1,1,3,4,1,5,6,5,3,4,2,4,2,4,5,5,3,5,3,1,1,3,4,1,1,6,5,4,5,1,2,3,1,3,2,2,3,5,1,3,4,3,8,1,3,7,4
4,1,5,7,7,2,4,2,2,6,1,3,4,4,3,3,3,2,7,0,5,3,5,4,2,3,3,4,4,3,4,1,2,5,5,6,3,7,7,4,1,2,4,6,4,2,11,2,3,2,3,2,3,3,5,5,2,7,2,6,4,4,3,3,2,3,5,3,3,2,1,2,5,9,1,2,2,4,2,1,1,3,4,27,25,3,0,2,2,1,2,3,4,1,4,7,3,4,7,2,5,7,6,2,3,3,8,7,5,4,2,2,3,4,5,2,4,2,3,1,2,8,3,4,1,1,6,5
7,6,2,2,2,2,4,2,1,2,6,9,4,8,0,2,45,12,1,1,0,1,3,2,4,3,1,1,3,4,5,7,2,3,1,2,4,7,2,1,3,3,10,3,1,4,3,1,5,5,3,3,3,3,2,3,3,3,4,8,6,4,2,5,4,1,4,4,2,3,3,5,4,6,3,2,2,4,2,1,1,3,4,27,25,3,0,2,2,1,2,3,4,1,4,7,3,4,7,2,5,7,6,2,3,3,8,7,5,4,2,2,3,4,5,2,4,2,3,1,2,8,3,4,1,1,6,5
7,6,2,2,2,2,4,2,1,2,6,9,4,8,0,2,45,12,1,1,0,1,3,2,4,3,1,1,3,4,5,7,2,3,1,2,4,7,2,1,3,3,10,3,1,4,3,1,5,5,3,3,3,3,2,3,3,3,4,8,6,4,2,5,4,1,4,4,2,3,3,5,4,6,3,3,3,3,5,4,3,5,28,2,1,3,4,2,4,2,3,2,2,3,4,3,2,5,4,4,3,6,6,0,3,2,3,2,3,1,9,7,3,2,4,4,4,4,5,5,2,3,5,2,2,6,3,2
2,1,4,5,2,6,4,4,3,1,3,2,4,3,2,1,2,2,2,3,7,0,6,5,3,4,3,4,7,0,3,3,1,6,5,0,2,2,4,2,5,5,4,3,2,3,4,4,8,1,1,1,5,2,1,4,1,6,1,3,0,5,1,5,1,4,1,3,4,1,2,8,1,3,3,3,3,3,5,4,3,5,28,2,1,3,4,2,4,2,3,2,2,3,4,3,2,5,4,4,3,6,6,0,3,2,3,2,3,1,9,7,3,2,4,4,4,4,5,5,2,3,5,2,2,6,3,2
2,1,4,5,2,6,4,4,3,1,3,2,4,3,2,1,2,2,2,3,7,0,6,5,3,4,3,4,7,0,3,3,1,6,5,0,2,2,4,2,5,5,4,3,2,3,4,4,8,1,1,1,5,2,1,4,1,6,1,3,0,5,1,5,1,4,1,3,4,1,2,8,1,3,3,2,4,3,2,3,4,2,28,4,0,3,2,1,2,1,4,5,3,2,2,1,3,6,1,3,1,6,2,1,1,2,3,3,3,8,7,4,3,4,66,22,0,1,1,5,0,0,1,4,2,3,4,4
2,2,3,3,1,5,9,3,4,3,3,2,9,5,6,8,0,7,6,5,5,3,2,2,5,2,2,2,3,5,2,5,1,3,6,7,2,3,8,3,4,5,2,2,4,5,3,0,2,3,5,5,1,2,28,0,4,1,3,5,2,3,4,3,1,2,2,1,0,4,19,0,0,3,3,2,4,3,2,3,4,2,28,4,0,3,2,1,2,1,4,5,3,2,2,1,3,6,1,3,1,6,2,1,1,2,3,3,3,8,7,4,3,4,66,22,0,1,1,5,0,0,1,4,2,3,4,4
2,2,3,3,1,5,9,3,4,3,3,2,9,5,6,8,0,7,6,5,5,3,2,2,5,2,2,2,3,5,2,5,1,3,6,7,2,3,8,3,4,5,2,2,4,5,3,0,2,3,5,5,1,2,28,0,4,1,3,5,2,3,4,3,1,2,2,1,0,4,19,0,0,3,4,2,2,1,2,3,6,3,1,4,3,19,3,8,2,1,2,3,4,1,2,2,4,2,2,1,6,4,9,3,3,3,4,3,6,2,2,2,6,1,7,3,3,1,4,63,3,0,0,0,0,4,3,4
3,7,4,5,2,2,3,2,2,2,5,6,3,2,1,1,1,5,3,2,5,2,9,1,3,1,5,5,2,2,3,2,3,4,5,5,0,2,2,4,6,6,2,6,6,6,3,3,3,1,7,2,4,1,4,71,0,0,1,0,2,5,3,2,1,1,2,4,3,2,6,9,3,2,2,3,3,2,5,29,5,1,5,0,2,2,1,4,3,1,2,3,1,3,6,1,3,2,4,3,2,2,3,1,2,3,2,6,6,2,4,4,3,6,2,5,1,3,3,2,3,2,8,4,2,54,4,1
3,7,4,5,2,2,3,2,2,2,5,6,3,2,1,1,1,5,3,2,5,2,9,1,3,1,5,5,2,2,3,2,3,4,5,5,0,2,2,4,6,6,2,6,6,6,3,3,3,1,7,2,4,1,4,71,0,0,1,0,2,5,3,2,1,1,2,4,3,2,6,9,3,2,7,3,2,5,2,4,2,3,3,1,2,12,7,2,2,2,4,5,2,2,3,3,2,5,4,4,2,5,3,4,3,4,4,2,4,1,5,3,3,5,4,4,5,6,1,6,2,3,5,4,6,3,1,4
6,22,3,0,2,2,3,5,0,3,2,6,2,3,4,2,1,7,7,4,2,3,2,3,5,5,5,0,3,2,3,1,6,4,6,1,3,2,5,1,6,3,2,3,2,6,3,6,3,9,6,2,4,7,5,13,4,1,0,6,3,7,22,0,43,28,0,1,3,0,6,1,4,5,7,3,2,5,2,4,2,3,3,1,2,12,7,2,2,2,4,5,2,2,3,3,2,5,4,4,2,5,3,4,3,4,4,2,4,1,5,3,3,5,4,4,5,6,1,6,2,3,5,4,6,3,1,4
6,22,3,0,2,2,3,5,0,3,2,6,2,3,4,2,1,7,7,4,2,3,2,3,5,5,5,0,3,2,3,1,6,4,6,1,3,2,5,1,6,3,2,3,2,6,3,6,3,9,6,2,4,7,5,13,4,1,0,6,3,7,22,0,43,28,0,1,3,0,6,1,4,5,2,7,3,1,1,2,1,4,14,0,5,1,2,4,4,4,6,2,5,1,5,7,3,3,2,4,8,3,5,4,1,2,5,4,2,7,1,1,3,2,3,5,3,1,2,3,4,1,2,1,2,4,6,1
6,3,6,3,3,1,3,2,3,1,6,2,1,5,0,5,4,3,4,7,2,4,3,1,1,3,4,3,3,5,3,3,5,4,4,5,6,6,3,4,5,3,2,2,1,6,6,8,2,2,5,2,2,4,4,1,6,2,6,2,4,6,2,1,2,4,3,2,4,1,1,4,1,6,5,7,3,1,1,2,1,4,14,0,5,1,2,4,4,4,6,2,5,1,5,7,3,3,2,4,8,3,5,4,1,2,5,4,2,7,1,1,3,2,3,5,3,1,2,3,4,1,2,1,2,4,6,1
6,3,6,3,3,1,3,2,3,1,6,2,1,5,0,5,4,3,4,7,2,4,3,1,1,3,4,3,3,5,3,3,5,4,4,5,6,6,3,4,5,3,2,2,1,6,6,8,2,2,5,2,2,4,4,1,6,2,6,2,4,6,2,1,2,4,3,2,4,1,1,4,1,6,5,4,2,5,4,7,20,4,4,5,3,7,0,1,1,2,3,3,2,6,5,1,3,2,2,3,3,4,2,1,6,6,4,2,5,3,2,1,5,7,3,4,2,1,3,1,6,3,3,4,1,2,5,9
0,2,4,2,1,5,2,3,4,2,7,5,4,3,6,6,4,3,2,2,3,1,1,5,2,5,5,3,2,3,5,4,0,3,2,2,2,6,3,2,6,4,5,1,5,2,2,3,1,2,4,4,4,5,3,7,1,1,10,2,3,2,2,3,3,2,5,7,2,4,3,5,3,3,3,4,2,5,4,7,20,4,4,5,3,7,0,1,1,2,3,3,2,6,5,1,3,2,2,3,3,4,2,1,6,6,4,2,5,3,2,1,5,7,3,4,2,1,3,1,6,3,3,4,1,2,5,9
1,2,4,2,1,5,2,3,4,2,7,5,4,3,6,6,4,3,2,2,3,1,1,5,2,5,5,3,2,3,5,4,0,3,2,2,2,6,3,2,6,4,5,1,5,2,2,3,1,2,4,4,4,5,3,7,1,1,10,2,3,2,2,3,3,2,5,7,2,4,3,5,3,3,3,3,5,3,4,2,3,7,6,2,22,1,3,3,2,6,1,2,1,1,5,1,6,3,4,3,3,3,2,4,2,4,5,6,1,2,2,4,5,2,3,3,4,3,2,2,3,3,3,1,7,2,3,3
7,4,6,1,5,6,3,4,3,2,3,2,2,3,2,2,5,3,2,7,5,7,0,6,1,5,3,5,3,5,0,2,2,0,1,3,6,3,3,2,4,3,3,3,3,3,2,2,6,2,2,1,3,7,1,1,2,4,6,1,7,9,4,2,0,4,1,1,1,7,5,3,4,3,2,3,5,3,4,2,3,7,6,2,22,1,3,3,2,6,1,2,1,1,5,1,6,3,4,3,3,3,2,4,2,4,5,6,1,2,2,4,5,2,3,3,4,3,2,2,3,3,3,1,7,2,3,3
7,4,6,1,5,6,3,4,3,2,3,2,2,3,2,2,5,3,2,7,5,7,0,6,1,5,3,5,3,5,0,2,2,0,1,3,6,3,3,2,4,3,3,3,3,3,2,2,6,2,2,1,3,7,1,1,2,4,6,1,7,9,4,2,0,4,1,1,1,7,5,3,4,3,2,5,4,3,3,2,2,2,19,4,4,4,3,1,3,4,2,1,4,2,3,2,3,1,9,6,2,7,2,4,6,2,6,6,6,1,2,4,6,4,8,1,6,2,5,2,4,3,1,5,5,3,5,2
1,3,5,2,6,2,2,1,5,1,4,6,5,3,3,4,4,2,2,4,2,2,2,1,2,5,5,7,5,4,2,2,4,4,6,6,3,1,1,2,3,2,5,2,5,5,1,2,6,4,3,4,8,1,2,2,5,3,3,4,1,2,2,3,2,5,4,2,6,2,1,2,6,2,2,5,4,3,3,2,2,2,19,4,4,4,3,1,3,4,2,1,4,2,3,2,3,1,9,6,2,7,2,4,6,2,6,6,6,1,2,4,6,4,8,1,6,2,5,2,4,3,1,5,5,3,5,2
1,3,5,2,6,2,2,1,5,1,4,6,5,3,3,4,4,2,2,4,2,2,2,1,2,5,5,7,5,4,2,2,4,4,6,6,3,1,1,2,3,2,5,2,5,5,1,2,6,4,3,4,8,1,2,2,5,3,3,4,1,2,2,3,2,5,4,2,6,2,1,2,6,2,2,4,7,2,5,6,2,3,7,1,21,0,22,0,0,2,3,4,4,1,5,6,2,2,2,5,2,2,7,1,5,3,9,3,4,7,1,4,3,5,4,3,1,4,5,1,2,1,4,6,8,6,2,5
2,4,2,1,3,3,3,7,2,3,3,0,3,2,1,5,5,20,5,5,4,0,0,1,1,6,1,8,2,6,6,6,3,2,4,3,5,5,2,3,1,2,2,4,1,3,6,3,8,4,4,3,0,3,2,1,2,6,3,4,3,3,4,1,1,1,4,6,2,14,7,1,5,3,4,4,7,2,5,6,2,3,7,1,21,0,22,0,0,2,3,4,4,1,5,6,2,2,2,5,2,2,7,1,5,3,9,3,4,7,1,4,3,5,4,3,1,4,5,1,2,1,4,6,8,6,2,5
2,4,2,1,3,3,3,7,2,3,3,0,3,2,1,5,5,20,5,5,4,0,0,1,1,6,1,8,2,6,6,6,3,2,4,3,5,5,2,3,1,2,2,4,1,3,6,3,8,4,4,3,0,3,2,1,2,6,3,4,3,3,4,1,1,1,4,6,2,14,7,1,5,3,4,6,6,9,1,2,3,1,2,2,7,3,10,3,3,1,1,2,36,3,1,5,1,6,2,2,3,1,1,2,2,1,6,7,7,1,5,1,1,3,6,2,4,6,5,5,3,3,4,2,4,1,3,2
1,1,2,4,3,5,6,3,5,6,4,2,3,2,3,7,2,7,5,1,1,2,3,6,6,3,4,2,4,1,2,2,5,7,3,2,4,2,6,2,3,4,3,2,5,3,2,2,4,4,1,5,4,2,3,2,3,3,5,2,3,5,3,3,2,4,6,2,3,3,4,2,5,2,4,6,6,9,1,2,3,1,2,2,7,3,10,3,3,1,1,2,36,3,1,5,1,6,2,2,3,1,1,2,2,1,6,7,7,1,5,1,1,3,6,2,4,6,5,5,3,3,4,2,4,1,3,2
1,1,2,4,3,5,6,3,5,6,4,2,3,2,3,7,2,7,5,1,1,2,3,6,6,3,4,2,4,1,2,2,5,7,3,2,4,2,6,2,3,4,3,2,5,3,2,2,4,4,1,5,4,2,3,2,3,3,5,2,3,5,3,3,2,4,6,2,3,3,4,2,5,2,4,1,1,4,3,18,8,3,2,4,3,1,2,1,1,3,8,4,2,0,4,3,2,4,5,2,6,2,3,7,2,5,3,1,3,3,2,4,4,4,4,3,2,3,4,3,2,6,4,2,3,5,6,2
1,4,3,4,4,7,2,2,1,7,5,1,1,3,2,1,5,3,6,6,5,6,6,4,4,1,5,1,5,2,1,2,2,3,2,3,3,2,3,1,3,8,5,1,3,1,11,4,0,3,3,1,2,4,3,2,3,7,4,4,4,2,4,5,2,2,2,4,2,4,3,1,2,7,2,1,1,4,3,18,8,3,2,4,3,1,2,1,1,3,8,4,2,0,4,3,2,4,5,2,6,2,3,7,2,5,3,1,3,3,2,4,4,4,4,3,2,3,4,3,2,6,4,2,3,5,6,2
1,4,3,4,4,7,2,2,1,7,5,1,1,3,2,1,5,3,6,6,5,6,6,4,4,1,5,1,5,2,1,2,2,3,2,3,3,2,3,1,3,8,5,1,3,1,11,4,0,3,3,1,2,4,3,2,3,7,4,4,4,2,4,5,2,2,2,4,2,4,3,1,2,7,2,1,4,4,2,4,2,24,0,1,4,8,7,5,5,4,1,4,3,1,9,2,4,5,5,5,1,3,3,7,1,5,2,4,2,5,6,4,2,6,6,6,0,1,3,4,3,7,1,2,4,5,3,5
2,7,1,4,5,2,4,3,8,1,4,4,4,2,5,2,1,4,3,6,5,4,4,8,4,0,2,3,2,1,2,3,5,3,9,3,4,2,2,2,5,7,3,2,2,5,4,6,2,5,6,2,7,6,7,1,3,3,1,3,3,5,2,3,5,1,3,3,3,4,2,4,2,4,2,1,4,4,2,4,2,24,0,1,4,8,7,5,5,4,1,4,3,1,9,2,4,5,5,5,1,3,3,7,1,5,2,4,2,5,6,4,2,6,6,6,0,1,3,4,3,7,1,2,4,5,3,5
2,7,1,4,5,2,4,3,8,1,4,4,4,2,5,2,1,4,3,6,5,4,4,8,4,0,2,3,2,1,2,3,5,3,9,3,4,2,2,2,5,7,3,2,2,5,4,6,2,5,6,2,7,6,7,1,3,3,1,3,3,5,2,3,5,1,3,3,3,4,2,4,2,4,2,8,7,3,3,4,7,2,3,3,6,6,3,6,7,3,8,3,41,0,0,1,1,1,1,3,8,4,1,1,3,3,3,3,2,1,3,3,3,0,7,3,2,3,7,7,1,5,3,5,3,2,7,5
4,2,6,3,5,3,0,3,3,3,1,3,5,3,4,3,4,6,2,4,1,6,3,3,3,1,2,4,5,3,6,3,4,5,3,2,1,2,7,3,7,2,5,2,4,2,4,2,3,3,4,2,1,5,5,5,2,4,4,6,5,2,4,2,4,3,3,1,4,8,7,3,6,4,3,8,7,3,3,4,7,2,3,3,6,6,3,6,7,3,8,3,41,0,0,1,1,1,1,3,8,4,1,1,3,3,3,3,2,1,3,3,3,0,7,3,2,3,7,7,1,5,3,5,3,2,7,5
4,2,6,3,5,3,0,3,3,3,1,3,5,3,4,3,4,6,2,4,1,6,3,3,3,1,2,4,5,3,6,3,4,5,3,2,1,2,7,3,7,2,5,2,4,2,4,2,3,3,4,2,1,5,5,5,2,4,4,6,5,2,4,2,4,3,3,1,4,8,7,3,6,4,3,3,0,1,2,17,7,2,3,0,3,2,4,3,3,1,3,1,3,3,5,2,2,4,1,3,7,1,2,3,5,3,1,3,7,3,4,5,3,3,3,3,6,2,3,1,2,3,2,2,2,7,2,2
3,1,2,4,4,3,4,3,2,5,2,5,3,3,3,3,2,2,5,3,5,2,2,3,2,3,5,3,4,3,5,4,2,4,3,4,3,3,6,3,7,5,1,2,6,3,5,4,6,5,4,2,4,4,2,4,2,1,3,3,2,2,1,4,9,2,2,4,1,5,3,3,4,1,3,3,0,1,2,17,7,2,3,0,3,2,4,3,3,1,3,1,3,3,5,2,2,4,1,3,7,1,2,3,5,3,1,3,7,3,4,5,3,3,3,3,6,2,3,1,2,3,2,2,2,7,2,2
1,1,2,4,4,3,4,3,2,5,2,5,3,3,3,3,2,2,5,3,5,2,2,3,2,3,5,3,4,3,5,4,2,4,3,4,3,3,6,3,7,5,1,2,6,3,5,4,6,5,4,2,4,4,2,4,2,1,3,3,2,2,1,4,9,2,2,4,1,5,3,3,4,1,3,4,5,3,2,20,1,4,7,4,2,4,1,4,2,5,3,4,4,1,2,4,7,3,5,3,4,1,2,4,2,4,4,2,2,4,1,3,6,4,3,3,2,3,5,0,3,1,4,4,7,1,3,1
3,6,2,3,3,2,3,7,0,2,4,3,0,7,3,4,2,1,2,2,1,1,3,3,6,4,7,3,2,2,6,6,5,2,7,3,2,6,4,8,2,8,3,2,3,2,6,1,5,4,4,3,3,1,5,3,2,3,2,3,3,2,3,4,2,2,5,2,2,3,4,2,2,2,3,4,5,3,2,20,1,4,7,4,2,4,1,4,2,5,3,4,4,1,2,4,7,3,5,3,4,1,2,4,2,4,4,2,2,4,1,3,6,4,3,3,2,3,5,0,3,1,4,4,7,1,3,1
3,6,2,3,3,2,3,7,0,2,4,3,0,7,3,4,2,1,2,2,1,1,3,3,6,4,7,3,2,2,6,6,5,2,7,3,2,6,4,8,2,8,3,2,3,2,6,1,5,4,4,3,3,1,5,3,2,3,2,3,3,2,3,4,2,2,5,2,2,3,4,2,2,2,3,6,5,0,4,2,5,8,26,6,2,2,2,4,2,2,1,4,2,3,3,2,3,2,4,5,4,3,3,1,5,3,6,9,2,1,4,8,4,2,2,4,4,1,1,3,3,5,2,1,9,4,0,1
3,2,2,2,4,5,5,1,1,6,2,4,2,2,3,7,4,2,6,5,4,4,1,1,4,2,5,4,2,3,3,3,2,4,6,2,2,2,2,3,6,4,1,3,4,2,4,6,4,3,4,3,4,2,2,6,2,5,5,5,9,4,3,1,4,9,2,1,2,1,1,2,3,4,2,6,5,0,4,2,5,8,26,6,2,2,2,4,2,2,1,4,2,3,3,2,3,2,4,5,4,3,3,1,5,3,6,9,2,1,4,8,4,2,2,4,4,1,1,3,3,5,2,1,9,4,0,1
3,2,2,2,4,5,5,1,1,6,2,4,2,2,3,7,4,2,6,5,4,4,1,1,4,2,5,4,2,3,3,3,2,4,6,2,2,2,2,3,6,4,1,3,4,2,4,6,4,3,4,3,4,2,2,6,2,5,5,5,9,4,3,1,4,9,2,1,2,1,1,2,3,4,2,5,2,1,7,3,2,3,2,3,4,1,3,5,5,3,1,29,18,3,3,1,3,2,3,8,9,6,3,4,2,3,6,3,4,5,7,1,8,8,7,2,4,4,1,2,3,9,2,2,1,5,2,5
6,6,6,4,3,1,5,6,5,2,2,6,0,4,3,6,1,6,2,2,3,2,5,2,3,3,6,10,3,5,0,3,2,0,5,4,3,5,5,8,2,3,2,47,0,0,0,3,0,6,2,1,6,3,2,2,3,4,2,5,6,4,8,3,7,1,4,1,5,2,3,2,2,4,0,5,2,1,7,3,2,3,2,3,4,1,3,5,5,3,1,29,18,3,3,1,3,2,3,8,9,6,3,4,2,3,6,3,4,5,7,1,8,8,7,2,4,4,1,2,3,9,2,2,1,5,2,5
6,6,6,4,3,1,5,6,5,2,2,6,0,4,3,6,1,6,2,2,3,2,5,2,3,3,6,10,3,5,0,3,2,0,5,4,3,5,5,8,2,3,2,47,0,0,0,3,0,6,2,1,6,3,2,2,3,4,2,5,6,4,8,3,7,1,4,1,5,2,3,2,2,4,1,3,5,2,2,17,1,2,2,3,2,2,2,2,7,2,3,7,3,2,3,2,2,1,4,3,2,3,4,4,2,2,5,9,4,2,2,1,2,2,2,2,4,5,2,2,5,5,6,4,3,1,6,4
5,3,1,7,2,3,1,4,4,3,8,2,3,7,3,0,3,3,3,8,8,6,1,7,3,3,1,3,4,7,3,0,6,5,3,1,7,3,1,5,2,3,3,5,4,5,1,3,5,3,6,4,1,3,0,1,8,3,1,10,4,3,2,1,6,2,3,4,3,4,5,8,4,1,3,3,5,2,2,17,1,2,2,3,2,2,2,2,7,2,3,7,3,2,3,2,2,1,4,3,2,3,4,4,2,2,5,9,4,2,2,1,2,2,2,2,4,5,2,2,5,5,6,4,3,1,6,4
5,3,1,7,2,3,1,4,4,3,8,2,3,7,3,0,3,3,3,8,8,6,1,7,3,3,1,3,4,7,3,0,6,5,3,1,7,3,1,5,2,3,3,5,4,5,1,3,5,3,6,4,1,3,0,1,8,3,1,10,4,3,2,1,6,2,3,4,3,4,5,8,4,1,3,6,4,6,6,1,2,1,4,2,7,33,4,2,2,0,4,1,5,2,1,2,3,5,4,3,5,3,5,7,2,11,3,2,2,7,2,3,2,2,4,0,1,2,2,7,5,0,2,0,5,3,6,0
4,4,7,3,3,2,3,4,3,5,2,3,1,3,2,4,8,4,6,3,3,4,2,2,7,4,6,6,8,2,0,5,8,7,4,1,1,3,2,3,1,4,4,1,3,3,4,2,11,3,4,8,1,7,6,9,4,1,2,2,2,2,3,4,3,2,3,1,2,4,4,2,5,7,3,6,4,6,6,1,2,1,4,2,7,33,4,2,2,0,4,1,5,2,1,2,3,5,4,3,5,3,5,7,2,11,3,2,2,7,2,3,2,2,4,0,1,2,2,7,5,0,2,0,5,3,6,0
4,4,7,3,3,2,3,4,3,5,2,3,1,3,2,4,8,4,6,3,3,4,2,2,7,4,6,6,8,2,0,5,8,7,4,1,1,3,2,3,1,4,4,1,3,3,4,2,11,3,4,8,1,7,6,9,4,1,2,2,2,2,3,4,3,2,3,1,2,4,4,2,5,7,3,4,3,4,4,8,28,2,2,7,4,4,1,1,5,5,1,3,3,4,6,4,1,0,3,2,4,5,5,1,4,3,2,2,4,3,1,51,8,0,1,1,1,1,4,3,0,3,2,3,1,3,3,0
3,3,4,3,1,3,2,2,2,3,6,3,2,3,1,6,3,6,1,4,3,6,5,8,1,3,5,5,1,7,4,4,2,2,2,4,6,5,4,3,2,6,4,7,4,4,4,1,3,4,4,6,3,3,3,3,3,5,5,1,3,7,3,3,1,5,8,5,2,0,3,6,6,5,2,4,3,4,4,8,28,2,2,7,4,4,1,1,5,5,1,3,3,4,6,4,1,0,3,2,4,5,5,1,4,3,2,2,4,3,1,51,8,0,1,1,1,1,4,3,0,3,2,3,1,3,3,0
3,3,4,3,1,3,2,2,2,3,6,3,2,3,1,6,3,6,1,4,3,6,5,8,1,3,5,5,1,7,4,4,2,2,2,4,6,5,4,3,2,6,4,7,4,4,4,1,3,4,4,6,3,3,3,3,3,5,5,1,3,7,3,3,1,5,8,5,2,0,3,6,6,5,2,1,5,6,6,4,4,3,3,6,1,6,6,4,4,1,2,6,3,6,2,3,8,8,1,2,5,5,3,1,2,6,3,4,3,1,2,2,7,1,4,5,6,9,1,8,6,4,1,3,6,4,3,3
6,3,4,2,4,3,1,3,3,3,7,1,3,0,4,2,1,2,4,2,4,7,5,2,3,2,2,6,4,4,4,1,2,3,6,7,4,1,6,4,2,6,1,1,6,2,3,2,4,4,4,3,2,4,5,4,5,3,3,2,4,4,6,3,2,1,5,1,4,2,2,2,3,3,2,1,5,6,6,4,4,3,3,6,1,6,6,4,4,1,2,6,3,6,2,3,8,8,1,2,5,5,3,1,2,6,3,4,3,1,2,2,7,1,4,5,6,9,1,8,6,4,1,3,6,4,3,3
6,3,4,2,4,3,1,3,3,3,7,1,3,0,4,2,1,2,4,2,4,7,5,2,3,2,2,6,4,4,4,1,2,3,6,7,4,1,6,4,2,6,1,1,6,2,3,2,4,4,4,3,2,4,5,4,5,3,3,2,4,4,6,3,2,1,5,1,4,2,2,2,3,3,2,2,3,6,8,1,2,2,27,0,2,6,3,3,3,1,3,4,5,1,2,2,3,3,4,3,2,5,4,3,3,1,4,4,4,2,5,5,5,3,5,7,2,2,5,1,2,2,52,1,0,0,65,11
2,4,4,5,1,1,3,1,5,3,3,2,2,4,3,2,2,2,2,1,4,2,5,1,4,2,2,3,2,5,3,3,3,2,3,4,2,2,2,6,2,3,6,6,3,6,2,2,2,4,3,7,3,2,3,2,4,3,2,5,3,4,2,4,3,3,5,8,1,4,1,3,3,2,2,2,3,6,8,1,2,2,27,0,2,6,3,3,3,1,3,4,5,1,2,2,3,3,4,3,2,5,4,3,3,1,4,4,4,2,5,5,5,3,5,7,2,2,5,1,2,2,52,1,0,0,65,11
2,4,4,5,1,1,3,1,5,3,3,2,2,4,3,2,2,2,2,1,4,2,5,1,4,2,2,3,2,5,3,3,3,2,3,4,2,2,2,6,2,3,6,6,3,6,2,2,2,4,3,7,3,2,3,2,4,3,2,5,3,4,2,4,3,3,5,8,1,4,1,3,3,2,2,2,3,7,7,2,21,1,1,1,3,0,3,4,2,3,4,4,5,1,3,2,2,3,3,3,3,1,3,2,4,2,8,2,5,2,2,2,6,6,2,1,1,2,4,4,4,6,2,4,1,6,4,2
3,2,3,1,3,1,3,2,3,4,2,3,3,3,4,3,1,3,3,1,1,3,4,5,1,4,2,3,4,2,4,1,7,2,7,1,2,2,2,2,3,3,3,4,5,2,6,3,5,6,2,3,3,1,3,2,1,4,4,1,7,2,4,6,6,3,10,2,1,5,1,2,2,5,4,2,3,7,7,2,21,1,1,1,3,0,3,4,2,3,4,4,5,1,3,2,2,3,3,3,3,1,3,2,4,2,8,2,5,2,2,2,6,6,2,1,1,2,4,4,4,6,2,4,1,6,4,2
3,2,3,1,3,1,3,2,3,4,2,3,3,3,4,3,1,3,3,1,1,3,4,5,1,4,2,3,4,2,4,1,7,2,7,1,2,2,2,2,3,3,3,4,5,2,6,3,5,6,2,3,3,1,3,2,1,4,4,1,7,2,4,6,6,3,10,2,1,5,1,2,2,5,4,2,3,4,1,23,2,2,2,1,4,2,3,1,3,6,2,2,4,2,8,5,2,3,4,5,3,1,5,3,1,0,4,6,3,3,2,6,8,3,3,6,2,6,7,5,1,1,2,7,2,4,2,2
3,1,2,2,2,3,4,3,2,5,2,6,3,4,2,3,1,2,3,4,3,3,4,4,1,4,3,5,2,3,3,8,2,5,3,4,2,4,2,4,8,3,3,3,1,2,3,54,1,0,2,0,3,2,2,0,7,2,1,3,3,2,2,5,3,6,1,3,6,3,2,4,3,3,4,2,3,4,1,23,2,2,2,1,4,2,3,1,3,6,2,2,4,2,8,5,2,3,4,5,3,1,5,3,1,0,4,6,3,3,2,6,8,3,3,6,2,6,7,5,1,1,2,7,2,4,2,2
3,1,2,2,2,3,4,3,2,5,2,6,3,4,2,3,1,2,3,4,3,3,4,4,1,4,3,5,2,3,3,8,2,5,3,4,2,4,2,4,8,3,3,3,1,2,3,54,1,0,2,0,3,2,2,0,7,2,1,3,3,2,2,5,3,6,1,3,6,3,2,4,3,3,4,7,2,4,3,3,5,3,4,4,3,7,2,1,1,5,1,2,31,1,0,3,4,6,2,4,3,3,8,2,2,2,5,3,3,51,0,0,0,2,1,1,4,2,4,4,3,2,6,2,1,1,4,4
6,4,5,2,5,1,4,3,9,6,3,3,5,1,2,4,1,3,2,2,1,4,7,3,23,12,1,4,2,1,1,3,4,5,3,1,2,3,2,3,2,3,3,3,3,3,4,1,4,5,6,3,3,0,3,4,4,3,2,6,5,3,2,2,2,4,2,6,4,2,4,6,4,3,4,7,2,4,3,3,5,3,4,4,3,7,2,1,1,5,1,2,31,1,0,3,4,6,2,4,3,3,8,2,2,2,5,3,3,51,0,0,0,2,1,1,4,2,4,4,3,2,6,2,1,1,4,4
6,4,5,2,5,1,4,3,9,6,3,3,5,1,2,4,1,3,2,2,1,4,7,3,23,12,1,4,2,1,1,3,4,5,3,1,2,3,2,3,2,3,3,3,3,3,4,1,4,5,6,3,3,0,3,4,4,3,2,6,5,3,2,2,2,4,2,6,4,2,4,6,4,3,8,9,2,2,5,3,6,2,18,1,1,2,3,3,4,3,2,11,3,2,3,2,2,1,4,2,1,3,3,5,3,2,3,7,4,3,4,3,5,2,2,1,4,1,6,7,5,2,1,4,5,5,3,1
8,8,4,5,3,5,1,2,5,3,6,1,1,6,1,2,4,3,2,8,3,1,3,1,3,2,3,2,3,3,8,8,0,4,6,3,8,4,6,6,9,1,2,1,6,3,4,3,3,6,2,1,6,2,3,1,1,5,3,6,2,4,4,3,2,3,3,5,4,3,6,3,2,3,8,9,2,2,5,3,6,2,18,1,1,2,3,3,4,3,2,11,3,2,3,2,2,1,4,2,1,3,3,5,3,2,3,7,4,3,4,3,5,2,2,1,4,1,6,7,5,2,1,4,5,5,3,1
8,8,4,5,3,5,1,2,5,3,6,1,1,6,1,2,4,3,2,8,3,1,3,1,3,2,3,2,3,3,8,8,0,4,6,3,8,4,6,6,9,1,2,1,6,3,4,3,3,6,2,1,6,2,3,1,1,5,3,6,2,4,4,3,2,3,3,5,4,3,6,3,2,3,1,4,5,4,2,5,0,2,18,1,2,3,5,1,1,2,1,7,4,6,4,1,1,1,4,3,4,5,3,3,5,3,5,5,4,4,2,3,3,3,1,6,4,3,6,1,8,4,3,3,2,3,3,3
6,2,1,2,3,2,3,2,2,3,1,2,2,4,2,8,1,4,3,4,3,6,3,8,2,1,5,2,4,1,3,2,2,2,3,3,2,4,4,2,4,1,4,2,3,1,5,3,3,2,5,5,2,4,2,9,1,8,5,2,4,1,1,3,2,4,5,7,6,2,7,1,3,4,2,4,5,4,2,5,0,2,18,1,2,3,5,1,1,2,1,7,4,6,4,1,1,1,4,3,4,5,3,3,5,3,5,5,4,4,2,3,3,3,1,6,4,3,6,1,8,4,3,3,2,3,3,3
6,2,1,2,3,2,3,2,2,3,1,2,2,4,2,8,1,4,3,4,3,6,3,8,2,1,5,2,4,1,3,2,2,2,3,3,2,4,4,2,4,1,4,2,3,1,5,3,3,2,5,5,2,4,2,9,1,8,5,2,4,1,1,3,2,4,5,7,6,2,7,1,3,4,2,2,3,1,4,1,3,21,1,1,3,5,4,3,6,3,3,2,3,4,7,2,3,6,2,6,8,5,3,4,1,2,4,3,7,2,4,4,3,3,2,2,4,1,1,5,4,1,5,3,4,6,1,4
6,3,4,3,3,5,6,1,3,3,4,5,0,2,6,1,6,5,4,2,3,0,2,2,0,7,2,4,4,4,5,4,2,2,4,3,3,3,3,5,8,1,2,4,7,1,3,5,4,3,5,1,4,3,4,1,2,7,7,2,2,4,5,5,6,7,5,3,4,2,2,3,4,4,1,2,3,1,4,1,3,21,1,1,3,5,4,3,6,3,3,2,3,4,7,2,3,6,2,6,8,5,3,4,1,2,4,3,7,2,4,4,3,3,2,2,4,1,1,5,4,1,5,3,4,6,1,4
6,3,4,3,3,5,6,1,3,3,4,5,0,2,6,1,6,5,4,2,3,0,2,2,0,7,2,4,4,4,5,4,2,2,4,3,3,3,3,5,8,1,2,4,7,1,3,5,4,3,5,1,4,3,4,1,2,7,7,2,2,4,5,5,6,7,5,3,4,2,2,3,4,4,0,5,3,2,3,2,6,5,6,4,2,2,3,2,2,1,27,1,3,0,0,0,4,4,4,3,2,2,8,2,7,3,6,6,4,5,2,6,3,4,3,4,4,2,2,1,5,3,1,5,5,9,4,7
1,3,2,2,3,2,5,3,6,1,8,5,1,4,3,3,6,2,4,2,2,2,5,2,5,9,4,1,5,4,6,5,3,2,2,1,2,2,6,3,3,4,3,2,4,5,2,6,1,3,8,2,3,3,2,1,3,2,4,4,3,4,5,2,2,3,4,3,1,7,2,4,1,5,2,5,3,2,3,2,6,5,6,4,2,2,3,2,2,1,27,1,3,0,0,0,4,4,4,3,2,2,8,2,7,3,6,6,4,5,2,6,3,4,3,4,4,2,2,1,5,3,1,5,5,9,4,7
1,3,2,2,3,2,5,3,6,1,8,5,1,4,3,3,6,2,4,2,2,2,5,2,5,9,4,1,5,4,6,5,3,2,2,1,2,2,6,3,3,4,3,2,4,5,2,6,1,3,8,2,3,3,2,1,3,2,4,4,3,4,5,2,2,3,4,3,1,7,2,4,1,5,3,2,2,2,5,2,17,0,6,5,3,3,3,3,5,9,2,2,2,2,3,2,4,1,4,1,3,2,5,2,3,3,4,1,4,3,3,6,3,2,8,2,3,5,2,5,1,5,2,2,3,12,1,5
2,3,2,4,3,6,3,5,4,2,4,2,6,2,7,2,3,2,6,6,5,3,4,2,2,5,3,4,3,5,1,3,7,5,1,2,3,5,6,3,7,2,1,3,1,4,6,1,1,5,4,2,1,2,4,3,1,1,3,2,11,3,2,0,5,6,3,6,2,2,2,4,3,0,3,2,2,2,5,2,17,0,6,5,3,3,3,3,5,9,2,2,2,2,3,2,4,1,4,1,3,2,5,2,3,3,4,1,4,3,3,6,3,2,8,2,3,5,2,5,1,5,2,2,3,12,1,5
2,3,2,4,3,6,3,5,4,2,4,2,6,2,7,2,3,2,6,6,5,3,4,2,2,5,3,4,3,5,1,3,7,5,1,2,3,5,6,3,7,2,1,3,1,4,6,1,1,5,4,2,1,2,4,3,1,1,3,2,11,3,2,0,5,6,3,6,2,2,2,4,3,0,3,4,5,2,7,4,2,3,4,4,27,0,2,0,4,3,2,3,3,3,2,4,3,3,1,1,5,3,5,3,6,1,3,4,8,2,5,3,3,1,3,6,5,1,6,1,3,1,4,2,1,4,1,2
1,4,1,1,7,4,2,2,3,2,4,3,1,5,2,3,1,2,8,2,3,2,6,2,1,5,4,4,4,2,2,5,2,2,1,4,5,1,3,5,2,2,3,7,4,2,5,10,2,3,5,2,1,3,2,6,1,3,3,4,1,3,1,8,3,2,2,3,2,4,4,4,2,3,5,4,5,2,7,4,2,3,4,4,27,0,2,0,4,3,2,3,3,3,2,4,3,3,1,1,5,3,5,3,6,1,3,4,8,2,5,3,3,1,3,6,5,1,6,1,3,1,4,2,1,4,1,2
1,4,1,1,7,4,2,2,3,2,4,3,1,5,2,3,1,2,8,2,3,2,6,2,1,5,4,4,4,2,2,5,2,2,1,4,5,1,3,5,2,2,3,7,4,2,5,10,2,3,5,2,1,3,2,6,1,3,3,4,1,3,1,8,3,2,2,3,2,4,4,4,2,3,5,6,3,6,2,13,2,4,0,4,13,1,3,5,2,3,4,8,6,6,4,3,2,2,7,3,5,8,2,3,5,3,2,2,4,2,3,4,3,5,5,2,2,3,2,4,2,2,3,4,2,2,4,1
3,1,4,3,7,2,3,5,5,4,4,1,3,4,4,18,2,6,7,3,3,3,2,2,1,3,5,2,1,3,2,7,6,2,3,2,5,4,1,2,6,4,2,3,2,2,3,3,1,2,4,3,2,4,4,3,4,1,3,3,4,2,2,5,2,5,6,7,3,4,4,6,3,5,4,6,3,6,2,13,2,4,0,4,13,1,3,5,2,3,4,8,6,6,4,3,2,2,7,3,5,8,2,3,5,3,2,2,4,2,3,4,3,5,5,2,2,3,2,4,2,2,3,4,2,2,4,1
3,1,4,3,7,2,3,5,5,4,4,1,3,4,4,18,2,6,7,3,3,3,2,2,1,3,5,2,1,3,2,7,6,2,3,2,5,4,1,2,6,4,2,3,2,2,3,3,1,2,4,3,2,4,4,3,4,1,3,3,4,2,2,5,2,5,6,7,3,4,4,6,3,5,4,3,6,7,2,1,5,3,7,5,2,3,5,0,3,5,4,27,16,5,0,2,5,6,3,5,1,4,1,4,7,2,2,1,5,6,5,3,9,1,1,1,4,4,4,3,4,6,1,3,2,5,4,3
4,39,1,4,1,1,1,1,2,3,5,2,7,5,4,5,1,2,1,5,1,4,3,4,3,5,2,4,4,7,5,2,4,5,4,5,7,4,1,4,1,2,2,4,1,4,5,3,2,2,3,4,2,3,4,6,2,1,3,6,50,35,0,52,0,0,0,0,1,1,1,2,2,1,8,2,3,2,3,7,2,2,8,4,5,1,6,2,6,4,1,2,5,1,4,3,4,6,4,1,6,3,10,1,3,8,1,3,3,5,2,5,3,6,0,4,4,4,3,4,3,3,66,47,0,1,0,0
4,39,1,4,1,1,1,1,2,3,5,2,7,5,4,5,1,2,1,5,1,4,3,4,3,5,2,4,4,7,5,2,4,5,4,5,7,4,1,4,1,2,2,4,1,4,5,3,2,2,3,4,2,3,4,6,2,1,3,6,50,35,0,52,0,0,0,0,1,1,1,2,2,1,8,1,3,1,3,1,1,4,2,3,2,2,5,9,37,0,2,0,3,2,1,5,3,3,6,10,3,5,3,4,1,3,2,6,1,3,2,3,1,6,1,4,0,5,1,1,4,4,6,2,3,1,4,2
0,2,6,2,1,2,5,5,3,3,3,6,1,1,2,3,4,8,4,4,2,3,4,7,1,2,4,2,4,1,5,2,1,2,4,3,0,3,4,8,3,4,3,3,5,58,0,52,14,0,2,0,53,34,11,0,48,0,55,27,29,0,0,52,5,0,0,0,1,1,1,4,4,2,8,1,3,1,3,1,1,4,2,3,2,2,5,9,37,0,2,0,3,2,1,5,3,3,6,10,3,5,3,4,1,3,2,6,1,3,2,3,1,6,1,4,0,5,1,1,4,4,6,2,3,1,4,2
0,2,6,2,1,2,5,5,3,3,3,6,1,1,2,3,4,8,4,4,2,3,4,7,1,2,4,2,4,1,5,2,1,2,4,3,0,3,4,8,3,4,3,3,5,58,0,52,14,0,2,0,53,34,11,0,48,0,55,27,29,0,0,52,5,0,0,0,1,1,1,4,4,2,1,3,4,2,2,2,2,1,2,4,2,3,9,2,2,28,8,4,3,3,2,2,4,5,0,6,2,2,4,3,6,2,49,4,3,51,13,0,0,0,0,3,0,5,70,25,29,0,0,48,28,0,0,49
0,1,49,12,0,0,35,16,0,0,0,0,2,2,1,1,0,2,2,2,2,1,4,2,1,7,2,3,9,4,7,3,3,2,1,7,30,10,2,2,1,3,2,5,57,28,0,43,0,0,0,0,1,6,53,0,0,48,1,0,4,0,2,0,2,3,5,3,3,2,3,6,5,4,1,3,4,2,2,2,2,1,2,4,2,3,9,2,2,28,8,4,3,3,2,2,4,5,0,6,2,2,4,3,6,2,49,4,3,51,13,0,0,0,0,3,0,5,70,25,29,0,0,48,28,0,0,49
0,1,49,12,0,0,35,16,0,0,0,0,2,2,1,1,0,2,2,2,2,1,4,2,1,7,2,3,9,4,7,3,3,2,1,7,30,10,2,2,1,3,2,5,57,28,0,43,0,0,0,0,1,6,53,0,0,48,1,0,4,0,2,0,2,3,5,3,3,2,3,6,5,4,4,4,0,2,6,2,4,3,4,3,2,3,3,7,22,1,7,3,3,2,0,4,4,2,2,1,4,4,6,3,2,5,3,3,2,5,2,3,2,4,3,7,2,2,5,3,2,1,4,5,4,2,1,63
4,5,2,4,3,2,7,3,8,4,1,5,4,2,4,0,4,1,3,2,11,1,2,5,2,4,2,4,4,2,3,3,6,5,5,6,3,3,4,2,3,4,1,3,6,6,2,2,1,1,5,8,4,3,2,3,6,2,0,1,55,33,10,0,0,2,0,0,0,3,0,5,5,1,4,4,0,2,6,2,4,3,4,3,2,3,3,7,22,1,7,3,3,2,0,4,4,2,2,1,4,4,6,3,2,5,3,3,2,5,2,3,2,4,3,7,2,2,5,3,2,1,4,5,4,2,1,63
4,5,2,4,3,2,7,3,8,4,1,5,4,2,4,0,4,1,3,2,11,1,2,5,2,4,2,4,4,2,3,3,6,5,5,6,3,3,4,2,3,4,1,3,6,6,2,2,1,1,5,8,4,3,2,3,6,2,0,1,55,33,10,0,0,2,0,0,0,3,0,5,5,1,6,3,1,5,2,8,3,5,3,3,3,5,3,28,1,3,5,0,2,2,4,4,3,5,2,6,2,2,3,5,2,2,6,3,2,1,2,2,6,4,1,2,4,7,5,1,4,2,3,1,4,6,5,1
1,2,3,1,1,0,2,4,5,3,6,1,7,2,5,0,3,4,2,5,2,3,2,2,7,3,4,2,2,1,3,1,5,5,11,1,3,1,3,3,0,1,4,4,3,3,1,2,54,8,0,0,42,9,51,6,0,0,0,0,1,1,4,2,1,0,9,3,7,1,2,2,3,4,6,3,1,5,2,8,3,5,3,3,3,5,3,28,1,3,5,0,2,2,4,4,3,5,2,6,2,2,3,5,2,2,6,3,2,1,2,2,6,4,1,2,4,7,5,1,4,2,3,1,4,6,5,1
0,2,3,1,1,0,2,4,5,3,6,1,7,2,5,0,3,4,2,5,2,3,2,2,7,3,4,2,2,1,3,1,5,5,11,1,3,1,3,3,0,1,4,4,3,3,1,2,54,8,0,0,42,9,51,6,0,0,0,0,1,1,4,2,1,0,9,3,7,1,2,2,3,4,1,6,7,2,1,3,2,2,2,3,3,4,14,5,31,2,4,1,5,3,2,2,5,2,3,3,3,6,2,0,3,5,6,3,4,5,3,2,4,2,1,6,2,4,2,2,2,3,3,5,5,6,6,5
2,1,6,2,1,4,2,3,4,4,22,1,2,1,4,3,2,5,2,5,1,7,3,2,7,5,1,3,2,5,3,3,4,1,1,5,2,2,4,4,2,7,9,2,3,1,5,1,3,3,4,2,3,7,2,6,3,6,2,4,3,3,6,6,2,2,2,2,1,5,3,3,2,2,3,6,7,2,1,3,2,2,2,3,3,4,14,5,31,2,4,1,5,3,2,2,5,2,3,3,3,6,2,0,3,5,6,3,4,5,3,2,4,2,1,6,2,4,2,2,2,3,3,5,5,6,6,5
5,1,6,2,1,4,2,3,4,4,22,1,2,1,4,3,2,5,2,5,1,7,3,2,7,5,1,3,2,5,3,3,4,1,1,5,2,2,4,4,2,7,9,2,3,1,5,1,3,3,4,2,3,7,2,6,3,6,2,4,3,3,6,6,2,2,2,2,1,5,3,3,2,2,3,6,4,2,4,2,3,5,5,4,3,3,3,5,3,30,3,1,3,1,3,2,1,0,3,3,4,0,5,2,1,5,5,3,2,7,4,2,3,3,3,4,7,1,2,0,1,5,5,3,2,1,3,5
6,2,3,3,4,3,5,2,8,3,4,4,4,1,5,3,6,2,6,0,3,5,5,3,4,7,1,3,2,2,5,1,2,5,2,3,2,1,5,4,5,3,5,5,3,4,7,6,6,1,4,1,4,4,2,5,3,2,1,6,4,3,1,3,6,2,1,1,7,5,3,4,5,2,1,6,4,2,4,2,3,5,5,4,3,3,3,5,3,30,3,1,3,1,3,2,1,0,3,3,4,0,5,2,1,5,5,3,2,7,4,2,3,3,3,4,7,1,2,0,1,5,5,3,2,1,3,5
6,2,3,3,4,3,5,2,8,3,4,4,4,1,5,3,6,2,6,0,3,5,5,3,4,7,1,3,2,2,5,1,2,5,2,3,2,1,5,4,5,3,5,5,3,4,7,6,6,1,4,1,4,4,2,5,3,2,1,6,4,3,1,3,6,2,1,1,7,5,3,4,5,2,0,3,5,4,6,2,6,5,4,2,3,4,7,6,32,0,0,2,2,2,1,2,2,4,4,2,3,2,2,4,3,1,1,5,3,19,5,2,5,4,2,2,3,2,2,5,5,1,5,4,5,4,6,3
3,3,3,5,5,3,6,1,3,2,3,4,3,3,0,6,4,2,3,3,1,2,2,3,1,3,1,6,2,2,4,2,3,6,4,6,2,2,8,5,4,5,2,4,4,5,4,4,3,3,4,2,4,5,2,1,6,2,4,3,3,3,2,4,1,3,1,1,3,8,2,2,2,3,3,3,5,4,6,2,6,5,4,2,3,4,7,6,32,0,0,2,2,2,1,2,2,4,4,2,3,2,2,4,3,1,1,5,3,19,5,2,5,4,2,2,3,2,2,5,5,1,5,4,5,4,6,3
3,3,3,5,5,3,6,1,3,2,3,4,3,3,0,6,4,2,3,3,1,2,2,3,1,3,1,6,2,2,4,2,3,6,4,6,2,2,8,5,4,5,2,4,4,5,4,4,3,3,4,2,4,5,2,1,6,2,4,3,3,3,2,4,1,3,1,1,3,8,2,2,2,3,3,5,3,6,5,0,2,3,2,3,1,5,3,4,36,23,3,0,1,0,2,3,1,2,4,3,0,4,5,4,1,4,5,1,0,1,1,3,6,6,4,7,3,1,1,4,2,8,5,1,3,2,3,3
3,1,5,1,4,6,9,2,5,3,2,2,3,5,2,2,1,3,1,2,7,1,6,2,1,5,6,1,6,2,3,5,4,2,1,8,2,2,6,6,2,4,2,5,2,2,3,2,3,8,2,4,1,2,4,5,2,2,6,7,1,5,3,3,2,1,3,2,2,4,4,4,4,2,5,5,3,6,5,0,2,3,2,3,1,5,3,4,36,23,3,0,1,0,2,3,1,2,4,3,0,4,5,4,1,4,5,1,0,1,1,3,6,6,4,7,3,1,1,4,2,8,5,1,3,2,3,3
3,1,5,1,4,6,9,2,5,3,2,2,3,5,2,2,1,3,1,2,7,1,6,2,1,5,6,1,6,2,3,5,4,2,1,8,2,2,6,6,2,4,2,5,2,2,3,2,3,8,2,4,1,2,4,5,2,2,6,7,1,5,3,3,2,1,3,2,2,4,4,4,4,2,5,2,2,2,5,6,4,5,2,3,5,2,1,2,4,4,11,2,1,5,3,2,5,2,2,1,5,3,3,5,3,6,1,2,4,7,9,1,2,5,1,3,0,3,4,6,5,5,1,3,3,1,3,9
6,2,7,2,3,3,0,6,5,5,5,6,6,3,2,5,2,0,2,2,3,4,7,1,1,2,8,5,2,2,2,2,2,6,8,5,5,4,4,2,2,6,3,11,1,4,4,2,6,2,7,3,1,3,2,1,5,4,2,4,4,3,3,5,6,2,3,2,5,4,1,6,3,2,1,2,2,2,5,6,4,5,2,3,5,2,1,2,4,4,11,2,1,5,3,2,5,2,2,1,5,3,3,5,3,6,1,2,4,7,9,1,2,5,1,3,0,3,4,6,5,5,1,3,3,1,3,9
6,2,7,2,3,3,0,6,5,5,5,6,6,3,2,5,2,0,2,2,3,4,7,1,1,2,8,5,2,2,2,2,2,6,8,5,5,4,4,2,2,6,3,11,1,4,4,2,6,2,7,3,1,3,2,1,5,4,2,4,4,3,3,5,6,2,3,2,5,4,1,6,3,2,1,5,4,2,1,4,2,4,2,5,4,6,3,1,6,4,2,3,1,8,2,4,4,3,2,1,2,2,4,5,8,4,2,2,1,4,3,2,3,6,2,3,4,2,2,1,4,3,2,3,3,4,5,2
2,3,3,2,3,4,2,1,7,3,9,9,1,7,1,1,4,2,3,2,3,4,3,4,1,1,3,0,7,2,1,5,4,3,3,0,3,2,3,5,5,4,2,6,4,3,3,3,2,3,3,68,27,0,0,0,1,3,2,0,57,29,0,35,0,0,1,0,7,0,2,0,8,4,1,5,4,2,1,4,2,4,2,5,4,6,3,1,6,4,2,3,1,8,2,4,4,3,2,1,2,2,4,5,8,4,2,2,1,4,3,2,3,6,2,3,4,2,2,1,4,3,2,3,3,4,5,2
2,3,3,2,3,4,2,1,7,3,9,9,1,7,1,1,4,2,3,2,3,4,3,4,1,1,3,0,7,2,1,5,4,3,3,0,3,2,3,5,5,4,2,6,4,3,3,3,2,3,3,68,27,0,0,0,1,3,2,0,57,29,0,35,0,0,1,0,7,0,2,0,8,4,1,1,3,7,3,3,3,4,1,4,2,5,5,4,3,6,2,5,5,3,2,3,5,5,5,2,0,3,2,3,3,3,3,4,2,3,3,7,3,4,1,3,5,7,3,0,9,6,0,3,2,0,5,4
4,9,1,0,5,4,3,3,1,3,3,2,4,5,4,4,7,4,4,9,4,3,3,1,5,4,2,9,2,3,2,2,7,1,3,6,4,2,1,3,5,5,5,1,3,6,6,3,3,1,1,3,1,6,2,5,5,3,4,1,1,5,3,4,2,2,2,2,5,3,4,8,4,0,3,1,3,7,3,3,3,4,1,4,2,5,5,4,3,6,2,5,5,3,2,3,5,5,5,2,0,3,2,3,3,3,3,4,2,3,3,7,3,4,1,3,5,7,3,0,9,6,0,3,2,0,5,4
4,9,1,0,5,4,3,3,1,3,3,2,4,5,4,4,7,4,4,9,4,3,3,1,5,4,2,9,2,3,2,2,7,1,3,6,4,2,1,3,5,5,5,1,3,6,6,3,3,1,1,3,1,6,2,5,5,3,4,1,1,5,3,4,2,2,2,2,5,3,4,8,4,0,3,2,2,5,2,2,2,5,6,3,3,3,5,2,3,3,3,4,4,3,2,5,4,4,2,3,4,4,3,4,5,1,3,5,4,2,6,4,3,1,6,5,64,0,0,1,0,0,6,1,0,1,5,4
2,11,2,7,4,1,3,1,3,2,1,3,1,4,3,4,6,3,5,2,3,3,1,4,5,3,3,3,3,1,4,3,2,2,4,3,4,5,1,5,5,3,6,4,1,4,4,3,4,3,4,4,3,1,4,4,4,4,2,2,4,3,8,8,5,2,3,6,1,4,2,2,6,2,7,2,2,5,2,2,2,5,6,3,3,3,5,2,3,3,3,4,4,3,2,5,4,4,2,3,4,4,3,4,5,1,3,5,4,2,6,4,3,1,6,5,64,0,0,1,0,0,6,1,0,1,5,4
2,11,2,7,4,1,3,1,3,2,1,3,1,4,3,4,6,3,5,2,3,3,1,4,5,3,3,3,3,1,4,3,2,2,4,3,4,5,1,5,5,3,6,4,1,4,4,3,4,3,4,4,3,1,4,4,4,4,2,2,4,3,8,8,5,2,3,6,1,4,2,2,6,2,7,2,2,8,2,1,5,4,2,4,3,5,1,2,3,1,4,7,2,3,1,6,2,3,4,3,2,2,2,4,3,4,5,2,5,1,4,5,2,2,3,1,8,4,2,2,2,2,2,3,2,1,4,5
1,2,3,8,3,1,2,3,2,7,1,4,4,4,3,5,2,1,4,4,5,3,1,5,4,3,2,1,2,4,3,3,3,3,4,3,2,2,1,2,5,4,5,4,2,5,1,5,3,2,3,4,3,5,5,2,1,7,3,2,2,5,3,2,6,5,1,2,10,2,4,4,3,6,3,2,2,8,2,1,5,4,2,4,3,5,1,2,3,1,4,7,2,3,1,6,2,3,4,3,2,2,2,4,3,4,5,2,5,1,4,5,2,2,3,1,8,4,2,2,2,2,2,3,2,1,4,5
2,2,3,8,3,1,2,3,2,7,1,4,4,4,3,5,2,1,4,4,5,3,1,5,4,3,2,1,2,4,3,3,3,3,4,3,2,2,1,2,5,4,5,4,2,5,1,5,3,2,3,4,3,5,5,2,1,7,3,2,2,5,3,2,6,5,1,2,10,2,4,4,3,6,3,3,2,3,3,4,5,2,3,7,1,21,4,6,2,3,3,2,2,3,5,1,3,3,1,1,4,7,6,4,3,2,3,2,3,4,4,5,2,2,3,6,2,3,4,3,1,3,2,4,2,2,1,2
2,3,1,6,3,3,4,1,2,5,1,1,5,6,3,2,1,3,5,2,3,2,5,7,4,0,4,6,2,7,1,2,3,10,5,2,5,3,2,2,4,3,3,2,4,2,4,3,3,2,4,3,2,6,4,0,11,2,3,2,1,1,4,3,1,2,2,5,3,3,2,2,4,1,1,3,2,3,3,4,5,2,3,7,1,21,4,6,2,3,3,2,2,3,5,1,3,3,1,1,4,7,6,4,3,2,3,2,3,4,4,5,2,2,3,6,2,3,4,3,1,3,2,4,2,2,1,2
2,3,1,6,3,3,4,1,2,5,1,1,5,6,3,2,1,3,5,2,3,2,5,7,4,0,4,6,2,7,1,2,3,10,5,2,5,3,2,2,4,3,3,2,4,2,4,3,3,2,4,3,2,6,4,0,11,2,3,2,1,1,4,3,1,2,2,5,3,3,2,2,4,1,1,4,3,2,6,9,4,2,1,4,6,3,4,3,6,4,4,2,3,8,3,7,3,4,6,6,2,3,6,5,4,5,3,3,2,5,4,2,6,6,6,2,3,3,2,2,5,2,3,3,3,4,8,3
4,3,2,2,2,5,8,3,5,3,2,6,1,2,1,2,8,2,6,7,5,2,3,4,3,4,2,3,2,5,1,2,1,3,6,2,2,3,4,2,5,3,2,0,5,4,2,3,8,1,5,1,4,1,3,3,2,5,2,2,3,5,6,7,3,3,3,5,7,1,3,3,4,2,2,4,3,2,6,9,4,2,1,4,6,3,4,3,6,4,4,2,3,8,3,7,3,4,6,6,2,3,6,5,4,5,3,3,2,5,4,2,6,6,6,2,3,3,2,2,5,2,3,3,3,4,8,3
4,3,2,2,2,5,8,3,5,3,2,6,1,2,1,2,8,2,6,7,5,2,3,4,3,4,2,3,2,5,1,2,1,3,6,2,2,3,4,2,5,3,2,0,5,4,2,3,8,1,5,1,4,1,3,3,2,5,2,2,3,5,6,7,3,3,3,5,7,1,3,3,4,2,2,8,1,3,4,3,2,1,9,2,7,1,2,3,2,5,3,2,0,2,1,3,3,4,5,4,2,1,4,5,4,7,5,0,4,2,1,2,3,2,2,5,56,41,0,3,0,2,3,3,2,4,6,3
2,1,7,6,2,4,3,6,7,6,1,2,6,4,5,3,4,5,8,1,5,4,4,2,3,3,2,4,2,1,3,2,4,3,2,3,4,4,7,0,2,3,7,4,2,2,3,4,2,5,2,4,2,2,6,3,5,4,4,2,3,5,3,2,8,1,3,5,6,3,4,5,5,2,5,8,1,3,4,3,2,1,9,2,7,1,2,3,2,5,3,2,0,2,1,3,3,4,5,4,2,1,4,5,4,7,5,0,4,2,1,2,3,2,2,5,56,41,0,3,0,2,3,3,2,4,6,3
2,1,7,6,2,4,3,6,7,6,1,2,6,4,5,3,4,5,8,1,5,4,4,2,3,3,2,4,2,1,3,2,4,3,2,3,4,4,7,0,2,3,7,4,2,2,3,4,2,5,2,4,2,2,6,3,5,4,4,2,3,5,3,2,8,1,3,5,6,3,4,5,5,2,5,1,1,3,4,4,2,1,6,3,5,4,6,4,2,4,3,1,1,3,4,3,5,1,3,4,4,1,5,3,2,4,0,4,5,4,3,3,2,2,6,4,2,4,6,1,3,3,2,3,3,4,1,5
0,5,8,4,1,4,1,2,0,3,1,5,4,2,6,2,2,2,4,6,4,5,2,3,4,3,5,3,2,2,2,4,3,3,3,3,6,5,0,2,4,6,3,4,3,2,5,3,4,1,5,4,2,5,7,3,3,3,3,4,2,2,1,3,3,5,2,1,2,4,1,2,3,4,2,1,1,3,4,4,2,1,6,3,5,4,6,4,2,4,3,1,1,3,4,3,5,1,3,4,4,1,5,3,2,4,0,4,5,4,3,3,2,2,6,4,2,4,6,1,3,3,2,3,3,4,1,5
2,5,8,4,1,4,1,2,0,3,1,5,4,2,6,2,2,2,4,6,4,5,2,3,4,3,5,3,2,2,2,4,3,3,3,3,6,5,0,2,4,6,3,4,3,2,5,3,4,1,5,4,2,5,7,3,3,3,3,4,2,2,1,3,3,5,2,1,2,4,1,2,3,4,2,4,7,5,3,7,6,3,4,3,4,2,2,3,3,3,4,3,1,7,2,4,2,2,4,4,4,2,5,2,4,1,6,3,2,2,1,2,5,3,5,3,2,0,3,2,2,5,5,3,6,3,5,5
4,2,0,2,2,1,2,6,2,8,2,7,6,0,4,3,3,5,3,4,9,2,4,5,2,2,4,5,0,4,2,2,6,2,2,2,4,4,1,1,2,4,3,2,2,4,2,2,2,7,1,3,2,4,3,2,2,4,0,6,5,4,3,10,3,2,2,3,2,2,1,3,2,5,2,4,7,5,3,7,6,3,4,3,4,2,2,3,3,3,4,3,1,7,2,4,2,2,4,4,4,2,5,2,4,1,6,3,2,2,1,2,5,3,5,3,2,0,3,2,2,5,5,3,6,3,5,5
4,2,0,2,2,1,2,6,2,8,2,7,6,0,4,3,3,5,3,4,9,2,4,5,2,2,4,5,0,4,2,2,6,2,2,2,4,4,1,1,2,4,3,2,2,4,2,2,2,7,1,3,2,4,3,2,2,4,0,6,5,4,3,10,3,2,2,3,2,2,1,3,2,5,2,1,5,5,3,5,1,6,3,1,4,1,2,7,3,3,4,5,2,34,14,0,3,1,1,1,2,3,0,3,3,3,6,4,4,4,5,3,5,4,2,2,3,5,4,1,4,2,1,4,3,3,4,4
3,3,4,2,7,2,5,3,4,3,0,2,4,4,9,3,6,4,6,1,4,4,2,5,4,7,2,2,17,9,0,7,1,3,2,6,3,3,2,5,2,3,4,4,3,4,4,2,5,6,1,2,4,2,2,4,3,2,3,4,2,3,5,4,3,3,2,2,5,2,2,6,6,4,1,1,5,5,3,5,1,6,3,1,4,1,2,7,3,3,4,5,2,34,14,0,3,1,1,1,2,3,0,3,3,3,6,4,4,4,5,3,5,4,2,2,3,5,4,1,4,2,1,4,3,3,4,4
3,3,4,2,7,2,5,3,4,3,0,2,4,4,9,3,6,4,6,1,4,4,2,5,4,7,2,2,17,9,0,7,1,3,2,6,3,3,2,5,2,3,4,4,3,4,4,2,5,6,1,2,4,2,2,4,3,2,3,4,2,3,5,4,3,3,2,2,5,2,2,6,6,4,1,5,3,1,1,2,5,3,3,4,2,7,4,4,8,3,1,1,3,3,2,2,0,4,3,6,3,3,3,2,4,1,6,1,3,4,4,3,6,4,3,2,4,1,4,2,1,5,3,3,6,1,4,1
4,5,2,1,3,2,3,1,1,4,2,6,7,6,2,1,5,6,4,2,1,2,1,3,6,2,2,2,7,4,5,4,5,7,7,8,2,1,4,2,0,3,3,4,4,4,2,4,2,6,2,0,3,2,3,67,23,0,2,0,1,0,0,1,1,4,6,7,3,4,1,1,2,2,6,5,3,1,1,2,5,3,3,4,2,7,4,4,8,3,1,1,3,3,2,2,0,4,3,6,3,3,3,2,4,1,6,1,3,4,4,3,6,4,3,2,4,1,4,2,1,5,3,3,6,1,4,1
4,5,2,1,3,2,3,1,1,4,2,6,7,6,2,1,5,6,4,2,1,2,1,3,6,2,2,2,7,4,5,4,5,7,7,8,2,1,4,2,0,3,3,4,4,4,2,4,2,6,2,0,3,2,3,67,23,0,2,0,1,0,0,1,1,4,6,7,3,4,1,1,2,2,6,4,3,1,4,3,2,4,1,3,4,2,5,3,4,8,33,2,0,2,2,4,3,10,2,4,2,0,4,4,3,2,3,4,2,1,4,4,6,1,4,2,4,3,8,4,58,0,0,1,1,0,6,6
4,4,2,2,2,0,6,4,2,6,3,3,6,2,2,2,1,5,3,1,5,3,3,5,1,5,7,5,2,1,4,2,7,1,3,1,3,3,3,4,2,3,6,3,4,4,2,4,1,1,5,1,2,2,3,3,3,1,4,3,3,3,1,5,4,1,2,3,2,4,2,1,3,4,3,4,3,1,4,3,2,4,1,3,4,2,5,3,4,8,33,2,0,2,2,4,3,10,2,4,2,0,4,4,3,2,3,4,2,1,4,4,6,1,4,2,4,3,8,4,58,0,0,1,1,0,6,6
5,4,2,2,2,0,6,4,2,6,3,3,6,2,2,2,1,5,3,1,5,3,3,5,1,5,7,5,2,1,4,2,7,1,3,1,3,3,3,4,2,3,6,3,4,4,2,4,1,1,5,1,2,2,3,3,3,1,4,3,3,3,1,5,4,1,2,3,2,4,2,1,3,4,3,2,4,3,4,3,2,2,6,3,6,4,4,4,1,4,4,39,8,1,1,0,2,2,4,1,4,3,6,3,5,5,3,3,3,3,2,2,2,8,6,3,4,5,5,60,27,0,0,1,1,6,3,2
5,2,3,8,4,3,10,2,5,1,3,2,4,3,2,4,2,7,8,8,2,4,2,3,3,1,4,2,3,3,6,4,2,3,2,1,4,3,3,4,3,3,4,1,4,2,2,2,5,3,2,1,5,33,12,0,0,57,30,0,0,3,0,0,0,1,3,2,4,7,2,3,2,0,4,2,4,3,4,3,2,2,6,3,6,4,4,4,1,4,4,39,8,1,1,0,2,2,4,1,4,3,6,3,5,5,3,3,3,3,2,2,2,8,6,3,4,5,5,60,27,0,0,1,1,6,3,2
4,2,3,8,4,3,10,2,5,1,3,2,4,3,2,4,2,7,8,8,2,4,2,3,3,1,4,2,3,3,6,4,2,3,2,1,4,3,3,4,3,3,4,1,4,2,2,2,5,3,2,1,5,33,12,0,0,57,30,0,0,3,0,0,0,1,3,2,4,7,2,3,2,0,4,7,2,3,4,1,4,2,2,1,6,5,3,5,5,1,1,3,38,1,3,2,2,4,1,2,1,3,4,2,4,3,4,6,1,4,5,4,0,6,4,5,2,2,3,4,3,3,2,4,5,3,2,7
4,2,4,4,1,3,2,5,3,2,2,1,3,2,6,3,2,1,5,4,1,2,2,3,2,2,2,4,3,4,6,3,5,7,3,1,3,2,8,5,4,1,4,3,4,1,1,8,2,1,6,6,3,6,2,2,1,3,7,2,5,8,6,1,4,2,5,1,4,4,3,7,3,6,2,7,2,3,4,1,4,2,2,1,6,5,3,5,5,1,1,3,38,1,3,2,2,4,1,2,1,3,4,2,4,3,4,6,1,4,5,4,0,6,4,5,2,2,3,4,3,3,2,4,5,3,2,7
4,2,4,4,1,3,2,5,3,2,2,1,3,2,6,3,2,1,5,4,1,2,2,3,2,2,2,4,3,4,6,3,5,7,3,1,3,2,8,5,4,1,4,3,4,1,1,8,2,1,6,6,3,6,2,2,1,3,7,2,5,8,6,1,4,2,5,1,4,4,3,7,3,6,2,6,5,2,2,6,2,1,3,7,0,2,2,2,2,3,5,5,7,7,30,10,0,2,0,3,1,3,5,3,4,5,2,7,1,2,4,3,4,1,2,46,0,1,1,4,0,4,2,1,2,4,3,5
0,1,5,7,2,2,6,5,1,5,2,4,1,2,5,5,3,5,3,5,5,2,1,4,2,4,1,1,1,8,3,2,1,4,4,2,5,5,6,4,2,5,4,1,7,3,5,2,7,1,2,2,9,7,4,3,0,3,7,3,1,5,2,8,2,3,2,2,4,3,2,5,3,6,2,6,5,2,2,6,2,1,3,7,0,2,2,2,2,3,5,5,7,7,30,10,0,2,0,3,1,3,5,3,4,5,2,7,1,2,4,3,4,1,2,46,0,1,1,4,0,4,2,1,2,4,3,5
0,1,5,7,2,2,6,5,1,5,2,4,1,2,5,5,3,5,3,5,5,2,1,4,2,4,1,1,1,8,3,2,1,4,4,2,5,5,6,4,2,5,4,1,7,3,5,2,7,1,2,2,9,7,4,3,0,3,7,3,1,5,2,8,2,3,2,2,4,3,2,5,3,6,3,3,2,2,2,2,3,4,8,5,2,1,2,1,4,2,3,6,3,35,2,2,1,0,1,1,4,3,2,6,2,5,1,2,6,4,1,6,6,2,3,6,2,5,4,2,2,8,5,2,2,4,2,3
2,4,3,3,4,2,1,8,4,3,5,3,4,3,5,2,2,1,1,2,3,2,2,2,1,1,3,4,2,3,2,7,3,2,2,4,1,6,1,2,6,5,2,6,3,2,3,5,3,5,2,7,8,5,6,1,25,1,0,3,0,1,2,1,2,3,3,2,6,6,2,4,2,1,3,3,2,2,2,2,3,4,8,5,2,1,2,1,4,2,3,6,3,35,2,2,1,0,1,1,4,3,2,6,2,5,1,2,6,4,1,6,6,2,3,6,2,5,4,2,2,8,5,2,2,4,2,3
2,4,3,3,4,2,1,8,4,3,5,3,4,3,5,2,2,1,1,2,3,2,2,2,1,1,3,4,2,3,2,7,3,2,2,4,1,6,1,2,6,5,2,6,3,2,3,5,3,5,2,7,8,5,6,1,25,1,0,3,0,1,2,1,2,3,3,2,6,6,2,4,2,1,2,4,1,4,3,7,2,0,5,1,4,5,3,2,4,3,3,2,3,5,4,7,1,1,5,5,3,2,5,4,2,1,3,2,3,1,3,4,1,5,2,1,2,6,1,4,2,4,8,6,3,3,4,4
0,4,5,2,5,3,2,2,4,3,4,2,6,3,3,1,6,2,2,4,1,5,3,4,4,4,2,1,7,8,2,3,1,3,3,2,6,3,4,3,3,5,3,7,5,7,2,6,4,2,6,3,3,3,2,4,1,3,2,4,4,7,3,4,4,0,4,3,3,5,5,5,2,3,1,4,1,4,3,7,2,0,5,1,4,5,3,2,4,3,3,2,3,5,4,7,1,1,5,5,3,2,5,4,2,1,3,2,3,1,3,4,1,5,2,1,2,6,1,4,2,4,8,6,3,3,4,4
1,4,5,2,5,3,2,2,4,3,4,2,6,3,3,1,6,2,2,4,1,5,3,4,4,4,2,1,7,8,2,3,1,3,3,2,6,3,4,3,3,5,3,7,5,7,2,6,4,2,6,3,3,3,2,4,1,3,2,4,4,7,3,4,4,0,4,3,3,5,5,5,2,3,1,5,4,1,3,3,3,1,1,6,2,7,1,4,3,3,2,3,2,6,5,3,1,3,5,3,4,4,2,1,6,7,1,3,4,5,3,2,2,4,2,2,4,2,5,5,6,2,2,3,2,5,1,3
1,2,5,3,3,2,5,6,4,4,1,2,4,2,6,3,2,4,3,7,2,3,4,4,5,1,4,2,4,2,2,5,2,4,4,2,2,3,2,1,6,2,0,7,3,1,4,2,4,5,1,1,3,1,1,2,4,2,6,5,6,3,1,1,2,3,5,2,2,5,1,2,3,7,3,5,4,1,3,3,3,1,1,6,2,7,1,4,3,3,2,3,2,6,5,3,1,3,5,3,4,4,2,1,6,7,1,3,4,5,3,2,2,4,2,2,4,2,5,5,6,2,2,3,2,5,1,3
0,2,5,3,3,2,5,6,4,4,1,2,4,2,6,3,2,4,3,7,2,3,4,4,5,1,4,2,4,2,2,5,2,4,4,2,2,3,2,1,6,2,0,7,3,1,4,2,4,5,1,1,3,1,1,2,4,2,6,5,6,3,1,1,2,3,5,2,2,5,1,2,3,7,3,1,2,3,6,1,6,1,3,4,1,3,2,7,2,2,8,4,2,3,6,1,1,3,1,3,3,4,1,3,8,3,4,3,4,6,2,4,4,1,4,2,3,4,6,4,4,2,6,5,5,3,6,2
4,3,6,1,5,5,4,1,4,1,4,3,3,1,2,4,2,5,1,0,4,3,4,5,1,2,6,2,6,3,3,3,1,2,3,3,3,2,2,3,3,4,4,1,4,3,3,4,5,3,5,3,2,4,3,1,3,2,3,5,4,2,2,3,4,3,6,2,2,3,3,5,3,8,5,1,2,3,6,1,6,1,3,4,1,3,2,7,2,2,8,4,2,3,6,1,1,3,1,3,3,4,1,3,8,3,4,3,4,6,2,4,4,1,4,2,3,4,6,4,4,2,6,5,5,3,6,2
4,3,6,1,5,5,4,1,4,1,4,3,3,1,2,4,2,5,1,0,4,3,4,5,1,2,6,2,6,3,3,3,1,2,3,3,3,2,2,3,3,4,4,1,4,3,3,4,5,3,5,3,2,4,3,1,3,2,3,5,4,2,2,3,4,3,6,2,2,3,3,5,3,8,5,2,2,3,2,2,3,2,3,4,3,3,2,4,2,2,4,6,3,3,6,0,2,4,0,4,5,6,1,4,3,2,4,2,8,0,3,2,6,1,5,4,3,7,4,2,3,6,2,1,4,5,4,1
3,7,2,4,2,2,3,4,3,3,2,4,6,7,3,0,1,2,3,3,5,2,6,1,6,2,3,5,6,6,2,8,5,3,3,3,3,3,3,1,7,2,3,3,6,4,2,1,4,5,1,3,2,7,3,3,4,10,7,7,0,3,1,3,4,4,3,1,3,3,3,4,3,5,5,2,2,3,2,2,3,2,3,4,3,3,2,4,2,2,4,6,3,3,6,0,2,4,0,4,5,6,1,4,3,2,4,2,8,0,3,2,6,1,5,4,3,7,4,2,3,6,2,1,4,5,4,1
3,7,2,4,2,2,3,4,3,3,2,4,6,7,3,0,1,2,3,3,5,2,6,1,6,2,3,5,6,6,2,8,5,3,3,3,3,3,3,1,7,2,3,3,6,4,2,1,4,5,1,3,2,7,3,3,4,10,7,7,0,3,1,3,4,4,3,1,3,3,3,4,3,5,5,5,3,3,3,7,2,2,3,1,3,3,6,10,5,2,5,2,2,4,2,1,1,1,2,3,2,5,3,5,2,1,3,3,3,7,3,1,3,4,2,3,5,4,2,5,5,3,0,5,4,2,2,2
1,3,3,4,2,5,1,2,4,3,3,3,1,1,6,3,2,2,5,5,5,2,1,5,2,2,3,4,6,2,3,2,1,6,3,1,6,1,2,4,3,2,5,5,4,5,2,3,68,0,0,0,0,3,0,2,2,5,1,4,6,3,0,2,1,3,1,4,4,8,2,1,3,3,6,1,2,6,2,3,1,8,1,2,7,1,5,3,1,5,3,2,2,10,2,4,8,4,2,3,4,2,3,3,6,1,4,3,4,1,6,6,5,3,3,5,4,2,8,6,3,3,3,3,3,3,5,2
1,3,3,4,2,5,1,2,4,3,3,3,1,1,6,3,2,2,5,5,5,2,1,5,2,2,3,4,6,2,3,2,1,6,3,1,6,1,2,4,3,2,5,5,4,5,2,3,68,0,0,0,0,3,0,2,2,5,1,4,6,3,0,2,1,3,1,4,4,8,2,1,3,3,6,3,5,4,5,1,18,1,4,1,5,3,2,3,9,3,2,1,2,4,4,4,4,3,7,5,2,3,2,4,3,3,1,3,4,5,4,3,6,2,2,3,1,2,2,1,3,6,3,1,6,4,1,4
3,3,4,3,3,4,1,4,6,1,3,3,3,7,3,2,2,4,4,3,6,5,5,1,10,1,2,6,2,4,1,2,5,3,4,1,3,3,7,1,3,0,2,2,0,3,4,2,2,3,2,3,3,2,6,5,2,2,2,4,3,3,1,6,4,2,2,6,0,2,1,4,2,9,1,3,5,4,5,1,18,1,4,1,5,3,2,3,9,3,2,1,2,4,4,4,4,3,7,5,2,3,2,4,3,3,1,3,4,5,4,3,6,2,2,3,1,2,2,1,3,6,3,1,6,4,1,4
3,3,4,3,3,4,1,4,6,1,3,3,3,7,3,2,2,4,4,3,6,5,5,1,10,1,2,6,2,4,1,2,5,3,4,1,3,3,7,1,3,0,2,2,0,3,4,2,2,3,2,3,3,2,6,5,2,2,2,4,3,3,1,6,4,2,2,6,0,2,1,4,2,9,1,1,9,1,3,2,4,4,2,4,6,1,2,1,2,36,0,1,0,5,2,1,6,2,7,1,4,1,4,1,2,3,4,6,1,3,2,5,2,2,3,4,2,5,3,4,5,1,2,5,3,2,4,3
3,3,3,0,5,3,3,0,1,2,7,1,5,3,5,2,2,2,4,4,3,1,4,6,5,1,1,3,2,4,2,4,2,4,5,2,9,2,7,5,2,4,3,3,5,1,2,2,4,3,1,4,1,4,2,5,1,6,3,1,5,3,4,3,3,2,5,4,0,8,2,3,2,4,5,1,9,1,3,2,4,4,2,4,6,1,2,1,2,36,0,1,0,5,2,1,6,2,7,1,4,1,4,1,2,3,4,6,1,3,2,5,2,2,3,4,2,5,3,4,5,1,2,5,3,2,4,3
3,3,3,0,5,3,3,0,1,2,7,1,5,3,5,2,2,2,4,4,3,1,4,6,5,1,1,3,2,4,2,4,2,4,5,2,9,2,7,5,2,4,3,3,5,1,2,2,4,3,1,4,1,4,2,5,1,6,3,1,5,3,4,3,3,2,5,4,0,8,2,3,2,4,5,3,2,1,2,1,3,3,4,3,5,4,3,3,2,3,2,4,19,2,2,3,3,2,3,2,3,1,3,3,2,2,1,4,7,61,7,0,1,3,1,2,4,3,1,0,5,3,2,2,5,1,2,2
3,4,4,4,2,2,2,3,3,3,3,4,4,5,1,2,2,6,2,1,2,3,5,4,5,5,3,5,2,6,3,3,1,4,1,5,3,2,6,8,3,1,2,1,5,3,1,2,2,4,5,1,7,4,4,3,3,1,1,77,0,0,0,0,1,2,3,9,2,2,1,6,5,6,1,3,2,1,2,1,3,3,4,3,5,4,3,3,2,3,2,4,19,2,2,3,3,2,3,2,3,1,3,3,2,2,1,4,7,61,7,0,1,3,1,2,4,3,1,0,5,3,2,2,5,1,2,2
3,4,4,4,2,2,2,3,3,3,3,4,4,5,1,2,2,6,2,1,2,3,5,4,5,5,3,5,2,6,3,3,1,4,1,5,3,2,6,8,3,1,2,1,5,3,1,2,2,4,5,1,7,4,4,3,3,1,1,77,0,0,0,0,1,2,3,9,2,2,1,6,5,6,1,1,3,2,1,3,2,3,5,1,3,4,5,5,3,3,3,7,2,2,4,1,3,1,2,3,2,2,2,1,8,2,2,5,1,5,3,3,58,0,0,64,0,1,0,0,0,2,0,3,3,2,1,0
6,4,5,2,3,7,2,2,4,5,1,2,5,2,3,4,3,3,4,2,4,2,2,2,4,5,2,6,1,2,2,1,4,4,6,3,7,1,2,1,4,1,1,5,8,2,1,1,4,2,4,4,1,3,7,6,1,5,3,5,9,3,1,6,2,2,5,4,6,3,4,3,4,2,0,1,3,2,1,3,2,3,5,1,3,4,5,5,3,3,3,7,2,2,4,1,3,1,2,3,2,2,2,1,8,2,2,5,1,5,3,3,58,0,0,64,0,1,0,0,0,2,0,3,3,2,1,0
6,4,5,2,3,7,2,2,4,5,1,2,5,2,3,4,3,3,4,2,4,2,2,2,4,5,2,6,1,2,2,1,4,4,6,3,7,1,2,1,4,1,1,5,8,2,1,1,4,2,4,4,1,3,7,6,1,5,3,5,9,3,1,6,2,2,5,4,6,3,4,3,4,2,0,5,2,4,1,5,2,5,4,30,2,2,2,8,4,7,4,3,7,0,3,3,1,2,5,4,9,2,5,3,3,3,2,3,2,3,2,4,1,2,1,4,2,2,3,2,5,4,2,5,6,3,3,5
1,3,1,3,3,6,1,5,7,6,2,3,3,2,4,2,11,3,3,3,3,0,1,2,2,6,6,5,4,6,2,2,1,3,5,1,3,2,3,2,1,4,4,2,8,3,3,5,2,3,3,4,5,1,3,5,7,24,0,3,2,2,2,5,3,2,3,3,5,5,4,4,1,6,2,5,2,4,1,5,2,5,4,30,2,2,2,8,4,7,4,3,7,0,3,3,1,2,5,4,9,2,5,3,3,3,2,3,2,3,2,4,1,2,1,4,2,2,3,2,5,4,2,5,6,3,3,5
1,3,1,3,3,6,1,5,7,6,2,3,3,2,4,2,11,3,3,3,3,0,1,2,2,6,6,5,4,6,2,2,1,3,5,1,3,2,3,2,1,4,4,2,8,3,3,5,2,3,3,4,5,1,3,5,7,24,0,3,2,2,2,5,3,2,3,3,5,5,4,4,1,6,2,5,2,5,5,1,2,7,2,1,7,4,4,4,3,4,4,1,5,8,3,7,4,3,2,6,6,1,5,3,3,2,3,3,2,1,1,3,3,2,2,3,4,4,4,1,4,8,3,1,6,3,3,1
0,3,5,2,3,4,3,3,3,2,6,3,1,3,3,3,2,3,1,2,3,2,3,5,6,1,8,5,1,3,2,4,7,1,2,4,2,4,2,3,4,4,3,3,1,3,5,4,2,2,2,2,5,2,1,3,5,3,2,5,3,3,4,4,7,6,4,6,2,3,3,3,1,3,3,5,2,5,5,1,2,7,2,1,7,4,4,4,3,4,4,1,5,8,3,7,4,3,2,6,6,1,5,3,3,2,3,3,2,1,1,3,3,2,2,3,4,4,4,1,4,8,3,1,6,3,3,1
0,3,5,2,3,4,3,3,3,2,6,3,1,3,3,3,2,3,1,2,3,2,3,5,6,1,8,5,1,3,2,4,7,1,2,4,2,4,2,3,4,4,3,3,1,3,5,4,2,2,2,2,5,2,1,3,5,3,2,5,3,3,4,4,7,6,4,6,2,3,3,3,1,3,3,3,3,4,1,1,3,5,28,6,5,2,0,3,4,3,4,2,2,1,2,2,2,4,5,2,2,1,3,3,6,2,4,4,1,2,4,4,4,3,3,2,2,5,4,2,1,8,2,4,3,3,3,3
5,4,2,3,2,2,4,1,8,5,0,2,3,4,2,2,3,4,4,1,4,6,3,5,4,2,6,7,2,2,1,1,6,2,4,5,1,3,3,4,4,8,6,3,3,5,2,2,4,3,4,3,1,5,2,1,2,7,5,5,4,3,2,5,1,2,5,7,2,2,6,1,4,7,6,3,3,4,1,1,3,5,28,6,5,2,0,3,4,3,4,2,2,1,2,2,2,4,5,2,2,1,3,3,6,2,4,4,1,2,4,4,4,3,3,2,2,5,4,2,1,8,2,4,3,3,3,3
5,4,2,3,2,2,4,1,8,5,0,2,3,4,2,2,3,4,4,1,4,6,3,5,4,2,6,7,2,2,1,1,6,2,4,5,1,3,3,4,4,8,6,3,3,5,2,2,4,3,4,3,1,5,2,1,2,7,5,5,4,3,2,5,1,2,5,7,2,2,6,1,4,7,6,3,2,6,3,1,1,3,2,6,0,2,1,4,3,4,2,1,17,4,3,4,4,3,1,3,1,5,3,3,4,4,3,1,6,3,4,6,2,1,3,3,2,3,6,5,4,4,4,5,4,1,2,7
2,3,1,4,3,3,9,5,3,3,3,5,2,5,3,4,5,4,2,6,5,2,1,1,5,1,2,6,4,3,1,5,3,3,3,5,4,4,1,2,5,4,2,7,2,8,5,6,4,1,8,3,2,4,3,6,0,1,4,3,3,5,1,2,3,1,2,7,4,6,3,3,5,4,0,3,2,6,3,1,1,3,2,6,0,2,1,4,3,4,2,1,17,4,3,4,4,3,1,3,1,5,3,3,4,4,3,1,6,3,4,6,2,1,3,3,2,3,6,5,4,4,4,5,4,1,2,7
2,3,1,4,3,3,9,5,3,3,3,5,2,5,3,4,5,4,2,6,5,2,1,1,5,1,2,6,4,3,1,5,3,3,3,5,4,4,1,2,5,4,2,7,2,8,5,6,4,1,8,3,2,4,3,6,0,1,4,3,3,5,1,2,3,1,2,7,4,6,3,3,5,4,0,1,3,4,7,1,2,15,4,1,2,2,4,5,4,5,4,1,2,5,4,3,6,2,2,6,3,2,4,1,4,5,4,2,1,2,4,1,7,2,4,2,7,2,2,3,2,2,6,2,6,3,6,1
1,5,2,4,3,2,2,5,6,5,4,4,2,5,2,5,5,2,2,6,2,3,6,4,4,4,4,3,4,4,3,1,3,1,6,4,4,3,2,2,2,3,4,5,5,3,5,1,3,4,2,6,4,2,2,2,3,5,0,4,5,4,6,3,5,3,2,5,4,1,6,9,5,3,2,1,3,4,7,1,2,15,4,1,2,2,4,5,4,5,4,1,2,5,4,3,6,2,2,6,3,2,4,1,4,5,4,2,1,2,4,1,7,2,4,2,7,2,2,3,2,2,6,2,6,3,6,1
2,5,2,4,3,2,2,5,6,5,4,4,2,5,2,5,5,2,2,6,2,3,6,4,4,4,4,3,4,4,3,1,3,1,6,4,4,3,2,2,2,3,4,5,5,3,5,1,3,4,2,6,4,2,2,2,3,5,0,4,5,4,6,3,5,3,2,5,4,1,6,9,5,3,2,5,3,2,3,6,5,9,3,3,2,5,4,3,4,2,1,33,7,0,3,1,1,1,1,3,3,8,2,2,1,1,4,3,4,5,3,4,3,5,2,3,3,4,5,0,4,2,1,5,6,6,4,4
3,2,5,6,4,5,2,5,6,4,3,4,4,1,2,3,3,6,2,2,3,4,4,1,7,1,3,3,7,1,2,3,5,6,3,1,2,0,4,2,6,4,2,2,5,1,4,4,4,5,8,2,3,1,2,4,4,0,2,3,4,2,3,3,7,8,2,1,5,1,4,3,2,3,2,5,3,2,3,6,5,9,3,3,2,5,4,3,4,2,1,33,7,0,3,1,1,1,1,3,3,8,2,2,1,1,4,3,4,5,3,4,3,5,2,3,3,4,5,0,4,2,1,5,6,6,4,4
3,2,5,6,4,5,2,5,6,4,3,4,4,1,2,3,3,6,2,2,3,4,4,1,7,1,3,3,7,1,2,3,5,6,3,1,2,0,4,2,6,4,2,2,5,1,4,4,4,5,8,2,3,1,2,4,4,0,2,3,4,2,3,3,7,8,2,1,5,1,4,3,2,3,2,4,3,3,6,1,3,4,2,2,4,2,6,2,4,2,2,26,2,4,2,1,6,1,1,2,5,6,1,4,11,5,4,0,5,1,6,5,4,6,6,3,7,1,5,4,2,1,7,1,2,4,1,10
1,2,2,6,2,8,4,3,3,5,1,3,6,2,2,3,7,4,2,5,2,4,6,4,2,3,1,1,2,2,2,4,5,0,4,1,2,5,2,4,4,6,2,2,8,2,5,1,6,2,2,4,4,1,2,3,2,5,3,2,6,2,4,2,3,1,2,3,1,7,4,3,4,4,2,4,3,3,6,1,3,4,2,2,4,2,6,2,4,2,2,26,2,4,2,1,6,1,1,2,5,6,1,4,11,5,4,0,5,1,6,5,4,6,6,3,7,1,5,4,2,1,7,1,2,4,1,10
1,2,2,6,2,8,4,3,3,5,1,3,6,2,2,3,7,4,2,5,2,4,6,4,2,3,1,1,2,2,2,4,5,0,4,1,2,5,2,4,4,6,2,2,8,2,5,1,6,2,2,4,4,1,2,3,2,5,3,2,6,2,4,2,3,1,2,3,1,7,4,3,4,4,6,2,6,2,2,6,3,3,4,3,5,1,4,3,3,2,3,32,20,7,1,1,5,1,3,6,6,5,5,1,3,2,1,4,3,2,2,3,2,3,3,2,3,2,3,2,1,4,5,4,4,1,1,4
4,0,1,3,3,1,6,2,8,5,2,10,0,3,0,5,2,3,5,1,3,4,2,4,3,6,4,2,2,4,4,1,3,2,2,7,6,4,2,2,1,5,2,6,4,7,1,4,5,1,8,3,3,2,9,2,5,2,3,2,7,3,5,3,1,2,6,3,8,2,2,2,3,1,6,2,6,2,2,6,3,3,4,3,5,1,4,3,3,2,3,32,20,7,1,1,5,1,3,6,6,5,5,1,3,2,1,4,3,2,2,3,2,3,3,2,3,2,3,2,1,4,5,4,4,1,1,4
4,0,1,3,3,1,6,2,8,5,2,10,0,3,0,5,2,3,5,1,3,4,2,4,3,6,4,2,2,4,4,1,3,2,2,7,6,4,2,2,1,5,2,6,4,7,1,4,5,1,8,3,3,2,9,2,5,2,3,2,7,3,5,3,1,2,6,3,8,2,2,2,3,1,2,4,3,9,2,7,2,12,1,1,25,1,4,3,1,1,5,2,3,4,6,3,0,5,5,5,2,2,2,3,2,2,1,4,3,1,9,1,1,5,3,1,4,2,3,53,0,3,0,1,1,0,3,2
3,3,1,4,3,2,4,4,1,10,3,2,2,2,1,6,2,2,6,2,1,2,5,2,6,3,5,3,4,2,3,1,1,10,2,4,3,4,3,3,2,6,2,2,5,5,5,4,3,2,4,5,2,4,3,2,1,2,2,2,3,4,2,3,3,2,4,2,6,4,3,2,2,4,1,4,3,9,2,7,2,12,1,1,25,1,4,3,1,1,5,2,3,4,6,3,0,5,5,5,2,2,2,3,2,2,1,4,3,1,9,1,1,5,3,1,4,2,3,53,0,3,0,1,1,0,3,2
8,3,1,4,3,2,4,4,1,10,3,2,2,2,1,6,2,2,6,2,1,2,5,2,6,3,5,3,4,2,3,1,1,10,2,4,3,4,3,3,2,6,2,2,5,5,5,4,3,2,4,5,2,4,3,2,1,2,2,2,3,4,2,3,3,2,4,2,6,4,3,2,2,4,1,2,1,4,1,6,6,11,1,4,2,3,1,1,2,6,2,5,3,7,4,6,5,5,1,3,1,1,1,4,3,1,5,4,3,3,8,6,3,4,1,2,5,3,4,3,2,3,3,4,4,5,7,2
8,4,2,3,6,4,1,5,3,3,4,8,4,3,1,3,5,2,5,3,3,1,1,2,2,4,1,4,2,3,7,3,2,2,4,4,5,3,2,4,5,4,6,3,3,8,0,2,3,6,5,2,4,3,2,1,3,3,8,2,9,3,3,3,3,11,4,5,4,1,7,0,4,3,3,2,1,4,1,6,6,11,1,4,2,3,1,1,2,6,2,5,3,7,4,6,5,5,1,3,1,1,1,4,3,1,5,4,3,3,8,6,3,4,1,2,5,3,4,3,2,3,3,4,4,5,7,2
1,4,2,3,6,4,1,5,3,3,4,8,4,3,1,3,5,2,5,3,3,1,1,2,2,4,1,4,2,3,7,3,2,2,4,4,5,3,2,4,5,4,6,3,3,8,0,2,3,6,5,2,4,3,2,1,3,3,8,2,9,3,3,3,3,11,4,5,4,1,7,0,4,3,3,3,2,4,5,2,4,15,2,4,1,2,1,3,3,0,6,2,2,2,5,4,3,4,2,4,4,2,1,2,3,2,2,2,4,3,1,7,2,4,7,3,1,3,2,3,2,1,4,6,1,4,2,4
2,1,3,5,5,2,5,2,6,1,4,4,5,1,4,7,1,2,6,3,2,3,6,3,4,2,4,2,4,2,4,6,1,3,5,7,2,2,5,10,3,2,4,3,1,5,1,0,2,3,1,1,2,4,5,3,5,2,1,2,6,5,4,4,2,2,5,3,4,7,3,6,4,2,6,3,2,4,5,2,4,15,2,4,1,2,1,3,3,0,6,2,2,2,5,4,3,4,2,4,4,2,1,2,3,2,2,2,4,3,1,7,2,4,7,3,1,3,2,3,2,1,4,6,1,4,2,4
2,1,3,5,5,2,5,2,6,1,4,4,5,1,4,7,1,2,6,3,2,3,6,3,4,2,4,2,4,2,4,6,1,3,5,7,2,2,5,10,3,2,4,3,1,5,1,0,2,3,1,1,2,4,5,3,5,2,1,2,6,5,4,4,2,2,5,3,4,7,3,6,4,2,6,5,3,3,1,17,8,3,6,2,5,2,5,0,2,1,1,4,4,5,2,4,2,4,2,1,3,2,5,2,7,6,2,3,5,3,1,2,2,1,3,1,4,4,1,1,7,2,2,2,10,5,5,2
2,1,1,3,8,1,2,3,2,2,9,2,6,5,2,5,5,2,3,1,3,3,4,7,4,1,2,3,3,5,7,4,2,6,7,1,5,1,2,3,3,2,2,5,4,4,3,3,3,1,2,1,4,2,3,4,3,2,2,5,4,4,3,3,3,5,1,3,2,3,3,8,2,4,3,5,3,3,1,17,8,3,6,2,5,2,5,0,2,1,1,4,4,5,2,4,2,4,2,1,3,2,5,2,7,6,2,3,5,3,1,2,2,1,3,1,4,4,1,1,7,2,2,2,10,5,5,2
2,1,1,3,8,1,2,3,2,2,9,2,6,5,2,5,5,2,3,1,3,3,4,7,4,1,2,3,3,5,7,4,2,6,7,1,5,1,2,3,3,2,2,5,4,4,3,3,3,1,2,1,4,2,3,4,3,2,2,5,4,4,3,3,3,5,1,3,2,3,3,8,2,4,3,3,3,6,3,1,20,0,3,3,2,5,2,7,2,6,3,4,2,1,2,3,8,5,1,2,1,5,3,2,3,3,5,3,4,3,5,58,29,1,1,1,2,5,0,4,3,2,1,4,3,3,2,4
2,6,4,2,3,6,3,0,3,4,2,2,4,3,2,4,2,4,2,5,5,5,5,5,4,3,3,4,2,1,2,2,3,3,4,2,6,4,2,2,4,3,2,4,2,2,2,1,2,2,6,3,4,1,6,4,3,8,3,2,3,1,4,4,0,5,3,2,6,6,3,3,2,3,4,3,3,6,3,1,20,0,3,3,2,5,2,7,2,6,3,4,2,1,2,3,8,5,1,2,1,5,3,2,3,3,5,3,4,3,5,58,29,1,1,1,2,5,0,4,3,2,1,4,3,3,2,4
2,6,4,2,3,6,3,0,3,4,2,2,4,3,2,4,2,4,2,5,5,5,5,5,4,3,3,4,2,1,2,2,3,3,4,2,6,4,2,2,4,3,2,4,2,2,2,1,2,2,6,3,4,1,6,4,3,8,3,2,3,1,4,4,0,5,3,2,6,6,3,3,2,3,4,2,4,3,2,2,2,18,3,3,5,3,3,5,6,2,3,5,4,2,2,4,1,1,3,3,3,2,5,2,2,1,5,6,1,3,1,4,4,1,2,4,3,5,3,72,39,0,3,0,0,2,1,2
4,5,1,4,4,2,6,3,4,3,3,3,5,3,1,2,4,2,2,4,2,1,4,2,5,7,4,2,3,7,1,6,4,4,2,4,6,3,4,4,8,2,3,1,1,1,3,6,6,7,6,3,0,4,4,4,5,3,4,4,3,1,3,3,3,4,5,0,3,3,5,2,2,4,3,2,4,3,2,2,2,18,3,3,5,3,3,5,6,2,3,5,4,2,2,4,1,1,3,3,3,2,5,2,2,1,5,6,1,3,1,4,4,1,2,4,3,5,3,72,39,0,3,0,0,2,1,2
4,5,1,4,4,2,6,3,4,3,3,3,5,3,1,2,4,2,2,4,2,1,4,2,5,7,4,2,3,7,1,6,4,4,2,4,6,3,4,4,8,2,3,1,1,1,3,6,6,7,6,3,0,4,4,4,5,3,4,4,3,1,3,3,3,4,5,0,3,3,5,2,2,4,3,7,3,3,4,4,14,5,5,2,3,3,4,1,4,1,6,2,9,2,3,5,2,2,3,3,2,2,4,3,6,4,2,3,2,1,1,5,2,5,4,3,2,3,5,3,3,2,1,4,5,5,1,1
5,3,3,4,2,4,4,4,8,4,5,3,3,3,4,0,5,2,2,4,1,3,4,3,1,4,4,7,2,2,4,2,0,3,2,2,3,8,4,6,5,5,3,3,8,7,2,1,1,3,5,2,4,7,4,2,6,2,1,5,4,4,5,4,3,2,3,2,2,5,1,3,2,2,1,7,3,3,4,4,14,5,5,2,3,3,4,1,4,1,6,2,9,2,3,5,2,2,3,3,2,2,4,3,6,4,2,3,2,1,1,5,2,5,4,3,2,3,5,3,3,2,1,4,5,5,1,1
5,3,3,4,2,4,4,4,8,4,5,3,3,3,4,0,5,2,2,4,1,3,4,3,1,4,4,7,2,2,4,2,0,3,2,2,3,8,4,6,5,5,3,3,8,7,2,1,1,3,5,2,4,7,4,2,6,2,1,5,4,4,5,4,3,2,3,2,2,5,1,3,2,2,1,3,5,5,5,6,1,2,3,1,1,3,2,5,6,4,5,5,28,16,1,0,4,2,5,3,4,3,6,2,1,2,4,60,40,0,0,0,0,1,1,2,1,1,1,2,2,4,3,5,4,1,4,4
0,39,5,0,0,3,1,0,5,3,1,2,0,1,2,2,2,1,3,2,5,3,3,1,2,4,5,3,4,3,3,2,4,3,4,1,2,3,6,7,3,0,6,3,4,3,71,37,0,0,43,2,0,3,0,0,0,2,1,3,3,3,4,2,3,4,5,1,4,3,3,3,3,4,2,3,5,5,5,6,1,2,3,1,1,3,2,5,6,4,5,5,28,16,1,0,4,2,5,3,4,3,6,2,1,2,4,60,40,0,0,0,0,1,1,2,1,1,1,2,2,4,3,5,4,1,4,4
0,39,5,0,0,3,1,0,5,3,1,2,0,1,2,2,2,1,3,2,5,3,3,1,2,4,5,3,4,3,3,2,4,3,4,1,2,3,6,7,3,0,6,3,4,3,71,37,0,0,43,2,0,3,0,0,0,2,1,3,3,3,4,2,3,4,5,1,4,3,3,3,3,4,2,1,4,2,0,2,4,1,2,3,1,5,3,7,2,2,5,2,3,4,5,23,1,3,2,3,39,19,2,2,1,1,0,3,5,4,3,4,0,2,5,64,33,2,0,3,0,0,1,1,5,2,0,1
0,0,0,4,0,6,6,0,2,8,3,4,4,2,2,2,3,2,4,3,0,2,4,5,4,2,2,5,4,3,3,4,2,4,8,2,6,2,5,1,4,3,1,4,2,3,68,50,0,0,0,56,46,2,0,43,0,0,2,0,59,37,12,0,1,0,1,4,3,0,0,2,5,3,2,1,4,2,0,2,4,1,2,3,1,5,3,7,2,2,5,2,3,4,5,23,1,3,2,3,39,19,2,2,1,1,0,3,5,4,3,4,0,2,5,64,33,2,0,3,0,0,1,1,5,2,0,1
0,0,0,4,0,6,6,0,2,8,3,4,4,2,2,2,3,2,4,3,0,2,4,5,4,2,2,5,4,3,3,4,2,4,8,2,6,2,5,1,4,3,1,4,2,3,68,50,0,0,0,56,46,2,0,43,0,0,2,0,59,37,12,0,1,0,1,4,3,0,0,2,5,3,4,5,3,2,4,29,0,3,2,1,1,1,1,7,2,4,1,3,2,3,2,4,3,2,3,2,5,2,2,3,3,3,1,8,4,63,45,15,0,0,0,4,5,0,0,1,62,0,0,0,0,0,1,4
2,3,1,6,2,1,6,3,2,6,4,2,0,3,4,2,3,1,1,8,3,3,8,7,4,2,4,4,4,3,4,2,2,3,8,3,4,6,0,2,2,8,3,1,3,4,3,6,3,4,3,1,2,5,5,2,2,2,3,2,8,2,4,3,3,7,5,6,3,2,2,6,1,3,5,5,3,2,4,29,0,3,2,1,1,1,1,7,2,4,1,3,2,3,2,4,3,2,3,2,5,2,2,3,3,3,1,8,4,63,45,15,0,0,0,4,5,0,0,1,62,0,0,0,0,0,1,4
2,3,1,6,2,1,6,3,2,6,4,2,0,3,4,2,3,1,1,8,3,3,8,7,4,2,4,4,4,3,4,2,2,3,8,3,4,6,0,2,2,8,3,1,3,4,3,6,3,4,3,1,2,5,5,2,2,2,3,2,8,2,4,3,3,7,5,6,3,2,2,6,1,3,5,2,3,3,3,3,2,12,4,3,3,3,5,1,3,1,4,7,1,4,3,2,2,4,8,3,0,2,5,5,1,3,8,2,3,4,3,4,3,2,1,3,2,5,1,1,2,3,3,2,1,2,3,4
4,4,5,2,3,5,1,6,3,4,6,6,1,6,3,3,2,4,2,3,3,3,4,6,4,6,3,2,2,5,2,2,3,6,1,8,4,6,2,2,1,7,3,5,2,2,3,3,2,6,8,3,4,4,4,2,1,2,3,6,1,2,4,3,3,2,5,3,0,2,2,7,4,7,5,2,3,3,3,3,2,12,4,3,3,3,5,1,3,1,4,7,1,4,3,2,2,4,8,3,0,2,5,5,1,3,8,2,3,4,3,4,3,2,1,3,2,5,1,1,2,3,3,2,1,2,3,4
4,4,5,2,3,5,1,6,3,4,6,6,1,6,3,3,2,4,2,3,3,3,4,6,4,6,3,2,2,5,2,2,3,6,1,8,4,6,2,2,1,7,3,5,2,2,3,3,2,6,8,3,4,4,4,2,1,2,3,6,1,2,4,3,3,2,5,3,0,2,2,7,4,7,5,4,0,5,4,2,3,2,4,5,3,4,3,3,4,21,2,4,4,0,3,1,2,1,1,1,5,4,3,6,4,2,4,4,2,3,1,1,4,3,5,7,6,1,4,1,3,4,5,7,2,2,6,2
0,0,0,1,2,7,1,3,1,1,2,2,1,3,2,2,8,5,0,5,3,2,4,1,5,1,2,3,2,4,5,3,2,3,2,3,3,2,1,3,4,4,3,1,7,2,1,1,3,2,3,3,2,3,8,3,3,2,2,2,7,2,2,2,2,1,3,6,2,2,3,5,6,1,3,4,0,5,4,2,3,2,4,5,3,4,3,3,4,21,2,4,4,0,3,1,2,1,1,1,5,4,3,6,4,2,4,4,2,3,1,1,4,3,5,7,6,1,4,1,3,4,5,7,2,2,6,2
0,0,0,1,2,7,1,3,1,1,2,2,1,3,2,2,8,5,0,5,3,2,4,1,5,1,2,3,2,4,5,3,2,3,2,3,3,2,1,3,4,4,3,1,7,2,1,1,3,2,3,3,2,3,8,3,3,2,2,2,7,2,2,2,2,1,3,6,2,2,3,5,6,1,3,3,4,3,5,2,3,4,2,1,3,2,2,1,3,2,3,2,4,4,8,1,8,1,3,2,6,5,2,7,1,3,9,2,4,3,8,5,3,2,5,1,5,73,54,0,0,3,2,2,4,4,1,1
6,4,4,1,2,1,3,3,4,1,6,5,1,4,1,4,3,8,5,3,1,2,2,1,2,5,5,4,2,3,2,0,5,2,4,6,5,3,3,2,6,3,4,4,7,3,2,3,7,3,3,2,3,4,1,3,5,5,54,4,0,4,2,1,3,1,6,0,6,6,1,3,5,2,2,3,4,3,5,2,3,4,2,1,3,2,2,1,3,2,3,2,4,4,8,1,8,1,3,2,6,5,2,7,1,3,9,2,4,3,8,5,3,2,5,1,5,73,54,0,0,3,2,2,4,4,1,1
6,4,4,1,2,1,3,3,4,1,6,5,1,4,1,4,3,8,5,3,1,2,2,1,2,5,5,4,2,3,2,0,5,2,4,6,5,3,3,2,6,3,4,4,7,3,2,3,7,3,3,2,3,4,1,3,5,5,54,4,0,4,2,1,3,1,6,0,6,6,1,3,5,2,2,4,2,4,0,4,1,2,7,7,30,4,5,0,1,1,1,4,2,3,2,5,8,1,2,3,4,5,4,5,2,1,2,1,4,4,3,5,3,7,4,1,5,2,4,3,3,1,2,4,3,5,5,4
2,2,4,4,2,3,1,4,2,4,3,5,1,3,1,4,3,3,4,6,35,1,0,2,5,2,2,4,7,3,4,2,3,1,3,3,4,2,1,2,5,1,2,5,2,3,4,2,2,6,7,60,3,0,0,0,2,1,2,2,1,5,61,43,0,0,4,3,2,2,5,0,2,3,2,4,2,4,0,4,1,2,7,7,30,4,5,0,1,1,1,4,2,3,2,5,8,1,2,3,4,5,4,5,2,1,2,1,4,4,3,5,3,7,4,1,5,2,4,3,3,1,2,4,3,5,5,4
2,2,4,4,2,3,1,4,2,4,3,5,1,3,1,4,3,3,4,6,35,1,0,2,5,2,2,4,7,3,4,2,3,1,3,3,4,2,1,2,5,1,2,5,2,3,4,2,2,6,7,60,3,0,0,0,2,1,2,2,1,5,61,43,0,0,4,3,2,2,5,0,2,3,2,1,4,3,3,8,7,7,1,3,0,3,2,3,5,5,5,6,2,4,2,3,6,5,2,6,2,5,5,4,5,6,2,2,1,1,5,4,2,7,5,5,9,5,2,2,4,5,3,3,4,3,2,2
3,3,4,2,4,1,5,1,6,3,2,1,3,2,3,2,6,8,5,4,3,3,3,5,2,8,0,1,4,2,2,6,3,4,2,2,2,1,2,6,4,2,3,1,5,8,3,1,5,2,3,4,2,6,1,4,2,1,2,5,3,5,9,5,3,3,6,4,0,5,5,5,4,2,3,1,4,3,3,8,7,7,1,3,0,3,2,3,5,5,5,6,2,4,2,3,6,5,2,6,2,5,5,4,5,6,2,2,1,1,5,4,2,7,5,5,9,5,2,2,4,5,3,3,4,3,2,2
3,3,4,2,4,1,5,1,6,3,2,1,3,2,3,2,6,8,5,4,3,3,3,5,2,8,0,1,4,2,2,6,3,4,2,2,2,1,2,6,4,2,3,1,5,8,3,1,5,2,3,4,2,6,1,4,2,1,2,5,3,5,9,5,3,3,6,4,0,5,5,5,4,2,3,6,3,3,3,11,2,7,6,2,5,3,2,3,3,3,4,5,2,2,2,6,5,1,2,5,2,2,4,3,4,3,1,5,7,3,6,4,5,2,3,4,2,8,1,10,3,5,3,2,5,1,6,2
2,2,1,3,7,3,3,2,4,4,16,5,2,1,4,1,2,5,6,6,3,3,4,1,4,1,2,1,2,3,3,4,5,1,1,4,4,5,3,4,2,1,2,4,1,3,4,3,5,3,3,1,5,2,2,6,4,2,2,2,2,4,5,1,4,1,4,4,2,6,2,2,3,3,3,6,3,3,3,11,2,7,6,2,5,3,2,3,3,3,4,5,2,2,2,6,5,1,2,5,2,2,4,3,4,3,1,5,7,3,6,4,5,2,3,4,2,8,1,10,3,5,3,2,5,1,6,2
2,2,1,3,7,3,3,2,4,4,16,5,2,1,4,1,2,5,6,6,3,3,4,1,4,1,2,1,2,3,3,4,5,1,1,4,4,5,3,4,2,1,2,4,1,3,4,3,5,3,3,1,5,2,2,6,4,2,2,2,2,4,5,1,4,1,4,4,2,6,2,2,3,3,3,2,3,3,3,1,26,7,1,0,3,2,4,4,1,7,2,2,3,4,4,2,4,1,2,4,5,8,6,4,7,4,2,2,7,3,5,9,6,2,4,2,2,3,0,4,2,1,2,3,4,3,4,6
4,3,1,3,4,1,3,3,9,7,1,4,2,5,5,1,3,5,3,4,2,3,6,2,5,3,1,1,2,4,2,1,7,3,1,3,3,5,5,5,4,5,1,4,5,2,4,8,1,5,0,2,6,1,3,5,4,5,3,1,3,10,3,3,2,2,0,5,3,4,5,3,0,4,3,2,3,3,3,1,26,7,1,0,3,2,4,4,1,7,2,2,3,4,4,2,4,1,2,4,5,8,6,4,7,4,2,2,7,3,5,9,6,2,4,2,2,3,0,4,2,1,2,3,4,3,4,6
4,3,1,3,4,1,3,3,9,7,1,4,2,5,5,1,3,5,3,4,2,3,6,2,5,3,1,1,2,4,2,1,7,3,1,3,3,5,5,5,4,5,1,4,5,2,4,8,1,5,0,2,6,1,3,5,4,5,3,1,3,10,3,3,2,2,0,5,3,4,5,3,0,4,3,5,1,7,4,4,24,1,3,1,1,1,2,6,4,5,3,4,5,1,1,2,6,2,4,2,4,3,1,6,4,3,5,4,3,8,1,1,2,3,5,2,3,5,2,2,3,5,3,7,2,3,4,6
4,3,4,8,6,3,5,5,3,1,5,2,3,3,4,3,1,3,3,7,4,5,1,2,0,6,4,3,5,3,2,2,2,1,4,9,2,2,8,1,3,3,1,6,2,2,5,2,3,5,2,7,3,4,3,1,6,3,4,4,2,1,2,2,7,1,1,3,3,3,5,3,7,3,2,1,3,3,2,3,1,2,29,0,3,2,5,5,2,6,2,3,2,3,3,2,1,6,2,5,3,1,5,5,2,3,0,3,4,1,6,3,5,1,6,7,3,3,5,1,4,3,6,6,3,2,3,4
4,3,4,8,6,3,5,5,3,1,5,2,3,3,4,3,1,3,3,7,4,5,1,2,0,6,4,3,5,3,2,2,2,1,4,9,2,2,8,1,3,3,1,6,2,2,5,2,3,5,2,7,3,4,3,1,6,3,4,4,2,1,2,2,7,1,1,3,3,3,5,3,7,3,4,6,4,4,2,26,15,1,1,3,4,2,1,7,2,1,6,7,4,2,4,3,1,3,3,3,4,4,4,2,2,2,7,3,4,2,5,2,2,5,2,2,2,8,5,2,2,7,4,3,2,3,1,4
4,9,2,3,3,3,3,4,1,4,4,4,3,2,5,2,4,1,1,5,2,2,4,5,5,3,2,2,2,2,3,3,2,5,1,4,2,3,5,2,1,1,3,4,8,2,2,3,4,1,2,4,5,1,2,2,3,4,3,4,2,3,3,3,1,1,5,7,6,3,2,4,2,2,4,6,4,4,2,26,15,1,1,3,4,2,1,7,2,1,6,7,4,2,4,3,1,3,3,3,4,4,4,2,2,2,7,3,4,2,5,2,2,5,2,2,2,8,5,2,2,7,4,3,2,3,1,4
5,9,2,3,3,3,3,4,1,4,4,4,3,2,5,2,4,1,1,5,2,2,4,5,5,3,2,2,2,2,3,3,2,5,1,4,2,3,5,2,1,1,3,4,8,2,2,3,4,1,2,4,5,1,2,2,3,4,3,4,2,3,3,3,1,1,5,7,6,3,2,4,2,2,4,3,2,4,3,3,3,2,22,2,1,3,2,3,3,2,2,3,3,1,6,5,2,1,4,5,5,1,6,5,1,3,2,1,5,3,2,1,3,1,5,6,3,7,3,1,9,3,1,1,2,12,5,1
5,5,2,4,3,0,2,2,3,7,6,2,2,2,2,2,4,1,4,2,6,2,2,2,1,2,4,1,5,6,6,2,3,4,5,3,2,5,2,1,7,2,2,6,2,5,5,2,7,4,4,3,3,4,4,3,2,4,2,3,2,0,3,1,5,4,1,1,2,1,6,1,3,3,2,3,2,4,3,3,3,2,22,2,1,3,2,3,3,2,2,3,3,1,6,5,2,1,4,5,5,1,6,5,1,3,2,1,5,3,2,1,3,1,5,6,3,7,3,1,9,3,1,1,2,12,5,1
3,5,2,4,3,0,2,2,3,7,6,2,2,2,2,2,4,1,4,2,6,2,2,2,1,2,4,1,5,6,6,2,3,4,5,3,2,5,2,1,7,2,2,6,2,5,5,2,7,4,4,3,3,4,4,3,2,4,2,3,2,0,3,1,5,4,1,1,2,1,6,1,3,3,2,3,3,5,5,1,2,2,2,23,2,0,1,0,5,4,2,2,5,0,3,2,5,4,2,3,0,5,2,2,5,2,2,3,2,4,4,4,3,1,3,3,3,3,4,4,4,1,2,3,2,3,4,6
6,3,2,1,5,7,2,2,4,2,8,5,1,2,2,4,3,3,3,3,3,1,3,5,2,2,4,2,3,1,4,5,2,4,2,5,1,3,6,2,0,9,1,3,2,2,3,4,3,2,5,3,3,6,7,2,3,1,6,4,3,3,1,3,4,2,8,5,3,3,6,2,4,1,2,3,3,5,5,1,2,2,2,23,2,0,1,0,5,4,2,2,5,0,3,2,5,4,2,3,0,5,2,2,5,2,2,3,2,4,4,4,3,1,3,3,3,3,4,4,4,1,2,3,2,3,4,6
6,3,2,1,5,7,2,2,4,2,8,5,1,2,2,4,3,3,3,3,3,1,3,5,2,2,4,2,3,1,4,5,2,4,2,5,1,3,6,2,0,9,1,3,2,2,3,4,3,2,5,3,3,6,7,2,3,1,6,4,3,3,1,3,4,2,8,5,3,3,6,2,4,1,2,6,3,4,2,2,5,9,7,4,7,7,21,4,3,1,3,3,3,1,3,2,2,5,5,5,1,1,4,1,7,3,3,2,2,7,4,2,8,0,4,2,2,1,5,2,2,2,3,2,3,3,2,2
4,5,4,1,2,1,1,2,6,2,2,2,3,2,2,0,2,3,3,6,2,3,3,4,2,5,4,4,2,4,4,4,3,2,3,2,3,2,5,4,1,4,6,1,1,2,5,1,2,1,3,3,2,3,4,3,2,4,2,5,6,5,3,4,2,3,2,3,2,5,2,3,3,3,2,6,3,4,2,2,5,9,7,4,7,7,21,4,3,1,3,3,3,1,3,2,2,5,5,5,1,1,4,1,7,3,3,2,2,7,4,2,8,0,4,2,2,1,5,2,2,2,3,2,3,3,2,2
4,5,4,1,2,1,1,2,6,2,2,2,3,2,2,0,2,3,3,6,2,3,3,4,2,5,4,4,2,4,4,4,3,2,3,2,3,2,5,4,1,4,6,1,1,2,5,1,2,1,3,3,2,3,4,3,2,4,2,5,6,5,3,4,2,3,2,3,2,5,2,3,3,3,2,4,1,4,4,14,3,2,4,7,1,5,2,4,2,2,4,2,3,7,7,1,3,4,4,4,3,4,5,2,6,5,3,3,4,3,2,6,2,2,6,6,2,5,5,4,5,2,4,4,2,8,2,3
3,2,2,8,5,4,2,3,1,2,3,8,3,4,3,3,2,2,0,2,1,1,5,3,4,2,1,2,3,4,4,2,2,4,4,2,3,5,5,6,3,4,2,7,2,2,3,3,2,3,5,2,3,1,4,1,6,3,5,3,4,5,4,3,3,2,3,2,4,4,3,1,2,3,2,4,1,4,4,14,3,2,4,7,1,5,2,4,2,2,4,2,3,7,7,1,3,4,4,4,3,4,5,2,6,5,3,3,4,3,2,6,2,2,6,6,2,5,5,4,5,2,4,4,2,8,2,3
3,2,2,8,5,4,2,3,1,2,3,8,3,4,3,3,2,2,0,2,1,1,5,3,4,2,1,2,3,4,4,2,2,4,4,2,3,5,5,6,3,4,2,7,2,2,3,3,2,3,5,2,3,1,4,1,6,3,5,3,4,5,4,3,3,2,3,2,4,4,3,1,2,3,2,2,4,2,18,6,3,4,2,3,3,1,3,2,4,2,3,3,3,5,2,3,5,3,2,2,2,2,6,2,4,2,2,2,2,5,6,2,9,0,6,4,2,0,4,4,2,1,3,5,5,3,7,2
5,3,3,6,5,6,2,4,1,3,2,7,1,2,3,3,0,5,2,2,3,2,4,5,2,4,2,3,8,2,4,4,2,7,2,3,0,3,2,3,2,3,5,2,4,6,3,3,4,3,3,2,5,3,3,4,2,7,3,7,5,3,9,1,3,4,6,3,4,3,3,4,2,4,2,2,4,2,18,6,3,4,2,3,3,1,3,2,4,2,3,3,3,5,2,3,5,3,2,2,2,2,6,2,4,2,2,2,2,5,6,2,9,0,6,4,2,0,4,4,2,1,3,5,5,3,7,2
5,3,3,6,5,6,2,4,1,3,2,7,1,2,3,3,0,5,2,2,3,2,4,5,2,4,2,3,8,2,4,4,2,7,2,3,0,3,2,3,2,3,5,2,4,6,3,3,4,3,3,2,5,3,3,4,2,7,3,7,5,3,9,1,3,4,6,3,4,3,3,4,2,4,2,5,4,1,5,1,4,5,20,2,3,3,5,4,5,3,1,2,1,3,2,5,5,3,5,3,1,2,4,7,4,9,1,1,3,1,2,5,2,1,2,2,1,9,5,1,2,1,3,1,3,3,4,4
4,6,2,3,7,1,1,3,2,1,1,1,7,1,3,5,2,3,4,4,2,4,2,2,2,3,2,4,3,3,2,2,2,5,4,2,3,1,6,3,7,1,4,3,5,2,2,3,2,4,4,3,3,1,4,1,1,2,3,8,2,1,3,1,4,6,0,4,3,5,3,5,3,2,2,5,4,1,5,1,4,5,20,2,3,3,5,4,5,3,1,2,1,3,2,5,5,3,5,3,1,2,4,7,4,9,1,1,3,1,2,5,2,1,2,2,1,9,5,1,2,1,3,1,3,3,4,4
4,6,2,3,7,1,1,3,2,1,1,1,7,1,3,5,2,3,4,4,2,4,2,2,2,3,2,4,3,3,2,2,2,5,4,2,3,1,6,3,7,1,4,3,5,2,2,3,2,4,4,3,3,1,4,1,1,2,3,8,2,1,3,1,4,6,0,4,3,5,3,5,3,2,2,3,1,2,4,17,4,3,1,2,2,2,2,2,3,3,2,2,3,4,8,4,7,2,5,6,2,2,2,2,2,4,2,3,3,5,2,3,5,4,5,3,5,3,1,4,2,6,5,4,3,2,4,4
5,2,2,5,6,0,3,3,4,5,3,3,4,2,3,3,3,4,2,3,3,2,4,3,4,2,9,6,4,4,5,4,4,2,3,1,2,6,3,4,3,3,5,3,1,2,1,3,7,3,2,3,2,3,4,2,4,3,2,6,1,1,3,9,3,1,7,3,1,2,3,2,2,3,2,3,1,2,4,17,4,3,1,2,2,2,2,2,3,3,2,2,3,4,8,4,7,2,5,6,2,2,2,2,2,4,2,3,3,5,2,3,5,4,5,3,5,3,1,4,2,6,5,4,3,2,4,4
5,2,2,5,6,0,3,3,4,5,3,3,4,2,3,3,3,4,2,3,3,2,4,3,4,2,9,6,4,4,5,4,4,2,3,1,2,6,3,4,3,3,5,3,1,2,1,3,7,3,2,3,2,3,4,2,4,3,2,6,1,1,3,9,3,1,7,3,1,2,3,2,2,3,2,5,3,3,9,2,5,1,3,3,5,2,0,8,2,2,6,3,4,4,4,5,4,2,2,3,5,0,8,2,8,3,5,3,1,2,5,5,6,3,2,5,1,2,6,1,7,7,8,3,2,2,3,5
5,2,4,1,4,5,7,3,6,8,2,2,3,5,1,5,4,2,6,2,3,3,3,1,3,4,4,7,2,7,3,5,2,4,2,4,0,5,3,3,3,2,3,2,6,0,2,2,3,1,3,3,4,7,1,1,5,3,3,3,3,1,4,6,4,3,4,0,3,5,1,6,1,4,2,5,3,3,9,2,5,1,3,3,5,2,0,8,2,2,6,3,4,4,4,5,4,2,2,3,5,0,8,2,8,3,5,3,1,2,5,5,6,3,2,5,1,2,6,1,7,7,8,3,2,2,3,5
5,2,4,1,4,5,7,3,6,8,2,2,3,5,1,5,4,2,6,2,3,3,3,1,3,4,4,7,2,7,3,5,2,4,2,4,0,5,3,3,3,2,3,2,6,0,2,2,3,1,3,3,4,7,1,1,5,3,3,3,3,1,4,6,4,3,4,0,3,5,1,6,1,4,2,1,1,4,4,4,3,24,8,2,2,1,4,1,2,3,1,3,5,7,3,1,5,6,7,1,2,6,2,6,3,2,5,5,2,2,8,4,3,3,4,0,5,3,1,4,15,0,2,2,9,2,1,5
2,2,4,6,2,2,2,2,6,3,3,1,4,3,2,5,6,4,2,7,5,4,3,2,2,1,4,2,2,5,3,2,7,3,4,4,0,4,6,3,6,2,2,4,3,2,5,3,4,3,2,5,3,5,5,4,4,1,3,2,6,3,2,4,2,3,8,4,5,7,2,1,8,3,2,1,1,4,4,4,3,24,8,2,2,1,4,1,2,3,1,3,5,7,3,1,5,6,7,1,2,6,2,6,3,2,5,5,2,2,8,4,3,3,4,0,5,3,1,4,15,0,2,2,9,2,1,5
2,2,4,6,2,2,2,2,6,3,3,1,4,3,2,5,6,4,2,7,5,4,3,2,2,1,4,2,2,5,3,2,7,3,4,4,0,4,6,3,6,2,2,4,3,2,5,3,4,3,2,5,3,5,5,4,4,1,3,2,6,3,2,4,2,3,8,4,5,7,2,1,8,3,1,2,1,7,3,3,2,32,1,0,6,2,2,4,2,5,3,2,1,7,2,2,5,5,3,3,1,3,6,2,1,4,7,2,3,4,4,2,1,2,5,4,10,3,4,2,2,9,4,5,3,3,1,3
4,4,2,3,4,3,2,2,2,2,2,2,4,2,1,4,5,1,6,3,7,2,3,2,5,4,1,2,2,1,4,4,6,4,1,4,3,1,1,3,3,2,4,3,4,3,4,1,4,1,2,3,2,2,2,1,2,1,5,4,0,5,4,4,3,3,6,1,6,2,3,1,3,5,2,2,1,7,3,3,2,32,1,0,6,2,2,4,2,5,3,2,1,7,2,2,5,5,3,3,1,3,6,2,1,4,7,2,3,4,4,2,1,2,5,4,10,3,4,2,2,9,4,5,3,3,1,3
4,4,2,3,4,3,2,2,2,2,2,2,4,2,1,4,5,1,6,3,7,2,3,2,5,4,1,2,2,1,4,4,6,4,1,4,3,1,1,3,3,2,4,3,4,3,4,1,4,1,2,3,2,2,2,1,2,1,5,4,0,5,4,4,3,3,6,1,6,2,3,1,3,5,2,2,5,3,2,1,2,4,6,4,47,1,0,0,1,0,2,3,3,1,6,1,2,1,7,5,5,3,3,2,3,2,6,4,2,3,3,2,6,59,52,0,0,55,38,0,0,0,0,0,1,2,0,3
2,5,3,3,3,1,6,1,4,4,4,1,2,5,2,2,3,2,1,4,4,4,1,10,1,5,4,1,5,7,3,1,5,1,3,3,1,5,2,7,2,3,2,3,2,5,1,5,2,2,3,6,1,1,3,3,3,10,1,3,4,1,5,5,4,5,4,1,3,4,3,4,1,0,3,2,5,3,2,1,2,4,6,4,47,1,0,0,1,0,2,3,3,1,6,1,2,1,7,5,5,3,3,2,3,2,6,4,2,3,3,2,6,59,52,0,0,55,38,0,0,0,0,0,1,2,0,3
2,5,3,3,3,1,6,1,4,4,4,1,2,5,2,2,3,2,1,4,4,4,1,10,1,5,4,1,5,7,3,1,5,1,3,3,1,5,2,7,2,3,2,3,2,5,1,5,2,2,3,6,1,1,3,3,3,10,1,3,4,1,5,5,4,5,4,1,3,4,3,4,1,0,3,3,6,0,4,3,6,1,20,3,1,3,3,2,5,1,2,10,6,1,4,8,3,2,4,7,2,4,4,5,2,3,3,4,3,4,4,3,5,2,1,5,2,3,3,2,6,2,4,0,2,5,5,4
5,3,3,0,2,4,2,2,7,0,3,1,3,5,4,2,5,1,4,0,2,4,2,1,1,3,3,3,4,3,3,2,6,1,2,3,2,2,4,2,2,2,7,5,2,3,4,2,2,3,4,4,5,6,3,2,2,8,2,3,2,2,1,2,1,2,3,3,2,4,5,2,3,4,3,3,6,0,4,3,6,1,20,3,1,3,3,2,5,1,2,10,6,1,4,8,3,2,4,7,2,4,4,5,2,3,3,4,3,4,4,3,5,2,1,5,2,3,3,2,6,2,4,0,2,5,5,4
5,3,3,0,2,4,2,2,7,0,3,1,3,5,4,2,5,1,4,0,2,4,2,1,1,3,3,3,4,3,3,2,6,1,2,3,2,2,4,2,2,2,7,5,2,3,4,2,2,3,4,4,5,6,3,2,2,8,2,3,2,2,1,2,1,2,3,3,2,4,5,2,3,4,3,3,3,9,13,1,5,3,5,5,1,4,1,7,8,1,5,4,3,2,3,1,2,2,4,7,4,3,1,2,4,3,6,2,3,4,1,5,2,1,2,4,4,5,2,2,4,3,1,8,5,4,1,3
4,1,1,4,1,4,4,3,3,4,3,1,5,8,5,5,4,1,3,5,5,6,3,3,1,1,6,2,2,1,5,6,8,2,5,4,1,2,2,3,5,0,2,4,2,4,2,8,24,4,0,1,10,2,1,3,3,1,3,4,2,2,3,7,2,4,2,3,2,3,10,1,1,2,1,3,3,9,13,1,5,3,5,5,1,4,1,7,8,1,5,4,3,2,3,1,2,2,4,7,4,3,1,2,4,3,6,2,3,4,1,5,2,1,2,4,4,5,2,2,4,3,1,8,5,4,1,3
2,1,1,4,1,4,4,3,3,4,3,1,5,8,5,5,4,1,3,5,5,6,3,3,1,1,6,2,2,1,5,6,8,2,5,4,1,2,2,3,5,0,2,4,2,4,2,8,24,4,0,1,10,2,1,3,3,1,3,4,2,2,3,7,2,4,2,3,2,3,10,1,1,2,2,5,2,3,5,9,9,1,2,3,4,2,1,5,7,5,3,2,2,2,4,1,3,4,1,1,7,3,1,4,2,2,5,3,3,1,6,2,2,4,3,3,3,2,4,3,2,6,2,2,2,1,4,4
3,4,2,4,2,7,3,2,3,2,3,1,7,0,2,3,2,2,2,3,2,1,2,3,5,2,1,3,4,1,4,6,3,6,4,3,4,4,2,2,2,2,4,2,6,2,4,3,2,2,3,2,4,1,3,3,5,4,2,3,3,4,3,3,4,2,4,3,3,5,1,1,1,3,7,5,2,3,5,9,9,1,2,3,4,2,1,5,7,5,3,2,2,2,4,1,3,4,1,1,7,3,1,4,2,2,5,3,3,1,6,2,2,4,3,3,3,2,4,3,2,6,2,2,2,1,4,4
3,4,2,4,2,7,3,2,3,2,3,1,7,0,2,3,2,2,2,3,2,1,2,3,5,2,1,3,4,1,4,6,3,6,4,3,4,4,2,2,2,2,4,2,6,2,4,3,2,2,3,2,4,1,3,3,5,4,2,3,3,4,3,3,4,2,4,3,3,5,1,1,1,3,7,2,5,4,8,1,1,3,4,6,1,10,9,2,3,2,3,4,1,4,5,3,6,4,1,4,2,2,3,4,5,3,5,5,6,5,3,3,1,2,3,3,4,4,2,2,2,2,2,5,2,3,5,6
4,5,3,5,3,3,1,6,0,6,1,1,3,4,3,0,5,3,6,3,6,4,2,3,1,3,6,2,2,2,7,7,2,7,2,4,5,1,1,2,2,3,3,3,2,5,1,1,4,2,5,4,3,1,2,5,3,1,2,3,2,2,6,4,2,2,6,5,5,2,6,2,3,3,3,2,5,4,8,1,1,3,4,6,1,10,9,2,3,2,3,4,1,4,5,3,6,4,1,4,2,2,3,4,5,3,5,5,6,5,3,3,1,2,3,3,4,4,2,2,2,2,2,5,2,3,5,6
4,5,3,5,3,3,1,6,0,6,1,1,3,4,3,0,5,3,6,3,6,4,2,3,1,3,6,2,2,2,7,7,2,7,2,4,5,1,1,2,2,3,3,3,2,5,1,1,4,2,5,4,3,1,2,5,3,1,2,3,2,2,6,4,2,2,6,5,5,2,6,2,3,3,1,5,2,2,15,2,0,5,5,2,4,4,8,4,3,3,3,2,4,7,5,1,6,2,0,1,1,2,1,10,4,1,4,9,1,1,5,5,2,3,6,4,3,2,3,3,3,1,3,4,4,3,4,2
3,2,4,1,6,2,4,3,3,2,1,2,3,3,4,3,3,1,4,2,5,2,0,4,4,1,3,6,3,7,4,3,1,3,2,4,2,8,1,2,3,2,2,1,3,2,6,3,1,4,1,3,4,3,3,2,2,7,3,2,1,3,4,1,6,4,1,4,1,3,4,2,2,2,3,5,2,2,15,2,0,5,5,2,4,4,8,4,3,3,3,2,4,7,5,1,6,2,0,1,1,2,1,10,4,1,4,9,1,1,5,5,2,3,6,4,3,2,3,3,3,1,3,4,4,3,4,2
3,2,4,1,6,2,4,3,3,2,1,2,3,3,4,3,3,1,4,2,5,2,0,4,4,1,3,6,3,7,4,3,1,3,2,4,2,8,1,2,3,2,2,1,3,2,6,3,1,4,1,3,4,3,3,2,2,7,3,2,1,3,4,1,6,4,1,4,1,3,4,2,2,2,3,5,4,2,5,1,4,1,2,22,1,4,0,6,3,1,1,5,11,4,0,2,1,2,1,4,4,7,5,3,2,4,2,3,4,6,3,4,3,1,3,6,2,3,5,3,2,5,3,2,2,5,1,8
2,2,3,2,3,2,1,3,5,4,1,3,2,4,1,4,5,2,2,3,2,4,3,4,0,7,7,8,1,1,2,4,3,3,2,3,2,4,0,7,4,3,50,1,0,1,0,0,1,5,1,1,1,2,3,3,3,1,3,6,3,2,6,4,3,3,2,4,4,5,1,4,2,3,7,5,4,2,5,1,4,1,2,22,1,4,0,6,3,1,1,5,11,4,0,2,1,2,1,4,4,7,5,3,2,4,2,3,4,6,3,4,3,1,3,6,2,3,5,3,2,5,3,2,2,5,1,8
3,2,3,2,3,2,1,3,5,4,1,3,2,4,1,4,5,2,2,3,2,4,3,4,0,7,7,8,1,1,2,4,3,3,2,3,2,4,0,7,4,3,50,1,0,1,0,0,1,5,1,1,1,2,3,3,3,1,3,6,3,2,6,4,3,3,2,4,4,5,1,4,2,3,7,4,1,2,16,7,2,1,7,6,6,1,8,4,5,4,3,2,2,4,1,4,4,6,2,5,4,3,4,5,3,1,2,3,3,9,3,9,3,3,3,2,2,1,3,2,4,4,3,2,3,1,3,2
3,2,1,2,2,7,2,4,4,3,3,1,5,1,3,5,2,6,3,6,2,4,3,2,3,2,2,3,2,3,3,1,1,5,4,1,2,2,1,2,1,4,3,4,1,4,2,3,1,1,5,4,9,4,2,5,4,1,2,5,2,4,4,2,3,2,4,4,5,3,2,2,4,6,2,4,1,2,16,7,2,1,7,6,6,1,8,4,5,4,3,2,2,4,1,4,4,6,2,5,4,3,4,5,3,1,2,3,3,9,3,9,3,3,3,2,2,1,3,2,4,4,3,2,3,1,3,2
2,2,1,2,2,7,2,4,4,3,3,1,5,1,3,5,2,6,3,6,2,4,3,2,3,2,2,3,2,3,3,1,1,5,4,1,2,2,1,2,1,4,3,4,1,4,2,3,1,1,5,4,9,4,2,5,4,1,2,5,2,4,4,2,3,2,4,4,5,3,2,2,4,6,2,0,1,4,1,4,15,6,5,5,6,2,2,3,4,6,3,7,2,1,1,6,4,1,7,0,3,1,3,3,2,1,3,4,8,2,2,5,2,7,4,3,5,5,1,5,5,2,1,8,6,2,4,3
2,5,3,3,2,2,7,10,1,5,4,1,1,2,5,5,5,2,5,3,5,4,1,2,5,2,4,3,1,5,4,1,5,1,2,2,2,3,6,5,4,3,3,4,3,1,4,2,2,4,5,5,2,8,5,6,6,1,4,3,2,5,1,6,3,3,4,2,4,3,2,3,5,0,3,0,1,4,1,4,15,6,5,5,6,2,2,3,4,6,3,7,2,1,1,6,4,1,7,0,3,1,3,3,2,1,3,4,8,2,2,5,2,7,4,3,5,5,1,5,5,2,1,8,6,2,4,3
2,5,3,3,2,2,7,10,1,5,4,1,1,2,5,5,5,2,5,3,5,4,1,2,5,2,4,3,1,5,4,1,5,1,2,2,2,3,6,5,4,3,3,4,3,1,4,2,2,4,5,5,2,8,5,6,6,1,4,3,2,5,1,6,3,3,4,2,4,3,2,3,5,0,3,3,2,4,10,7,3,6,2,1,3,1,2,4,5,2,3,1,5,2,2,2,1,5,5,3,3,2,7,4,6,5,3,3,2,3,2,2,5,5,4,2,2,5,7,1,4,1,3,3,3,1,3,3
4,1,3,3,2,8,0,3,7,4,4,2,4,5,4,2,1,1,2,6,2,4,3,1,7,3,5,3,2,4,3,3,1,6,6,1,1,3,2,4,2,4,6,1,3,2,1,1,4,3,1,5,3,3,1,5,6,2,5,9,3,5,2,2,2,6,5,3,2,5,8,4,4,4,3,3,2,4,10,7,3,6,2,1,3,1,2,4,5,2,3,1,5,2,2,2,1,5,5,3,3,2,7,4,6,5,3,3,2,3,2,2,5,5,4,2,2,5,7,1,4,1,3,3,3,1,3,3
4,1,3,3,2,8,0,3,7,4,4,2,4,5,4,2,1,1,2,6,2,4,3,1,7,3,5,3,2,4,3,3,1,6,6,1,1,3,2,4,2,4,6,1,3,2,1,1,4,3,1,5,3,3,1,5,6,2,5,9,3,5,2,2,2,6,5,3,2,5,8,4,4,4,3,2,5,2,1,6,5,8,3,4,20,3,7,2,0,3,3,1,5,2,3,5,3,4,5,1,4,3,6,9,2,8,3,3,1,5,1,4,4,2,4,3,6,2,5,3,4,1,3,2,4,3,1,3
4,2,3,7,6,2,3,4,3,2,4,5,4,2,5,4,5,3,5,7,4,1,2,5,3,3,5,8,2,2,3,2,1,2,1,2,5,5,5,4,4,0,1,5,3,2,3,3,5,2,2,4,2,2,3,2,3,4,6,4,3,2,2,3,0,5,1,3,5,2,3,4,1,2,3,2,5,2,1,6,5,8,3,4,20,3,7,2,0,3,3,1,5,2,3,5,3,4,5,1,4,3,6,9,2,8,3,3,1,5,1,4,4,2,4,3,6,2,5,3,4,1,3,2,4,3,1,3
4,2,3,7,6,2,3,4,3,2,4,5,4,2,5,4,5,3,5,7,4,1,2,5,3,3,5,8,2,2,3,2,1,2,1,2,5,5,5,4,4,0,1,5,3,2,3,3,5,2,2,4,2,2,3,2,3,4,6,4,3,2,2,3,0,5,1,3,5,2,3,4,1,2,3,4,2,5,4,10,4,1,1,8,7,3,2,2,1,3,2,0,4,5,3,2,2,4,3,5,4,3,1,3,3,5,3,2,2,4,2,3,5,1,8,2,4,7,5,3,2,3,1,5,2,6,5,4
4,6,1,4,1,4,4,5,0,5,1,4,2,2,5,7,3,3,5,4,3,7,2,3,1,7,2,5,1,1,7,2,3,2,3,5,6,5,4,1,1,1,7,2,3,4,3,3,2,3,2,2,3,1,3,4,4,5,2,3,4,1,3,2,4,3,2,4,5,4,4,5,5,3,5,4,2,5,4,10,4,1,1,8,7,3,2,2,1,3,2,0,4,5,3,2,2,4,3,5,4,3,1,3,3,5,3,2,2,4,2,3,5,1,8,2,4,7,5,3,2,3,1,5,2,6,5,4
4,6,1,4,1,4,4,5,0,5,1,4,2,2,5,7,3,3,5,4,3,7,2,3,1,7,2,5,1,1,7,2,3,2,3,5,6,5,4,1,1,1,7,2,3,4,3,3,2,3,2,2,3,1,3,4,4,5,2,3,4,1,3,2,4,3,2,4,5,4,4,5,5,3,5,3,6,1,6,26,5,2,3,3,1,2,3,2,3,0,1,7,2,2,4,3,2,7,2,2,3,1,4,3,2,3,2,3,4,2,3,3,2,1,2,1,3,4,2,2,3,6,1,6,1,2,2,1
4,5,4,3,6,2,2,4,5,7,3,2,5,10,3,1,4,5,3,6,4,4,2,1,1,2,1,2,2,6,3,3,1,2,4,3,6,3,3,1,5,7,1,3,7,1,8,1,2,1,1,3,3,7,9,7,3,5,2,2,2,0,4,3,6,4,2,3,8,4,2,5,2,8,6,3,6,1,6,26,5,2,3,3,1,2,3,2,3,0,1,7,2,2,4,3,2,7,2,2,3,1,4,3,2,3,2,3,4,2,3,3,2,1,2,1,3,4,2,2,3,6,1,6,1,2,2,1
4,5,4,3,6,2,2,4,5,7,3,2,5,10,3,1,4,5,3,6,4,4,2,1,1,2,1,2,2,6,3,3,1,2,4,3,6,3,3,1,5,7,1,3,7,1,8,1,2,1,1,3,3,7,9,7,3,5,2,2,2,0,4,3,6,4,2,3,8,4,2,5,2,8,6,5,3,3,5,7,16,0,5,4,1,6,1,2,4,1,3,1,4,7,3,1,8,4,2,2,2,5,2,3,1,1,7,8,3,0,5,1,4,2,2,1,4,5,1,4,2,6,4,3,3,3,2,3
3,3,7,5,6,3,2,4,1,5,4,4,2,6,2,1,36,1,0,7,1,1,5,4,3,0,5,4,4,2,1,1,0,2,2,2,1,2,4,5,6,1,2,3,3,5,6,0,2,2,2,2,2,5,4,1,2,1,2,6,2,8,2,4,8,2,2,3,2,3,4,2,3,5,0,5,3,3,5,7,16,0,5,4,1,6,1,2,4,1,3,1,4,7,3,1,8,4,2,2,2,5,2,3,1,1,7,8,3,0,5,1,4,2,2,1,4,5,1,4,2,6,4,3,3,3,2,3
3,3,7,5,6,3,2,4,1,5,4,4,2,6,2,1,36,1,0,7,1,1,5,4,3,0,5,4,4,2,1,1,0,2,2,2,1,2,4,5,6,1,2,3,3,5,6,0,2,2,2,2,2,5,4,1,2,1,2,6,2,8,2,4,8,2,2,3,2,3,4,2,3,5,0,4,2,3,3,14,1,2,2,9,5,4,5,3,6,4,7,6,3,5,3,3,5,1,2,4,3,5,5,3,3,3,3,5,4,5,3,2,2,4,5,2,0,1,3,3,5,6,1,3,3,5,2,1
1,4,3,2,2,3,2,2,3,2,3,2,4,7,1,5,3,3,5,1,5,4,4,2,3,1,2,3,3,3,1,4,3,2,3,0,3,2,5,2,5,3,1,2,4,3,7,4,8,3,7,3,3,6,1,5,2,7,5,3,2,2,10,2,3,1,4,5,5,3,4,6,3,6,8,4,2,3,3,14,1,2,2,9,5,4,5,3,6,4,7,6,3,5,3,3,5,1,2,4,3,5,5,3,3,3,3,5,4,5,3,2,2,4,5,2,0,1,3,3,5,6,1,3,3,5,2,1
1,4,3,2,2,3,2,2,3,2,3,2,4,7,1,5,3,3,5,1,5,4,4,2,3,1,2,3,3,3,1,4,3,2,3,0,3,2,5,2,5,3,1,2,4,3,7,4,8,3,7,3,3,6,1,5,2,7,5,3,2,2,10,2,3,1,4,5,5,3,4,6,3,6,8,4,2,3,7,6,4,21,12,0,3,2,2,4,5,0,2,4,1,5,2,3,7,1,1,2,3,4,7,7,4,9,4,6,2,3,1,2,2,2,2,6,3,7,4,4,4,3,4,6,0,7,2,3
1,2,1,4,4,1,3,6,5,2,4,6,1,3,5,5,3,3,5,2,2,2,2,6,2,2,5,4,2,2,4,5,5,0,4,4,1,3,6,4,4,1,3,4,8,2,2,3,4,4,6,5,1,3,3,1,5,6,0,2,3,1,3,2,3,2,4,2,2,1,5,6,6,7,6,4,2,3,7,6,4,21,12,0,3,2,2,4,5,0,2,4,1,5,2,3,7,1,1,2,3,4,7,7,4,9,4,6,2,3,1,2,2,2,2,6,3,7,4,4,4,3,4,6,0,7,2,3
3,2,1,4,4,1,3,6,5,2,4,6,1,3,5,5,3,3,5,2,2,2,2,6,2,2,5,4,2,2,4,5,5,0,4,4,1,3,6,4,4,1,3,4,8,2,2,3,4,4,6,5,1,3,3,1,5,6,0,2,3,1,3,2,3,2,4,2,2,1,5,6,6,7,6,1,3,3,4,1,18,4,1,2,2,2,3,2,4,3,4,2,2,4,6,2,3,6,3,6,3,2,2,7,5,2,5,1,2,4,5,4,1,5,2,2,7,1,3,3,3,6,5,3,3,1,3,5
4,3,1,3,3,5,3,1,3,3,1,1,41,9,4,2,3,1,1,0,3,4,5,1,3,2,1,2,3,3,5,2,1,1,2,1,3,2,5,3,3,2,2,1,1,3,0,5,4,5,2,3,4,4,6,2,6,2,0,6,6,6,4,1,3,1,2,1,2,3,2,3,6,2,6,1,3,3,4,1,18,4,1,2,2,2,3,2,4,3,4,2,2,4,6,2,3,6,3,6,3,2,2,7,5,2,5,1,2,4,5,4,1,5,2,2,7,1,3,3,3,6,5,3,3,1,3,5
4,3,1,3,3,5,3,1,3,3,1,1,41,9,4,2,3,1,1,0,3,4,5,1,3,2,1,2,3,3,5,2,1,1,2,1,3,2,5,3,3,2,2,1,1,3,0,5,4,5,2,3,4,4,6,2,6,2,0,6,6,6,4,1,3,1,2,1,2,3,2,3,6,2,6,7,4,7,3,5,3,24,8,3,9,0,0,3,2,2,6,5,2,4,4,5,2,1,2,4,6,3,5,1,6,2,5,1,2,3,3,2,5,2,5,3,1,2,2,5,4,4,3,1,3,3,1,7
3,2,7,4,1,1,2,3,5,6,3,2,42,18,3,0,0,10,5,2,3,4,2,2,7,2,2,5,3,1,2,2,0,2,3,3,2,1,3,10,4,3,0,0,4,3,3,2,3,2,5,3,5,2,3,1,2,1,2,2,6,9,2,2,4,6,4,3,3,2,3,1,1,6,1,7,4,7,3,5,3,24,8,3,9,0,0,3,2,2,6,5,2,4,4,5,2,1,2,4,6,3,5,1,6,2,5,1,2,3,3,2,5,2,5,3,1,2,2,5,4,4,3,1,3,3,1,7
3,2,7,4,1,1,2,3,5,6,3,2,42,18,3,0,0,10,5,2,3,4,2,2,7,2,2,5,3,1,2,2,0,2,3,3,2,1,3,10,4,3,0,0,4,3,3,2,3,2,5,3,5,2,3,1,2,1,2,2,6,9,2,2,4,6,4,3,3,2,3,1,1,6,1,10,4,4,6,1,4,1,23,25,1,1,1,6,6,5,4,1,2,6,3,4,7,4,10,4,1,2,4,6,2,7,2,4,8,3,4,1,3,1,3,2,2,2,3,3,3,3,2,2,4,3,5,3
3,2,5,7,1,3,5,2,4,3,3,5,4,2,6,2,5,5,5,3,6,6,1,3,4,3,7,5,3,1,3,2,4,2,5,1,3,5,1,3,4,5,4,3,2,1,2,3,1,2,1,2,4,3,4,2,2,5,4,4,0,3,3,3,7,4,5,3,2,2,6,2,6,1,6,7,6,5,2,3,6,1,24,6,1,1,4,4,4,2,3,4,3,6,4,8,3,6,0,2,3,4,1,1,2,3,4,2,2,3,3,6,2,4,4,1,4,1,3,5,7,1,6,5,4,2,1,3
3,2,5,7,1,3,5,2,4,3,3,5,4,2,6,2,5,5,5,3,6,6,1,3,4,3,7,5,3,1,3,2,4,2,5,1,3,5,1,3,4,5,4,3,2,1,2,3,1,2,1,2,4,3,4,2,2,5,4,4,0,3,3,3,7,4,5,3,2,2,6,2,6,1,1,2,1,1,2,2,7,5,6,3,18,3,1,4,3,1,2,3,1,2,3,3,1,4,1,1,5,1,3,2,4,2,2,5,2,1,4,2,2,3,4,8,3,1,2,2,4,2,8,4,5,1,4,3
7,1,4,3,8,2,5,1,4,3,1,4,8,37,28,1,1,2,3,5,2,4,3,2,2,2,0,4,2,2,3,5,4,4,6,5,5,0,7,2,7,1,3,7,5,1,1,3,3,2,5,5,3,6,5,2,0,3,2,2,4,3,1,8,0,4,4,4,3,3,4,5,4,7,4,2,1,1,2,2,7,5,6,3,18,3,1,4,3,1,2,3,1,2,3,3,1,4,1,1,5,1,3,2,4,2,2,5,2,1,4,2,2,3,4,8,3,1,2,2,4,2,8,4,5,1,4,3
7,1,4,3,8,2,5,1,4,3,1,4,8,37,28,1,1,2,3,5,2,4,3,2,2,2,0,4,2,2,3,5,4,4,6,5,5,0,7,2,7,1,3,7,5,1,1,3,3,2,5,5,3,6,5,2,0,3,2,2,4,3,1,8,0,4,4,4,3,3,4,5,4,7,4,3,2,3,2,1,19,27,4,4,3,1,4,1,7,1,0,1,1,4,3,2,2,8,2,8,5,5,7,0,1,3,4,8,5,4,4,4,3,5,6,2,4,2,5,3,7,3,6,5,6,5,1,6
2,1,4,3,3,3,3,4,3,7,3,2,4,1,5,0,6,3,1,4,8,2,31,0,6,2,0,3,2,7,1,8,1,5,6,3,7,1,5,3,3,5,2,2,2,2,0,5,4,5,3,6,4,4,2,2,2,3,3,3,3,4,2,1,3,2,1,1,4,4,3,2,5,2,3,3,2,3,2,1,19,27,4,4,3,1,4,1,7,1,0,1,1,4,3,2,2,8,2,8,5,5,7,0,1,3,4,8,5,4,4,4,3,5,6,2,4,2,5,3,7,3,6,5,6,5,1,6
2,1,4,3,3,3,3,4,3,7,3,2,4,1,5,0,6,3,1,4,8,2,31,0,6,2,0,3,2,7,1,8,1,5,6,3,7,1,5,3,3,5,2,2,2,2,0,5,4,5,3,6,4,4,2,2,2,3,3,3,3,4,2,1,3,2,1,1,4,4,3,2,5,2,3,2,1,1,3,4,2,34,25,0,4,5,4,2,4,1,1,2,3,3,5,3,5,1,2,4,1,4,3,5,4,4,5,5,3,4,6,4,1,7,1,1,4,8,5,4,2,5,7,2,3,2,2,2
4,3,3,0,2,3,2,0,6,3,2,2,5,2,2,5,5,5,6,2,1,3,2,3,2,3,3,6,0,2,3,2,2,3,5,2,10,3,2,9,7,1,1,4,5,1,3,3,4,2,2,3,4,4,4,4,5,4,8,4,2,4,1,4,2,7,4,3,3,0,1,4,3,6,3,2,1,1,3,4,2,34,25,0,4,5,4,2,4,1,1,2,3,3,5,3,5,1,2,4,1,4,3,5,4,4,5,5,3,4,6,4,1,7,1,1,4,8,5,4,2,5,7,2,3,2,2,2
4,3,3,0,2,3,2,0,6,3,2,2,5,2,2,5,5,5,6,2,1,3,2,3,2,3,3,6,0,2,3,2,2,3,5,2,10,3,2,9,7,1,1,4,5,1,3,3,4,2,2,3,4,4,4,4,5,4,8,4,2,4,1,4,2,7,4,3,3,0,1,4,3,6,3,6,2,5,2,2,26,2,1,0,5,2,3,3,5,4,2,4,2,9,2,3,5,3,3,2,6,4,1,4,4,5,1,2,3,2,1,2,2,2,2,5,1,4,1,3,8,6,2,4,3,8,3,3
2,4,6,5,6,3,1,3,1,2,3,4,3,5,2,7,1,1,5,5,3,2,6,3,3,1,1,6,3,5,5,5,1,4,3,5,8,4,4,4,5,1,5,4,2,2,2,7,2,6,4,2,3,7,5,5,3,6,6,3,2,6,2,4,2,5,1,3,4,2,3,3,8,2,3,6,2,5,2,2,26,2,1,0,5,2,3,3,5,4,2,4,2,9,2,3,5,3,3,2,6,4,1,4,4,5,1,2,3,2,1,2,2,2,2,5,1,4,1,3,8,6,2,4,3,8,3,3
2,4,6,5,6,3,1,3,1,2,3,4,3,5,2,7,1,1,5,5,3,2,6,3,3,1,1,6,3,5,5,5,1,4,3,5,8,4,4,4,5,1,5,4,2,2,2,7,2,6,4,2,3,7,5,5,3,6,6,3,2,6,2,4,2,5,1,3,4,2,3,3,8,2,3,3,2,6,2,1,6,2,21,4,2,2,2,6,5,2,3,3,2,5,4,3,3,5,5,2,2,0,1,3,3,3,4,4,3,3,4,6,1,4,1,4,8,4,2,3,7,3,1,2,5,3,5,5
5,2,1,0,19,1,1,6,3,7,2,0,5,5,6,3,3,5,4,38,27,1,2,1,1,4,1,0,6,4,4,4,1,3,3,1,2,1,2,2,3,3,6,3,1,2,5,2,5,2,5,3,3,5,1,8,9,2,4,1,4,1,3,5,5,4,2,3,1,4,2,2,1,5,8,3,2,6,2,1,6,2,21,4,2,2,2,6,5,2,3,3,2,5,4,3,3,5,5,2,2,0,1,3,3,3,4,4,3,3,4,6,1,4,1,4,8,4,2,3,7,3,1,2,5,3,5,5
5,2,1,0,19,1,1,6,3,7,2,0,5,5,6,3,3,5,4,38,27,1,2,1,1,4,1,0,6,4,4,4,1,3,3,1,2,1,2,2,3,3,6,3,1,2,5,2,5,2,5,3,3,5,1,8,9,2,4,1,4,1,3,5,5,4,2,3,1,4,2,2,1,5,8,1,3,8,1,4,2,3,19,1,3,6,2,6,3,4,3,5,2,5,3,2,3,0,2,3,3,2,2,2,8,2,4,3,5,0,4,4,3,7,2,3,1,3,7,4,3,3,2,2,2,1,4,2
2,2,2,4,3,2,2,3,1,3,5,3,5,3,5,1,4,3,2,3,2,4,39,28,0,0,0,1,2,4,6,2,1,8,2,4,1,5,2,2,5,3,2,2,5,0,5,4,2,0,6,3,3,4,6,1,2,5,2,3,1,4,4,5,0,2,5,3,4,2,3,1,6,2,1,1,3,8,1,4,2,3,19,1,3,6,2,6,3,4,3,5,2,5,3,2,3,0,2,3,3,2,2,2,8,2,4,3,5,0,4,4,3,7,2,3,1,3,7,4,3,3,2,2,2,1,4,2
2,2,2,4,3,2,2,3,1,3,5,3,5,3,5,1,4,3,2,3,2,4,39,28,0,0,0,1,2,4,6,2,1,8,2,4,1,5,2,2,5,3,2,2,5,0,5,4,2,0,6,3,3,4,6,1,2,5,2,3,1,4,4,5,0,2,5,3,4,2,3,1,6,2,1,2,3,1,3,6,1,28,0,4,2,1,1,0,2,2,2,5,7,3,4,2,4,3,2,5,2,2,5,3,6,1,3,4,2,4,5,2,3,4,4,1,4,1,2,3,3,4,2,2,1,7,5,5
7,1,3,2,4,5,1,3,3,5,5,2,6,2,3,3,4,3,4,1,5,2,1,5,4,7,3,1,5,3,5,1,4,5,2,3,9,3,4,4,7,5,5,1,1,4,3,6,2,2,3,5,1,2,4,1,5,2,4,3,3,3,4,1,3,4,3,3,4,6,3,5,7,1,2,2,3,1,3,6,1,28,0,4,2,1,1,0,2,2,2,5,7,3,4,2,4,3,2,5,2,2,5,3,6,1,3,4,2,4,5,2,3,4,4,1,4,1,2,3,3,4,2,2,1,7,5,5
7,1,3,2,4,5,1,3,3,5,5,2,6,2,3,3,4,3,4,1,5,2,1,5,4,7,3,1,5,3,5,1,4,5,2,3,9,3,4,4,7,5,5,1,1,4,3,6,2,2,3,5,1,2,4,1,5,2,4,3,3,3,4,1,3,4,3,3,4,6,3,5,7,1,2,4,5,4,2,2,1,5,20,2,9,4,1,5,0,1,1,1,2,7,3,2,3,2,1,5,2,2,7,1,2,3,2,3,5,2,1,3,5,3,3,7,4,7,5,2,2,8,2,3,2,6,3,3
11,4,3,4,4,6,1,0,1,2,4,2,6,4,6,2,4,3,5,4,1,2,6,3,2,2,3,6,4,3,2,2,2,7,2,3,3,3,4,0,4,4,1,3,2,2,1,1,3,3,3,1,3,7,4,6,2,3,4,1,10,4,5,1,4,4,4,3,3,2,3,5,4,3,1,4,5,4,2,2,1,5,20,2,9,4,1,5,0,1,1,1,2,7,3,2,3,2,1,5,2,2,7,1,2,3,2,3,5,2,1,3,5,3,3,7,4,7,5,2,2,8,2,3,2,6,3,3
11,4,3,4,4,6,1,0,1,2,4,2,6,4,6,2,4,3,5,4,1,2,6,3,2,2,3,6,4,3,2,2,2,7,2,3,3,3,4,0,4,4,1,3,2,2,1,1,3,3,3,1,3,7,4,6,2,3,4,1,10,4,5,1,4,4,4,3,3,2,3,5,4,3,1,3,2,1,1,2,3,4,18,1,2,3,3,2,1,2,3,8,1,3,4,1,1,6,1,3,3,4,6,1,3,3,7,3,2,3,2,5,2,2,6,4,1,6,4,6,1,3,8,2,2,2,2,3
4,1,4,5,3,6,4,5,4,2,3,4,5,3,2,4,1,3,3,6,1,6,2,4,2,5,3,2,2,2,3,2,1,5,4,3,3,9,2,6,1,7,1,1,4,3,4,8,2,2,4,4,4,2,3,2,3,1,1,2,8,2,3,2,7,1,8,2,4,4,2,4,3,3,2,3,2,1,1,2,3,4,18,1,2,3,3,2,1,2,3,8,1,3,4,1,1,6,1,3,3,4,6,1,3,3,7,3,2,3,2,5,2,2,6,4,1,6,4,6,1,3,8,2,2,2,2,3
0,1,4,5,3,6,4,5,4,2,3,4,5,3,2,4,1,3,3,6,1,6,2,4,2,5,3,2,2,2,3,2,1,5,4,3,3,9,2,6,1,7,1,1,4,3,4,8,2,2,4,4,4,2,3,2,3,1,1,2,8,2,3,2,7,1,8,2,4,4,2,4,3,3,2,5,5,1,4,4,1,4,3,5,8,2,2,40,1,0,0,2,2,3,1,5,4,2,3,1,3,4,4,6,4,6,3,5,2,1,4,4,0,3,4,4,4,3,2,4,6,3,3,2,2,2,3,3
5,1,3,2,3,4,5,2,2,3,1,5,2,4,4,5,2,3,0,2,2,4,3,3,5,1,3,3,1,7,2,6,4,5,4,4,2,1,5,4,4,7,3,5,3,3,4,9,4,5,3,4,6,2,1,4,3,3,1,4,3,5,5,3,6,2,5,6,2,4,3,2,1,1,5,5,5,1,4,4,1,4,3,5,8,2,2,40,1,0,0,2,2,3,1,5,4,2,3,1,3,4,4,6,4,6,3,5,2,1,4,4,0,3,4,4,4,3,2,4,6,3,3,2,2,2,3,3
5,1,3,2,3,4,5,2,2,3,1,5,2,4,4,5,2,3,0,2,2,4,3,3,5,1,3,3,1,7,2,6,4,5,4,4,2,1,5,4,4,7,3,5,3,3,4,9,4,5,3,4,6,2,1,4,3,3,1,4,3,5,5,3,6,2,5,6,2,4,3,2,1,1,5,2,1,4,2,2,3,3,7,3,3,2,2,1,5,6,4,5,9,1,3,4,2,1,4,1,2,2,3,4,2,1,4,4,4,6,11,5,2,5,0,3,2,1,7,2,6,4,3,3,3,5,3,3
0,44,30,5,0,0,0,0,1,0,1,0,3,1,1,3,1,5,4,7,3,3,3,5,1,7,3,7,2,1,4,3,1,3,6,3,4,4,2,3,3,4,58,2,0,0,52,0,0,0,26,52,0,2,0,2,3,0,0,0,2,6,3,3,7,2,61,10,0,2,0,0,0,6,1,2,1,4,2,2,3,3,7,3,3,2,2,1,5,6,4,5,9,1,3,4,2,1,4,1,2,2,3,4,2,1,4,4,4,6,11,5,2,5,0,3,2,1,7,2,6,4,3,3,3,5,3,3
2,44,30,5,0,0,0,0,1,0,1,0,3,1,1,3,1,5,4,7,3,3,3,5,1,7,3,7,2,1,4,3,1,3,6,3,4,4,2,3,3,4,58,2,0,0,52,0,0,0,26,52,0,2,0,2,3,0,0,0,2,6,3,3,7,2,61,10,0,2,0,0,0,6,0,5,2,3,12,4,3,3,1,6,1,4,3,4,5,4,4,1,2,3,4,3,2,4,7,2,2,5,3,3,4,4,1,2,3,5,3,1,2,2,5,3,1,1,1,6,1,2,4,3,3,2,4,3
3,6,2,6,2,3,4,5,3,2,2,3,3,8,2,3,2,2,2,1,1,4,6,4,3,2,5,3,5,4,3,3,5,2,3,3,3,1,2,3,3,2,3,4,4,1,4,5,4,2,2,2,3,5,5,2,3,1,4,6,4,1,3,3,2,4,5,5,3,7,6,5,3,3,2,5,2,3,12,4,3,3,1,6,1,4,3,4,5,4,4,1,2,3,4,3,2,4,7,2,2,5,3,3,4,4,1,2,3,5,3,1,2,2,5,3,1,1,1,6,1,2,4,3,3,2,4,3
3,6,2,6,2,3,4,5,3,2,2,3,3,8,2,3,2,2,2,1,1,4,6,4,3,2,5,3,5,4,3,3,5,2,3,3,3,1,2,3,3,2,3,4,4,1,4,5,4,2,2,2,3,5,5,2,3,1,4,6,4,1,3,3,2,4,5,5,3,7,6,5,3,3,2,3,2,7,3,22,15,5,1,4,1,4,6,4,3,0,3,3,1,2,2,2,3,3,3,2,3,4,7,3,4,5,3,6,4,5,2,2,2,7,3,5,2,5,6,1,4,2,2,3,3,5,1,2
4,6,3,5,3,2,1,3,4,0,3,3,2,2,6,5,2,4,2,3,1,3,5,4,4,2,6,2,4,2,2,8,1,5,5,3,3,2,1,10,5,1,3,5,2,2,1,4,6,2,2,3,2,8,3,5,4,1,2,2,1,2,3,3,8,2,3,3,2,2,5,3,3,2,2,3,2,7,3,22,15,5,1,4,1,4,6,4,3,0,3,3,1,2,2,2,3,3,3,2,3,4,7,3,4,5,3,6,4,5,2,2,2,7,3,5,2,5,6,1,4,2,2,3,3,5,1,2
4,6,3,5,3,2,1,3,4,0,3,3,2,2,6,5,2,4,2,3,1,3,5,4,4,2,6,2,4,2,2,8,1,5,5,3,3,2,1,10,5,1,3,5,2,2,1,4,6,2,2,3,2,8,3,5,4,1,2,2,1,2,3,3,8,2,3,3,2,2,5,3,3,2,2,6,9,1,1,3,5,15,6,3,3,2,3,0,2,2,3,3,2,3,3,0,4,2,6,2,2,4,4,1,3,1,5,6,5,3,1,5,2,7,6,0,4,3,3,1,2,3,5,2,7,1,3,1
3,3,2,3,5,2,6,3,2,2,5,4,3,4,3,7,5,5,1,3,4,2,0,2,2,4,6,3,6,2,1,3,3,4,6,3,1,2,4,6,3,1,2,3,5,2,1,6,4,5,1,1,5,5,4,2,3,5,2,4,1,3,8,2,3,6,2,3,3,3,3,7,5,2,1,6,9,1,1,3,5,15,6,3,3,2,3,0,2,2,3,3,2,3,3,0,4,2,6,2,2,4,4,1,3,1,5,6,5,3,1,5,2,7,6,0,4,3,3,1,2,3,5,2,7,1,3,1
3,3,2,3,5,2,6,3,2,2,5,4,3,4,3,7,5,5,1,3,4,2,0,2,2,4,6,3,6,2,1,3,3,4,6,3,1,2,4,6,3,1,2,3,5,2,1,6,4,5,1,1,5,5,4,2,3,5,2,4,1,3,8,2,3,6,2,3,3,3,3,7,5,2,1,3,5,1,1,4,2,1,5,2,5,3,2,5,8,1,1,2,2,1,5,2,1,6,2,6,4,1,3,2,3,4,7,9,4,2,4,3,4,6,4,1,4,4,2,2,6,4,3,2,2,7,1,1
7,4,1,6,2,3,3,2,2,4,4,1,3,7,1,4,5,1,5,5,5,5,4,4,4,5,4,2,8,4,7,3,3,0,3,5,2,3,5,2,9,2,3,1,4,4,2,4,2,5,4,6,4,4,4,5,1,9,5,1,4,2,1,3,3,3,2,2,3,2,3,5,5,3,2,3,5,1,1,4,2,1,5,2,5,3,2,5,8,1,1,2,2,1,5,2,1,6,2,6,4,1,3,2,3,4,7,9,4,2,4,3,4,6,4,1,4,4,2,2,6,4,3,2,2,7,1,1
7,4,1,6,2,3,3,2,2,4,4,1,3,7,1,4,5,1,5,5,5,5,4,4,4,5,4,2,8,4,7,3,3,0,3,5,2,3,5,2,9,2,3,1,4,4,2,4,2,5,4,6,4,4,4,5,1,9,5,1,4,2,1,3,3,3,2,2,3,2,3,5,5,3,2,6,4,5,3,2,3,17,2,2,3,3,5,3,0,2,3,2,7,1,4,3,7,4,4,2,4,2,2,6,1,3,3,5,4,5,2,3,3,2,4,1,1,3,5,2,2,3,1,1,3,4,6,5
5,4,2,3,2,4,3,5,2,5,4,5,2,5,3,3,5,1,2,3,4,2,2,10,2,2,2,7,2,5,3,2,5,3,2,3,5,7,2,2,2,3,4,2,3,3,1,4,2,1,4,2,3,4,1,3,4,4,3,4,3,2,4,3,1,2,3,7,3,3,2,2,4,6,8,6,4,5,3,2,3,17,2,2,3,3,5,3,0,2,3,2,7,1,4,3,7,4,4,2,4,2,2,6,1,3,3,5,4,5,2,3,3,2,4,1,1,3,5,2,2,3,1,1,3,4,6,5
4,4,2,3,2,4,3,5,2,5,4,5,2,5,3,3,5,1,2,3,4,2,2,10,2,2,2,7,2,5,3,2,5,3,2,3,5,7,2,2,2,3,4,2,3,3,1,4,2,1,4,2,3,4,1,3,4,4,3,4,3,2,4,3,1,2,3,7,3,3,2,2,4,6,8,4,4,3,1,12,20,2,4,4,3,5,3,6,4,2,10,5,1,3,2,6,0,4,2,1,3,7,6,9,5,3,3,1,6,4,7,5,3,4,3,3,2,6,1,2,3,1,4,5,9,2,0,7
2,4,3,6,3,8,3,4,5,4,2,2,2,4,6,3,41,6,1,1,31,1,4,3,3,1,2,5,3,2,2,6,3,2,3,2,2,6,4,4,1,4,4,3,8,1,2,5,2,1,4,3,4,5,7,3,2,5,3,2,5,4,5,5,2,0,1,2,2,2,2,9,5,4,5,4,4,3,1,12,20,2,4,4,3,5,3,6,4,2,10,5,1,3,2,6,0,4,2,1,3,7,6,9,5,3,3,1,6,4,7,5,3,4,3,3,2,6,1,2,3,1,4,5,9,2,0,7
2,4,3,6,3,8,3,4,5,4,2,2,2,4,6,3,41,6,1,1,31,1,4,3,3,1,2,5,3,2,2,6,3,2,3,2,2,6,4,4,1,4,4,3,8,1,2,5,2,1,4,3,4,5,7,3,2,5,3,2,5,4,5,5,2,0,1,2,2,2,2,9,5,4,5,5,5,1,3,11,2,3,4,3,5,2,3,4,1,3,9,2,2,2,6,1,2,5,5,4,3,2,3,2,5,6,2,4,3,2,1,2,7,3,1,6,0,5,5,6,7,1,1,2,4,2,3,4
1,2,3,3,4,1,4,4,2,3,3,2,2,3,4,2,5,7,5,3,4,4,2,4,1,4,6,5,3,7,4,2,5,1,1,0,6,3,3,1,4,7,3,0,2,4,6,3,1,1,2,11,1,2,5,4,1,4,2,8,4,2,4,5,3,2,2,5,3,5,6,2,3,6,3,5,5,1,3,11,2,3,4,3,5,2,3,4,1,3,9,2,2,2,6,1,2,5,5,4,3,2,3,2,5,6,2,4,3,2,1,2,7,3,1,6,0,5,5,6,7,1,1,2,4,2,3,4
1,2,3,3,4,1,4,4,2,3,3,2,2,3,4,2,5,7,5,3,4,4,2,4,1,4,6,5,3,7,4,2,5,1,1,0,6,3,3,1,4,7,3,0,2,4,6,3,1,1,2,11,1,2,5,4,1,4,2,8,4,2,4,5,3,2,2,5,3,5,6,2,3,6,3,1,3,1,3,5,2,4,13,1,3,3,7,7,2,3,3,3,2,3,2,6,1,9,2,3,2,3,7,0,3,5,1,1,7,3,3,3,3,4,4,6,5,1,1,2,4,3,2,7,3,3,1,3
5,1,6,4,4,4,1,5,6,4,5,5,1,1,4,5,1,8,6,2,4,2,4,7,2,1,2,4,3,2,1,3,2,2,5,3,4,2,3,5,4,3,2,3,4,4,4,3,4,4,3,0,3,7,5,2,7,4,5,2,2,4,5,0,3,3,5,3,5,6,3,8,4,4,3,1,3,1,3,5,2,4,13,1,3,3,7,7,2,3,3,3,2,3,2,6,1,9,2,3,2,3,7,0,3,5,1,1,7,3,3,3,3,4,4,6,5,1,1,2,4,3,2,7,3,3,1,3
5,1,6,4,4,4,1,5,6,4,5,5,1,1,4,5,1,8,6,2,4,2,4,7,2,1,2,4,3,2,1,3,2,2,5,3,4,2,3,5,4,3,2,3,4,4,4,3,4,4,3,0,3,7,5,2,7,4,5,2,2,4,5,0,3,3,5,3,5,6,3,8,4,4,3,4,2,4,2,7,3,19,0,3,5,5,1,5,1,2,3,1,1,3,2,2,2,3,4,2,3,2,10,2,3,4,3,1,2,9,6,3,2,2,7,0,4,9,1,2,3,2,6,5,3,4,1,2
2,2,3,2,1,7,3,7,1,4,1,2,7,1,9,5,3,2,3,6,1,2,2,5,2,5,1,3,6,6,1,3,3,4,4,5,2,2,3,4,3,3,2,3,3,3,2,6,3,4,4,3,3,2,4,2,2,2,3,7,5,8,2,2,1,3,2,2,2,4,4,4,3,2,4,4,2,4,2,7,3,19,0,3,5,5,1,5,1,2,3,1,1,3,2,2,2,3,4,2,3,2,10,2,3,4,3,1,2,9,6,3,2,2,7,0,4,9,1,2,3,2,6,5,3,4,1,2
3,2,3,2,1,7,3,7,1,4,1,2,7,1,9,5,3,2,3,6,1,2,2,5,2,5,1,3,6,6,1,3,3,4,4,5,2,2,3,4,3,3,2,3,3,3,2,6,3,4,4,3,3,2,4,2,2,2,3,7,5,8,2,2,1,3,2,2,2,4,4,4,3,2,4,4,4,0,3,3,7,8,2,2,2,1,2,4,1,2,40,25,0,3,6,4,3,1,1,3,1,3,5,5,2,1,5,3,1,3,4,3,12,6,2,5,3,2,5,1,12,7,5,3,3,1,2,2
3,2,3,6,5,4,3,6,3,5,3,2,2,2,2,4,3,3,2,6,6,4,3,1,4,4,2,1,3,5,5,8,5,2,3,5,6,2,2,1,2,5,1,4,6,5,7,2,1,5,4,3,2,4,2,6,2,6,5,3,5,3,3,1,6,6,2,3,3,3,3,2,5,2,4,4,4,0,3,3,7,8,2,2,2,1,2,4,1,2,40,25,0,3,6,4,3,1,1,3,1,3,5,5,2,1,5,3,1,3,4,3,12,6,2,5,3,2,5,1,12,7,5,3,3,1,2,2
3,2,3,6,5,4,3,6,3,5,3,2,2,2,2,4,3,3,2,6,6,4,3,1,4,4,2,1,3,5,5,8,5,2,3,5,6,2,2,1,2,5,1,4,6,5,7,2,1,5,4,3,2,4,2,6,2,6,5,3,5,3,3,1,6,6,2,3,3,3,3,2,5,2,4,6,3,4,2,1,5,4,2,4,2,4,1,1,2,4,3,4,2,2,2,3,3,4,4,4,3,5,2,3,4,4,5,2,6,1,5,3,4,2,2,7,2,2,1,3,7,8,4,4,1,2,4,1
3,10,1,5,4,3,4,4,4,3,0,4,3,5,1,3,4,1,6,3,4,2,2,4,2,4,2,2,3,3,5,3,3,2,2,4,6,4,3,1,3,4,4,3,3,2,4,2,3,2,3,2,4,9,5,1,3,3,1,7,5,2,8,3,3,2,4,4,2,2,1,4,3,6,6,6,3,4,2,1,5,4,2,4,2,4,1,1,2,4,3,4,2,2,2,3,3,4,4,4,3,5,2,3,4,4,5,2,6,1,5,3,4,2,2,7,2,2,1,3,7,8,4,4,1,2,4,1
3,10,1,5,4,3,4,4,4,3,0,4,3,5,1,3,4,1,6,3,4,2,2,4,2,4,2,2,3,3,5,3,3,2,2,4,6,4,3,1,3,4,4,3,3,2,4,2,3,2,3,2,4,9,5,1,3,3,1,7,5,2,8,3,3,2,4,4,2,2,1,4,3,6,6,2,2,6,7,7,3,2,0,3,4,1,1,6,3,5,5,2,20,2,0,0,4,4,2,2,3,6,2,3,2,4,5,3,6,7,3,5,2,5,7,1,1,3,4,6,4,2,1,3,2,1,9,5
2,2,3,3,2,3,3,5,2,3,2,4,3,4,5,5,3,5,2,3,4,3,3,1,4,3,2,6,4,4,1,5,1,2,3,2,3,6,2,4,4,4,6,3,5,2,3,1,2,2,4,5,1,7,3,6,6,4,1,4,1,2,2,3,2,7,3,1,2,2,3,1,3,2,5,2,2,6,7,7,3,2,0,3,4,1,1,6,3,5,5,2,20,2,0,0,4,4,2,2,3,6,2,3,2,4,5,3,6,7,3,5,2,5,7,1,1,3,4,6,4,2,1,3,2,1,9,5
2,2,3,3,2,3,3,5,2,3,2,4,3,4,5,5,3,5,2,3,4,3,3,1,4,3,2,6,4,4,1,5,1,2,3,2,3,6,2,4,4,4,6,3,5,2,3,1,2,2,4,5,1,7,3,6,6,4,1,4,1,2,2,3,2,7,3,1,2,2,3,1,3,2,5,3,4,4,2,3,1,2,2,28,8,1,4,6,7,1,2,7,0,4,4,5,6,2,1,5,4,2,2,7,2,3,1,5,5,4,3,2,2,4,2,2,4,4,3,1,7,1,3,3,3,5,3,3
3,4,5,3,5,2,4,1,5,5,1,6,2,2,6,1,2,2,4,2,3,7,1,3,4,4,3,1,9,6,4,2,3,3,3,1,2,5,2,4,2,2,2,1,5,2,3,6,4,1,5,4,3,6,2,4,1,6,4,3,1,2,1,4,4,2,4,4,3,5,4,3,2,2,3,3,4,4,2,3,1,2,2,28,8,1,4,6,7,1,2,7,0,4,4,5,6,2,1,5,4,2,2,7,2,3,1,5,5,4,3,2,2,4,2,2,4,4,3,1,7,1,3,3,3,5,3,3
3,4,5,3,5,2,4,1,5,5,1,6,2,2,6,1,2,2,4,2,3,7,1,3,4,4,3,1,9,6,4,2,3,3,3,1,2,5,2,4,2,2,2,1,5,2,3,6,4,1,5,4,3,6,2,4,1,6,4,3,1,2,1,4,4,2,4,4,3,5,4,3,2,2,3,6,4,9,1,2,1,5,19,3,0,2,1,1,3,3,2,8,2,3,4,4,2,2,6,2,1,3,1,0,3,4,5,2,9,4,6,2,2,1,7,3,1,3,3,2,6,2,3,1,7,3,3,3
2,1,3,2,6,9,2,0,5,3,3,3,1,4,4,7,4,1,4,7,3,2,2,2,5,5,1,2,4,3,7,3,2,5,4,6,6,2,4,6,4,2,1,7,7,5,3,3,4,0,9,0,2,1,4,8,3,2,2,3,6,4,2,2,2,3,2,2,5,1,4,7,2,7,3,6,4,9,1,2,1,5,19,3,0,2,1,1,3,3,2,8,2,3,4,4,2,2,6,2,1,3,1,0,3,4,5,2,9,4,6,2,2,1,7,3,1,3,3,2,6,2,3,1,7,3,3,3
2,1,3,2,6,9,2,0,5,3,3,3,1,4,4,7,4,1,4,7,3,2,2,2,5,5,1,2,4,3,7,3,2,5,4,6,6,2,4,6,4,2,1,7,7,5,3,3,4,0,9,0,2,1,4,8,3,2,2,3,6,4,2,2,2,3,2,2,5,1,4,7,2,7,3,3,2,4,21,12,2,4,2,2,3,4,2,5,3,4,3,5,1,3,4,3,3,4,2,1,3,4,1,4,5,3,2,2,9,7,2,1,4,7,3,6,4,5,0,5,4,5,2,2,4,3,1,3
2,6,2,5,3,4,4,2,4,2,2,5,4,3,2,4,2,4,4,1,3,1,1,2,2,3,2,3,1,4,4,2,8,4,3,1,5,4,2,2,10,3,2,3,5,4,2,3,5,7,1,5,1,2,2,5,5,3,4,2,7,3,2,1,3,5,2,5,3,2,6,5,2,2,1,3,2,4,21,12,2,4,2,2,3,4,2,5,3,4,3,5,1,3,4,3,3,4,2,1,3,4,1,4,5,3,2,2,9,7,2,1,4,7,3,6,4,5,0,5,4,5,2,2,4,3,1,3
2,6,2,5,3,4,4,2,4,2,2,5,4,3,2,4,2,4,4,1,3,1,1,2,2,3,2,3,1,4,4,2,8,4,3,1,5,4,2,2,10,3,2,3,5,4,2,3,5,7,1,5,1,2,2,5,5,3,4,2,7,3,2,1,3,5,2,5,3,2,6,5,2,2,1,5,1,5,3,6,6,3,4,3,5,1,14,2,5,5,3,5,2,6,7,8,10,5,2,2,2,2,3,3,5,1,1,2,5,2,4,5,4,2,2,2,3,3,5,6,4,4,5,3,6,5,5,3
1,5,2,0,2,3,4,2,2,3,2,5,3,4,3,0,5,2,2,5,7,4,2,2,3,5,4,4,6,4,4,8,5,7,6,1,3,2,3,5,3,2,6,5,1,1,2,3,5,3,3,3,1,2,3,3,6,5,2,5,5,3,2,7,3,6,3,1,5,1,1,3,1,3,7,5,1,5,3,6,6,3,4,3,5,1,14,2,5,5,3,5,2,6,7,8,10,5,2,2,2,2,3,3,5,1,1,2,5,2,4,5,4,2,2,2,3,3,5,6,4,4,5,3,6,5,5,3
1,5,2,0,2,3,4,2,2,3,2,5,3,4,3,0,5,2,2,5,7,4,2,2,3,5,4,4,6,4,4,8,5,7,6,1,3,2,3,5,3,2,6,5,1,1,2,3,5,3,3,3,1,2,3,3,6,5,2,5,5,3,2,7,3,6,3,1,5,1,1,3,1,3,7,3,5,2,2,2,21,1,2,4,3,2,4,3,2,7,5,2,3,3,8,1,4,4,2,2,7,4,1,5,4,4,2,3,2,3,2,4,3,1,4,1,7,2,3,3,4,3,3,4,3,5,5,6
0,4,3,3,2,5,2,4,3,9,1,4,2,1,5,2,3,3,6,6,6,6,4,2,2,3,3,1,2,2,4,1,5,1,10,6,6,4,2,2,3,2,5,3,4,4,5,3,6,2,2,1,4,2,2,4,5,1,3,6,2,2,3,0,3,2,6,3,0,6,2,5,2,2,2,3,5,2,2,2,21,1,2,4,3,2,4,3,2,7,5,2,3,3,8,1,4,4,2,2,7,4,1,5,4,4,2,3,2,3,2,4,3,1,4,1,7,2,3,3,4,3,3,4,3,5,5,6
0,4,3,3,2,5,2,4,3,9,1,4,2,1,5,2,3,3,6,6,6,6,4,2,2,3,3,1,2,2,4,1,5,1,10,6,6,4,2,2,3,2,5,3,4,4,5,3,6,2,2,1,4,2,2,4,5,1,3,6,2,2,3,0,3,2,6,3,0,6,2,5,2,2,2,2,3,1,1,3,26,9,2,6,4,3,5,1,2,4,3,3,3,3,5,3,5,3,6,2,1,1,2,7,4,1,2,4,3,6,7,1,2,2,6,3,1,3,4,3,2,7,2,3,4,3,1,2
3,5,0,2,4,5,6,2,2,2,3,4,4,1,7,2,5,0,2,3,3,3,7,7,3,3,2,0,5,2,2,4,5,7,3,1,6,4,6,2,8,2,3,4,6,4,2,3,1,1,3,5,4,2,3,1,6,2,3,5,4,4,4,2,2,2,4,0,1,5,2,2,3,5,2,2,3,1,1,3,26,9,2,6,4,3,5,1,2,4,3,3,3,3,5,3,5,3,6,2,1,1,2,7,4,1,2,4,3,6,7,1,2,2,6,3,1,3,4,3,2,7,2,3,4,3,1,2
3,5,0,2,4,5,6,2,2,2,3,4,4,1,7,2,5,0,2,3,3,3,7,7,3,3,2,0,5,2,2,4,5,7,3,1,6,4,6,2,8,2,3,4,6,4,2,3,1,1,3,5,4,2,3,1,6,2,3,5,4,4,4,2,2,2,4,0,1,5,2,2,3,5,2,3,5,2,0,5,4,2,2,2,3,20,2,7,1,4,3,6,5,3,5,4,5,2,1,1,1,2,7,2,3,5,1,7,2,3,5,2,3,3,5,2,5,3,3,5,6,1,6,3,6,3,5,0
6,2,4,4,2,4,0,4,5,1,1,4,1,4,5,2,4,1,3,3,2,5,1,4,7,7,2,6,4,4,1,3,2,2,1,4,1,2,5,5,3,0,2,3,2,5,2,5,3,3,5,1,7,2,4,3,3,1,1,7,1,2,1,2,4,3,2,2,1,3,4,5,1,1,3,3,2,3,18,6,0,0,1,2,2,7,3,3,6,6,3,7,3,2,2,4,4,9,3,4,1,3,2,1,3,2,1,3,2,6,0,1,1,4,2,2,3,2,4,6,5,5,2,3,3,3,0,4
6,2,4,4,2,4,0,4,5,1,1,4,1,4,5,2,4,1,3,3,2,5,1,4,7,7,2,6,4,4,1,3,2,2,1,4,1,2,5,5,3,0,2,3,2,5,2,5,3,3,5,1,7,2,4,3,3,1,1,7,1,2,1,2,4,3,2,2,1,3,4,5,1,1,3,8,10,1,6,1,6,1,34,3,0,2,3,2,2,2,4,0,5,1,3,2,3,3,1,3,6,2,3,3,4,1,4,4,3,2,6,5,2,4,2,4,6,6,3,3,2,8,6,3,2,2,4,4
3,3,2,3,6,2,5,4,7,2,2,2,5,5,3,3,4,1,2,5,9,1,2,2,5,4,4,3,2,2,5,2,3,3,5,1,4,6,3,1,2,2,3,4,3,2,4,1,4,0,4,4,7,4,4,5,2,2,3,3,5,2,4,2,1,8,6,4,7,3,4,3,5,5,2,8,10,1,6,1,6,1,34,3,0,2,3,2,2,2,4,0,5,1,3,2,3,3,1,3,6,2,3,3,4,1,4,4,3,2,6,5,2,4,2,4,6,6,3,3,2,8,6,3,2,2,4,4
3,3,2,3,6,2,5,4,7,2,2,2,5,5,3,3,4,1,2,5,9,1,2,2,5,4,4,3,2,2,5,2,3,3,5,1,4,6,3,1,2,2,3,4,3,2,4,1,4,0,4,4,7,4,4,5,2,2,3,3,5,2,4,2,1,8,6,4,7,3,4,3,5,5,2,2,4,5,5,27,3,4,6,2,2,1,5,4,5,4,11,9,1,6,2,0,3,3,2,1,4,5,2,5,3,1,4,3,5,2,5,3,2,1,3,0,4,2,10,2,6,2,4,2,4,5,2,3
3,4,7,1,2,2,3,3,4,1,3,3,2,6,3,6,3,2,3,4,8,2,2,8,1,2,5,3,3,4,4,4,4,2,7,3,2,6,6,3,6,1,1,4,6,1,2,5,4,2,4,5,1,1,2,10,6,2,4,6,4,5,5,3,1,2,2,4,1,6,4,2,1,1,6,2,4,5,5,27,3,4,6,2,2,1,5,4,5,4,11,9,1,6,2,0,3,3,2,1,4,5,2,5,3,1,4,3,5,2,5,3,2,1,3,0,4,2,10,2,6,2,4,2,4,5,2,3
3,4,7,1,2,2,3,3,4,1,3,3,2,6,3,6,3,2,3,4,8,2,2,8,1,2,5,3,3,4,4,4,4,2,7,3,2,6,6,3,6,1,1,4,6,1,2,5,4,2,4,5,1,1,2,10,6,2,4,6,4,5,5,3,1,2,2,4,1,6,4,2,1,1,6,1,2,3,4,22,1,2,3,3,6,2,2,3,0,4,3,3,3,4,1,4,5,4,3,4,3,3,2,4,6,3,4,4,2,9,7,9,2,6,5,3,2,7,6,5,4,1,5,1,9,3,4,1
6,2,3,0,3,3,1,1,2,7,4,0,7,0,3,6,1,2,3,2,10,2,1,7,9,2,2,4,2,1,4,4,4,7,0,4,0,7,2,4,6,2,5,7,1,3,4,1,4,2,2,2,5,3,6,4,2,1,5,1,4,2,3,4,3,4,2,3,2,3,3,3,4,5,6,1,2,3,4,22,1,2,3,3,6,2,2,3,0,4,3,3,3,4,1,4,5,4,3,4,3,3,2,4,6,3,4,4,2,9,7,9,2,6,5,3,2,7,6,5,4,1,5,1,9,3,4,1
6,2,3,0,3,3,1,1,2,7,4,0,7,0,3,6,1,2,3,2,10,2,1,7,9,2,2,4,2,1,4,4,4,7,0,4,0,7,2,4,6,2,5,7,1,3,4,1,4,2,2,2,5,3,6,4,2,1,5,1,4,2,3,4,3,4,2,3,2,3,3,3,4,5,6,5,2,2,5,6,2,5,1,4,5,1,1,3,27,0,1,1,3,1,2,3,1,10,1,4,0,4,4,3,3,5,2,4,1,7,2,3,4,3,1,4,3,5,2,4,8,2,3,4,1,2,3,2
3,3,4,5,3,5,2,3,4,4,1,3,4,5,1,2,7,2,2,3,6,1,4,2,5,1,2,4,4,4,5,4,2,2,4,4,5,3,3,4,9,4,2,1,4,4,2,1,3,3,3,4,4,6,0,1,6,4,6,3,5,4,2,5,6,8,2,3,5,6,1,2,4,3,4,5,2,2,5,6,2,5,1,4,5,1,1,3,27,0,1,1,3,1,2,3,1,10,1,4,0,4,4,3,3,5,2,4,1,7,2,3,4,3,1,4,3,5,2,4,8,2,3,4,1,2,3,2
3,3,4,5,3,5,2,3,4,4,1,3,4,5,1,2,7,2,2,3,6,1,4,2,5,1,2,4,4,4,5,4,2,2,4,4,5,3,3,4,9,4,2,1,4,4,2,1,3,3,3,4,4,6,0,1,6,4,6,3,5,4,2,5,6,8,2,3,5,6,1,2,4,3,4,5,4,3,7,23,3,4,5,4,1,4,3,3,1,3,4,6,6,3,1,2,1,6,8,4,3,9,3,5,2,3,1,3,4,3,6,2,2,3,4,4,6,4,7,1,2,2,2,5,0,2,6,4
4,2,2,4,1,2,5,2,6,4,5,5,2,3,5,4,2,4,1,6,6,2,3,4,2,3,2,5,2,3,3,2,7,3,3,5,4,2,4,3,4,2,1,3,4,3,1,3,5,2,3,1,3,2,5,3,6,7,3,1,4,5,2,3,6,2,6,7,3,3,4,2,2,3,3,5,4,3,7,23,3,4,5,4,1,4,3,3,1,3,4,6,6,3,1,2,1,6,8,4,3,9,3,5,2,3,1,3,4,3,6,2,2,3,4,4,6,4,7,1,2,2,2,5,0,2,6,4
4,2,2,4,1,2,5,2,6,4,5,5,2,3,5,4,2,4,1,6,6,2,3,4,2,3,2,5,2,3,3,2,7,3,3,5,4,2,4,3,4,2,1,3,4,3,1,3,5,2,3,1,3,2,5,3,6,7,3,1,4,5,2,3,6,2,6,7,3,3,4,2,2,3,3,2,5,6,4,8,4,7,3,3,2,3,3,6,3,4,5,6,6,9,2,2,3,6,5,5,2,2,3,6,2,8,5,3,3,1,1,3,1,5,2,2,1,7,1,3,2,5,3,3,1,4,1,5
4,5,1,4,6,5,3,3,4,0,6,3,3,2,4,2,5,2,4,1,3,3,2,5,6,2,5,3,4,2,1,1,7,2,6,7,3,2,4,4,2,3,1,2,4,1,6,5,1,4,2,4,4,1,2,4,6,1,3,3,4,1,4,2,3,3,1,2,2,0,2,4,8,4,4,2,5,6,4,8,4,7,3,3,2,3,3,6,3,4,5,6,6,9,2,2,3,6,5,5,2,2,3,6,2,8,5,3,3,1,1,3,1,5,2,2,1,7,1,3,2,5,3,3,1,4,1,5
4,5,1,4,6,5,3,3,4,0,6,3,3,2,4,2,5,2,4,1,3,3,2,5,6,2,5,3,4,2,1,1,7,2,6,7,3,2,4,4,2,3,1,2,4,1,6,5,1,4,2,4,4,1,2,4,6,1,3,3,4,1,4,2,3,3,1,2,2,0,2,4,8,4,4,1,3,4,5,13,5,6,5,1,4,1,2,1,5,4,2,1,3,4,2,4,1,4,2,3,3,2,4,2,3,3,2,3,4,2,2,3,1,4,2,5,1,4,9,2,7,0,3,2,2,3,2,3
2,2,3,4,4,2,1,7,2,4,3,2,2,5,2,3,6,3,0,6,4,6,6,3,2,1,4,4,3,2,4,1,2,5,4,8,6,3,4,1,1,2,3,2,1,4,4,3,5,7,3,3,3,4,8,3,3,3,1,4,1,3,2,1,0,3,3,6,3,2,3,1,3,1,4,1,3,4,5,13,5,6,5,1,4,1,2,1,5,4,2,1,3,4,2,4,1,4,2,3,3,2,4,2,3,3,2,3,4,2,2,3,1,4,2,5,1,4,9,2,7,0,3,2,2,3,2,3
2,2,3,4,4,2,1,7,2,4,3,2,2,5,2,3,6,3,0,6,4,6,6,3,2,1,4,4,3,2,4,1,2,5,4,8,6,3,4,1,1,2,3,2,1,4,4,3,5,7,3,3,3,4,8,3,3,3,1,4,1,3,2,1,0,3,3,6,3,2,3,1,3,1,4,5,1,4,3,3,4,3,2,3,20,1,2,0,2,3,2,4,2,2,4,3,3,4,8,1,2,6,6,3,6,4,3,2,0,4,3,2,0,6,4,2,3,3,5,5,5,3,5,1,3,3,4,5
7,2,5,1,2,2,2,2,2,8,2,4,3,7,7,4,3,6,4,2,1,2,4,3,4,7,4,6,2,1,3,4,2,8,3,2,2,1,3,5,3,2,5,5,6,6,3,4,2,4,5,4,3,3,2,3,2,4,7,3,2,3,5,2,4,3,3,2,4,2,5,4,1,4,1,5,1,4,3,3,4,3,2,3,20,1,2,0,2,3,2,4,2,2,4,3,3,4,8,1,2,6,6,3,6,4,3,2,0,4,3,2,0,6,4,2,3,3,5,5,5,3,5,1,3,3,4,5
7,2,5,1,2,2,2,2,2,8,2,4,3,7,7,4,3,6,4,2,1,2,4,3,4,7,4,6,2,1,3,4,2,8,3,2,2,1,3,5,3,2,5,5,6,6,3,4,2,4,5,4,3,3,2,3,2,4,7,3,2,3,5,2,4,3,3,2,4,2,5,4,1,4,1,5,4,6,3,6,2,2,19,2,2,2,2,6,4,3,4,1,7,7,5,1,2,3,3,2,5,4,3,2,2,2,3,3,7,2,3,4,6,3,1,2,5,2,2,2,4,2,3,2,4,3,7,2
5,3,6,5,1,2,5,5,2,5,2,3,7,4,1,2,4,0,6,8,2,3,3,2,4,2,2,1,4,2,3,8,2,6,2,3,2,3,7,1,6,2,2,2,1,6,6,7,5,2,3,3,4,6,3,4,3,3,3,2,2,1,3,8,3,7,2,3,8,3,4,0,5,4,4,5,4,6,3,6,2,2,19,2,2,2,2,6,4,3,4,1,7,7,5,1,2,3,3,2,5,4,3,2,2,2,3,3,7,2,3,4,6,3,1,2,5,2,2,2,4,2,3,2,4,3,7,2
5,3,6,5,1,2,5,5,2,5,2,3,7,4,1,2,4,0,6,8,2,3,3,2,4,2,2,1,4,2,3,8,2,6,2,3,2,3,7,1,6,2,2,2,1,6,6,7,5,2,3,3,4,6,3,4,3,3,3,2,2,1,3,8,3,7,2,3,8,3,4,0,5,4,4,2,3,2,7,4,3,4,20,0,2,3,4,2,2,5,1,2,6,8,0,1,3,1,4,3,9,4,2,3,3,2,2,4,3,1,3,7,4,5,2,2,1,6,3,2,5,5,3,3,3,2,3,2
4,0,3,5,5,4,3,8,3,2,3,6,5,1,2,2,3,2,5,2,5,2,3,2,8,7,1,5,2,6,5,5,4,2,2,5,2,8,3,1,7,6,3,1,2,2,2,2,3,6,6,2,3,3,1,3,6,7,7,4,2,4,2,3,1,1,6,3,3,4,3,4,5,7,2,2,3,2,7,4,3,4,20,0,2,3,4,2,2,5,1,2,6,8,0,1,3,1,4,3,9,4,2,3,3,2,2,4,3,1,3,7,4,5,2,2,1,6,3,2,5,5,3,3,3,2,3,2
4,0,3,5,5,4,3,8,3,2,3,6,5,1,2,2,3,2,5,2,5,2,3,2,8,7,1,5,2,6,5,5,4,2,2,5,2,8,3,1,7,6,3,1,2,2,2,2,3,6,6,2,3,3,1,3,6,7,7,4,2,4,2,3,1,1,6,3,3,4,3,4,5,7,2,4,2,3,1,2,4,1,2,2,3,13,6,4,2,5,1,4,1,2,3,4,2,6,5,1,2,4,5,2,5,3,2,2,3,3,3,3,6,6,5,3,2,3,1,3,0,3,6,4,1,9,1,5
4,2,5,4,1,2,8,4,4,2,2,3,5,3,2,6,3,1,3,2,2,6,3,3,3,3,3,5,7,4,4,2,2,4,3,3,3,5,3,1,3,3,5,7,3,4,3,4,3,4,4,2,2,3,3,1,0,6,8,3,1,2,2,3,2,4,1,1,6,3,2,4,3,2,2,4,2,3,1,2,4,1,2,2,3,13,6,4,2,5,1,4,1,2,3,4,2,6,5,1,2,4,5,2,5,3,2,2,3,3,3,3,6,6,5,3,2,3,1,3,0,3,6,4,1,9,1,5
3,2,5,4,1,2,8,4,4,2,2,3,5,3,2,6,3,1,3,2,2,6,3,3,3,3,3,5,7,4,4,2,2,4,3,3,3,5,3,1,3,3,5,7,3,4,3,4,3,4,4,2,2,3,3,1,0,6,8,3,1,2,2,3,2,4,1,1,6,3,2,4,3,2,2,2,6,2,4,1,4,5,1,3,3,2,9,6,4,5,5,3,2,1,4,2,3,1,6,4,3,3,0,4,1,12,5,4,3,4,2,4,2,1,1,3,2,2,2,4,4,1,3,2,3,5,2,5
5,4,2,3,3,4,5,6,6,13,4,3,1,3,5,1,3,5,6,2,1,2,3,6,1,3,3,2,2,0,2,5,5,1,6,3,2,5,1,3,6,2,2,7,3,1,5,4,3,8,7,1,2,4,3,1,3,6,1,3,1,2,4,3,4,1,4,4,4,5,6,2,3,2,4,2,6,2,4,1,4,5,1,3,3,2,9,6,4,5,5,3,2,1,4,2,3,1,6,4,3,3,0,4,1,12,5,4,3,4,2,4,2,1,1,3,2,2,2,4,4,1,3,2,3,5,2,5
5,4,2,3,3,4,5,6,6,13,4,3,1,3,5,1,3,5,6,2,1,2,3,6,1,3,3,2,2,0,2,5,5,1,6,3,2,5,1,3,6,2,2,7,3,1,5,4,3,8,7,1,2,4,3,1,3,6,1,3,1,2,4,3,4,1,4,4,4,5,6,2,3,2,4,3,1,5,1,6,15,2,1,2,2,3,1,1,4,4,2,3,4,4,3,7,1,2,3,3,2,4,6,4,5,2,2,7,8,6,3,5,3,2,1,4,1,7,6,3,2,5,2,5,3,2,4,2
1,2,3,4,6,4,2,4,2,3,3,3,8,1,4,8,4,3,3,2,7,2,2,4,1,5,5,2,3,3,4,2,1,2,3,2,2,0,4,5,6,2,3,2,1,5,1,0,7,5,2,2,4,2,2,5,2,2,2,3,3,3,4,3,7,2,3,3,3,5,2,0,5,1,1,3,1,5,1,6,15,2,1,2,2,3,1,1,4,4,2,3,4,4,3,7,1,2,3,3,2,4,6,4,5,2,2,7,8,6,3,5,3,2,1,4,1,7,6,3,2,5,2,5,3,2,4,2
1,2,3,4,6,4,2,4,2,3,3,3,8,1,4,8,4,3,3,2,7,2,2,4,1,5,5,2,3,3,4,2,1,2,3,2,2,0,4,5,6,2,3,2,1,5,1,0,7,5,2,2,4,2,2,5,2,2,2,3,3,3,4,3,7,2,3,3,3,5,2,0,5,1,4,5,5,1,4,17,0,5,4,3,6,2,4,0,1,3,4,6,4,4,2,4,2,3,2,3,6,3,4,3,3,8,6,2,5,3,6,3,2,2,1,4,1,3,1,5,2,2,1,6,4,2,4,4
1,3,2,6,2,2,5,2,3,2,1,2,3,7,4,1,2,4,3,1,4,2,3,3,4,3,1,5,4,2,1,1,2,6,4,2,5,4,2,3,2,6,3,1,3,5,9,3,2,7,1,3,7,3,3,4,3,2,3,0,3,1,3,2,3,2,4,5,2,4,4,1,4,4,5,5,5,1,4,17,0,5,4,3,6,2,4,0,1,3,4,6,4,4,2,4,2,3,2,3,6,3,4,3,3,8,6,2,5,3,6,3,2,2,1,4,1,3,1,5,2,2,1,6,4,2,4,4
1,3,2,6,2,2,5,2,3,2,1,2,3,7,4,1,2,4,3,1,4,2,3,3,4,3,1,5,4,2,1,1,2,6,4,2,5,4,2,3,2,6,3,1,3,5,9,3,2,7,1,3,7,3,3,4,3,2,3,0,3,1,3,2,3,2,4,5,2,4,4,1,4,4,5,1,3,2,3,11,5,2,3,5,21,5,2,3,2,5,3,1,4,5,3,3,3,5,1,4,1,4,1,3,4,4,3,6,3,3,1,3,2,4,3,6,2,2,4,4,2,1,2,7,1,2,1,6
5,4,2,2,2,1,3,3,3,4,3,1,3,7,3,4,3,39,17,4,3,0,1,3,1,1,2,1,1,3,10,1,1,3,1,3,5,5,4,1,3,2,5,2,4,4,4,3,1,2,9,3,3,9,2,5,5,2,5,2,1,3,5,1,5,1,2,3,5,4,3,6,5,3,0,1,3,2,3,11,5,2,3,5,21,5,2,3,2,5,3,1,4,5,3,3,3,5,1,4,1,4,1,3,4,4,3,6,3,3,1,3,2,4,3,6,2,2,4,4,2,1,2,7,1,2,1,6
5,4,2,2,2,1,3,3,3,4,3,1,3,7,3,4,3,39,17,4,3,0,1,3,1,1,2,1,1,3,10,1,1,3,1,3,5,5,4,1,3,2,5,2,4,4,4,3,1,2,9,3,3,9,2,5,5,2,5,2,1,3,5,1,5,1,2,3,5,4,3,6,5,3,0,2,3,2,4,3,3,4,5,1,2,5,3,4,5,3,5,4,6,1,5,1,3,6,2,0,4,7,7,8,2,6,3,4,4,4,3,2,3,5,4,2,3,1,6,2,1,7,2,3,1,2,3,5
2,0,4,4,4,1,4,3,6,3,3,4,3,2,4,17,3,3,1,1,3,1,3,2,4,3,44,3,0,2,1,2,1,6,3,5,4,8,2,6,2,1,3,7,3,3,2,2,3,1,5,9,2,2,8,2,4,2,3,1,4,7,55,3,0,0,6,4,0,2,4,0,3,4,2,2,3,2,4,3,3,4,5,1,2,5,3,4,5,3,5,4,6,1,5,1,3,6,2,0,4,7,7,8,2,6,3,4,4,4,3,2,3,5,4,2,3,1,6,2,1,7,2,3,1,2,3,5
2,0,4,4,4,1,4,3,6,3,3,4,3,2,4,17,3,3,1,1,3,1,3,2,4,3,44,3,0,2,1,2,1,6,3,5,4,8,2,6,2,1,3,7,3,3,2,2,3,1,5,9,2,2,8,2,4,2,3,1,4,7,55,3,0,0,6,4,0,2,4,0,3,4,2,9,2,3,2,15,2,1,28,2,3,0,3,4,4,4,5,2,1,1,4,2,6,1,1,2,3,3,3,1,6,4,4,1,1,3,3,1,6,2,2,6,3,2,4,2,2,3,2,4,5,3,2,3
1,4,6,2,6,1,5,4,5,0,3,29,2,41,3,0,3,1,1,3,23,2,4,1,5,34,0,1,2,5,3,3,5,1,2,2,4,4,4,5,6,4,4,4,2,5,7,4,3,3,0,1,2,9,5,3,3,1,5,1,2,2,1,4,4,3,4,1,3,5,6,5,8,1,2,9,2,3,2,15,2,1,28,2,3,0,3,4,4,4,5,2,1,1,4,2,6,1,1,2,3,3,3,1,6,4,4,1,1,3,3,1,6,2,2,6,3,2,4,2,2,3,2,4,5,3,2,3
1,4,6,2,6,1,5,4,5,0,3,29,2,41,3,0,3,1,1,3,23,2,4,1,5,34,0,1,2,5,3,3,5,1,2,2,4,4,4,5,6,4,4,4,2,5,7,4,3,3,0,1,2,9,5,3,3,1,5,1,2,2,1,4,4,3,4,1,3,5,6,5,8,1,2,2,2,3,3,16,25,3,4,1,5,1,1,4,6,7,4,6,1,1,7,1,8,6,1,1,3,5,1,3,4,3,3,6,2,2,3,5,2,5,2,6,0,3,1,4,3,4,6,6,3,2,3,4
4,5,6,10,4,7,4,3,1,7,3,7,5,17,0,1,4,7,2,2,4,2,7,3,5,2,3,2,7,3,1,3,4,3,3,2,4,4,7,1,0,3,4,4,1,2,4,2,1,2,7,2,2,3,5,2,7,4,4,7,0,3,3,3,3,2,3,3,4,6,2,6,1,2,1,2,2,3,3,16,25,3,4,1,5,1,1,4,6,7,4,6,1,1,7,1,8,6,1,1,3,5,1,3,4,3,3,6,2,2,3,5,2,5,2,6,0,3,1,4,3,4,6,6,3,2,3,4
4,5,6,10,4,7,4,3,1,7,3,7,5,17,0,1,4,7,2,2,4,2,7,3,5,2,3,2,7,3,1,3,4,3,3,2,4,4,7,1,0,3,4,4,1,2,4,2,1,2,7,2,2,3,5,2,7,4,4,7,0,3,3,3,3,2,3,3,4,6,2,6,1,2,1,3,9,2,1,3,23,5,0,2,2,2,1,1,3,8,6,7,3,5,8,2,1,3,1,4,1,4,2,5,4,2,3,5,0,3,2,7,4,2,4,6,7,3,1,3,2,2,4,3,7,5,2,5
2,3,2,2,3,3,3,5,1,8,2,7,3,1,2,18,4,1,3,5,4,3,3,4,9,6,6,2,3,2,1,6,3,5,4,3,1,7,2,7,1,3,6,2,6,1,2,7,4,5,4,2,3,3,2,2,3,1,3,6,3,2,1,2,2,1,5,2,6,3,8,4,2,1,8,3,9,2,1,3,23,5,0,2,2,2,1,1,3,8,6,7,3,5,8,2,1,3,1,4,1,4,2,5,4,2,3,5,0,3,2,7,4,2,4,6,7,3,1,3,2,2,4,3,7,5,2,5
2,3,2,2,3,3,3,5,1,8,2,7,3,1,2,18,4,1,3,5,4,3,3,4,9,6,6,2,3,2,1,6,3,5,4,3,1,7,2,7,1,3,6,2,6,1,2,7,4,5,4,2,3,3,2,2,3,1,3,6,3,2,1,2,2,1,5,2,6,3,8,4,2,1,8,6,1,5,2,5,6,0,19,18,2,1,3,2,6,2,4,3,0,4,2,4,5,6,4,2,3,4,1,1,1,3,3,2,3,2,3,1,2,6,1,2,3,4,2,4,1,4,9,3,5,2,3,2
2,5,6,1,2,6,4,3,6,2,3,4,2,3,3,3,6,4,0,3,4,6,2,4,4,5,6,2,5,5,8,1,2,4,4,4,2,3,2,6,4,3,3,4,1,1,8,2,3,9,3,1,5,4,3,1,2,1,2,2,5,7,3,4,1,1,4,6,4,3,7,2,2,3,0,6,1,5,2,5,6,0,19,18,2,1,3,2,6,2,4,3,0,4,2,4,5,6,4,2,3,4,1,1,1,3,3,2,3,2,3,1,2,6,1,2,3,4,2,4,1,4,9,3,5,2,3,2
2,5,6,1,2,6,4,3,6,2,3,4,2,3,3,3,6,4,0,3,4,6,2,4,4,5,6,2,5,5,8,1,2,4,4,4,2,3,2,6,4,3,3,4,1,1,8,2,3,9,3,1,5,4,3,1,2,1,2,2,5,7,3,4,1,1,4,6,4,3,7,2,2,3,0,4,1,3,11,6,2,4,1,2,3,3,5,5,1,6,1,2,3,4,4,4,3,5,3,2,4,5,2,3,5,3,3,7,2,4,2,3,4,5,4,4,4,2,3,5,1,3,6,4,3,8,5,5
2,2,4,5,5,2,3,4,1,2,3,3,4,5,1,1,4,7,2,3,3,6,2,2,1,6,4,4,3,4,5,2,3,3,2,3,5,5,1,4,6,4,3,5,3,3,3,1,8,1,2,2,4,3,7,5,2,2,3,3,3,4,1,6,7,5,5,1,7,8,2,5,2,1,2,4,1,3,11,6,2,4,1,2,3,3,5,5,1,6,1,2,3,4,4,4,3,5,3,2,4,5,2,3,5,3,3,7,2,4,2,3,4,5,4,4,4,2,3,5,1,3,6,4,3,8,5,5
2,2,4,5,5,2,3,4,1,2,3,3,4,5,1,1,4,7,2,3,3,6,2,2,1,6,4,4,3,4,5,2,3,3,2,3,5,5,1,4,6,4,3,5,3,3,3,1,8,1,2,2,4,3,7,5,2,2,3,3,3,4,1,6,7,5,5,1,7,8,2,5,2,1,2,3,3,6,1,20,20,2,2,0,2,3,2,4,5,2,7,3,3,4,5,4,3,3,6,7,6,5,2,0,3,2,3,2,2,4,2,3,2,5,5,5,5,2,2,2,12,1,1,49,0,1,0,1
3,5,1,3,4,1,1,1,2,6,2,3,4,4,2,2,1,5,0,7,5,0,3,5,3,3,3,3,4,4,6,3,1,2,2,2,3,4,10,6,2,1,2,3,3,4,2,2,3,2,3,2,4,2,3,9,3,5,4,4,6,4,3,2,3,4,2,1,8,3,2,4,1,3,3,3,3,6,1,20,20,2,2,0,2,3,2,4,5,2,7,3,3,4,5,4,3,3,6,7,6,5,2,0,3,2,3,2,2,4,2,3,2,5,5,5,5,2,2,2,12,1,1,49,0,1,0,1
4,5,1,3,4,1,1,1,2,6,2,3,4,4,2,2,1,5,0,7,5,0,3,5,3,3,3,3,4,4,6,3,1,2,2,2,3,4,10,6,2,1,2,3,3,4,2,2,3,2,3,2,4,2,3,9,3,5,4,4,6,4,3,2,3,4,2,1,8,3,2,4,1,3,3,3,4,6,3,14,3,4,2,2,2,3,3,4,2,3,2,5,5,2,9,3,2,0,5,5,2,4,2,3,3,2,4,5,3,2,2,2,2,8,3,3,3,1,5,2,2,4,3,5,2,4,3,5
4,6,2,2,2,5,5,3,2,2,1,4,6,2,5,3,34,0,2,3,2,3,0,3,3,6,6,1,6,2,2,3,3,2,4,1,2,3,6,3,2,4,3,1,3,4,6,5,47,12,0,0,1,2,0,2,4,4,3,1,3,5,1,1,7,2,6,2,3,5,4,3,5,2,0,3,4,6,3,14,3,4,2,2,2,3,3,4,2,3,2,5,5,2,9,3,2,0,5,5,2,4,2,3,3,2,4,5,3,2,2,2,2,8,3,3,3,1,5,2,2,4,3,5,2,4,3,5
2,6,2,2,2,5,5,3,2,2,1,4,6,2,5,3,34,0,2,3,2,3,0,3,3,6,6,1,6,2,2,3,3,2,4,1,2,3,6,3,2,4,3,1,3,4,6,5,47,12,0,0,1,2,0,2,4,4,3,1,3,5,1,1,7,2,6,2,3,5,4,3,5,2,0,2,2,5,6,4,3,5,2,3,4,1,2,8,9,3,2,2,3,1,2,4,3,2,2,3,5,6,1,1,4,5,5,5,3,3,2,3,1,2,7,4,5,7,3,2,5,5,6,3,2,4,4,5
2,3,3,2,2,6,4,2,8,8,3,5,6,6,6,10,1,4,3,5,5,4,2,6,4,5,1,3,3,1,1,6,1,2,4,4,4,6,5,1,4,1,5,8,2,8,1,5,2,5,3,3,2,5,8,3,2,3,2,2,7,2,2,3,3,5,3,0,2,8,5,5,2,1,5,2,2,5,6,4,3,5,2,3,4,1,2,8,9,3,2,2,3,1,2,4,3,2,2,3,5,6,1,1,4,5,5,5,3,3,2,3,1,2,7,4,5,7,3,2,5,5,6,3,2,4,4,5
2,3,3,2,2,6,4,2,8,8,3,5,6,6,6,10,1,4,3,5,5,4,2,6,4,5,1,3,3,1,1,6,1,2,4,4,4,6,5,1,4,1,5,8,2,8,1,5,2,5,3,3,2,5,8,3,2,3,2,2,7,2,2,3,3,5,3,0,2,8,5,5,2,1,5,1,2,6,4,18,2,0,2,4,4,2,4,4,3,8,0,3,2,3,6,3,5,2,4,7,1,4,3,2,4,3,3,3,1,2,2,3,2,5,2,5,4,3,4,3,6,3,2,1,4,2,2,3
6,3,4,2,7,4,6,2,3,6,2,2,4,5,3,4,1,1,6,16,7,4,2,6,2,4,5,1,8,3,1,5,4,4,2,1,3,1,3,2,6,1,2,5,3,4,2,2,4,3,3,4,6,4,3,5,5,5,1,6,4,2,1,4,3,5,3,3,1,3,2,2,2,2,11,1,2,6,4,18,2,0,2,4,4,2,4,4,3,8,0,3,2,3,6,3,5,2,4,7,1,4,3,2,4,3,3,3,1,2,2,3,2,5,2,5,4,3,4,3,6,3,2,1,4,2,2,3
6,3,4,2,7,4,6,2,3,6,2,2,4,5,3,4,1,1,6,16,7,4,2,6,2,4,5,1,8,3,1,5,4,4,2,1,3,1,3,2,6,1,2,5,3,4,2,2,4,3,3,4,6,4,3,5,5,5,1,6,4,2,1,4,3,5,3,3,1,3,2,2,2,2,11,5,2,2,2,23,2,2,1,6,2,3,1,3,3,3,3,2,8,2,3,2,4,1,3,2,2,3,3,4,3,1,5,6,6,2,1,7,6,5,3,2,3,3,3,8,3,3,0,4,1,7,3,2
3,4,3,6,2,2,5,3,4,2,4,3,5,2,4,2,5,4,3,4,3,5,2,5,1,2,2,4,1,3,1,5,2,3,2,7,4,2,3,4,4,3,4,2,1,5,5,1,5,3,7,1,2,2,1,6,3,3,3,4,2,5,5,1,3,2,2,5,3,2,2,2,5,1,8,5,2,2,2,23,2,2,1,6,2,3,1,3,3,3,3,2,8,2,3,2,4,1,3,2,2,3,3,4,3,1,5,6,6,2,1,7,6,5,3,2,3,3,3,8,3,3,0,4,1,7,3,2
3,4,3,6,2,2,5,3,4,2,4,3,5,2,4,2,5,4,3,4,3,5,2,5,1,2,2,4,1,3,1,5,2,3,2,7,4,2,3,4,4,3,4,2,1,5,5,1,5,3,7,1,2,2,1,6,3,3,3,4,2,5,5,1,3,2,2,5,3,2,2,2,5,1,8,1,5,5,3,9,4,6,6,18,1,2,5,1,4,6,3,1,5,1,3,3,2,4,2,6,1,2,3,5,4,6,5,3,1,4,3,3,6,1,5,3,1,1,3,3,5,5,4,3,3,4,4,4
3,2,1,6,3,2,3,2,5,3,2,3,1,5,3,6,2,5,4,9,2,41,4,0,0,2,0,6,4,6,3,5,1,3,6,1,3,2,2,2,5,4,5,2,3,7,5,5,47,4,1,0,1,2,0,3,3,2,8,4,7,3,2,3,6,2,5,2,5,2,4,2,4,2,4,1,5,5,3,9,4,6,6,18,1,2,5,1,4,6,3,1,5,1,3,3,2,4,2,6,1,2,3,5,4,6,5,3,1,4,3,3,6,1,5,3,1,1,3,3,5,5,4,3,3,4,4,4
3,2,1,6,3,2,3,2,5,3,2,3,1,5,3,6,2,5,4,9,2,41,4,0,0,2,0,6,4,6,3,5,1,3,6,1,3,2,2,2,5,4,5,2,3,7,5,5,47,4,1,0,1,2,0,3,3,2,8,4,7,3,2,3,6,2,5,2,5,2,4,2,4,2,4,3,3,4,3,3,1,5,2,2,16,1,2,1,1,3,3,3,2,2,5,1,1,9,5,4,4,3,2,5,2,8,3,2,4,7,1,3,1,5,3,5,7,1,1,4,5,4,1,4,1,3,9,2
3,1,5,3,4,2,3,1,6,7,2,5,3,2,1,2,7,2,2,9,2,6,2,1,5,6,1,3,5,4,1,2,1,6,5,4,2,0,3,4,3,3,1,6,3,4,1,3,2,7,4,4,5,2,4,1,6,3,8,5,4,2,2,6,1,1,3,2,3,4,1,3,2,0,3,3,3,4,3,3,1,5,2,2,16,1,2,1,1,3,3,3,2,2,5,1,1,9,5,4,4,3,2,5,2,8,3,2,4,7,1,3,1,5,3,5,7,1,1,4,5,4,1,4,1,3,9,2
3,1,5,3,4,2,3,1,6,7,2,5,3,2,1,2,7,2,2,9,2,6,2,1,5,6,1,3,5,4,1,2,1,6,5,4,2,0,3,4,3,3,1,6,3,4,1,3,2,7,4,4,5,2,4,1,6,3,8,5,4,2,2,6,1,1,3,2,3,4,1,3,2,0,3,3,4,3,8,3,2,2,3,3,4,1,2,0,3,4,7,4,1,6,6,0,5,5,2,1,4,3,3,5,4,1,5,2,1,2,2,3,1,2,4,3,3,1,8,2,5,2,3,2,4,2,4,2
2,5,0,4,1,2,4,9,3,3,5,2,1,2,4,4,4,4,6,3,2,4,6,1,2,4,1,5,5,5,1,5,4,4,1,3,1,5,3,1,1,1,3,10,5,6,5,6,2,2,3,3,6,2,4,3,3,2,4,2,3,5,1,7,7,4,2,5,1,1,1,4,3,5,2,3,4,3,8,3,2,2,3,3,4,1,2,0,3,4,7,4,1,6,6,0,5,5,2,1,4,3,3,5,4,1,5,2,1,2,2,3,1,2,4,3,3,1,8,2,5,2,3,2,4,2,4,2
2,5,0,4,1,2,4,9,3,3,5,2,1,2,4,4,4,4,6,3,2,4,6,1,2,4,1,5,5,5,1,5,4,4,1,3,1,5,3,1,1,1,3,10,5,6,5,6,2,2,3,3,6,2,4,3,3,2,4,2,3,5,1,7,7,4,2,5,1,1,1,4,3,5,2,2,1,1,3,5,6,18,1,4,1,3,3,1,4,2,1,0,4,3,2,3,3,5,5,4,0,1,3,4,2,4,3,7,3,2,5,2,3,2,2,3,4,3,3,6,5,3,3,1,3,1,3,2
0,1,0,3,5,1,3,4,49,6,0,1,5,0,2,2,2,2,6,3,2,3,0,1,2,1,3,3,4,5,5,3,4,4,10,5,2,3,3,1,3,3,5,5,4,3,2,2,12,3,8,3,5,3,4,2,3,0,2,3,3,2,3,2,2,6,3,3,7,3,3,5,1,5,1,2,8,4,2,13,2,3,5,3,2,3,4,1,3,1,3,2,4,6,1,2,2,2,3,3,2,5,4,1,1,3,3,4,8,2,2,2,7,4,1,3,2,2,3,2,5,4,4,7,1,1,1,4
0,1,0,3,5,1,3,4,49,6,0,1,5,0,2,2,2,2,6,3,2,3,0,1,2,1,3,3,4,5,5,3,4,4,10,5,2,3,3,1,3,3,5,5,4,3,2,2,12,3,8,3,5,3,4,2,3,0,2,3,3,2,3,2,2,6,3,3,7,3,3,5,1,5,1,3,3,8,2,9,2,3,11,5,4,1,3,2,3,4,4,2,8,2,1,6,3,13,1,3,3,2,5,5,5,1,5,4,2,0,4,3,2,5,3,3,4,6,4,2,5,3,4,3,4,1,6,6
3,1,4,3,2,8,1,2,5,1,1,6,6,3,4,1,3,5,3,4,4,3,2,0,2,4,2,3,1,4,3,2,4,3,5,6,1,1,1,1,47,21,2,3,2,0,47,12,0,2,0,0,4,2,2,3,2,1,4,1,3,6,3,4,3,7,2,3,1,4,1,1,4,4,2,3,3,8,2,9,2,3,11,5,4,1,3,2,3,4,4,2,8,2,1,6,3,13,1,3,3,2,5,5,5,1,5,4,2,0,4,3,2,5,3,3,4,6,4,2,5,3,4,3,4,1,6,6
3,1,4,3,2,8,1,2,5,1,1,6,6,3,4,1,3,5,3,4,4,3,2,0,2,4,2,3,1,4,3,2,4,3,5,6,1,1,1,1,47,21,2,3,2,0,47,12,0,2,0,0,4,2,2,3,2,1,4,1,3,6,3,4,3,7,2,3,1,4,1,1,4,4,2,2,1,2,3,6,6,8,2,4,7,2,4,2,2,4,5,4,41,2,0,1,2,2,1,5,2,4,2,3,3,7,1,3,5,7,1,3,5,3,1,2,6,2,1,2,5,5,3,2,2,4,3,9
2,2,5,3,6,0,3,2,1,4,1,4,4,5,3,2,4,4,2,2,5,3,4,4,4,3,4,4,4,0,4,3,1,5,8,5,1,4,2,5,3,1,2,5,1,11,6,2,1,1,1,5,1,1,7,2,3,6,5,2,3,5,7,2,1,4,5,5,6,2,4,4,3,2,2,2,1,2,3,6,6,8,2,4,7,2,4,2,2,4,5,4,41,2,0,1,2,2,1,5,2,4,2,3,3,7,1,3,5,7,1,3,5,3,1,2,6,2,1,2,5,5,3,2,2,4,3,9
2,2,5,3,6,0,3,2,1,4,1,4,4,5,3,2,4,4,2,2,5,3,4,4,4,3,4,4,4,0,4,3,1,5,8,5,1,4,2,5,3,1,2,5,1,11,6,2,1,1,1,5,1,1,7,2,3,6,5,2,3,5,7,2,1,4,5,5,6,2,4,4,3,2,2,2,3,3,2,2,5,3,4,5,6,1,3,3,5,3,33,3,2,0,2,4,3,6,5,1,4,0,5,5,2,3,4,3,5,5,3,2,5,2,2,3,4,2,3,1,3,2,3,3,7,4,7,1
5,4,3,5,5,2,7,1,2,1,1,4,2,2,4,5,2,1,4,2,1,3,2,3,3,3,4,5,3,2,3,2,3,4,4,4,4,4,2,4,5,5,2,1,0,2,6,5,4,5,4,1,7,8,3,3,4,2,2,1,1,4,6,1,3,4,1,6,4,7,2,2,1,2,3,2,3,3,2,2,5,3,4,5,6,1,3,3,5,3,33,3,2,0,2,4,3,6,5,1,4,0,5,5,2,3,4,3,5,5,3,2,5,2,2,3,4,2,3,1,3,2,3,3,7,4,7,1
5,4,3,5,5,2,7,1,2,1,1,4,2,2,4,5,2,1,4,2,1,3,2,3,3,3,4,5,3,2,3,2,3,4,4,4,4,4,2,4,5,5,2,1,0,2,6,5,4,5,4,1,7,8,3,3,4,2,2,1,1,4,6,1,3,4,1,6,4,7,2,2,1,2,3,3,2,4,3,3,3,2,1,5,2,5,1,1,3,33,7,0,0,3,3,2,3,4,9,0,2,5,3,1,2,5,1,7,2,3,9,4,4,3,1,8,1,4,2,5,3,4,4,3,4,6,3,2
3,1,4,1,6,4,2,5,3,6,3,3,3,1,2,2,2,3,4,2,1,4,1,3,2,4,5,4,5,6,1,2,3,1,2,3,2,3,2,5,8,8,5,2,3,4,1,2,2,3,3,4,8,3,5,5,3,2,3,3,2,4,6,5,4,2,4,2,2,2,4,3,8,4,2,3,2,4,3,3,3,2,1,5,2,5,1,1,3,33,7,0,0,3,3,2,3,4,9,0,2,5,3,1,2,5,1,7,2,3,9,4,4,3,1,8,1,4,2,5,3,4,4,3,4,6,3,2
3,1,4,1,6,4,2,5,3,6,3,3,3,1,2,2,2,3,4,2,1,4,1,3,2,4,5,4,5,6,1,2,3,1,2,3,2,3,2,5,8,8,5,2,3,4,1,2,2,3,3,4,8,3,5,5,3,2,3,3,2,4,6,5,4,2,4,2,2,2,4,3,8,4,2,1,2,7,3,3,2,6,2,8,5,2,1,3,4,27,2,0,3,1,1,2,3,4,1,1,2,3,1,2,5,3,1,5,1,3,5,3,2,3,3,2,2,8,6,3,2,6,4,4,3,2,3,6
5,1,2,4,4,3,4,2,2,3,1,3,5,6,1,6,5,4,4,0,1,2,3,2,3,0,4,5,3,3,7,1,7,3,0,4,7,3,2,4,5,4,3,5,6,1,4,2,5,6,3,7,4,2,5,2,2,2,3,3,4,2,3,4,2,2,4,4,4,8,1,4,1,2,2,1,2,7,3,3,2,6,2,8,5,2,1,3,4,27,2,0,3,1,1,2,3,4,1,1,2,3,1,2,5,3,1,5,1,3,5,3,2,3,3,2,2,8,6,3,2,6,4,4,3,2,3,6
5,1,2,4,4,3,4,2,2,3,1,3,5,6,1,6,5,4,4,0,1,2,3,2,3,0,4,5,3,3,7,1,7,3,0,4,7,3,2,4,5,4,3,5,6,1,4,2,5,6,3,7,4,2,5,2,2,2,3,3,4,2,3,4,2,2,4,4,4,8,1,4,1,2,5,2,1,2,3,3,2,1,4,3,3,4,8,7,2,27,1,4,3,2,5,2,1,4,4,5,1,1,4,3,3,5,5,3,3,2,3,5,4,9,2,8,2,0,2,3,2,2,3,7,1,4,1,1
3,5,5,2,0,3,1,1,5,0,4,1,9,2,4,7,6,6,3,2,1,1,5,5,3,4,1,6,4,4,2,3,3,5,6,5,3,3,3,2,3,4,2,4,6,3,4,3,3,4,1,3,6,6,2,0,2,3,6,4,3,4,9,2,7,1,2,3,7,3,3,3,1,1,5,2,1,2,3,3,2,1,4,3,3,4,8,7,2,27,1,4,3,2,5,2,1,4,4,5,1,1,4,3,3,5,5,3,3,2,3,5,4,9,2,8,2,0,2,3,2,2,3,7,1,4,1,1
3,5,5,2,0,3,1,1,5,0,4,1,9,2,4,7,6,6,3,2,1,1,5,5,3,4,1,6,4,4,2,3,3,5,6,5,3,3,3,2,3,4,2,4,6,3,4,3,3,4,1,3,6,6,2,0,2,3,6,4,3,4,9,2,7,1,2,3,7,3,3,3,1,1,1,2,4,4,2,4,2,6,2,4,4,2,2,8,5,4,1,4,30,0,4,4,4,1,6,7,2,0,2,6,2,4,2,2,3,2,3,3,1,8,2,6,2,8,1,3,5,3,2,2,4,4,1,2
4,3,5,3,5,2,4,9,3,4,3,3,2,2,1,0,4,2,5,4,2,1,4,3,5,3,5,4,3,1,4,5,4,2,2,4,7,7,1,6,1,3,3,7,2,3,3,2,4,1,4,2,2,3,2,2,2,3,3,6,1,6,2,1,4,3,2,8,5,2,7,2,6,8,2,2,4,4,2,4,2,6,2,4,4,2,2,8,5,4,1,4,30,0,4,4,4,1,6,7,2,0,2,6,2,4,2,2,3,2,3,3,1,8,2,6,2,8,1,3,5,3,2,2,4,4,1,2
4,3,5,3,5,2,4,9,3,4,3,3,2,2,1,0,4,2,5,4,2,1,4,3,5,3,5,4,3,1,4,5,4,2,2,4,7,7,1,6,1,3,3,7,2,3,3,2,4,1,4,2,2,3,2,2,2,3,3,6,1,6,2,1,4,3,2,8,5,2,7,2,6,8,2,5,2,3,5,2,5,3,4,4,1,5,1,3,9,1,3,3,27,2,0,6,5,1,8,2,3,2,1,5,4,2,6,4,5,6,5,3,6,1,0,3,3,8,1,1,0,6,4,1,3,1,5,2
8,4,4,1,6,1,3,8,4,1,1,5,2,3,5,3,3,2,5,3,3,4,3,6,5,3,0,2,1,5,2,6,3,3,4,3,2,3,4,2,5,2,2,0,7,3,4,4,4,5,4,5,5,2,5,3,2,1,2,6,4,2,3,1,1,4,3,3,5,6,1,2,1,1,4,5,2,3,5,2,5,3,4,4,1,5,1,3,9,1,3,3,27,2,0,6,5,1,8,2,3,2,1,5,4,2,6,4,5,6,5,3,6,1,0,3,3,8,1,1,0,6,4,1,3,1,5,2
8,4,4,1,6,1,3,8,4,1,1,5,2,3,5,3,3,2,5,3,3,4,3,6,5,3,0,2,1,5,2,6,3,3,4,3,2,3,4,2,5,2,2,0,7,3,4,4,4,5,4,5,5,2,5,3,2,1,2,6,4,2,3,1,1,4,3,3,5,6,1,2,1,1,4,4,5,3,5,5,6,2,4,0,1,4,4,3,4,3,1,2,3,3,1,6,1,5,3,5,4,2,3,1,3,4,1,1,6,1,1,3,3,4,3,6,2,2,4,7,7,2,0,0,2,3,2,2
2,2,6,3,6,2,2,3,8,4,3,4,5,2,4,2,4,4,4,5,8,4,3,3,5,4,3,3,6,3,1,6,1,1,2,5,7,5,4,2,7,1,1,6,1,1,5,3,2,2,4,4,4,7,3,3,2,1,4,2,5,2,1,5,1,2,3,3,1,2,3,3,4,5,4,4,5,3,5,5,6,2,4,0,1,4,4,3,4,3,1,2,3,3,1,6,1,5,3,5,4,2,3,1,3,4,1,1,6,1,1,3,3,4,3,6,2,2,4,7,7,2,0,0,2,3,2,2
1,2,6,3,6,2,2,3,8,4,3,4,5,2,4,2,4,4,4,5,8,4,3,3,5,4,3,3,6,3,1,6,1,1,2,5,7,5,4,2,7,1,1,6,1,1,5,3,2,2,4,4,4,7,3,3,2,1,4,2,5,2,1,5,1,2,3,3,1,2,3,3,4,5,4,2,9,1,2,2,3,3,2,2,2,3,4,6,2,0,4,2,4,3,6,4,3,1,1,4,2,2,2,9,2,1,1,4,2,4,4,3,3,2,4,10,2,2,3,4,4,3,2,4,5,6,1,4
5,4,5,3,5,0,4,6,2,2,3,5,4,2,3,2,2,3,4,0,3,3,2,2,3,5,4,2,4,2,3,1,5,3,7,3,3,7,10,3,4,4,7,1,2,0,3,5,2,3,5,3,2,2,3,6,4,2,1,2,3,2,4,3,6,7,3,5,7,1,3,1,1,6,6,2,9,1,2,2,3,3,2,2,2,3,4,6,2,0,4,2,4,3,6,4,3,1,1,4,2,2,2,9,2,1,1,4,2,4,4,3,3,2,4,10,2,2,3,4,4,3,2,4,5,6,1,4
5,4,5,3,5,0,4,6,2,2,3,5,4,2,3,2,2,3,4,0,3,3,2,2,3,5,4,2,4,2,3,1,5,3,7,3,3,7,10,3,4,4,7,1,2,0,3,5,2,3,5,3,2,2,3,6,4,2,1,2,3,2,4,3,6,7,3,5,7,1,3,1,1,6,6,3,3,6,2,2,3,6,4,5,8,1,3,4,2,3,3,4,4,4,5,1,3,4,3,2,7,1,6,4,3,4,2,3,3,3,7,3,2,4,4,2,2,3,2,6,2,2,3,5,6,3,1,5
6,4,6,5,2,3,7,2,1,2,6,1,4,2,3,3,5,9,3,1,17,5,6,5,2,4,3,3,4,3,9,2,4,2,2,2,2,3,5,4,4,3,6,2,2,3,1,4,5,4,2,6,2,3,7,1,3,5,3,3,2,4,1,2,2,4,6,7,7,3,6,1,5,3,0,3,3,6,2,2,3,6,4,5,8,1,3,4,2,3,3,4,4,4,5,1,3,4,3,2,7,1,6,4,3,4,2,3,3,3,7,3,2,4,4,2,2,3,2,6,2,2,3,5,6,3,1,5
6,4,6,5,2,3,7,2,1,2,6,1,4,2,3,3,5,9,3,1,17,5,6,5,2,4,3,3,4,3,9,2,4,2,2,2,2,3,5,4,4,3,6,2,2,3,1,4,5,4,2,6,2,3,7,1,3,5,3,3,2,4,1,2,2,4,6,7,7,3,6,1,5,3,0,5,3,4,2,2,4,1,2,4,2,4,2,5,4,4,5,8,5,4,0,2,5,2,4,3,3,4,4,5,4,5,4,3,4,2,7,6,5,2,1,1,2,3,10,4,3,1,4,1,3,2,4,3
3,1,2,3,1,5,3,4,3,4,3,3,2,5,5,2,3,1,3,2,2,5,2,2,3,4,3,4,1,1,3,5,5,0,6,4,2,6,2,8,2,3,0,7,3,5,3,4,0,2,2,6,4,5,6,5,4,4,3,2,5,2,2,4,3,3,3,1,2,4,4,5,4,6,0,5,3,4,2,2,4,1,2,4,2,4,2,5,4,4,5,8,5,4,0,2,5,2,4,3,3,4,4,5,4,5,4,3,4,2,7,6,5,2,1,1,2,3,10,4,3,1,4,1,3,2,4,3
3,1,2,3,1,5,3,4,3,4,3,3,2,5,5,2,3,1,3,2,2,5,2,2,3,4,3,4,1,1,3,5,5,0,6,4,2,6,2,8,2,3,0,7,3,5,3,4,0,2,2,6,4,5,6,5,4,4,3,2,5,2,2,4,3,3,3,1,2,4,4,5,4,6,0,1,4,7,4,4,5,3,3,2,2,5,3,8,1,5,3,5,4,4,8,3,5,2,4,1,4,4,7,6,1,2,6,6,1,1,3,3,4,5,1,5,2,2,0,1,5,3,3,7,2,5,1,2
4,5,3,3,5,2,8,3,2,3,4,4,6,2,2,5,4,6,3,5,3,3,5,5,7,6,4,6,1,4,1,3,8,4,6,1,2,5,2,3,2,3,6,2,4,2,3,2,3,1,3,2,7,2,6,4,1,2,6,3,3,4,3,3,3,2,4,3,4,3,3,5,0,5,3,1,4,7,4,4,5,3,3,2,2,5,3,8,1,5,3,5,4,4,8,3,5,2,4,1,4,4,7,6,1,2,6,6,1,1,3,3,4,5,1,5,2,2,0,1,5,3,3,7,2,5,1,2
4,5,3,3,5,2,8,3,2,3,4,4,6,2,2,5,4,6,3,5,3,3,5,5,7,6,4,6,1,4,1,3,8,4,6,1,2,5,2,3,2,3,6,2,4,2,3,2,3,1,3,2,7,2,6,4,1,2,6,3,3,4,3,3,3,2,4,3,4,3,3,5,0,5,3,6,4,3,3,7,3,19,2,6,2,1,1,0,3,4,1,2,4,3,5,4,0,6,2,6,4,2,4,8,1,2,6,6,2,2,2,3,4,2,1,2,2,2,4,5,3,6,2,4,2,6,4,2
2,1,3,2,2,5,4,1,6,5,4,1,6,4,2,3,10,0,4,2,1,3,6,7,3,5,6,5,3,4,3,7,0,4,4,1,2,4,4,1,1,2,2,3,4,2,3,6,9,5,5,4,4,2,2,6,2,5,4,2,6,2,4,3,3,3,4,1,1,5,2,1,5,1,3,6,4,3,3,7,3,19,2,6,2,1,1,0,3,4,1,2,4,3,5,4,0,6,2,6,4,2,4,8,1,2,6,6,2,2,2,3,4,2,1,2,2,2,4,5,3,6,2,4,2,6,4,2
2,1,3,2,2,5,4,1,6,5,4,1,6,4,2,3,10,0,4,2,1,3,6,7,3,5,6,5,3,4,3,7,0,4,4,1,2,4,4,1,1,2,2,3,4,2,3,6,9,5,5,4,4,2,2,6,2,5,4,2,6,2,4,3,3,3,4,1,1,5,2,1,5,1,3,2,3,4,2,7,1,4,3,4,1,5,7,2,8,2,5,4,7,5,3,3,2,4,3,3,1,4,1,1,9,1,2,3,1,3,3,2,4,1,4,2,4,2,3,4,1,6,2,6,4,3,4,3
3,1,2,2,5,3,2,13,0,1,2,6,3,5,4,1,1,5,4,1,5,3,7,5,5,1,1,10,5,5,5,2,5,2,2,2,5,1,2,4,6,2,5,3,2,1,3,4,4,1,2,5,3,2,5,1,2,7,5,2,2,6,3,3,1,3,3,2,3,4,2,1,3,2,2,2,3,4,2,7,1,4,3,4,1,5,7,2,8,2,5,4,7,5,3,3,2,4,3,3,1,4,1,1,9,1,2,3,1,3,3,2,4,1,4,2,4,2,3,4,1,6,2,6,4,3,4,3
3,1,2,2,5,3,2,13,0,1,2,6,3,5,4,1,1,5,4,1,5,3,7,5,5,1,1,10,5,5,5,2,5,2,2,2,5,1,2,4,6,2,5,3,2,1,3,4,4,1,2,5,3,2,5,1,2,7,5,2,2,6,3,3,1,3,3,2,3,4,2,1,3,2,3,3,3,4,1,1,5,24,3,3,2,2,4,1,3,1,2,3,0,4,2,2,4,3,1,6,4,1,9,2,3,3,7,2,4,2,6,3,7,2,5,0,8,2,2,6,5,5,1,4,2,3,4,5
2,4,4,1,4,9,1,2,3,4,1,5,1,4,3,5,4,2,3,1,3,3,3,3,1,2,5,3,5,6,2,4,1,4,7,2,2,3,2,1,6,3,6,8,3,4,5,9,4,4,2,4,3,1,7,2,3,2,2,6,3,3,3,2,1,3,5,1,4,4,2,1,5,2,4,3,3,4,1,1,5,24,3,3,2,2,4,1,3,1,2,3,0,4,2,2,4,3,1,6,4,1,9,2,3,3,7,2,4,2,6,3,7,2,5,0,8,2,2,6,5,5,1,4,2,3,4,5
2,4,4,1,4,9,1,2,3,4,1,5,1,4,3,5,4,2,3,1,3,3,3,3,1,2,5,3,5,6,2,4,1,4,7,2,2,3,2,1,6,3,6,8,3,4,5,9,4,4,2,4,3,1,7,2,3,2,2,6,3,3,3,2,1,3,5,1,4,4,2,1,5,2,4,2,4,3,4,2,3,5,7,7,1,2,6,3,5,3,2,1,2,6,2,3,7,1,2,10,3,2,6,3,5,3,1,4,3,2,7,2,3,3,5,3,2,2,6,1,3,3,4,3,1,5,5,3
5,5,4,4,4,5,5,3,5,2,3,5,3,1,3,4,4,6,5,6,1,2,2,1,4,2,3,5,5,4,8,3,7,3,5,3,4,3,4,1,4,3,0,3,2,2,1,6,2,4,5,1,4,3,3,4,1,7,2,5,2,5,1,1,5,6,4,2,5,6,4,7,0,1,3,2,4,3,4,2,3,5,7,7,1,2,6,3,5,3,2,1,2,6,2,3,7,1,2,10,3,2,6,3,5,3,1,4,3,2,7,2,3,3,5,3,2,2,6,1,3,3,4,3,1,5,5,3
5,5,4,4,4,5,5,3,5,2,3,5,3,1,3,4,4,6,5,6,1,2,2,1,4,2,3,5,5,4,8,3,7,3,5,3,4,3,4,1,4,3,0,3,2,2,1,6,2,4,5,1,4,3,3,4,1,7,2,5,2,5,1,1,5,6,4,2,5,6,4,7,0,1,3,4,3,7,2,6,8,6,3,1,3,2,2,6,7,6,3,27,0,0,0,2,3,5,3,3,1,1,7,2,4,2,2,6,4,2,3,2,3,2,5,2,2,4,6,2,3,1,1,8,0,2,5,4
2,2,7,2,2,2,1,2,2,4,2,2,4,3,2,3,6,1,7,0,3,2,1,3,6,0,1,4,5,4,2,1,4,5,3,1,2,2,5,1,3,3,2,5,2,2,9,5,4,5,2,4,2,6,1,2,2,3,1,5,1,5,2,3,5,2,1,1,2,5,2,1,3,3,2,4,3,7,2,6,8,6,3,1,3,2,2,6,7,6,3,27,0,0,0,2,3,5,3,3,1,1,7,2,4,2,2,6,4,2,3,2,3,2,5,2,2,4,6,2,3,1,1,8,0,2,5,4
2,2,7,2,2,2,1,2,2,4,2,2,4,3,2,3,6,1,7,0,3,2,1,3,6,0,1,4,5,4,2,1,4,5,3,1,2,2,5,1,3,3,2,5,2,2,9,5,4,5,2,4,2,6,1,2,2,3,1,5,1,5,2,3,5,2,1,1,2,5,2,1,3,3,2,7,3,1,4,3,6,3,2,5,5,4,3,1,1,3,2,13,4,4,5,4,3,1,5,5,7,5,6,3,5,4,2,1,3,2,5,1,2,3,6,2,1,8,1,6,3,2,9,4,4,7,2,6
6,2,5,2,6,2,2,2,7,2,1,2,3,1,2,4,5,3,1,5,3,2,2,3,1,6,2,3,2,7,3,2,2,6,2,7,1,2,3,3,2,2,4,5,1,2,4,2,3,2,1,5,2,7,4,5,5,4,3,1,6,4,3,5,2,0,5,5,4,5,1,2,4,4,2,7,3,1,4,3,6,3,2,5,5,4,3,1,1,3,2,13,4,4,5,4,3,1,5,5,7,5,6,3,5,4,2,1,3,2,5,1,2,3,6,2,1,8,1,6,3,2,9,4,4,7,2,6
6,2,5,2,6,2,2,2,7,2,1,2,3,1,2,4,5,3,1,5,3,2,2,3,1,6,2,3,2,7,3,2,2,6,2,7,1,2,3,3,2,2,4,5,1,2,4,2,3,2,1,5,2,7,4,5,5,4,3,1,6,4,3,5,2,0,5,5,4,5,1,2,4,4,2,1,4,1,5,5,0,5,8,24,1,0,0,3,2,4,1,2,3,2,2,4,4,2,1,3,7,1,4,2,6,4,1,4,2,2,3,4,6,2,7,3,3,5,5,4,3,1,5,3,3,4,5,1
4,4,9,1,3,6,3,1,4,2,5,3,3,1,2,2,2,4,2,4,5,2,9,2,5,3,2,4,1,2,2,3,3,4,5,2,3,1,2,1,6,5,2,6,4,6,5,2,5,1,6,1,5,2,3,2,1,4,2,4,5,1,1,3,3,6,2,3,3,1,6,6,4,7,1,1,4,1,5,5,0,5,8,24,1,0,0,3,2,4,1,2,3,2,2,4,4,2,1,3,7,1,4,2,6,4,1,4,2,2,3,4,6,2,7,3,3,5,5,4,3,1,5,3,3,4,5,1
4,4,9,1,3,6,3,1,4,2,5,3,3,1,2,2,2,4,2,4,5,2,9,2,5,3,2,4,1,2,2,3,3,4,5,2,3,1,2,1,6,5,2,6,4,6,5,2,5,1,6,1,5,2,3,2,1,4,2,4,5,1,1,3,3,6,2,3,3,1,6,6,4,7,1,4,2,3,18,5,3,2,0,4,5,2,2,3,2,1,5,4,7,2,8,5,4,4,2,6,3,5,7,6,1,0,2,4,2,3,2,3,4,4,9,0,4,3,2,2,4,3,1,4,4,6,2,1
1,9,5,2,4,4,1,4,2,3,4,0,1,2,5,3,4,5,1,3,1,1,3,4,1,4,2,5,7,1,3,7,4,2,9,4,4,2,1,2,5,6,2,0,2,6,6,3,3,0,2,3,2,4,1,2,3,6,0,2,2,4,1,3,2,4,6,2,3,6,5,1,2,4,1,4,2,3,18,5,3,2,0,4,5,2,2,3,2,1,5,4,7,2,8,5,4,4,2,6,3,5,7,6,1,0,2,4,2,3,2,3,4,4,9,0,4,3,2,2,4,3,1,4,4,6,2,1
1,9,5,2,4,4,1,4,2,3,4,0,1,2,5,3,4,5,1,3,1,1,3,4,1,4,2,5,7,1,3,7,4,2,9,4,4,2,1,2,5,6,2,0,2,6,6,3,3,0,2,3,2,4,1,2,3,6,0,2,2,4,1,3,2,4,6,2,3,6,5,1,2,4,1,2,3,6,2,5,5,29,2,0,2,5,1,5,5,1,2,0,1,2,1,4,5,1,2,3,5,4,1,4,5,2,2,1,3,2,2,9,4,1,2,2,3,3,2,4,4,4,3,2,3,1,6,5
7,0,5,3,2,3,2,3,1,4,3,4,2,4,3,8,3,1,4,2,3,3,2,1,5,2,2,6,5,6,1,1,4,2,3,6,3,9,2,1,1,0,3,3,1,1,4,2,2,4,3,4,3,6,3,3,2,2,3,5,4,0,2,3,4,2,4,1,4,2,3,6,3,2,11,2,3,6,2,5,5,29,2,0,2,5,1,5,5,1,2,0,1,2,1,4,5,1,2,3,5,4,1,4,5,2,2,1,3,2,2,9,4,1,2,2,3,3,2,4,4,4,3,2,3,1,6,5
7,0,5,3,2,3,2,3,1,4,3,4,2,4,3,8,3,1,4,2,3,3,2,1,5,2,2,6,5,6,1,1,4,2,3,6,3,9,2,1,1,0,3,3,1,1,4,2,2,4,3,4,3,6,3,3,2,2,3,5,4,0,2,3,4,2,4,1,4,2,3,6,3,2,11,2,2,3,2,4,11,2,5,2,0,3,2,4,2,2,4,4,1,2,2,6,6,3,4,4,1,2,1,2,3,5,1,3,6,8,2,1,2,2,10,6,2,3,3,3,3,6,1,3,2,3,4,0
3,7,2,3,3,2,2,2,3,1,5,2,2,3,4,7,2,3,3,0,2,5,6,2,3,2,4,4,3,3,0,4,2,2,1,2,5,4,3,5,6,1,2,3,1,4,4,4,3,1,2,4,3,4,4,2,1,2,3,5,7,4,1,2,4,6,4,2,2,5,4,3,1,5,1,2,2,3,2,4,11,2,5,2,0,3,2,4,2,2,4,4,1,2,2,6,6,3,4,4,1,2,1,2,3,5,1,3,6,8,2,1,2,2,10,6,2,3,3,3,3,6,1,3,2,3,4,0
3,7,2,3,3,2,2,2,3,1,5,2,2,3,4,7,2,3,3,0,2,5,6,2,3,2,4,4,3,3,0,4,2,2,1,2,5,4,3,5,6,1,2,3,1,4,4,4,3,1,2,4,3,4,4,2,1,2,3,5,7,4,1,2,4,6,4,2,2,5,4,3,1,5,1,4,1,4,4,4,3,4,5,23,1,1,2,6,1,3,1,4,3,0,1,0,4,5,2,3,3,6,3,2,4,5,1,1,2,3,4,4,1,5,2,4,3,2,1,8,2,5,4,3,4,2,3,3
1,4,2,2,6,1,1,2,2,2,5,4,1,5,2,2,2,2,3,3,2,6,4,3,7,2,4,4,6,1,6,4,2,3,2,5,5,3,1,2,9,3,1,1,3,5,4,0,2,7,4,3,3,5,4,6,3,2,1,6,2,6,5,4,2,4,3,6,3,2,5,1,6,5,5,4,1,4,4,4,3,4,5,23,1,1,2,6,1,3,1,4,3,0,1,0,4,5,2,3,3,6,3,2,4,5,1,1,2,3,4,4,1,5,2,4,3,2,1,8,2,5,4,3,4,2,3,3
1,4,2,2,6,1,1,2,2,2,5,4,1,5,2,2,2,2,3,3,2,6,4,3,7,2,4,4,6,1,6,4,2,3,2,5,5,3,1,2,9,3,1,1,3,5,4,0,2,7,4,3,3,5,4,6,3,2,1,6,2,6,5,4,2,4,3,6,3,2,5,1,6,5,5,1,2,1,4,8,3,4,1,3,3,3,1,5,4,6,2,1,26,2,3,8,1,2,4,2,3,6,5,3,5,2,1,7,6,3,0,1,3,2,3,6,4,2,2,2,2,7,4,4,3,2,3,3
1,2,3,5,2,4,3,4,5,5,3,3,5,1,7,2,5,8,3,3,2,4,2,3,2,2,4,1,5,2,7,3,1,4,2,3,3,8,2,7,1,3,2,2,5,8,3,4,7,3,4,2,4,4,4,3,3,1,5,3,3,6,2,1,3,1,2,2,4,3,2,4,3,3,4,1,2,1,4,8,3,4,1,3,3,3,1,5,4,6,2,1,26,2,3,8,1,2,4,2,3,6,5,3,5,2,1,7,6,3,0,1,3,2,3,6,4,2,2,2,2,7,4,4,3,2,3,3
6,2,3,5,2,4,3,4,5,5,3,3,5,1,7,2,5,8,3,3,2,4,2,3,2,2,4,1,5,2,7,3,1,4,2,3,3,8,2,7,1,3,2,2,5,8,3,4,7,3,4,2,4,4,4,3,3,1,5,3,3,6,2,1,3,1,2,2,4,3,2,4,3,3,4,3,2,6,7,1,6,6,2,4,6,5,2,7,0,2,4,3,9,2,5,8,4,3,4,4,2,5,3,2,1,2,3,6,2,3,4,5,2,9,3,3,2,3,3,1,4,2,1,4,3,2,2,1
6,2,3,6,4,4,3,4,2,3,5,5,2,6,2,8,2,1,6,3,5,1,3,3,2,5,1,3,3,2,4,1,1,8,6,2,3,4,7,4,5,2,4,3,2,1,4,2,2,3,1,3,1,2,5,2,1,4,4,5,2,3,4,4,6,3,3,3,3,5,2,3,6,8,1,3,2,6,7,1,6,6,2,4,6,5,2,7,0,2,4,3,9,2,5,8,4,3,4,4,2,5,3,2,1,2,3,6,2,3,4,5,2,9,3,3,2,3,3,1,4,2,1,4,3,2,2,1
3,2,3,6,4,4,3,4,2,3,5,5,2,6,2,8,2,1,6,3,5,1,3,3,2,5,1,3,3,2,4,1,1,8,6,2,3,4,7,4,5,2,4,3,2,1,4,2,2,3,1,3,1,2,5,2,1,4,4,5,2,3,4,4,6,3,3,3,3,5,2,3,6,8,1,2,3,3,3,3,1,4,3,5,2,8,2,5,7,0,2,2,2,5,2,2,4,1,5,2,4,5,2,4,2,3,4,4,1,3,7,4,3,2,6,4,1,3,1,1,1,3,1,3,4,2,1,2
6,5,3,4,2,5,6,8,6,4,4,2,2,4,2,3,3,6,3,3,3,0,3,6,0,7,3,1,1,7,2,5,4,7,3,2,2,4,2,5,2,2,1,5,2,1,6,2,1,5,3,2,1,0,4,4,5,2,5,1,6,4,2,6,3,4,0,4,5,3,2,1,3,2,6,2,3,3,3,3,1,4,3,5,2,8,2,5,7,0,2,2,2,5,2,2,4,1,5,2,4,5,2,4,2,3,4,4,1,3,7,4,3,2,6,4,1,3,1,1,1,3,1,3,4,2,1,2
6,5,3,4,2,5,6,8,6,4,4,2,2,4,2,3,3,6,3,3,3,0,3,6,0,7,3,1,1,7,2,5,4,7,3,2,2,4,2,5,2,2,1,5,2,1,6,2,1,5,3,2,1,0,4,4,5,2,5,1,6,4,2,6,3,4,0,4,5,3,2,1,3,2,6,4,3,1,3,4,2,3,3,1,3,4,2,5,3,21,0,1,4,7,3,2,2,5,5,2,4,2,4,3,3,3,4,4,3,2,1,4,1,3,4,7,2,5,2,3,4,5,1,4,5,4,2,0
3,5,1,4,7,3,2,4,4,6,4,5,2,3,4,5,3,2,3,4,2,5,5,1,4,7,1,4,2,1,4,3,3,4,6,4,0,6,2,4,4,5,6,2,1,2,4,2,5,1,4,2,5,2,3,1,6,3,6,2,3,4,4,3,6,2,2,9,4,3,0,4,3,6,5,4,3,1,3,4,2,3,3,1,3,4,2,5,3,21,0,1,4,7,3,2,2,5,5,2,4,2,4,3,3,3,4,4,3,2,1,4,1,3,4,7,2,5,2,3,4,5,1,4,5,4,2,0
3,5,1,4,7,3,2,4,4,6,4,5,2,3,4,5,3,2,3,4,2,5,5,1,4,7,1,4,2,1,4,3,3,4,6,4,0,6,2,4,4,5,6,2,1,2,4,2,5,1,4,2,5,2,3,1,6,3,6,2,3,4,4,3,6,2,2,9,4,3,0,4,3,6,5,6,5,2,4,2,2,20,2,2,3,3,3,3,6,4,7,3,3,3,1,1,3,3,4,8,4,3,1,7,2,2,2,0,1,2,3,6,2,5,3,8,3,4,2,6,2,2,5,6,2,12,5,2
3,6,1,7,0,4,2,5,7,1,6,4,3,2,4,5,6,2,1,5,4,5,5,3,0,1,6,3,9,2,6,1,2,5,5,5,3,5,5,2,3,3,4,4,7,2,1,5,4,3,2,1,10,1,2,8,3,2,2,2,3,2,1,3,8,1,1,4,6,5,2,3,1,4,3,6,5,2,4,2,2,20,2,2,3,3,3,3,6,4,7,3,3,3,1,1,3,3,4,8,4,3,1,7,2,2,2,0,1,2,3,6,2,5,3,8,3,4,2,6,2,2,5,6,2,12,5,2
3,6,1,7,0,4,2,5,7,1,6,4,3,2,4,5,6,2,1,5,4,5,5,3,0,1,6,3,9,2,6,1,2,5,5,5,3,5,5,2,3,3,4,4,7,2,1,5,4,3,2,1,10,1,2,8,3,2,2,2,3,2,1,3,8,1,1,4,6,5,2,3,1,4,3,2,4,5,4,22,15,2,1,5,1,4,6,1,2,3,5,5,2,1,4,3,5,2,1,2,4,3,1,2,2,3,7,2,1,4,3,3,2,3,2,2,3,5,2,1,3,4,3,6,3,5,3,2
3,2,6,3,7,0,3,7,3,1,3,2,3,2,2,2,3,3,3,3,3,2,5,2,4,6,4,5,1,2,2,6,4,7,0,4,4,5,3,4,3,2,3,1,7,5,3,5,2,5,1,2,1,4,3,5,5,1,3,2,3,3,3,3,4,1,2,2,3,4,6,4,2,4,3,4,3,5,3,17,3,2,1,5,2,3,5,1,2,6,0,5,3,5,4,5,7,1,3,5,1,4,5,4,1,3,3,4,3,7,3,4,1,4,4,6,4,0,2,7,3,5,4,1,4,2,3,3
3,2,6,3,7,0,3,7,3,1,3,2,3,2,2,2,3,3,3,3,3,2,5,2,4,6,4,5,1,2,2,6,4,7,0,4,4,5,3,4,3,2,3,1,7,5,3,5,2,5,1,2,1,4,3,5,5,1,3,2,3,3,3,3,4,1,2,2,3,4,6,4,2,4,2,6,6,2,26,2,1,6,1,0,3,0,2,4,3,2,2,3,1,5,2,4,5,3,3,5,4,2,4,3,2,5,4,5,4,5,5,4,3,3,4,7,3,2,5,4,4,4,4,3,6,3,3,5
3,1,7,3,0,1,2,9,2,3,7,1,4,6,4,2,5,6,2,1,6,3,1,3,5,2,5,3,4,3,6,9,3,6,4,6,3,5,2,1,4,2,3,2,4,4,4,2,2,3,8,1,2,1,8,2,2,3,3,2,6,5,2,8,2,3,5,3,2,4,2,6,6,2,2,6,6,2,26,2,1,6,1,0,3,0,2,4,3,2,2,3,1,5,2,4,5,3,3,5,4,2,4,3,2,5,4,5,4,5,5,4,3,3,4,7,3,2,5,4,4,4,4,3,6,3,3,5
7,1,7,3,0,1,2,9,2,3,7,1,4,6,4,2,5,6,2,1,6,3,1,3,5,2,5,3,4,3,6,9,3,6,4,6,3,5,2,1,4,2,3,2,4,4,4,2,2,3,8,1,2,1,8,2,2,3,3,2,6,5,2,8,2,3,5,3,2,4,2,6,6,2,2,2,2,4,2,5,1,5,26,3,3,3,1,1,4,9,1,2,4,5,2,3,4,1,5,5,2,5,5,4,4,2,2,2,3,12,7,2,3,4,0,3,3,3,3,5,5,5,2,1,2,1,1,2
7,2,2,1,3,3,2,3,3,7,6,5,6,1,2,4,4,2,5,4,6,1,5,3,2,4,2,8,1,5,2,5,4,4,3,1,4,4,5,4,9,2,3,3,4,2,3,3,5,5,2,2,4,4,1,2,2,4,3,3,1,3,5,1,4,2,2,3,3,2,2,3,2,3,2,2,2,4,2,5,1,5,26,3,3,3,1,1,4,9,1,2,4,5,2,3,4,1,5,5,2,5,5,4,4,2,2,2,3,12,7,2,3,4,0,3,3,3,3,5,5,5,2,1,2,1,1,2
1,2,2,1,3,3,2,3,3,7,6,5,6,1,2,4,4,2,5,4,6,1,5,3,2,4,2,8,1,5,2,5,4,4,3,1,4,4,5,4,9,2,3,3,4,2,3,3,5,5,2,2,4,4,1,2,2,4,3,3,1,3,5,1,4,2,2,3,3,2,2,3,2,3,2,2,4,3,8,2,2,1,5,1,1,2,2,20,5,3,6,5,4,2,2,5,5,5,4,4,5,2,4,3,4,4,2,1,3,2,2,2,3,4,4,3,4,4,3,2,2,2,3,2,2,3,2,1
3,2,3,2,7,3,3,3,3,2,1,5,4,2,1,4,3,5,10,6,2,5,5,1,2,5,6,2,6,3,1,4,4,5,2,3,3,4,5,2,2,4,3,2,1,2,2,3,5,4,5,5,4,2,2,5,3,1,5,5,2,4,2,4,7,2,2,1,4,1,4,1,1,3,6,2,4,3,8,2,2,1,5,1,1,2,2,20,5,3,6,5,4,2,2,5,5,5,4,4,5,2,4,3,4,4,2,1,3,2,2,2,3,4,4,3,4,4,3,2,2,2,3,2,2,3,2,1
3,2,3,2,7,3,3,3,3,2,1,5,4,2,1,4,3,5,10,6,2,5,5,1,2,5,6,2,6,3,1,4,4,5,2,3,3,4,5,2,2,4,3,2,1,2,2,3,5,4,5,5,4,2,2,5,3,1,5,5,2,4,2,4,7,2,2,1,4,1,4,1,1,3,6,3,2,3,3,3,3,19,2,5,4,5,1,1,1,4,6,2,1,6,6,3,4,3,2,2,3,3,2,5,4,1,1,5,1,0,2,6,2,3,3,4,5,2,7,5,7,2,1,4,4,1,1,1
3,3,2,6,3,4,3,1,2,2,6,2,5,5,3,2,3,2,4,3,1,2,2,2,3,5,2,4,4,7,6,2,5,5,2,5,2,4,4,2,4,10,3,3,3,3,3,3,1,1,4,3,1,3,2,2,3,2,6,2,2,3,1,6,3,7,2,3,4,2,3,3,1,3,2,3,2,3,3,3,3,19,2,5,4,5,1,1,1,4,6,2,1,6,6,3,4,3,2,2,3,3,2,5,4,1,1,5,1,0,2,6,2,3,3,4,5,2,7,5,7,2,1,4,4,1,1,1
3,3,2,6,3,4,3,1,2,2,6,2,5,5,3,2,3,2,4,3,1,2,2,2,3,5,2,4,4,7,6,2,5,5,2,5,2,4,4,2,4,10,3,3,3,3,3,3,1,1,4,3,1,3,2,2,3,2,6,2,2,3,1,6,3,7,2,3,4,2,3,3,1,3,2,2,1,2,2,3,4,2,6,3,5,2,4,2,1,3,27,0,4,2,2,1,3,1,2,1,3,3,3,2,6,2,1,5,3,1,3,3,3,1,2,5,3,4,2,4,1,2,3,2,5,8,5,4
2,4,1,4,2,1,6,4,2,3,2,5,2,4,2,7,2,1,4,3,3,0,2,3,3,4,2,5,3,4,3,1,2,6,2,4,4,2,3,3,1,3,4,4,6,4,5,4,4,3,3,3,4,4,2,7,1,4,7,2,2,5,3,9,2,6,2,2,4,3,7,3,2,7,2,2,1,2,2,3,4,2,6,3,5,2,4,2,1,3,27,0,4,2,2,1,3,1,2,1,3,3,3,2,6,2,1,5,3,1,3,3,3,1,2,5,3,4,2,4,1,2,3,2,5,8,5,4
2,4,1,4,2,1,6,4,2,3,2,5,2,4,2,7,2,1,4,3,3,0,2,3,3,4,2,5,3,4,3,1,2,6,2,4,4,2,3,3,1,3,4,4,6,4,5,4,4,3,3,3,4,4,2,7,1,4,7,2,2,5,3,9,2,6,2,2,4,3,7,3,2,7,2,7,3,4,3,1,4,6,16,3,1,2,4,8,1,2,1,2,2,1,4,2,1,2,4,1,2,2,1,5,2,2,3,3,2,3,7,4,2,4,5,2,2,3,3,4,3,2,1,5,3,4,8,5
2,5,1,1,2,4,4,4,1,5,5,3,1,2,4,1,0,6,3,4,1,1,5,3,3,3,3,2,4,4,4,2,4,7,6,3,4,2,3,1,7,3,4,7,3,4,2,2,1,3,3,1,4,6,2,6,5,3,8,3,2,0,6,4,5,5,7,1,1,1,3,5,2,1,2,7,3,4,3,1,4,6,16,3,1,2,4,8,1,2,1,2,2,1,4,2,1,2,4,1,2,2,1,5,2,2,3,3,2,3,7,4,2,4,5,2,2,3,3,4,3,2,1,5,3,4,8,5
2,5,1,1,2,4,4,4,1,5,5,3,1,2,4,1,0,6,3,4,1,1,5,3,3,3,3,2,4,4,4,2,4,7,6,3,4,2,3,1,7,3,4,7,3,4,2,2,1,3,3,1,4,6,2,6,5,3,8,3,2,0,6,4,5,5,7,1,1,1,3,5,2,1,2,3,1,2,4,32,3,0,2,1,2,2,7,0,8,2,2,7,0,3,2,8,1,2,4,6,2,6,2,5,3,4,3,3,10,4,2,3,1,2,2,2,3,5,2,2,2,5,3,0,2,5,5,3
3,6,3,5,3,2,5,6,2,5,1,3,3,2,5,1,5,3,2,4,2,4,4,4,4,4,7,1,5,2,2,2,3,2,1,5,4,5,2,3,5,3,1,3,8,6,6,2,4,4,2,1,5,2,7,7,2,3,6,3,2,6,0,4,4,0,1,2,1,5,2,1,3,2,1,3,1,2,4,32,3,0,2,1,2,2,7,0,8,2,2,7,0,3,2,8,1,2,4,6,2,6,2,5,3,4,3,3,10,4,2,3,1,2,2,2,3,5,2,2,2,5,3,0,2,5,5,3
3,6,3,5,3,2,5,6,2,5,1,3,3,2,5,1,5,3,2,4,2,4,4,4,4,4,7,1,5,2,2,2,3,2,1,5,4,5,2,3,5,3,1,3,8,6,6,2,4,4,2,1,5,2,7,7,2,3,6,3,2,6,0,4,4,0,1,2,1,5,2,1,3,2,1,4,8,2,1,3,2,2,4,4,1,3,5,1,3,3,10,8,4,2,2,3,7,2,4,1,1,2,4,3,3,3,3,2,3,4,7,4,5,1,4,2,5,1,6,2,2,4,2,5,3,2,5,2
3,5,4,1,3,5,2,1,2,2,6,4,0,1,3,3,3,7,3,1,1,6,2,3,8,3,2,5,2,8,1,6,3,2,6,3,4,4,3,3,6,2,2,4,4,3,6,4,2,4,3,5,1,1,4,3,3,6,4,3,4,3,2,6,3,3,2,2,3,2,4,5,2,5,1,4,8,2,1,3,2,2,4,4,1,3,5,1,3,3,10,8,4,2,2,3,7,2,4,1,1,2,4,3,3,3,3,2,3,4,7,4,5,1,4,2,5,1,6,2,2,4,2,5,3,2,5,2
3,5,4,1,3,5,2,1,2,2,6,4,0,1,3,3,3,7,3,1,1,6,2,3,8,3,2,5,2,8,1,6,3,2,6,3,4,4,3,3,6,2,2,4,4,3,6,4,2,4,3,5,1,1,4,3,3,6,4,3,4,3,2,6,3,3,2,2,3,2,4,5,2,5,1,3,6,4,2,3,4,4,2,7,4,3,3,2,5,2,3,2,1,2,3,28,17,0,4,3,8,0,2,4,2,4,7,1,2,2,6,4,7,3,5,5,2,3,3,3,7,4,3,3,3,2,4,2
1,4,4,8,8,4,3,2,1,4,2,3,4,4,6,1,1,3,3,5,5,4,3,4,7,4,6,3,7,5,3,3,3,7,1,3,2,0,3,3,5,4,3,3,3,2,3,64,0,0,0,0,1,2,6,0,1,3,2,0,2,3,3,2,1,5,2,4,3,9,2,2,5,4,6,3,6,4,2,3,4,4,2,7,4,3,3,2,5,2,3,2,1,2,3,28,17,0,4,3,8,0,2,4,2,4,7,1,2,2,6,4,7,3,5,5,2,3,3,3,7,4,3,3,3,2,4,2
1,4,4,8,8,4,3,2,1,4,2,3,4,4,6,1,1,3,3,5,5,4,3,4,7,4,6,3,7,5,3,3,3,7,1,3,2,0,3,3,5,4,3,3,3,2,3,64,0,0,0,0,1,2,6,0,1,3,2,0,2,3,3,2,1,5,2,4,3,9,2,2,5,4,6,1,2,7,3,4,7,21,0,4,0,3,2,1,2,2,3,4,7,2,1,5,3,3,2,5,4,6,3,2,2,2,2,6,5,5,4,5,2,8,5,0,2,3,2,6,0,4,4,3,3,6,1,6
1,2,5,0,3,2,2,4,2,7,1,3,3,2,3,0,6,3,2,2,5,2,2,1,4,3,2,4,3,8,2,2,2,1,4,2,2,4,4,4,5,3,3,3,1,4,4,8,2,7,1,6,6,3,5,0,3,6,4,4,1,3,5,2,6,3,5,4,6,4,3,3,4,2,4,1,2,7,3,4,7,21,0,4,0,3,2,1,2,2,3,4,7,2,1,5,3,3,2,5,4,6,3,2,2,2,2,6,5,5,4,5,2,8,5,0,2,3,2,6,0,4,4,3,3,6,1,6
1,2,5,0,3,2,2,4,2,7,1,3,3,2,3,0,6,3,2,2,5,2,2,1,4,3,2,4,3,8,2,2,2,1,4,2,2,4,4,4,5,3,3,3,1,4,4,8,2,7,1,6,6,3,5,0,3,6,4,4,1,3,5,2,6,3,5,4,6,4,3,3,4,2,4,4,3,6,4,2,3,29,0,2,3,4,0,3,2,1,5,2,3,4,6,6,2,1,5,1,2,1,5,2,8,2,1,3,4,7,1,2,1,4,7,4,3,6,3,2,2,6,4,4,5,3,5,5
3,3,2,4,2,0,3,4,1,7,1,2,4,3,3,2,4,7,3,5,5,6,2,8,4,2,5,2,3,3,5,2,2,2,3,3,1,5,3,3,2,7,6,2,3,4,1,3,2,7,2,7,2,2,2,5,3,6,5,3,3,2,2,3,3,4,3,3,5,3,5,9,4,1,3,4,3,6,4,2,3,29,0,2,3,4,0,3,2,1,5,2,3,4,6,6,2,1,5,1,2,1,5,2,8,2,1,3,4,7,1,2,1,4,7,4,3,6,3,2,2,6,4,4,5,3,5,5
5,3,2,4,2,0,3,4,1,7,1,2,4,3,3,2,4,7,3,5,5,6,2,8,4,2,5,2,3,3,5,2,2,2,3,3,1,5,3,3,2,7,6,2,3,4,1,3,2,7,2,7,2,2,2,5,3,6,5,3,3,2,2,3,3,4,3,3,5,3,5,9,4,1,3,2,2,6,3,2,1,8,26,1,2,0,5,2,3,2,4,3,2,4,2,2,2,12,2,2,3,5,3,4,3,2,0,2,1,4,2,2,4,4,3,6,4,0,6,2,4,4,2,5,3,2,1,5
5,2,4,2,4,2,2,2,5,6,5,4,5,4,3,4,1,6,3,2,2,5,3,2,6,2,7,1,5,4,7,2,1,1,1,1,4,3,5,1,4,3,4,3,2,4,3,5,8,3,5,3,1,5,7,0,4,1,5,4,2,4,2,0,2,6,4,3,5,2,2,6,2,3,3,7,2,6,3,2,1,8,26,1,2,0,5,2,3,2,4,3,2,4,2,2,2,12,2,2,3,5,3,4,3,2,0,2,1,4,2,2,4,4,3,6,4,0,6,2,4,4,2,5,3,2,1,5
4,2,4,2,4,2,2,2,5,6,5,4,5,4,3,4,1,6,3,2,2,5,3,2,6,2,7,1,5,4,7,2,1,1,1,1,4,3,5,1,4,3,4,3,2,4,3,5,8,3,5,3,1,5,7,0,4,1,5,4,2,4,2,0,2,6,4,3,5,2,2,6,2,3,3,8,5,0,7,3,3,0,4,2,30,3,3,2,1,3,7,2,3,2,3,7,3,2,3,6,2,4,3,1,4,1,3,2,4,5,2,2,4,1,3,5,4,2,2,2,2,2,3,6,4,4,5,4
4,4,2,3,1,4,2,2,1,3,3,2,6,4,1,4,3,2,6,2,3,2,2,3,2,2,4,2,4,7,3,3,2,3,3,5,4,4,4,4,3,1,4,4,2,3,4,4,3,4,5,5,5,3,4,3,3,1,2,4,4,2,0,5,3,4,3,5,4,1,3,4,2,1,3,8,5,0,7,3,3,0,4,2,30,3,3,2,1,3,7,2,3,2,3,7,3,2,3,6,2,4,3,1,4,1,3,2,4,5,2,2,4,1,3,5,4,2,2,2,2,2,3,6,4,4,5,4
4,4,2,3,1,4,2,2,1,3,3,2,6,4,1,4,3,2,6,2,3,2,2,3,2,2,4,2,4,7,3,3,2,3,3,5,4,4,4,4,3,1,4,4,2,3,4,4,3,4,5,5,5,3,4,3,3,1,2,4,4,2,0,5,3,4,3,5,4,1,3,4,2,1,3,10,4,3,13,2,7,3,5,2,4,4,2,3,4,3,2,3,3,4,2,3,8,3,4,3,3,7,6,3,0,4,2,5,7,3,5,2,4,6,6,3,1,2,8,3,3,3,9,2,5,3,3,3
4,5,1,2,3,2,4,4,5,4,8,4,2,3,5,5,3,7,3,9,3,5,3,1,2,2,2,2,2,1,4,3,2,3,2,5,6,1,2,3,4,2,1,2,4,2,4,3,5,2,2,8,3,4,3,4,6,4,0,2,3,5,5,3,1,3,1,9,3,3,5,7,2,5,2,10,4,3,13,2,7,3,5,2,4,4,2,3,4,3,2,3,3,4,2,3,8,3,4,3,3,7,6,3,0,4,2,5,7,3,5,2,4,6,6,3,1,2,8,3,3,3,9,2,5,3,3,3
4,5,1,2,3,2,4,4,5,4,8,4,2,3,5,5,3,7,3,9,3,5,3,1,2,2,2,2,2,1,4,3,2,3,2,5,6,1,2,3,4,2,1,2,4,2,4,3,5,2,2,8,3,4,3,4,6,4,0,2,3,5,5,3,1,3,1,9,3,3,5,7,2,5,2,2,2,1,17,7,1,4,5,5,1,3,2,4,1,5,5,2,6,1,1,2,1,2,6,3,5,3,4,3,6,3,5,2,2,6,4,4,5,2,2,6,3,3,2,2,1,4,2,3,2,6,4,2
6,1,1,4,1,2,4,2,1,9,2,3,6,2,4,5,3,2,0,5,4,6,4,4,3,2,5,3,3,4,3,2,6,4,3,4,4,2,1,3,4,7,3,5,4,3,2,3,4,2,2,3,1,3,4,5,7,2,4,2,2,4,7,2,1,2,2,1,5,7,3,1,6,2,7,2,2,1,17,7,1,4,5,5,1,3,2,4,1,5,5,2,6,1,1,2,1,2,6,3,5,3,4,3,6,3,5,2,2,6,4,4,5,2,2,6,3,3,2,2,1,4,2,3,2,6,4,2
6,1,1,4,1,2,4,2,1,9,2,3,6,2,4,5,3,2,0,5,4,6,4,4,3,2,5,3,3,4,3,2,6,4,3,4,4,2,1,3,4,7,3,5,4,3,2,3,4,2,2,3,1,3,4,5,7,2,4,2,2,4,7,2,1,2,2,1,5,7,3,1,6,2,7,4,2,5,2,2,3,2,4,4,7,16,1,2,2,6,0,4,4,0,2,3,2,7,1,7,4,2,5,1,7,1,1,4,2,4,7,3,3,4,3,3,4,6,3,4,5,1,8,2,3,0,4,3
2,2,4,2,2,4,6,4,3,6,5,2,3,9,2,3,4,4,2,4,2,5,2,3,2,3,6,5,4,4,1,3,3,8,4,4,1,3,4,2,1,3,1,1,6,3,1,8,6,2,1,2,2,1,4,5,3,5,4,8,4,3,7,0,5,0,5,2,1,2,6,4,9,6,1,4,2,5,2,2,3,2,4,4,7,16,1,2,2,6,0,4,4,0,2,3,2,7,1,7,4,2,5,1,7,1,1,4,2,4,7,3,3,4,3,3,4,6,3,4,5,1,8,2,3,0,4,3
2,2,4,2,2,4,6,4,3,6,5,2,3,9,2,3,4,4,2,4,2,5,2,3,2,3,6,5,4,4,1,3,3,8,4,4,1,3,4,2,1,3,1,1,6,3,1,8,6,2,1,2,2,1,4,5,3,5,4,8,4,3,7,0,5,0,5,2,1,2,6,4,9,6,1,3,4,1,3,2,4,2,4,1,3,6,2,2,2,1,5,4,3,6,1,2,2,1,3,1,2,2,3,2,5,3,3,3,5,2,4,2,7,4,5,5,4,3,5,4,5,8,2,4,2,3,3,5
0,4,4,3,5,5,1,5,5,2,4,1,4,1,4,2,2,8,4,5,5,2,2,1,4,3,4,6,5,5,6,3,2,4,6,7,1,5,4,3,2,5,3,2,6,6,2,9,2,3,4,1,5,3,3,1,3,4,2,4,3,1,3,4,2,3,7,6,1,4,4,3,4,2,2,3,4,1,3,2,4,2,4,1,3,6,2,2,2,1,5,4,3,6,1,2,2,1,3,1,2,2,3,2,5,3,3,3,5,2,4,2,7,4,5,5,4,3,5,4,5,8,2,4,2,3,3,5
0,4,4,3,5,5,1,5,5,2,4,1,4,1,4,2,2,8,4,5,5,2,2,1,4,3,4,6,5,5,6,3,2,4,6,7,1,5,4,3,2,5,3,2,6,6,2,9,2,3,4,1,5,3,3,1,3,4,2,4,3,1,3,4,2,3,7,6,1,4,4,3,4,2,2,4,1,4,3,2,2,2,7,15,6,2,4,4,3,3,5,2,4,3,1,3,4,3,4,1,2,4,3,2,6,2,4,2,6,3,3,3,3,5,2,4,4,2,3,2,1,0,4,5,2,2,6,5
2,4,7,7,5,4,2,3,1,5,3,3,0,3,2,2,4,62,33,0,0,1,1,7,4,4,0,5,1,3,3,3,2,5,1,2,2,4,2,7,3,7,8,2,0,9,4,1,6,2,5,4,5,3,5,3,3,4,2,5,0,6,2,0,4,3,2,3,2,4,2,1,3,0,3,4,1,4,3,2,2,2,7,15,6,2,4,4,3,3,5,2,4,3,1,3,4,3,4,1,2,4,3,2,6,2,4,2,6,3,3,3,3,5,2,4,4,2,3,2,1,0,4,5,2,2,6,5
2,4,7,7,5,4,2,3,1,5,3,3,0,3,2,2,4,62,33,0,0,1,1,7,4,4,0,5,1,3,3,3,2,5,1,2,2,4,2,7,3,7,8,2,0,9,4,1,6,2,5,4,5,3,5,3,3,4,2,5,0,6,2,0,4,3,2,3,2,4,2,1,3,0,3,9,4,1,2,4,4,3,4,1,6,5,2,2,3,5,2,2,5,4,5,3,2,1,2,1,2,5,2,3,1,2,3,6,1,6,4,2,2,4,2,2,3,1,8,1,6,4,2,5,2,1,7,3
3,4,3,0,4,4,2,2,1,5,4,1,4,6,4,5,9,1,3,2,5,1,3,0,5,4,7,3,5,3,3,5,2,5,2,3,3,3,4,4,3,4,5,6,6,5,6,0,2,4,2,2,4,2,5,2,6,4,3,6,2,3,1,4,4,2,5,2,3,2,8,2,2,2,2,9,4,1,2,4,4,3,4,1,6,5,2,2,3,5,2,2,5,4,5,3,2,1,2,1,2,5,2,3,1,2,3,6,1,6,4,2,2,4,2,2,3,1,8,1,6,4,2,5,2,1,7,3
3,4,3,0,4,4,2,2,1,5,4,1,4,6,4,5,9,1,3,2,5,1,3,0,5,4,7,3,5,3,3,5,2,5,2,3,3,3,4,4,3,4,5,6,6,5,6,0,2,4,2,2,4,2,5,2,6,4,3,6,2,3,1,4,4,2,5,2,3,2,8,2,2,2,2,3,7,2,1,2,25,3,1,1,1,1,9,3,0,7,2,3,3,4,4,3,3,6,5,2,1,1,7,1,2,5,4,4,9,2,6,5,7,1,5,2,4,4,3,1,4,2,4,3,4,2,3,2
2,9,5,5,1,2,7,4,3,1,4,3,6,1,2,2,4,7,2,3,2,7,3,5,1,5,5,2,4,2,1,2,10,5,3,1,2,2,3,5,2,1,5,2,7,3,2,3,3,2,0,3,2,2,5,7,2,10,4,6,1,3,2,7,2,3,2,5,3,4,4,2,3,4,4,3,7,2,1,2,25,3,1,1,1,1,9,3,0,7,2,3,3,4,4,3,3,6,5,2,1,1,7,1,2,5,4,4,9,2,6,5,7,1,5,2,4,4,3,1,4,2,4,3,4,2,3,2
2,9,5,5,1,2,7,4,3,1,4,3,6,1,2,2,4,7,2,3,2,7,3,5,1,5,5,2,4,2,1,2,10,5,3,1,2,2,3,5,2,1,5,2,7,3,2,3,3,2,0,3,2,2,5,7,2,10,4,6,1,3,2,7,2,3,2,5,3,4,4,2,3,4,4,3,3,6,17,2,1,1,4,4,4,2,3,6,4,5,4,3,4,2,2,7,1,3,2,2,3,2,2,6,1,2,3,2,5,2,1,0,2,2,5,3,6,2,2,0,2,3,2,1,5,1,4,5
7,5,2,1,3,3,3,4,1,3,3,5,4,0,4,3,4,2,2,3,3,5,4,4,5,4,1,7,3,2,3,4,1,8,2,4,2,5,2,4,1,7,2,2,5,6,3,4,4,0,2,4,2,8,6,7,3,3,3,1,2,6,3,5,5,1,1,2,3,2,2,3,2,5,3,3,3,6,17,2,1,1,4,4,4,2,3,6,4,5,4,3,4,2,2,7,1,3,2,2,3,2,2,6,1,2,3,2,5,2,1,0,2,2,5,3,6,2,2,0,2,3,2,1,5,1,4,5
7,5,2,1,3,3,3,4,1,3,3,5,4,0,4,3,4,2,2,3,3,5,4,4,5,4,1,7,3,2,3,4,1,8,2,4,2,5,2,4,1,7,2,2,5,6,3,4,4,0,2,4,2,8,6,7,3,3,3,1,2,6,3,5,5,1,1,2,3,2,2,3,2,5,3,8,2,4,5,5,2,7,3,34,1,2,1,2,3,2,2,5,6,7,2,5,3,2,2,5,4,0,6,1,4,2,2,6,2,3,1,3,1,6,3,5,6,7,2,1,6,5,1,3,6,5,3,5
6,3,6,5,5,3,2,2,3,4,3,4,4,4,4,1,6,5,5,2,4,1,1,6,1,4,2,4,3,2,1,3,3,1,2,2,1,2,1,2,3,3,5,6,3,2,7,6,4,2,4,6,0,1,4,4,1,2,4,3,6,4,4,7,0,2,2,4,3,2,6,5,2,8,3,8,2,4,5,5,2,7,3,34,1,2,1,2,3,2,2,5,6,7,2,5,3,2,2,5,4,0,6,1,4,2,2,6,2,3,1,3,1,6,3,5,6,7,2,1,6,5,1,3,6,5,3,5
6,3,6,5,5,3,2,2,3,4,3,4,4,4,4,1,6,5,5,2,4,1,1,6,1,4,2,4,3,2,1,3,3,1,2,2,1,2,1,2,3,3,5,6,3,2,7,6,4,2,4,6,0,1,4,4,1,2,4,3,6,4,4,7,0,2,2,4,3,2,6,5,2,8,3,1,2,2,2,14,12,2,2,4,3,3,1,3,2,4,5,4,3,3,2,3,3,7,5,0,2,3,6,3,4,6,2,6,0,2,2,1,5,5,1,3,5,2,6,4,7,4,3,2,5,1,4,3
1,6,4,5,5,2,2,6,6,2,6,7,4,2,5,3,6,1,1,4,4,3,5,4,5,2,8,4,4,1,6,3,2,3,7,4,3,3,5,2,5,2,2,2,4,2,3,1,3,3,4,3,6,0,3,2,7,5,2,2,6,1,4,3,2,5,3,1,4,2,2,5,6,5,3,1,2,2,2,14,12,2,2,4,3,3,1,3,2,4,5,4,3,3,2,3,3,7,5,0,2,3,6,3,4,6,2,6,0,2,2,1,5,5,1,3,5,2,6,4,7,4,3,2,5,1,4,3
1,6,4,5,5,2,2,6,6,2,6,7,4,2,5,3,6,1,1,4,4,3,5,4,5,2,8,4,4,1,6,3,2,3,7,4,3,3,5,2,5,2,2,2,4,2,3,1,3,3,4,3,6,0,3,2,7,5,2,2,6,1,4,3,2,5,3,1,4,2,2,5,6,5,3,1,10,5,1,6,30,0,4,2,5,3,6,3,3,2,3,3,2,4,9,4,4,4,4,2,2,7,8,1,1,6,4,1,3,2,5,1,2,7,8,4,4,5,3,1,4,6,2,2,3,7,2,2
4,3,7,4,2,2,2,4,5,2,5,1,6,3,3,2,2,2,5,5,2,3,3,6,3,3,2,2,2,4,0,3,5,4,5,3,4,1,1,2,5,4,2,3,9,2,4,4,3,2,8,4,3,3,4,5,3,5,3,8,8,1,5,3,3,2,1,4,4,4,3,2,1,4,2,1,10,5,1,6,30,0,4,2,5,3,6,3,3,2,3,3,2,4,9,4,4,4,4,2,2,7,8,1,1,6,4,1,3,2,5,1,2,7,8,4,4,5,3,1,4,6,2,2,3,7,2,2
4,3,7,4,2,2,2,4,5,2,5,1,6,3,3,2,2,2,5,5,2,3,3,6,3,3,2,2,2,4,0,3,5,4,5,3,4,1,1,2,5,4,2,3,9,2,4,4,3,2,8,4,3,3,4,5,3,5,3,8,8,1,5,3,3,2,1,4,4,4,3,2,1,4,2,1,5,3,22,1,4,3,4,2,5,5,5,5,2,1,4,3,3,6,1,5,0,4,2,3,5,3,3,3,2,2,3,3,4,2,3,2,2,3,8,3,4,4,9,3,1,2,2,2,3,2,4,2
3,2,2,4,8,7,3,2,7,2,1,2,3,1,1,2,8,7,5,3,3,4,5,2,4,5,1,2,3,3,3,6,6,3,6,3,3,6,5,3,2,6,4,2,4,1,1,6,2,4,5,4,1,0,2,5,2,6,3,3,3,4,5,3,3,4,4,4,7,1,7,4,6,4,2,1,5,3,22,1,4,3,4,2,5,5,5,5,2,1,4,3,3,6,1,5,0,4,2,3,5,3,3,3,2,2,3,3,4,2,3,2,2,3,8,3,4,4,9,3,1,2,2,2,3,2,4,2
3,2,2,4,8,7,3,2,7,2,1,2,3,1,1,2,8,7,5,3,3,4,5,2,4,5,1,2,3,3,3,6,6,3,6,3,3,6,5,3,2,6,4,2,4,1,1,6,2,4,5,4,1,0,2,5,2,6,3,3,3,4,5,3,3,4,4,4,7,1,7,4,6,4,2,5,5,3,4,2,13,2,3,1,1,3,3,1,5,5,2,2,2,3,4,4,2,6,2,3,0,3,1,2,6,3,7,6,4,3,2,2,2,6,3,2,6,4,3,1,2,2,1,1,7,4,5,4
4,4,3,2,2,2,6,5,4,5,4,3,4,2,2,5,5,5,1,4,3,2,4,3,5,1,4,2,3,7,6,2,1,6,2,4,3,2,2,3,3,3,2,1,5,4,2,4,1,3,1,2,3,5,3,1,5,1,1,5,4,2,2,3,2,1,7,3,6,2,6,5,4,2,1,5,5,3,4,2,13,2,3,1,1,3,3,1,5,5,2,2,2,3,4,4,2,6,2,3,0,3,1,2,6,3,7,6,4,3,2,2,2,6,3,2,6,4,3,1,2,2,1,1,7,4,5,4
4,4,3,2,2,2,6,5,4,5,4,3,4,2,2,5,5,5,1,4,3,2,4,3,5,1,4,2,3,7,6,2,1,6,2,4,3,2,2,3,3,3,2,1,5,4,2,4,1,3,1,2,3,5,3,1,5,1,1,5,4,2,2,3,2,1,7,3,6,2,6,5,4,2,3,7,0,2,18,3,5,1,6,4,1,5,2,3,3,5,2,5,4,4,2,4,2,9,2,3,4,3,7,6,2,2,10,1,6,2,1,3,3,2,6,1,8,4,3,1,1,1,1,3,7,2,2,3
3,4,4,4,4,1,1,4,1,4,3,2,6,3,5,3,10,5,3,6,4,3,3,1,1,8,2,4,6,1,2,3,1,2,2,2,6,5,2,4,5,2,2,4,4,2,2,3,1,5,1,6,1,1,0,6,4,4,4,3,3,4,1,3,2,7,4,6,2,5,1,4,2,6,3,7,0,2,18,3,5,1,6,4,1,5,2,3,3,5,2,5,4,4,2,4,2,9,2,3,4,3,7,6,2,2,10,1,6,2,1,3,3,2,6,1,8,4,3,1,1,1,1,3,7,2,2,3
3,4,4,4,4,1,1,4,1,4,3,2,6,3,5,3,10,5,3,6,4,3,3,1,1,8,2,4,6,1,2,3,1,2,2,2,6,5,2,4,5,2,2,4,4,2,2,3,1,5,1,6,1,1,0,6,4,4,4,3,3,4,1,3,2,7,4,6,2,5,1,4,2,6,3,7,5,6,3,3,3,1,1,6,25,9,2,2,2,0,5,3,3,0,5,3,2,3,6,5,5,2,3,4,8,3,1,5,0,12,10,5,7,3,6,5,2,3,4,4,1,1,4,3,1,4,7,6
10,2,3,2,4,1,2,2,4,0,2,2,4,3,2,1,3,47,7,1,0,1,2,1,10,2,0,2,5,5,4,2,2,4,4,2,5,6,2,1,7,4,5,3,3,4,8,2,2,1,2,2,6,2,10,9,5,1,5,2,1,2,6,3,5,5,5,1,2,5,3,3,3,1,5,7,5,6,3,3,3,1,1,6,25,9,2,2,2,0,5,3,3,0,5,3,2,3,6,5,5,2,3,4,8,3,1,5,0,12,10,5,7,3,6,5,2,3,4,4,1,1,4,3,1,4,7,6
10,2,3,2,4,1,2,2,4,0,2,2,4,3,2,1,3,47,7,1,0,1,2,1,10,2,0,2,5,5,4,2,2,4,4,2,5,6,2,1,7,4,5,3,3,4,8,2,2,1,2,2,6,2,10,9,5,1,5,2,1,2,6,3,5,5,5,1,2,5,3,3,3,1,5,5,1,5,3,21,4,2,3,2,1,3,3,5,2,6,2,1,7,4,3,7,2,5,2,3,8,2,5,2,4,3,3,7,2,2,5,4,5,2,4,3,1,4,7,1,1,1,3,2,2,6,2,7
4,3,3,1,6,4,1,3,5,4,1,5,2,4,4,5,3,2,2,2,2,2,3,2,8,1,1,7,3,4,4,5,2,4,4,4,5,6,8,3,2,3,4,7,1,3,2,2,7,1,6,5,2,2,4,1,1,4,8,1,3,4,4,6,3,4,6,5,3,1,2,2,1,9,2,5,1,5,3,21,4,2,3,2,1,3,3,5,2,6,2,1,7,4,3,7,2,5,2,3,8,2,5,2,4,3,3,7,2,2,5,4,5,2,4,3,1,4,7,1,1,1,3,2,2,6,2,7
4,3,3,1,6,4,1,3,5,4,1,5,2,4,4,5,3,2,2,2,2,2,3,2,8,1,1,7,3,4,4,5,2,4,4,4,5,6,8,3,2,3,4,7,1,3,2,2,7,1,6,5,2,2,4,1,1,4,8,1,3,4,4,6,3,4,6,5,3,1,2,2,1,9,2,4,5,3,14,2,3,6,4,5,3,2,2,3,2,1,2,4,5,2,3,3,3,5,3,6,2,0,4,1,3,2,1,4,3,4,4,3,2,4,7,6,2,3,2,2,1,3,6,2,4,5,3,8
3,2,5,3,8,1,4,8,2,3,2,1,2,2,5,1,3,2,1,3,4,3,2,2,1,2,5,2,5,4,3,2,3,5,1,2,1,5,5,0,2,8,2,3,3,3,1,6,4,3,3,2,3,3,3,3,3,2,2,2,6,4,4,7,6,4,2,4,5,2,6,2,5,3,2,2,1,0,4,1,2,2,3,37,1,1,0,1,3,4,4,4,4,2,2,7,3,5,1,3,2,3,1,1,5,3,3,7,1,2,3,4,5,3,3,4,3,3,3,3,2,4,3,2,3,3,1,1
3,2,5,3,8,1,4,8,2,3,2,1,2,2,5,1,3,2,1,3,4,3,2,2,1,2,5,2,5,4,3,2,3,5,1,2,1,5,5,0,2,8,2,3,3,3,1,6,4,3,3,2,3,3,3,3,3,2,2,2,6,4,4,7,6,4,2,4,5,2,6,2,5,3,4,3,2,2,4,4,5,4,3,3,2,2,22,11,2,3,1,4,0,2,6,6,0,6,3,5,3,4,4,0,2,3,1,9,7,3,2,4,1,1,3,1,4,4,3,2,3,3,3,3,4,2,7,4
2,3,1,7,1,4,4,4,3,7,2,3,2,1,2,6,2,6,7,4,3,7,5,2,4,2,3,3,2,1,2,8,2,4,4,3,3,6,3,2,7,3,5,3,2,2,7,5,5,3,6,4,2,1,6,8,0,3,3,3,0,2,2,7,7,2,5,3,4,9,1,3,4,1,1,3,2,2,4,4,5,4,3,3,2,2,22,11,2,3,1,4,0,2,6,6,0,6,3,5,3,4,4,0,2,3,1,9,7,3,2,4,1,1,3,1,4,4,3,2,3,3,3,3,4,2,7,4
2,3,1,7,1,4,4,4,3,7,2,3,2,1,2,6,2,6,7,4,3,7,5,2,4,2,3,3,2,1,2,8,2,4,4,3,3,6,3,2,7,3,5,3,2,2,7,5,5,3,6,4,2,1,6,8,0,3,3,3,0,2,2,7,7,2,5,3,4,9,1,3,4,1,1,7,1,3,21,3,3,4,4,4,1,0,2,3,4,4,5,5,2,3,3,2,3,4,5,3,5,1,3,3,8,2,4,1,8,1,1,3,2,5,4,3,3,5,3,1,4,3,3,3,3,2,2,5
3,3,2,3,3,3,5,2,3,2,6,3,2,2,7,0,1,4,4,4,3,9,3,3,2,5,3,3,6,1,5,2,3,2,2,1,6,2,4,4,2,3,1,2,3,2,3,5,10,6,3,1,1,2,5,3,5,1,6,3,2,1,2,3,2,3,3,2,3,1,5,2,1,6,3,7,1,3,21,3,3,4,4,4,1,0,2,3,4,4,5,5,2,3,3,2,3,4,5,3,5,1,3,3,8,2,4,1,8,1,1,3,2,5,4,3,3,5,3,1,4,3,3,3,3,2,2,5
3,3,2,3,3,3,5,2,3,2,6,3,2,2,7,0,1,4,4,4,3,9,3,3,2,5,3,3,6,1,5,2,3,2,2,1,6,2,4,4,2,3,1,2,3,2,3,5,10,6,3,1,1,2,5,3,5,1,6,3,2,1,2,3,2,3,3,2,3,1,5,2,1,6,3,6,5,2,2,8,22,2,4,2,1,3,4,2,2,3,4,2,4,4,5,1,7,5,4,4,8,2,1,2,3,2,6,6,1,4,3,4,9,4,1,2,2,2,4,3,1,2,3,1,6,2,4,1
2,2,3,5,5,3,7,3,2,2,6,1,2,6,5,1,2,1,2,5,2,3,4,4,5,2,1,3,3,6,6,2,4,1,9,3,2,3,5,4,1,5,4,3,2,4,6,5,7,5,6,4,5,3,4,2,2,5,3,2,5,2,5,5,2,4,3,1,2,1,5,3,1,2,5,6,5,2,2,8,22,2,4,2,1,3,4,2,2,3,4,2,4,4,5,1,7,5,4,4,8,2,1,2,3,2,6,6,1,4,3,4,9,4,1,2,2,2,4,3,1,2,3,1,6,2,4,1
2,2,3,5,5,3,7,3,2,2,6,1,2,6,5,1,2,1,2,5,2,3,4,4,5,2,1,3,3,6,6,2,4,1,9,3,2,3,5,4,1,5,4,3,2,4,6,5,7,5,6,4,5,3,4,2,2,5,3,2,5,2,5,5,2,4,3,1,2,1,5,3,1,2,5,3,1,3,1,4,7,1,4,4,10,3,4,2,2,6,4,5,2,2,5,4,2,4,6,3,3,3,5,5,7,4,2,5,6,4,2,3,3,7,4,2,3,3,4,1,3,2,3,5,5,3,5,6
2,2,7,2,10,6,4,1,1,4,0,2,2,4,1,2,3,1,6,2,4,7,3,1,2,1,4,0,2,2,7,6,2,3,4,2,3,2,9,5,1,2,5,5,4,2,3,6,1,2,2,5,5,3,7,4,10,3,6,1,3,2,3,3,3,4,1,2,4,4,1,1,7,8,2,3,1,3,1,4,7,1,4,4,10,3,4,2,2,6,4,5,2,2,5,4,2,4,6,3,3,3,5,5,7,4,2,5,6,4,2,3,3,7,4,2,3,3,4,1,3,2,3,5,5,3,5,6
2,2,7,2,10,6,4,1,1,4,0,2,2,4,1,2,3,1,6,2,4,7,3,1,2,1,4,0,2,2,7,6,2,3,4,2,3,2,9,5,1,2,5,5,4,2,3,6,1,2,2,5,5,3,7,4,10,3,6,1,3,2,3,3,3,4,1,2,4,4,1,1,7,8,2,1,2,3,7,2,2,24,3,2,4,7,3,2,4,4,4,2,4,2,2,7,2,0,2,4,3,8,3,4,3,2,2,6,2,3,3,6,1,6,5,1,2,2,3,0,1,3,4,2,3,4,3,4
1,3,8,3,3,2,3,2,4,1,5,8,1,1,2,3,3,3,6,5,1,1,1,3,2,2,2,4,4,2,2,4,6,3,3,3,2,6,2,4,3,3,2,4,3,6,4,3,4,1,3,2,6,4,5,2,4,2,6,4,2,1,2,3,2,5,5,3,3,6,8,1,3,7,1,1,2,3,7,2,2,24,3,2,4,7,3,2,4,4,4,2,4,2,2,7,2,0,2,4,3,8,3,4,3,2,2,6,2,3,3,6,1,6,5,1,2,2,3,0,1,3,4,2,3,4,3,4
1,3,8,3,3,2,3,2,4,1,5,8,1,1,2,3,3,3,6,5,1,1,1,3,2,2,2,4,4,2,2,4,6,3,3,3,2,6,2,4,3,3,2,4,3,6,4,3,4,1,3,2,6,4,5,2,4,2,6,4,2,1,2,3,2,5,5,3,3,6,8,1,3,7,1,2,2,4,3,5,2,3,20,5,3,4,4,1,2,8,0,0,5,2,2,4,3,3,3,2,4,8,3,4,2,1,3,2,3,3,2,7,8,3,6,4,2,2,4,4,3,2,5,2,5,2,3,2
3,3,5,3,2,6,3,3,2,3,7,5,0,4,1,2,3,3,6,4,1,4,3,1,2,3,2,3,8,3,1,2,6,2,6,1,3,3,4,2,2,7,3,6,1,1,3,3,1,6,6,5,3,4,2,3,3,5,4,4,4,5,5,2,2,2,3,3,2,4,3,3,6,4,3,2,2,4,3,5,2,3,20,5,3,4,4,1,2,8,0,0,5,2,2,4,3,3,3,2,4,8,3,4,2,1,3,2,3,3,2,7,8,3,6,4,2,2,4,4,3,2,5,2,5,2,3,2
3,3,5,3,2,6,3,3,2,3,7,5,0,4,1,2,3,3,6,4,1,4,3,1,2,3,2,3,8,3,1,2,6,2,6,1,3,3,4,2,2,7,3,6,1,1,3,3,1,6,6,5,3,4,2,3,3,5,4,4,4,5,5,2,2,2,3,3,2,4,3,3,6,4,3,7,1,3,3,4,3,4,3,16,2,3,0,0,2,1,2,2,1,4,4,3,0,3,4,7,7,4,9,4,9,3,4,3,4,1,2,2,2,2,2,4,5,2,2,3,3,2,3,2,2,5,1,5
2,1,7,1,3,3,4,4,6,1,6,1,3,4,2,2,4,4,3,3,5,4,3,1,4,2,5,1,2,4,4,1,3,4,2,4,6,1,6,3,5,5,4,7,4,3,1,2,5,2,1,4,2,3,3,6,4,4,3,6,5,4,6,3,1,3,3,4,3,4,3,2,9,4,2,7,1,3,3,4,3,4,3,16,2,3,0,0,2,1,2,2,1,4,4,3,0,3,4,7,7,4,9,4,9,3,4,3,4,1,2,2,2,2,2,4,5,2,2,3,3,2,3,2,2,5,1,5
4,1,7,1,3,3,4,4,6,1,6,1,3,4,2,2,4,4,3,3,5,4,3,1,4,2,5,1,2,4,4,1,3,4,2,4,6,1,6,3,5,5,4,7,4,3,1,2,5,2,1,4,2,3,3,6,4,4,3,6,5,4,6,3,1,3,3,4,3,4,3,2,9,4,2,0,7,2,6,6,19,1,5,1,5,0,3,0,1,4,4,5,4,2,2,3,1,6,7,0,4,1,2,3,3,5,1,4,2,2,2,1,4,3,3,5,1,2,6,1,1,4,1,9,3,3,3,5
4,2,3,4,3,2,6,2,6,1,3,5,4,2,4,1,4,7,5,5,2,3,5,4,4,4,5,2,3,6,5,7,2,0,3,3,7,7,1,4,5,2,5,2,2,1,5,4,3,3,4,1,3,4,4,3,6,3,5,3,1,1,3,4,7,5,1,3,4,4,2,6,5,2,4,2,7,2,6,6,19,1,5,1,5,0,3,0,1,4,4,5,4,2,2,3,1,6,7,0,4,1,2,3,3,5,1,4,2,2,2,1,4,3,3,5,1,2,6,1,1,4,1,9,3,3,3,5
4,2,3,4,3,2,6,2,6,1,3,5,4,2,4,1,4,7,5,5,2,3,5,4,4,4,5,2,3,6,5,7,2,0,3,3,7,7,1,4,5,2,5,2,2,1,5,4,3,3,4,1,3,4,4,3,6,3,5,3,1,1,3,4,7,5,1,3,4,4,2,6,5,2,4,6,3,5,3,5,5,23,1,1,1,2,1,4,1,1,2,2,4,1,3,3,2,7,7,2,4,5,7,4,3,3,1,4,4,2,1,4,4,4,7,2,2,0,3,4,2,6,5,5,5,2,5,3
3,3,2,4,3,7,4,4,2,4,3,2,4,3,3,3,6,2,1,4,6,2,4,2,3,3,4,1,2,5,2,3,5,1,5,2,4,6,4,5,3,2,2,3,3,0,4,3,6,2,1,4,4,3,3,1,3,3,7,1,2,3,4,5,3,5,1,3,3,6,3,2,2,3,2,6,3,5,3,5,5,23,1,1,1,2,1,4,1,1,2,2,4,1,3,3,2,7,7,2,4,5,7,4,3,3,1,4,4,2,1,4,4,4,7,2,2,0,3,4,2,6,5,5,5,2,5,3
3,3,2,4,3,7,4,4,2,4,3,2,4,3,3,3,6,2,1,4,6,2,4,2,3,3,4,1,2,5,2,3,5,1,5,2,4,6,4,5,3,2,2,3,3,0,4,3,6,2,1,4,4,3,3,1,3,3,7,1,2,3,4,5,3,5,1,3,3,6,3,2,2,3,2,6,1,4,13,12,1,4,5,6,0,2,3,3,4,4,3,1,2,2,3,6,2,4,5,6,3,2,5,2,3,3,4,3,1,3,6,6,6,1,4,1,2,3,2,4,1,4,3,5,5,4,7,8
3,2,1,2,3,2,4,2,2,2,2,3,2,3,2,2,1,5,5,3,7,2,2,3,3,3,4,2,2,5,3,3,3,3,6,5,1,3,3,1,4,3,5,2,3,1,6,2,1,2,3,3,6,4,5,4,5,1,1,2,2,8,3,2,7,6,4,2,2,3,8,2,4,3,4,6,1,4,13,12,1,4,5,6,0,2,3,3,4,4,3,1,2,2,3,6,2,4,5,6,3,2,5,2,3,3,4,3,1,3,6,6,6,1,4,1,2,3,2,4,1,4,3,5,5,4,7,8
3,2,1,2,3,2,4,2,2,2,2,3,2,3,2,2,1,5,5,3,7,2,2,3,3,3,4,2,2,5,3,3,3,3,6,5,1,3,3,1,4,3,5,2,3,1,6,2,1,2,3,3,6,4,5,4,5,1,1,2,2,8,3,2,7,6,4,2,2,3,8,2,4,3,4,3,3,2,3,19,4,4,5,2,4,2,5,0,1,3,2,3,6,1,4,4,3,10,6,2,6,6,3,3,7,3,3,5,2,3,2,1,6,3,6,3,6,9,2,2,2,0,3,3,1,5,5,2
6,1,9,5,6,3,0,2,3,4,4,4,4,1,3,1,1,5,3,5,4,4,3,6,3,5,6,4,4,3,4,1,4,5,2,6,4,2,2,4,4,7,1,9,7,5,6,1,2,1,3,3,0,6,4,1,4,3,1,4,3,4,4,6,2,4,1,1,1,2,1,5,1,3,4,3,3,2,3,19,4,4,5,2,4,2,5,0,1,3,2,3,6,1,4,4,3,10,6,2,6,6,3,3,7,3,3,5,2,3,2,1,6,3,6,3,6,9,2,2,2,0,3,3,1,5,5,2
6,1,9,5,6,3,0,2,3,4,4,4,4,1,3,1,1,5,3,5,4,4,3,6,3,5,6,4,4,3,4,1,4,5,2,6,4,2,2,4,4,7,1,9,7,5,6,1,2,1,3,3,0,6,4,1,4,3,1,4,3,4,4,6,2,4,1,1,1,2,1,5,1,3,1,8,3,4,3,15,1,8,4,0,3,3,5,3,1,2,2,2,6,1,1,3,1,0,3,4,3,2,4,4,5,3,2,4,4,4,3,4,11,3,0,2,4,6,4,1,3,5,2,2,7,1,3,2
2,4,3,4,4,7,5,5,2,2,2,2,1,7,1,1,2,4,6,5,4,2,2,3,3,4,3,6,3,0,2,1,3,2,4,4,2,4,1,2,2,8,1,2,4,2,3,4,3,2,3,2,4,2,3,1,1,5,5,3,2,1,3,6,5,8,4,3,3,2,2,1,7,5,2,8,3,4,3,15,1,8,4,0,3,3,5,3,1,2,2,2,6,1,1,3,1,0,3,4,3,2,4,4,5,3,2,4,4,4,3,4,11,3,0,2,4,6,4,1,3,5,2,2,7,1,3,2
2,4,3,4,4,7,5,5,2,2,2,2,1,7,1,1,2,4,6,5,4,2,2,3,3,4,3,6,3,0,2,1,3,2,4,4,2,4,1,2,2,8,1,2,4,2,3,4,3,2,3,2,4,2,3,1,1,5,5,3,2,1,3,6,5,8,4,3,3,2,2,1,7,5,2,4,1,1,6,18,4,2,2,3,5,2,6,3,4,2,1,5,3,2,4,6,2,1,6,3,2,3,5,1,3,3,4,2,4,5,2,2,5,2,2,3,3,5,2,4,2,5,4,3,3,4,4,7
4,4,4,2,0,4,3,8,3,3,7,6,2,2,4,2,5,7,6,2,4,1,7,1,1,1,3,4,4,4,4,1,7,2,2,4,4,2,5,5,2,3,2,1,4,2,7,4,6,3,2,5,7,4,2,5,2,3,5,3,0,3,3,5,6,3,4,3,5,5,4,6,1,2,7,4,1,1,6,18,4,2,2,3,5,2,6,3,4,2,1,5,3,2,4,6,2,1,6,3,2,3,5,1,3,3,4,2,4,5,2,2,5,2,2,3,3,5,2,4,2,5,4,3,3,4,4,7
4,4,4,2,0,4,3,8,3,3,7,6,2,2,4,2,5,7,6,2,4,1,7,1,1,1,3,4,4,4,4,1,7,2,2,4,4,2,5,5,2,3,2,1,4,2,7,4,6,3,2,5,7,4,2,5,2,3,5,3,0,3,3,5,6,3,4,3,5,5,4,6,1,2,7,5,2,2,10,5,10,8,0,4,2,5,7,2,0,1,2,5,2,5,5,6,4,2,1,2,7,3,3,5,2,2,6,5,4,4,2,3,2,1,4,4,5,1,6,5,7,3,6,1,2,2,9,4
3,5,8,1,3,3,8,7,3,3,3,3,5,5,1,6,4,5,2,2,3,3,2,1,6,5,7,2,7,5,3,2,4,4,5,6,5,4,2,4,4,4,4,2,6,3,2,3,3,2,5,2,2,4,0,4,4,2,2,6,3,3,3,3,4,3,2,3,2,6,6,0,4,7,3,5,2,2,10,5,10,8,0,4,2,5,7,2,0,1,2,5,2,5,5,6,4,2,1,2,7,3,3,5,2,2,6,5,4,4,2,3,2,1,4,4,5,1,6,5,7,3,6,1,2,2,9,4
1,5,8,1,3,3,8,7,3,3,3,3,5,5,1,6,4,5,2,2,3,3,2,1,6,5,7,2,7,5,3,2,4,4,5,6,5,4,2,4,4,4,4,2,6,3,2,3,3,2,5,2,2,4,0,4,4,2,2,6,3,3,3,3,4,3,2,3,2,6,6,0,4,7,3,5,3,7,2,5,25,7,5,2,2,3,2,8,2,2,5,2,4,4,2,2,5,6,4,2,4,4,5,5,8,0,3,5,6,4,4,5,2,3,3,6,3,4,6,2,6,1,6,4,5,2,7,3
3,5,8,9,3,3,8,1,0,3,4,3,2,3,1,2,7,3,1,8,8,2,4,2,2,6,4,3,5,3,1,10,3,3,3,2,9,1,5,2,3,1,4,3,2,2,7,3,4,4,0,4,2,1,5,2,3,6,3,1,2,4,4,2,1,6,4,7,2,2,7,3,2,1,5,5,3,7,2,5,25,7,5,2,2,3,2,8,2,2,5,2,4,4,2,2,5,6,4,2,4,4,5,5,8,0,3,5,6,4,4,5,2,3,3,6,3,4,6,2,6,1,6,4,5,2,7,3
3,5,8,9,3,3,8,1,0,3,4,3,2,3,1,2,7,3,1,8,8,2,4,2,2,6,4,3,5,3,1,10,3,3,3,2,9,1,5,2,3,1,4,3,2,2,7,3,4,4,0,4,2,1,5,2,3,6,3,1,2,4,4,2,1,6,4,7,2,2,7,3,2,1,5,3,6,2,2,25,1,2,2,7,1,1,4,3,1,3,3,6,3,7,1,6,3,5,5,0,3,4,2,4,4,6,2,6,3,3,4,3,2,3,5,2,4,3,3,9,5,5,4,4,2,2,2,5
1,4,2,4,3,10,3,5,2,3,5,0,4,3,4,6,4,4,2,3,38,1,1,2,1,2,1,2,2,4,2,1,1,6,4,1,3,5,5,2,3,1,1,2,4,3,1,4,4,3,2,4,9,4,1,3,5,6,2,3,3,3,2,6,1,1,3,3,1,1,2,5,2,2,4,3,6,2,2,25,1,2,2,7,1,1,4,3,1,3,3,6,3,7,1,6,3,5,5,0,3,4,2,4,4,6,2,6,3,3,4,3,2,3,5,2,4,3,3,9,5,5,4,4,2,2,2,5
1,4,2,4,3,10,3,5,2,3,5,0,4,3,4,6,4,4,2,3,38,1,1,2,1,2,1,2,2,4,2,1,1,6,4,1,3,5,5,2,3,1,1,2,4,3,1,4,4,3,2,4,9,4,1,3,5,6,2,3,3,3,2,6,1,1,3,3,1,1,2,5,2,2,4,10,3,5,3,24,25,0,1,1,3,2,1,1,3,3,3,1,5,6,4,2,3,8,3,3,7,2,4,5,8,3,3,3,4,1,2,7,2,5,1,3,3,7,2,2,2,3,3,2,1,4,5,3
1,7,3,3,4,4,1,1,1,4,6,2,3,6,1,4,2,5,0,3,3,2,5,2,5,2,1,9,3,3,3,1,3,8,2,3,2,3,5,0,5,4,2,5,6,4,5,7,2,4,4,6,1,4,2,3,4,4,1,2,4,2,5,3,4,4,3,2,3,2,6,4,2,5,3,10,3,5,3,24,25,0,1,1,3,2,1,1,3,3,3,1,5,6,4,2,3,8,3,3,7,2,4,5,8,3,3,3,4,1,2,7,2,5,1,3,3,7,2,2,2,3,3,2,1,4,5,3
1,7,3,3,4,4,1,1,1,4,6,2,3,6,1,4,2,5,0,3,3,2,5,2,5,2,1,9,3,3,3,1,3,8,2,3,2,3,5,0,5,4,2,5,6,4,5,7,2,4,4,6,1,4,2,3,4,4,1,2,4,2,5,3,4,4,3,2,3,2,6,4,2,5,3,1,1,2,6,14,1,4,4,4,2,3,4,4,2,4,5,4,1,2,1,2,3,5,5,3,4,5,6,4,4,4,1,4,2,1,2,5,5,4,3,3,4,2,4,2,5,2,0,2,8,5,3,2
4,3,3,5,2,2,5,3,5,1,4,4,2,2,3,4,6,3,3,2,4,2,4,3,5,5,3,1,1,5,6,6,1,3,6,3,3,3,3,4,4,2,9,4,3,6,4,3,4,3,1,5,4,2,1,4,3,4,3,2,1,3,3,5,5,1,3,3,7,1,6,1,4,3,2,1,1,2,6,14,1,4,4,4,2,3,4,4,2,4,5,4,1,2,1,2,3,5,5,3,4,5,6,4,4,4,1,4,2,1,2,5,5,4,3,3,4,2,4,2,5,2,0,2,8,5,3,2
4,3,3,5,2,2,5,3,5,1,4,4,2,2,3,4,6,3,3,2,4,2,4,3,5,5,3,1,1,5,6,6,1,3,6,3,3,3,3,4,4,2,9,4,3,6,4,3,4,3,1,5,4,2,1,4,3,4,3,2,1,3,3,5,5,1,3,3,7,1,6,1,4,3,1,7,2,3,1,1,1,5,2,4,1,2,4,4,2,2,6,1,6,4,6,4,6,4,5,2,5,2,1,5,1,5,1,4,1,3,5,3,2,1,3,1,2,5,0,5,6,5,4,4,3,2,5,4
4,7,4,4,2,4,3,1,4,3,4,3,4,5,0,2,1,1,5,1,2,5,3,5,2,3,4,1,4,1,1,4,3,5,7,3,5,3,1,3,4,3,2,3,2,2,1,1,6,5,0,3,3,2,6,7,3,4,6,5,6,2,2,1,6,5,4,2,1,3,2,3,7,5,4,7,2,3,1,1,1,5,2,4,1,2,4,4,2,2,6,1,6,4,6,4,6,4,5,2,5,2,1,5,1,5,1,4,1,3,5,3,2,1,3,1,2,5,0,5,6,5,4,4,3,2,5,4
4,7,4,4,2,4,3,1,4,3,4,3,4,5,0,2,1,1,5,1,2,5,3,5,2,3,4,1,4,1,1,4,3,5,7,3,5,3,1,3,4,3,2,3,2,2,1,1,6,5,0,3,3,2,6,7,3,4,6,5,6,2,2,1,6,5,4,2,1,3,2,3,7,5,4,1,9,5,1,2,31,5,2,2,2,3,2,3,1,6,3,6,3,3,1,5,4,3,2,3,1,6,3,2,3,1,2,2,2,4,1,10,3,1,3,4,2,2,2,4,2,5,5,6,2,2,2,4
1,7,6,1,5,2,3,9,2,5,1,7,4,3,6,1,8,3,1,2,0,7,2,1,2,8,4,2,6,2,2,3,6,3,4,4,2,5,4,4,3,2,1,1,2,4,3,6,4,1,1,5,5,4,4,4,3,2,0,3,7,5,10,4,7,2,4,4,3,3,3,4,2,3,4,1,9,5,1,2,31,5,2,2,2,3,2,3,1,6,3,6,3,3,1,5,4,3,2,3,1,6,3,2,3,1,2,2,2,4,1,10,3,1,3,4,2,2,2,4,2,5,5,6,2,2,2,4
6,7,6,1,5,2,3,9,2,5,1,7,4,3,6,1,8,3,1,2,0,7,2,1,2,8,4,2,6,2,2,3,6,3,4,4,2,5,4,4,3,2,1,1,2,4,3,6,4,1,1,5,5,4,4,4,3,2,0,3,7,5,10,4,7,2,4,4,3,3,3,4,2,3,1,7,5,2,4,7,7,2,4,3,3,5,3,4,4,2,28,20,3,1,3,3,6,1,2,2,0,3,3,3,3,2,6,1,3,5,4,2,7,4,3,1,8,3,1,4,3,3,4,3,3,6,2,4
6,7,5,2,4,2,6,7,1,1,2,1,3,3,7,8,4,3,2,2,1,3,5,3,5,3,1,2,2,4,2,6,2,2,4,4,1,4,2,3,2,4,6,3,3,5,2,4,3,4,3,5,3,1,5,2,1,3,4,2,3,4,3,5,8,4,1,2,2,3,1,3,4,2,0,7,5,2,4,7,7,2,4,3,3,5,3,4,4,2,28,20,3,1,3,3,6,1,2,2,0,3,3,3,3,2,6,1,3,5,4,2,7,4,3,1,8,3,1,4,3,3,4,3,3,6,2,4
1,7,5,2,4,2,6,7,1,1,2,1,3,3,7,8,4,3,2,2,1,3,5,3,5,3,1,2,2,4,2,6,2,2,4,4,1,4,2,3,2,4,6,3,3,5,2,4,3,4,3,5,3,1,5,2,1,3,4,2,3,4,3,5,8,4,1,2,2,3,1,3,4,2,0,4,5,7,3,5,2,2,1,20,4,2,0,5,3,2,1,2,6,7,3,3,5,2,2,6,6,4,3,1,4,1,5,4,0,4,4,4,2,4,1,1,2,4,3,1,1,3,1,3,3,1,6,5
7,4,1,3,4,4,1,5,5,3,2,2,3,2,2,3,4,4,5,4,3,7,2,1,2,5,2,1,2,3,6,2,1,5,2,2,3,7,5,0,2,3,2,4,2,6,5,2,6,2,2,7,5,3,3,2,4,3,2,1,2,2,2,3,3,5,1,3,1,4,2,5,4,3,4,4,5,7,3,5,2,2,1,20,4,2,0,5,3,2,1,2,6,7,3,3,5,2,2,6,6,4,3,1,4,1,5,4,0,4,4,4,2,4,1,1,2,4,3,1,1,3,1,3,3,1,6,5
7,4,1,3,4,4,1,5,5,3,2,2,3,2,2,3,4,4,5,4,3,7,2,1,2,5,2,1,2,3,6,2,1,5,2,2,3,7,5,0,2,3,2,4,2,6,5,2,6,2,2,7,5,3,3,2,4,3,2,1,2,2,2,3,3,5,1,3,1,4,2,5,4,3,4,1,5,1,4,3,4,4,1,1,1,5,3,6,4,4,2,2,16,4,4,1,3,5,3,5,8,1,4,2,4,2,5,5,2,3,2,7,3,5,5,3,2,3,3,7,5,4,1,5,2,2,3,1
5,0,3,4,5,1,7,5,5,8,3,3,1,3,2,3,3,5,3,3,2,3,1,4,4,6,3,5,2,6,2,2,5,1,3,3,2,3,6,4,6,6,0,4,1,4,3,5,5,0,6,2,7,5,1,3,2,5,7,1,5,3,4,2,2,4,7,3,2,2,2,2,4,2,5,1,5,1,4,3,4,4,1,1,1,5,3,6,4,4,2,2,16,4,4,1,3,5,3,5,8,1,4,2,4,2,5,5,2,3,2,7,3,5,5,3,2,3,3,7,5,4,1,5,2,2,3,1
1,0,3,4,5,1,7,5,5,8,3,3,1,3,2,3,3,5,3,3,2,3,1,4,4,6,3,5,2,6,2,2,5,1,3,3,2,3,6,4,6,6,0,4,1,4,3,5,5,0,6,2,7,5,1,3,2,5,7,1,5,3,4,2,2,4,7,3,2,2,2,2,4,2,5,6,4,1,4,2,1,18,2,3,1,3,3,3,7,3,6,1,4,0,1,4,5,4,5,5,3,5,2,5,1,3,3,4,7,7,4,1,3,5,4,3,2,5,5,5,2,2,6,3,3,4,4,5
7,1,1,4,3,2,3,2,2,5,3,2,5,5,2,5,4,2,3,3,2,5,2,3,4,2,4,7,1,4,1,4,2,7,2,1,4,2,6,3,3,4,4,2,3,9,1,6,3,5,4,5,3,4,6,5,4,4,1,5,3,3,6,8,4,4,2,1,5,7,1,4,4,3,5,6,4,1,4,2,1,18,2,3,1,3,3,3,7,3,6,1,4,0,1,4,5,4,5,5,3,5,2,5,1,3,3,4,7,7,4,1,3,5,4,3,2,5,5,5,2,2,6,3,3,4,4,5
7,1,1,4,3,2,3,2,2,5,3,2,5,5,2,5,4,2,3,3,2,5,2,3,4,2,4,7,1,4,1,4,2,7,2,1,4,2,6,3,3,4,4,2,3,9,1,6,3,5,4,5,3,4,6,5,4,4,1,5,3,3,6,8,4,4,2,1,5,7,1,4,4,3,5,1,1,7,6,6,3,20,15,3,3,3,7,3,5,0,1,2,2,4,2,1,1,3,4,4,1,5,6,2,3,3,2,3,3,2,8,2,4,2,5,5,2,4,6,4,7,2,3,2,1,2,3,4
4,6,7,1,4,2,4,2,3,4,2,1,7,2,2,1,3,4,2,5,4,6,2,1,4,5,4,2,6,1,1,3,2,1,2,1,2,6,2,3,6,1,6,5,3,4,1,1,3,4,2,3,3,6,3,5,5,3,2,7,7,1,4,2,5,3,1,2,5,1,3,5,3,2,5,1,1,7,6,6,3,20,15,3,3,3,7,3,5,0,1,2,2,4,2,1,1,3,4,4,1,5,6,2,3,3,2,3,3,2,8,2,4,2,5,5,2,4,6,4,7,2,3,2,1,2,3,4
4,6,7,1,4,2,4,2,3,4,2,1,7,2,2,1,3,4,2,5,4,6,2,1,4,5,4,2,6,1,1,3,2,1,2,1,2,6,2,3,6,1,6,5,3,4,1,1,3,4,2,3,3,6,3,5,5,3,2,7,7,1,4,2,5,3,1,2,5,1,3,5,3,2,5,1,4,2,4,14,1,2,3,2,2,1,3,5,3,3,6,7,2,3,3,4,2,2,5,2,4,3,3,3,5,4,5,5,4,3,4,6,2,4,4,6,2,4,4,4,2,1,3,3,3,2,3,7
1,5,5,4,4,3,3,4,7,1,4,1,3,5,2,4,11,3,6,1,3,4,3,4,2,5,5,3,3,6,5,2,7,3,1,2,1,4,4,1,4,3,2,2,3,4,1,3,3,4,5,3,3,2,2,4,1,4,4,3,6,1,4,3,6,6,3,3,4,1,6,1,4,4,7,1,4,2,4,14,1,2,3,2,2,1,3,5,3,3,6,7,2,3,3,4,2,2,5,2,4,3,3,3,5,4,5,5,4,3,4,6,2,4,4,6,2,4,4,4,2,1,3,3,3,2,3,7
1,5,5,4,4,3,3,4,7,1,4,1,3,5,2,4,11,3,6,1,3,4,3,4,2,5,5,3,3,6,5,2,7,3,1,2,1,4,4,1,4,3,2,2,3,4,1,3,3,4,5,3,3,2,2,4,1,4,4,3,6,1,4,3,6,6,3,3,4,1,6,1,4,4,7,2,4,3,3,2,6,4,2,18,4,3,1,6,3,0,2,4,4,1,4,2,2,3,2,2,1,7,2,4,6,6,5,3,9,2,4,4,4,2,0,5,4,3,2,3,3,5,2,2,4,4,3,9
2,2,4,2,3,2,3,2,3,1,7,1,4,2,3,6,2,4,1,3,4,4,8,5,7,4,2,2,4,3,4,4,1,4,2,3,6,2,2,2,3,1,3,5,2,2,2,3,1,2,3,3,4,7,1,4,2,0,7,4,3,4,0,2,5,3,3,1,5,4,5,3,2,7,4,2,4,3,3,2,6,4,2,18,4,3,1,6,3,0,2,4,4,1,4,2,2,3,2,2,1,7,2,4,6,6,5,3,9,2,4,4,4,2,0,5,4,3,2,3,3,5,2,2,4,4,3,9
2,2,4,2,3,2,3,2,3,1,7,1,4,2,3,6,2,4,1,3,4,4,8,5,7,4,2,2,4,3,4,4,1,4,2,3,6,2,2,2,3,1,3,5,2,2,2,3,1,2,3,3,4,7,1,4,2,0,7,4,3,4,0,2,5,3,3,1,5,4,5,3,2,7,4,4,3,2,6,10,6,4,1,5,1,2,3,2,4,6,3,3,4,2,6,6,2,4,4,4,3,5,2,8,6,1,6,3,4,2,2,1,4,2,3,3,4,1,5,3,3,4,4,7,5,1,3,3
3,3,3,3,3,3,5,7,1,7,4,1,4,1,4,3,4,7,6,2,1,1,3,3,2,5,3,5,2,2,4,4,1,3,7,6,1,2,2,4,3,0,3,6,2,3,4,2,1,3,4,3,2,3,2,1,1,4,2,3,5,2,4,2,5,4,4,3,8,2,2,4,3,3,3,4,3,2,6,10,6,4,1,5,1,2,3,2,4,6,3,3,4,2,6,6,2,4,4,4,3,5,2,8,6,1,6,3,4,2,2,1,4,2,3,3,4,1,5,3,3,4,4,7,5,1,3,3
3,3,3,3,3,3,5,7,1,7,4,1,4,1,4,3,4,7,6,2,1,1,3,3,2,5,3,5,2,2,4,4,1,3,7,6,1,2,2,4,3,0,3,6,2,3,4,2,1,3,4,3,2,3,2,1,1,4,2,3,5,2,4,2,5,4,4,3,8,2,2,4,3,3,3,4,4,9,5,2,2,6,6,4,6,3,3,5,4,3,3,3,28,8,0,3,6,2,1,8,3,1,2,3,5,2,2,5,3,4,7,1,3,9,6,3,0,2,4,1,5,3,3,6,2,2,2,4
1,6,4,4,1,3,6,2,2,3,6,4,3,7,5,3,2,4,4,5,5,0,2,2,6,2,3,4,3,4,2,5,2,1,3,2,3,2,11,4,3,3,3,3,2,5,5,2,3,6,1,6,3,5,6,2,0,4,3,4,2,3,2,4,3,7,4,2,8,1,4,1,8,4,4,4,4,9,5,2,2,6,6,4,6,3,3,5,4,3,3,3,28,8,0,3,6,2,1,8,3,1,2,3,5,2,2,5,3,4,7,1,3,9,6,3,0,2,4,1,5,3,3,6,2,2,2,4
1,6,4,4,1,3,6,2,2,3,6,4,3,7,5,3,2,4,4,5,5,0,2,2,6,2,3,4,3,4,2,5,2,1,3,2,3,2,11,4,3,3,3,3,2,5,5,2,3,6,1,6,3,5,6,2,0,4,3,4,2,3,2,4,3,7,4,2,8,1,4,1,8,4,4,4,6,2,2,3,1,1,4,2,3,6,1,4,4,8,6,30,2,0,0,2,2,0,4,3,4,3,3,2,4,3,3,4,3,7,3,3,7,5,5,3,2,5,1,5,4,2,4,1,3,1,3,3
5,1,3,2,3,6,4,3,3,4,3,4,3,3,5,4,3,5,3,3,1,5,3,0,1,5,2,4,0,3,2,1,2,4,3,7,2,2,3,2,2,3,6,2,3,3,7,3,1,4,3,3,3,3,3,7,1,2,3,8,8,6,1,8,4,2,1,3,3,3,2,2,2,3,4,3,5,1,1,3,3,1,5,7,16,1,4,7,6,6,3,3,2,6,3,2,1,4,2,4,3,3,2,4,2,3,3,5,7,2,1,2,3,5,3,4,5,3,3,1,5,4,1,1,2,2,2,4
5,1,3,2,3,6,4,3,3,4,3,4,3,3,5,4,3,5,3,3,1,5,3,0,1,5,2,4,0,3,2,1,2,4,3,7,2,2,3,2,2,3,6,2,3,3,7,3,1,4,3,3,3,3,3,7,1,2,3,8,8,6,1,8,4,2,1,3,3,3,2,2,2,3,4,3,2,4,16,4,1,1,3,3,6,3,3,2,6,2,2,10,6,4,5,4,6,1,4,3,2,3,2,2,3,7,3,2,2,4,4,95,70,0,0,0,0,3,4,2,0,0,2,4,7,3,3,1
2,2,9,6,5,4,4,3,3,2,5,1,4,5,1,6,4,3,2,3,4,6,3,2,5,2,2,1,3,4,1,6,3,2,4,2,6,1,3,7,8,5,3,8,4,1,4,5,5,6,3,2,2,1,3,2,3,8,2,3,1,6,3,2,3,4,5,3,3,4,4,6,4,0,2,2,2,4,16,4,1,1,3,3,6,3,3,2,6,2,2,10,6,4,5,4,6,1,4,3,2,3,2,2,3,7,3,2,2,4,4,95,70,0,0,0,0,3,4,2,0,0,2,4,7,3,3,1
2,2,9,6,5,4,4,3,3,2,5,1,4,5,1,6,4,3,2,3,4,6,3,2,5,2,2,1,3,4,1,6,3,2,4,2,6,1,3,7,8,5,3,8,4,1,4,5,5,6,3,2,2,1,3,2,3,8,2,3,1,6,3,2,3,4,5,3,3,4,4,6,4,0,2,2,4,4,3,3,5,3,4,22,7,2,4,0,7,5,0,2,3,4,3,4,1,0,2,2,2,2,2,5,3,6,2,9,2,8,2,3,8,3,2,9,1,8,3,2,2,4,4,2,1,2,4,2
1,3,11,4,1,5,1,6,5,5,2,8,4,0,1,4,2,3,3,5,4,4,3,4,7,3,3,2,6,4,8,7,1,0,5,6,3,3,3,4,6,4,2,2,3,5,5,2,4,5,5,5,3,3,2,3,5,5,4,1,4,3,6,1,2,5,4,2,6,6,0,6,5,2,2,2,4,4,3,3,5,3,4,22,7,2,4,0,7,5,0,2,3,4,3,4,1,0,2,2,2,2,2,5,3,6,2,9,2,8,2,3,8,3,2,9,1,8,3,2,2,4,4,2,1,2,4,2
1,3,11,4,1,5,1,6,5,5,2,8,4,0,1,4,2,3,3,5,4,4,3,4,7,3,3,2,6,4,8,7,1,0,5,6,3,3,3,4,6,4,2,2,3,5,5,2,4,5,5,5,3,3,2,3,5,5,4,1,4,3,6,1,2,5,4,2,6,6,0,6,5,2,2,7,2,2,13,3,2,6,5,6,2,2,2,4,7,2,3,3,4,3,4,2,3,1,7,3,4,5,4,13,4,1,6,5,2,6,3,2,3,3,3,1,4,0,3,7,2,1,2,6,2,1,1,3
4,4,9,1,6,2,3,1,5,5,3,2,3,6,3,2,1,7,5,2,4,4,3,9,1,2,1,2,2,3,1,2,2,2,3,3,1,4,9,3,3,4,2,2,3,5,6,0,7,3,4,5,5,3,3,1,2,1,3,3,5,3,2,2,2,3,5,2,3,5,4,3,2,2,2,7,2,2,13,3,2,6,5,6,2,2,2,4,7,2,3,3,4,3,4,2,3,1,7,3,4,5,4,13,4,1,6,5,2,6,3,2,3,3,3,1,4,0,3,7,2,1,2,6,2,1,1,3
4,4,9,1,6,2,3,1,5,5,3,2,3,6,3,2,1,7,5,2,4,4,3,9,1,2,1,2,2,3,1,2,2,2,3,3,1,4,9,3,3,4,2,2,3,5,6,0,7,3,4,5,5,3,3,1,2,1,3,3,5,3,2,2,2,3,5,2,3,5,4,3,2,2,2,2,3,3,3,2,3,3,4,19,5,2,1,2,7,3,1,4,2,5,1,5,1,4,2,16,4,10,3,3,2,1,2,6,3,2,0,4,2,7,2,3,6,7,0,3,4,3,2,6,6,2,5,2
2,6,3,3,3,5,3,3,2,9,2,2,5,4,1,3,7,3,2,2,4,1,2,4,2,3,2,2,1,2,6,4,2,6,4,2,3,5,1,2,8,4,7,3,2,3,1,2,4,5,4,1,2,4,3,3,4,7,2,9,3,2,1,5,5,5,0,3,8,3,4,1,4,4,3,2,3,3,3,2,3,3,4,19,5,2,1,2,7,3,1,4,2,5,1,5,1,4,2,16,4,10,3,3,2,1,2,6,3,2,0,4,2,7,2,3,6,7,0,3,4,3,2,6,6,2,5,2
2,6,3,3,3,5,3,3,2,9,2,2,5,4,1,3,7,3,2,2,4,1,2,4,2,3,2,2,1,2,6,4,2,6,4,2,3,5,1,2,8,4,7,3,2,3,1,2,4,5,4,1,2,4,3,3,4,7,2,9,3,2,1,5,5,5,0,3,8,3,4,1,4,4,3,2,9,2,5,15,7,1,1,4,6,2,0,4,2,7,3,4,2,10,2,3,3,2,5,2,3,2,2,5,4,1,4,1,5,1,3,3,5,2,4,2,3,3,6,5,1,6,3,5,3,7,3,1
6,4,2,2,2,1,6,2,3,5,5,6,4,3,5,2,3,4,3,6,1,2,4,3,2,4,9,8,5,1,3,5,4,2,9,3,4,2,3,2,4,2,3,4,3,4,3,3,7,2,4,4,5,5,1,3,5,2,3,3,5,3,4,8,1,6,1,2,3,2,4,5,2,4,5,2,9,2,5,15,7,1,1,4,6,2,0,4,2,7,3,4,2,10,2,3,3,2,5,2,3,2,2,5,4,1,4,1,5,1,3,3,5,2,4,2,3,3,6,5,1,6,3,5,3,7,3,1
6,4,2,2,2,1,6,2,3,5,5,6,4,3,5,2,3,4,3,6,1,2,4,3,2,4,9,8,5,1,3,5,4,2,9,3,4,2,3,2,4,2,3,4,3,4,3,3,7,2,4,4,5,5,1,3,5,2,3,3,5,3,4,8,1,6,1,2,3,2,4,5,2,4,5,3,4,2,5,13,7,2,8,4,3,4,1,3,3,2,2,3,2,3,5,5,1,1,4,3,3,3,3,5,2,4,3,5,2,1,3,7,1,3,3,5,0,4,4,3,3,2,3,6,1,5,3,2
6,3,5,4,1,6,2,2,2,2,5,5,4,2,4,5,2,3,2,2,4,1,6,6,2,4,4,3,3,2,3,5,2,3,3,1,4,4,4,5,1,4,7,4,2,3,4,3,4,2,1,2,3,2,4,3,5,7,5,5,6,4,6,3,4,4,2,7,6,6,4,1,4,2,3,3,4,2,5,13,7,2,8,4,3,4,1,3,3,2,2,3,2,3,5,5,1,1,4,3,3,3,3,5,2,4,3,5,2,1,3,7,1,3,3,5,0,4,4,3,3,2,3,6,1,5,3,2
6,3,5,4,1,6,2,2,2,2,5,5,4,2,4,5,2,3,2,2,4,1,6,6,2,4,4,3,3,2,3,5,2,3,3,1,4,4,4,5,1,4,7,4,2,3,4,3,4,2,1,2,3,2,4,3,5,7,5,5,6,4,6,3,4,4,2,7,6,6,4,1,4,2,3,3,2,4,2,4,4,2,5,17,1,3,2,4,3,2,2,4,1,5,2,3,3,4,1,3,3,1,3,3,3,2,3,2,5,10,4,2,2,3,2,1,5,2,4,3,2,3,1,4,2,3,4,3
2,2,2,3,2,9,2,2,5,1,4,4,5,2,4,4,2,6,3,9,1,2,8,3,3,5,3,3,3,2,5,3,2,2,7,2,1,5,2,3,2,2,3,5,8,4,1,6,1,2,4,2,4,3,2,4,4,2,2,3,2,4,5,7,6,4,3,1,1,2,2,3,5,2,3,3,2,4,2,4,4,2,5,17,1,3,2,4,3,2,2,4,1,5,2,3,3,4,1,3,3,1,3,3,3,2,3,2,5,10,4,2,2,3,2,1,5,2,4,3,2,3,1,4,2,3,4,3
5,2,2,3,2,9,2,2,5,1,4,4,5,2,4,4,2,6,3,9,1,2,8,3,3,5,3,3,3,2,5,3,2,2,7,2,1,5,2,3,2,2,3,5,8,4,1,6,1,2,4,2,4,3,2,4,4,2,2,3,2,4,5,7,6,4,3,1,1,2,2,3,5,2,3,3,3,5,2,6,3,21,1,1,3,1,2,2,3,4,2,3,4,3,2,3,4,4,3,8,5,4,4,1,4,3,3,2,3,3,5,2,5,4,5,5,5,4,6,2,1,3,6,3,2,0,4,2
5,4,7,2,2,5,2,1,3,5,3,1,3,2,2,2,5,3,3,2,2,8,2,3,5,6,4,2,2,2,3,4,5,2,2,1,17,44,0,0,2,4,1,4,6,5,4,3,4,3,1,6,1,2,2,3,3,8,8,3,2,6,4,2,2,4,2,7,5,2,5,1,5,2,2,3,3,5,2,6,3,21,1,1,3,1,2,2,3,4,2,3,4,3,2,3,4,4,3,8,5,4,4,1,4,3,3,2,3,3,5,2,5,4,5,5,5,4,6,2,1,3,6,3,2,0,4,2
5,4,7,2,2,5,2,1,3,5,3,1,3,2,2,2,5,3,3,2,2,8,2,3,5,6,4,2,2,2,3,4,5,2,2,1,17,44,0,0,2,4,1,4,6,5,4,3,4,3,1,6,1,2,2,3,3,8,8,3,2,6,4,2,2,4,2,7,5,2,5,1,5,2,2,4,1,3,19,2,3,4,2,2,1,4,5,4,2,2,6,3,7,5,1,2,4,3,5,4,4,3,2,3,5,3,2,0,2,1,4,3,1,3,0,2,4,2,3,5,3,4,3,3,3,7,4,3
6,3,2,2,9,8,1,5,2,1,5,2,4,0,3,4,3,7,0,5,4,3,4,1,2,2,1,3,5,4,3,4,1,4,4,1,2,9,2,1,7,0,3,3,3,4,5,2,4,4,6,4,4,0,3,5,2,3,5,4,4,2,2,4,6,1,4,4,5,3,2,3,6,2,2,4,1,3,19,2,3,4,2,2,1,4,5,4,2,2,6,3,7,5,1,2,4,3,5,4,4,3,2,3,5,3,2,0,2,1,4,3,1,3,0,2,4,2,3,5,3,4,3,3,3,7,4,3
6,3,2,2,9,8,1,5,2,1,5,2,4,0,3,4,3,7,0,5,4,3,4,1,2,2,1,3,5,4,3,4,1,4,4,1,2,9,2,1,7,0,3,3,3,4,5,2,4,4,6,4,4,0,3,5,2,3,5,4,4,2,2,4,6,1,4,4,5,3,2,3,6,2,2,1,2,5,3,19,1,1,5,5,5,3,3,4,3,5,2,4,1,4,2,2,6,3,3,3,4,6,1,2,2,2,6,3,3,3,3,4,4,3,6,2,4,3,6,5,5,1,5,7,0,1,4,4
2,3,2,5,4,4,3,4,4,2,5,3,4,5,7,7,6,5,4,1,6,2,3,3,1,3,4,3,5,2,4,3,1,5,4,5,4,5,2,1,3,5,1,3,2,7,2,2,3,4,3,5,3,1,2,2,1,6,7,2,2,4,8,4,1,4,1,1,2,5,6,2,7,3,2,1,2,5,3,19,1,1,5,5,5,3,3,4,3,5,2,4,1,4,2,2,6,3,3,3,4,6,1,2,2,2,6,3,3,3,3,4,4,3,6,2,4,3,6,5,5,1,5,7,0,1,4,4
2,3,2,5,4,4,3,4,4,2,5,3,4,5,7,7,6,5,4,1,6,2,3,3,1,3,4,3,5,2,4,3,1,5,4,5,4,5,2,1,3,5,1,3,2,7,2,2,3,4,3,5,3,1,2,2,1,6,7,2,2,4,8,4,1,4,1,1,2,5,6,2,7,3,2,6,4,3,3,2,13,4,3,2,3,4,4,2,6,1,4,8,7,7,4,3,2,2,3,3,2,7,5,2,4,1,10,2,1,4,3,3,4,3,6,4,4,3,3,4,1,0,3,4,3,2,4,6
1,3,6,9,3,3,2,2,7,2,2,2,3,3,4,2,4,4,3,3,2,4,4,3,5,5,2,5,3,1,1,3,4,4,2,2,2,3,3,3,6,2,2,3,3,2,7,3,4,5,3,3,2,4,5,1,3,1,2,3,4,1,5,8,1,2,3,6,0,2,4,6,3,10,2,6,4,3,3,2,13,4,3,2,3,4,4,2,6,1,4,8,7,7,4,3,2,2,3,3,2,7,5,2,4,1,10,2,1,4,3,3,4,3,6,4,4,3,3,4,1,0,3,4,3,2,4,6
5,3,6,9,3,3,2,2,7,2,2,2,3,3,4,2,4,4,3,3,2,4,4,3,5,5,2,5,3,1,1,3,4,4,2,2,2,3,3,3,6,2,2,3,3,2,7,3,4,5,3,3,2,4,5,1,3,1,2,3,4,1,5,8,1,2,3,6,0,2,4,6,3,10,2,1,1,4,2,5,4,36,14,4,3,2,1,2,1,1,2,3,1,4,6,6,3,0,2,3,2,3,8,4,1,4,1,3,4,5,0,8,0,2,3,1,2,3,3,3,2,4,3,5,11,4,6,3
5,4,4,2,5,4,1,4,3,3,2,3,4,3,2,4,4,4,4,2,6,5,2,6,3,0,6,4,3,6,1,5,2,3,1,4,3,2,2,5,4,5,4,4,1,1,4,5,3,3,4,4,2,4,8,1,4,2,3,2,2,2,3,4,1,1,2,3,10,2,2,0,4,5,2,1,1,4,2,5,4,36,14,4,3,2,1,2,1,1,2,3,1,4,6,6,3,0,2,3,2,3,8,4,1,4,1,3,4,5,0,8,0,2,3,1,2,3,3,3,2,4,3,5,11,4,6,3
4,4,4,2,5,4,1,4,3,3,2,3,4,3,2,4,4,4,4,2,6,5,2,6,3,0,6,4,3,6,1,5,2,3,1,4,3,2,2,5,4,5,4,4,1,1,4,5,3,3,4,4,2,4,8,1,4,2,3,2,2,2,3,4,1,1,2,3,10,2,2,0,4,5,2,5,4,4,3,12,3,5,2,4,4,2,5,4,2,4,4,9,2,4,3,3,5,2,4,1,3,1,4,4,4,2,5,2,2,1,0,3,1,4,4,7,3,2,3,4,2,5,3,2,7,3,2,4
2,2,4,2,1,6,3,5,2,5,4,3,1,6,4,4,2,3,3,2,3,9,4,2,4,2,5,3,2,4,9,1,8,3,3,2,4,3,3,5,5,7,4,1,2,6,4,5,5,2,3,1,5,2,8,3,1,4,1,5,6,3,4,1,8,7,2,1,3,0,2,4,4,3,2,5,4,4,3,12,3,5,2,4,4,2,5,4,2,4,4,9,2,4,3,3,5,2,4,1,3,1,4,4,4,2,5,2,2,1,0,3,1,4,4,7,3,2,3,4,2,5,3,2,7,3,2,4
2,2,4,2,1,6,3,5,2,5,4,3,1,6,4,4,2,3,3,2,3,9,4,2,4,2,5,3,2,4,9,1,8,3,3,2,4,3,3,5,5,7,4,1,2,6,4,5,5,2,3,1,5,2,8,3,1,4,1,5,6,3,4,1,8,7,2,1,3,0,2,4,4,3,2,6,6,2,4,6,9,4,4,2,5,3,1,1,16,6,3,2,2,2,4,2,3,2,2,2,2,4,5,5,3,1,3,4,1,8,4,7,2,6,5,2,7,6,4,3,2,1,5,1,2,2,4,10
2,2,2,4,5,3,6,1,5,7,3,2,7,2,2,3,2,1,3,6,4,7,4,2,8,6,1,3,3,5,1,6,1,1,2,5,4,5,5,2,6,7,8,2,4,2,3,2,7,5,4,1,4,2,1,4,2,2,3,3,6,3,5,3,6,2,3,5,5,5,2,2,4,5,4,6,6,2,4,6,9,4,4,2,5,3,1,1,16,6,3,2,2,2,4,2,3,2,2,2,2,4,5,5,3,1,3,4,1,8,4,7,2,6,5,2,7,6,4,3,2,1,5,1,2,2,4,10
3,2,2,4,5,3,6,1,5,7,3,2,7,2,2,3,2,1,3,6,4,7,4,2,8,6,1,3,3,5,1,6,1,1,2,5,4,5,5,2,6,7,8,2,4,2,3,2,7,5,4,1,4,2,1,4,2,2,3,3,6,3,5,3,6,2,3,5,5,5,2,2,4,5,4,4,4,9,2,18,3,5,3,4,3,6,1,4,3,5,0,5,8,2,5,7,2,1,2,7,5,1,2,3,4,4,1,6,3,1,1,9,3,4,3,3,3,6,3,5,3,1,2,2,4,4,4,4
5,2,3,3,4,1,4,4,3,1,4,3,2,5,4,9,2,4,2,2,0,5,5,3,6,2,0,3,3,3,3,1,2,6,8,3,3,3,2,4,2,2,3,2,3,2,1,4,7,1,3,4,5,4,2,3,0,1,3,7,1,2,4,4,4,3,3,2,2,5,7,3,3,1,2,4,4,9,2,18,3,5,3,4,3,6,1,4,3,5,0,5,8,2,5,7,2,1,2,7,5,1,2,3,4,4,1,6,3,1,1,9,3,4,3,3,3,6,3,5,3,1,2,2,4,4,4,4
5,2,3,3,4,1,4,4,3,1,4,3,2,5,4,9,2,4,2,2,0,5,5,3,6,2,0,3,3,3,3,1,2,6,8,3,3,3,2,4,2,2,3,2,3,2,1,4,7,1,3,4,5,4,2,3,0,1,3,7,1,2,4,4,4,3,3,2,2,5,7,3,3,1,2,2,7,3,2,21,5,3,5,4,5,8,4,2,2,6,4,3,2,7,1,2,4,2,3,3,4,3,3,3,3,3,2,4,5,2,2,5,4,1,7,2,6,2,4,2,3,2,2,1,2,7,3,2
3,3,3,5,3,3,6,3,2,5,3,3,4,2,6,5,6,4,4,2,4,6,4,3,4,0,5,4,4,1,2,6,4,2,1,3,2,4,7,4,8,6,2,8,2,2,1,2,3,4,3,5,2,2,2,1,4,0,9,2,5,3,2,4,2,1,4,1,2,3,7,3,5,4,1,2,7,3,2,21,5,3,5,4,5,8,4,2,2,6,4,3,2,7,1,2,4,2,3,3,4,3,3,3,3,3,2,4,5,2,2,5,4,1,7,2,6,2,4,2,3,2,2,1,2,7,3,2
3,3,3,5,3,3,6,3,2,5,3,3,4,2,6,5,6,4,4,2,4,6,4,3,4,0,5,4,4,1,2,6,4,2,1,3,2,4,7,4,8,6,2,8,2,2,1,2,3,4,3,5,2,2,2,1,4,0,9,2,5,3,2,4,2,1,4,1,2,3,7,3,5,4,1,2,6,5,3,13,2,1,6,5,6,5,4,1,9,3,3,3,3,7,1,3,3,0,5,2,4,8,4,7,6,6,2,3,1,1,4,2,2,4,5,3,4,2,3,2,1,9,5,3,2,4,3,4
9,3,2,3,5,5,3,3,3,3,0,10,3,3,4,4,2,4,3,4,6,3,3,5,7,2,6,3,2,2,2,6,4,2,5,2,4,5,3,4,2,1,4,1,4,1,6,3,7,2,2,5,5,2,4,3,5,5,5,3,11,7,1,3,0,2,4,5,3,4,6,3,1,2,5,2,6,5,3,13,2,1,6,5,6,5,4,1,9,3,3,3,3,7,1,3,3,0,5,2,4,8,4,7,6,6,2,3,1,1,4,2,2,4,5,3,4,2,3,2,1,9,5,3,2,4,3,4
9,3,2,3,5,5,3,3,3,3,0,10,3,3,4,4,2,4,3,4,6,3,3,5,7,2,6,3,2,2,2,6,4,2,5,2,4,5,3,4,2,1,4,1,4,1,6,3,7,2,2,5,5,2,4,3,5,5,5,3,11,7,1,3,0,2,4,5,3,4,6,3,1,2,5,3,1,4,5,12,2,2,3,7,4,1,3,2,2,1,6,3,4,5,6,2,4,2,4,2,1,3,1,3,2,3,6,3,4,3,2,4,3,4,4,6,3,4,4,2,3,2,4,2,3,2,1,3
3,7,2,3,1,5,0,3,4,4,1,4,5,4,3,1,3,2,1,3,9,3,8,1,2,3,2,4,5,1,2,2,2,2,3,4,3,5,2,4,7,2,4,2,2,2,4,6,3,1,3,2,1,4,2,2,5,1,3,1,3,3,3,3,5,2,3,2,2,1,3,3,3,2,9,3,1,4,5,12,2,2,3,7,4,1,3,2,2,1,6,3,4,5,6,2,4,2,4,2,1,3,1,3,2,3,6,3,4,3,2,4,3,4,4,6,3,4,4,2,3,2,4,2,3,2,1,3
1,7,2,3,1,5,0,3,4,4,1,4,5,4,3,1,3,2,1,3,9,3,8,1,2,3,2,4,5,1,2,2,2,2,3,4,3,5,2,4,7,2,4,2,2,2,4,6,3,1,3,2,1,4,2,2,5,1,3,1,3,3,3,3,5,2,3,2,2,1,3,3,3,2,9,2,5,4,5,4,1,11,3,2,2,1,1,5,9,3,1,5,9,1,2,5,5,3,1,3,2,6,8,5,2,4,2,6,6,5,1,3,1,3,5,6,0,8,3,3,3,3,2,5,3,4,2,8
4,3,3,3,4,2,3,4,3,3,4,5,2,4,5,1,1,4,3,5,3,3,2,3,5,4,3,3,1,2,3,1,3,1,0,1,3,2,3,5,5,2,0,3,3,3,1,4,3,3,3,3,7,1,5,6,3,2,2,2,1,3,2,7,4,3,5,3,4,3,1,3,4,4,6,2,5,4,5,4,1,11,3,2,2,1,1,5,9,3,1,5,9,1,2,5,5,3,1,3,2,6,8,5,2,4,2,6,6,5,1,3,1,3,5,6,0,8,3,3,3,3,2,5,3,4,2,8
4,3,3,3,4,2,3,4,3,3,4,5,2,4,5,1,1,4,3,5,3,3,2,3,5,4,3,3,1,2,3,1,3,1,0,1,3,2,3,5,5,2,0,3,3,3,1,4,3,3,3,3,7,1,5,6,3,2,2,2,1,3,2,7,4,3,5,3,4,3,1,3,4,4,6,1,3,3,11,2,3,3,2,2,4,2,3,2,3,2,2,3,3,3,1,6,2,5,1,3,3,4,3,3,4,1,5,6,2,3,4,3,2,2,6,3,7,3,7,2,3,2,3,1,3,2,3,1
2,5,2,2,2,4,3,4,3,5,2,5,5,2,4,4,1,5,6,4,6,3,9,3,6,6,2,4,3,4,5,1,6,3,5,3,2,2,3,4,7,3,3,8,4,1,1,1,5,1,1,2,5,6,2,2,1,2,2,2,6,4,3,2,2,13,2,5,4,1,3,1,4,5,3,1,3,3,11,2,3,3,2,2,4,2,3,2,3,2,2,3,3,3,1,6,2,5,1,3,3,4,3,3,4,1,5,6,2,3,4,3,2,2,6,3,7,3,7,2,3,2,3,1,3,2,3,1
2,5,2,2,2,4,3,4,3,5,2,5,5,2,4,4,1,5,6,4,6,3,9,3,6,6,2,4,3,4,5,1,6,3,5,3,2,2,3,4,7,3,3,8,4,1,1,1,5,1,1,2,5,6,2,2,1,2,2,2,6,4,3,2,2,13,2,5,4,1,3,1,4,5,3,6,2,4,8,6,1,1,1,23,0,1,2,0,3,3,4,5,1,4,3,2,3,2,1,2,1,4,4,4,3,1,3,5,2,5,4,2,2,4,4,3,3,4,3,3,4,2,3,2,5,8,6,4
1,1,4,4,3,8,6,4,1,3,4,4,2,4,5,3,5,3,2,5,6,2,1,2,10,5,5,3,2,3,5,2,3,3,2,1,4,2,4,1,3,0,2,1,4,4,3,4,3,2,3,3,4,4,1,2,5,2,2,3,5,2,2,7,4,2,8,2,3,6,4,7,1,7,4,6,2,4,8,6,1,1,1,23,0,1,2,0,3,3,4,5,1,4,3,2,3,2,1,2,1,4,4,4,3,1,3,5,2,5,4,2,2,4,4,3,3,4,3,3,4,2,3,2,5,8,6,4
1,1,4,4,3,8,6,4,1,3,4,4,2,4,5,3,5,3,2,5,6,2,1,2,10,5,5,3,2,3,5,2,3,3,2,1,4,2,4,1,3,0,2,1,4,4,3,4,3,2,3,3,4,4,1,2,5,2,2,3,5,2,2,7,4,2,8,2,3,6,4,7,1,7,4,2,3,4,2,2,6,4,1,5,5,4,3,2,8,2,5,5,2,2,2,2,4,4,5,4,5,1,2,4,1,2,6,1,8,2,4,5,1,4,1,2,4,6,5,2,2,1,8,4,7,3,3,5
3,1,3,7,3,1,2,3,3,5,5,1,1,2,2,6,2,4,2,4,6,3,2,4,3,3,3,2,3,7,1,5,2,2,3,4,6,5,3,3,4,5,3,3,6,2,5,4,5,2,3,2,3,3,7,3,1,5,5,0,6,4,2,5,4,4,5,2,3,2,1,7,5,4,1,2,3,4,2,2,6,4,1,5,5,4,3,2,8,2,5,5,2,2,2,2,4,4,5,4,5,1,2,4,1,2,6,1,8,2,4,5,1,4,1,2,4,6,5,2,2,1,8,4,7,3,3,5
3,1,3,7,3,1,2,3,3,5,5,1,1,2,2,6,2,4,2,4,6,3,2,4,3,3,3,2,3,7,1,5,2,2,3,4,6,5,3,3,4,5,3,3,6,2,5,4,5,2,3,2,3,3,7,3,1,5,5,0,6,4,2,5,4,4,5,2,3,2,1,7,5,4,1,4,3,8,2,5,2,2,4,23,0,4,3,9,5,3,4,1,1,1,11,1,0,2,2,1,3,4,8,4,2,5,7,4,5,4,4,2,3,4,3,0,4,6,5,2,3,4,2,4,4,3,1,6
3,2,2,1,3,5,2,1,3,2,5,6,3,4,5,4,4,3,3,4,3,1,5,2,5,2,2,6,4,4,2,6,3,3,7,4,8,3,1,4,3,3,4,2,4,5,3,1,7,2,5,3,7,3,3,1,5,6,4,2,4,2,2,1,3,3,4,4,2,2,4,5,3,3,5,4,3,8,2,5,2,2,4,23,0,4,3,9,5,3,4,1,1,1,11,1,0,2,2,1,3,4,8,4,2,5,7,4,5,4,4,2,3,4,3,0,4,6,5,2,3,4,2,4,4,3,1,6
3,2,2,1,3,5,2,1,3,2,5,6,3,4,5,4,4,3,3,4,3,1,5,2,5,2,2,6,4,4,2,6,3,3,7,4,8,3,1,4,3,3,4,2,4,5,3,1,7,2,5,3,7,3,3,1,5,6,4,2,4,2,2,1,3,3,4,4,2,2,4,5,3,3,5,1,4,5,3,25,2,3,3,2,1,4,2,1,2,2,7,5,2,2,4,2,2,3,3,6,6,1,3,2,3,2,1,5,4,3,2,2,3,8,3,1,2,1,3,6,4,3,3,2,6,4,1,1
2,5,3,2,2,5,3,2,3,3,4,5,3,4,2,3,5,2,2,2,3,4,4,3,2,4,3,4,5,5,2,3,2,2,3,1,3,4,0,5,4,3,5,3,4,4,5,2,5,3,2,8,3,3,1,1,5,1,3,2,1,5,2,2,1,8,3,2,3,5,3,4,5,4,1,1,4,5,3,25,2,3,3,2,1,4,2,1,2,2,7,5,2,2,4,2,2,3,3,6,6,1,3,2,3,2,1,5,4,3,2,2,3,8,3,1,2,1,3,6,4,3,3,2,6,4,1,1
2,5,3,2,2,5,3,2,3,3,4,5,3,4,2,3,5,2,2,2,3,4,4,3,2,4,3,4,5,5,2,3,2,2,3,1,3,4,0,5,4,3,5,3,4,4,5,2,5,3,2,8,3,3,1,1,5,1,3,2,1,5,2,2,1,8,3,2,3,5,3,4,5,4,1,2,1,3,2,2,2,2,3,3,7,3,24,4,2,3,2,5,1,10,4,1,2,3,4,5,6,3,5,2,1,5,3,4,3,2,8,2,2,7,2,3,8,6,2,4,3,3,6,7,2,2,5,5
2,3,2,1,4,4,6,4,8,4,3,1,2,3,4,2,4,2,5,4,2,1,5,4,3,5,2,8,2,2,0,4,6,1,6,6,4,3,5,3,2,1,1,5,3,4,2,2,1,4,5,4,1,4,3,4,2,5,6,2,3,6,2,1,2,6,2,2,4,3,5,2,5,5,2,2,1,3,2,2,2,2,3,3,7,3,24,4,2,3,2,5,1,10,4,1,2,3,4,5,6,3,5,2,1,5,3,4,3,2,8,2,2,7,2,3,8,6,2,4,3,3,6,7,2,2,5,5
2,3,2,1,4,4,6,4,8,4,3,1,2,3,4,2,4,2,5,4,2,1,5,4,3,5,2,8,2,2,0,4,6,1,6,6,4,3,5,3,2,1,1,5,3,4,2,2,1,4,5,4,1,4,3,4,2,5,6,2,3,6,2,1,2,6,2,2,4,3,5,2,5,5,2,2,3,4,6,5,3,2,1,2,3,3,6,6,3,2,5,2,4,3,2,4,1,4,3,4,3,6,3,3,4,6,3,4,3,4,3,1,2,2,5,3,4,2,1,2,3,8,6,9,6,2,2,4
1,1,3,2,2,6,2,1,7,3,4,2,4,4,3,5,2,2,4,2,4,5,4,5,3,1,3,0,1,3,3,3,3,4,4,2,3,3,5,3,1,3,5,3,1,1,5,2,2,2,4,3,3,4,5,7,6,1,3,1,4,2,5,4,10,1,1,2,3,4,0,3,5,4,2,2,3,4,6,5,3,2,1,2,3,3,6,6,3,2,5,2,4,3,2,4,1,4,3,4,3,6,3,3,4,6,3,4,3,4,3,1,2,2,5,3,4,2,1,2,3,8,6,9,6,2,2,4
1,1,3,2,2,6,2,1,7,3,4,2,4,4,3,5,2,2,4,2,4,5,4,5,3,1,3,0,1,3,3,3,3,4,4,2,3,3,5,3,1,3,5,3,1,1,5,2,2,2,4,3,3,4,5,7,6,1,3,1,4,2,5,4,10,1,1,2,3,4,0,3,5,4,2,5,3,6,5,2,13,1,0,2,3,4,6,5,4,3,2,1,3,2,6,3,2,6,5,5,2,3,1,4,3,4,3,5,2,3,3,3,3,5,2,3,4,3,5,3,2,2,2,5,3,9,4,5
4,3,3,2,2,6,2,7,4,2,4,4,5,7,7,2,1,1,2,2,4,4,5,8,1,3,3,3,4,6,7,2,3,3,3,3,5,1,5,2,4,3,5,1,8,1,11,3,3,2,2,1,4,5,3,4,4,4,2,4,3,2,6,4,0,5,4,4,5,2,7,6,2,5,2,5,3,6,5,2,13,1,0,2,3,4,6,5,4,3,2,1,3,2,6,3,2,6,5,5,2,3,1,4,3,4,3,5,2,3,3,3,3,5,2,3,4,3,5,3,2,2,2,5,3,9,4,5
4,3,3,2,2,6,2,7,4,2,4,4,5,7,7,2,1,1,2,2,4,4,5,8,1,3,3,3,4,6,7,2,3,3,3,3,5,1,5,2,4,3,5,1,8,1,11,3,3,2,2,1,4,5,3,4,4,4,2,4,3,2,6,4,0,5,4,4,5,2,7,6,2,5,2,3,2,2,3,3,2,3,5,3,26,1,2,3,6,0,3,1,3,5,4,0,6,3,2,6,4,4,4,3,7,3,6,2,2,3,7,1,2,1,1,3,3,4,4,4,3,4,1,2,2,2,2,2
3,3,5,2,2,5,4,2,1,6,2,2,4,9,3,7,2,4,2,5,5,5,5,1,4,3,3,4,6,8,1,7,2,1,1,7,3,3,4,2,3,2,2,4,1,3,2,1,7,2,6,3,2,3,7,1,3,2,6,1,6,3,1,2,2,6,3,4,8,3,5,4,2,2,3,3,2,2,3,3,2,3,5,3,26,1,2,3,6,0,3,1,3,5,4,0,6,3,2,6,4,4,4,3,7,3,6,2,2,3,7,1,2,1,1,3,3,4,4,4,3,4,1,2,2,2,2,2
3,3,5,2,2,5,4,2,1,6,2,2,4,9,3,7,2,4,2,5,5,5,5,1,4,3,3,4,6,8,1,7,2,1,1,7,3,3,4,2,3,2,2,4,1,3,2,1,7,2,6,3,2,3,7,1,3,2,6,1,6,3,1,2,2,6,3,4,8,3,5,4,2,2,3,6,2,2,13,3,3,3,4,6,3,4,2,8,2,5,4,2,4,2,9,4,6,2,5,2,6,8,0,3,2,10,1,3,1,6,2,4,2,3,2,4,1,4,3,3,4,1,4,3,8,3,1,6
4,3,7,5,6,4,5,5,3,3,7,3,3,3,3,5,1,5,3,2,3,3,5,3,3,3,3,4,2,4,6,4,3,6,4,6,2,3,9,3,1,7,4,3,5,2,1,3,3,5,3,4,4,5,5,0,2,2,4,6,6,1,2,2,3,2,3,3,3,3,2,2,3,1,3,6,2,2,13,3,3,3,4,6,3,4,2,8,2,5,4,2,4,2,9,4,6,2,5,2,6,8,0,3,2,10,1,3,1,6,2,4,2,3,2,4,1,4,3,3,4,1,4,3,8,3,1,6
4,3,7,5,6,4,5,5,3,3,7,3,3,3,3,5,1,5,3,2,3,3,5,3,3,3,3,4,2,4,6,4,3,6,4,6,2,3,9,3,1,7,4,3,5,2,1,3,3,5,3,4,4,5,5,0,2,2,4,6,6,1,2,2,3,2,3,3,3,3,2,2,3,1,3,4,2,4,7,7,2,6,24,7,3,0,1,4,2,3,8,4,1,3,2,3,0,4,1,2,2,6,7,6,5,2,2,2,2,6,3,4,0,4,2,4,5,4,3,4,2,5,2,2,3,8,3,7
4,4,5,1,3,4,1,5,4,6,2,8,4,6,2,2,4,3,3,3,2,6,2,2,2,4,7,6,0,3,8,2,4,2,3,6,5,8,2,2,2,2,6,4,5,3,2,4,2,1,4,4,5,3,2,1,4,2,8,3,3,5,1,1,1,5,8,5,1,2,5,5,4,3,3,2,3,6,4,6,13,2,2,4,2,4,3,1,7,2,2,2,3,4,1,2,3,8,4,2,2,2,2,2,11,3,6,2,7,5,1,1,4,6,5,4,1,5,3,6,2,3,3,7,4,5,5,2
4,4,5,1,3,4,1,5,4,6,2,8,4,6,2,2,4,3,3,3,2,6,2,2,2,4,7,6,0,3,8,2,4,2,3,6,5,8,2,2,2,2,6,4,5,3,2,4,2,1,4,4,5,3,2,1,4,2,8,3,3,5,1,1,1,5,8,5,1,2,5,5,4,3,1,2,4,2,6,5,4,5,6,1,4,5,10,1,4,4,5,4,33,20,0,2,9,3,2,4,5,5,5,2,9,2,2,2,2,5,4,5,4,4,3,5,4,3,4,1,1,2,1,3,2,2,5,8
2,3,3,5,1,1,2,6,2,2,3,3,2,2,2,6,4,2,7,4,2,3,9,1,1,1,2,4,5,3,3,3,2,3,4,6,1,5,4,7,2,1,4,3,1,2,1,6,2,3,2,3,1,2,4,2,6,8,2,3,3,6,7,5,4,3,1,3,4,3,3,3,2,4,3,2,4,2,6,5,4,5,6,1,4,5,10,1,4,4,5,4,33,20,0,2,9,3,2,4,5,5,5,2,9,2,2,2,2,5,4,5,4,4,3,5,4,3,4,1,1,2,1,3,2,2,5,8
2,3,3,5,1,1,2,6,2,2,3,3,2,2,2,6,4,2,7,4,2,3,9,1,1,1,2,4,5,3,3,3,2,3,4,6,1,5,4,7,2,1,4,3,1,2,1,6,2,3,2,3,1,2,4,2,6,8,2,3,3,6,7,5,4,3,1,3,4,3,3,3,2,4,3,2,4,2,3,6,3,6,2,2,1,3,1,3,4,2,3,5,3,3,4,1,1,2,3,3,2,2,5,1,1,8,6,3,4,8,2,3,2,5,3,7,6,2,0,7,9,3,5,3,2,2,2,1
1,2,2,2,1,3,3,3,3,2,3,1,6,1,3,5,8,2,4,8,5,2,4,5,2,5,4,2,3,3,3,9,2,2,3,5,3,1,3,1,2,6,4,2,4,2,4,2,4,1,5,4,5,6,2,3,3,2,2,2,5,3,4,9,3,0,4,2,2,7,5,1,2,2,5,2,4,2,3,6,3,6,2,2,1,3,1,3,4,2,3,5,3,3,4,1,1,2,3,3,2,2,5,1,1,8,6,3,4,8,2,3,2,5,3,7,6,2,0,7,9,3,5,3,2,2,2,1
2,2,2,2,1,3,3,3,3,2,3,1,6,1,3,5,8,2,4,8,5,2,4,5,2,5,4,2,3,3,3,9,2,2,3,5,3,1,3,1,2,6,4,2,4,2,4,2,4,1,5,4,5,6,2,3,3,2,2,2,5,3,4,9,3,0,4,2,2,7,5,1,2,2,5,4,3,2,3,4,6,16,2,2,1,3,2,7,4,2,1,8,5,2,6,4,2,2,2,4,5,2,5,2,2,3,3,7,7,3,0,2,3,3,1,3,3,2,5,2,1,3,4,2,3,4,2,3
2,3,1,6,2,4,7,8,3,2,5,3,1,2,2,1,7,2,4,6,4,3,3,4,1,6,3,5,8,2,2,7,5,0,5,3,1,4,5,2,3,1,7,6,3,6,3,2,1,3,4,8,5,4,6,2,3,2,2,5,3,3,2,8,6,2,1,2,4,3,4,4,8,6,2,4,3,2,3,4,6,16,2,2,1,3,2,7,4,2,1,8,5,2,6,4,2,2,2,4,5,2,5,2,2,3,3,7,7,3,0,2,3,3,1,3,3,2,5,2,1,3,4,2,3,4,2,3
2,3,1,6,2,4,7,8,3,2,5,3,1,2,2,1,7,2,4,6,4,3,3,4,1,6,3,5,8,2,2,7,5,0,5,3,1,4,5,2,3,1,7,6,3,6,3,2,1,3,4,8,5,4,6,2,3,2,2,5,3,3,2,8,6,2,1,2,4,3,4,4,8,6,2,1,3,3,19,12,4,4,5,3,5,4,2,4,2,3,3,2,3,5,3,2,2,3,3,5,4,4,3,4,2,5,6,3,1,4,5,6,3,7,1,4,5,3,1,4,3,2,5,2,5,3,2,3
3,5,6,2,1,5,2,1,2,2,3,2,3,5,5,3,3,6,3,3,8,1,5,3,6,6,1,2,10,4,0,2,3,2,1,8,6,3,4,4,3,4,3,1,4,4,3,2,6,3,3,0,3,5,1,2,6,8,5,1,5,2,4,7,4,4,3,3,2,4,4,5,1,2,2,1,3,3,19,12,4,4,5,3,5,4,2,4,2,3,3,2,3,5,3,2,2,3,3,5,4,4,3,4,2,5,6,3,1,4,5,6,3,7,1,4,5,3,1,4,3,2,5,2,5,3,2,3
3,5,6,2,1,5,2,1,2,2,3,2,3,5,5,3,3,6,3,3,8,1,5,3,6,6,1,2,10,4,0,2,3,2,1,8,6,3,4,4,3,4,3,1,4,4,3,2,6,3,3,0,3,5,1,2,6,8,5,1,5,2,4,7,4,4,3,3,2,4,4,5,1,2,2,4,1,2,9,1,4,14,2,7,2,3,5,3,4,0,4,3,4,2,2,2,4,4,4,4,3,3,1,1,2,3,4,6,2,3,3,6,3,5,2,3,4,4,6,1,2,4,2,2,1,4,3,5
2,6,1,3,6,2,5,4,6,5,10,7,0,2,2,2,3,3,5,5,3,2,9,4,4,4,4,6,1,2,9,6,3,1,5,5,6,3,3,2,2,4,11,4,2,3,7,4,2,3,4,1,3,1,3,5,4,5,4,4,7,1,5,2,2,3,7,3,4,5,5,3,2,3,2,4,1,2,9,1,4,14,2,7,2,3,5,3,4,0,4,3,4,2,2,2,4,4,4,4,3,3,1,1,2,3,4,6,2,3,3,6,3,5,2,3,4,4,6,1,2,4,2,2,1,4,3,5
2,6,1,3,6,2,5,4,6,5,10,7,0,2,2,2,3,3,5,5,3,2,9,4,4,4,4,6,1,2,9,6,3,1,5,5,6,3,3,2,2,4,11,4,2,3,7,4,2,3,4,1,3,1,3,5,4,5,4,4,7,1,5,2,2,3,7,3,4,5,5,3,2,3,4,7,1,2,2,2,5,15,3,7,6,5,2,3,3,5,3,3,1,4,7,1,2,0,3,2,4,3,1,2,2,4,5,4,2,4,3,4,4,2,3,2,3,3,4,2,3,5,3,2,1,2,1,2
4,4,6,2,4,1,3,6,6,2,2,2,1,3,3,6,2,8,3,2,3,1,4,3,6,3,7,4,2,3,3,6,1,6,3,3,3,1,5,4,3,2,5,2,2,4,1,6,4,7,0,2,4,2,1,3,2,2,6,2,2,1,3,3,3,5,4,3,2,5,2,7,1,2,5,7,1,2,2,2,5,15,3,7,6,5,2,3,3,5,3,3,1,4,7,1,2,0,3,2,4,3,1,2,2,4,5,4,2,4,3,4,4,2,3,2,3,3,4,2,3,5,3,2,1,2,1,2
4,4,6,2,4,1,3,6,6,2,2,2,1,3,3,6,2,8,3,2,3,1,4,3,6,3,7,4,2,3,3,6,1,6,3,3,3,1,5,4,3,2,5,2,2,4,1,6,4,7,0,2,4,2,1,3,2,2,6,2,2,1,3,3,3,5,4,3,2,5,2,7,1,2,5,2,7,3,4,11,5,2,2,5,2,5,2,2,2,3,1,1,2,5,2,4,3,4,3,4,7,3,2,3,4,4,5,1,1,4,4,2,2,2,2,4,2,3,5,6,1,5,4,3,3,2,3,3
6,1,4,1,3,0,2,1,1,2,2,7,2,3,4,4,3,2,2,1,3,2,2,5,5,2,5,4,3,2,3,1,1,3,2,4,6,4,2,1,5,1,2,3,2,5,3,2,4,5,4,2,1,5,2,4,7,4,5,4,4,4,1,3,5,0,5,6,4,1,1,4,3,2,1,2,7,3,4,11,5,2,2,5,2,5,2,2,2,3,1,1,2,5,2,4,3,4,3,4,7,3,2,3,4,4,5,1,1,4,4,2,2,2,2,4,2,3,5,6,1,5,4,3,3,2,3,3
6,1,4,1,3,0,2,1,1,2,2,7,2,3,4,4,3,2,2,1,3,2,2,5,5,2,5,4,3,2,3,1,1,3,2,4,6,4,2,1,5,1,2,3,2,5,3,2,4,5,4,2,1,5,2,4,7,4,5,4,4,4,1,3,5,0,5,6,4,1,1,4,3,2,1,0,3,1,3,2,2,4,4,6,5,20,2,1,0,1,6,4,2,2,3,1,2,4,3,5,6,1,1,3,2,6,4,8,5,4,3,5,3,4,1,1,4,5,1,2,5,5,2,5,4,5,6,3
3,4,4,3,3,3,4,4,3,4,4,3,1,3,1,3,4,9,1,5,2,0,1,4,4,5,3,4,3,6,2,5,7,5,2,5,3,3,4,1,5,3,1,3,2,7,3,5,2,2,9,3,3,2,6,4,1,5,2,3,3,6,3,2,2,3,6,8,1,4,3,3,2,6,2,0,3,1,3,2,2,4,4,6,5,20,2,1,0,1,6,4,2,2,3,1,2,4,3,5,6,1,1,3,2,6,4,8,5,4,3,5,3,4,1,1,4,5,1,2,5,5,2,5,4,5,6,3
3,4,4,3,3,3,4,4,3,4,4,3,1,3,1,3,4,9,1,5,2,0,1,4,4,5,3,4,3,6,2,5,7,5,2,5,3,3,4,1,5,3,1,3,2,7,3,5,2,2,9,3,3,2,6,4,1,5,2,3,3,6,3,2,2,3,6,8,1,4,3,3,2,6,2,5,3,3,1,3,24,3,5,2,4,2,4,5,0,2,4,3,4,4,4,3,3,2,4,0,2,3,6,5,2,0,4,2,4,6,4,6,5,1,2,3,4,5,6,2,3,1,3,5,3,2,2,4
2,6,4,4,3,5,5,2,4,6,4,4,2,6,4,1,1,2,3,5,5,4,1,8,2,6,2,3,4,2,3,2,7,2,5,3,1,2,2,4,1,5,5,5,2,6,7,2,2,2,2,3,3,3,3,3,1,3,3,4,5,5,1,3,3,3,2,2,9,4,5,1,8,2,2,5,3,3,1,3,24,3,5,2,4,2,4,5,0,2,4,3,4,4,4,3,3,2,4,0,2,3,6,5,2,0,4,2,4,6,4,6,5,1,2,3,4,5,6,2,3,1,3,5,3,2,2,4
2,6,4,4,3,5,5,2,4,6,4,4,2,6,4,1,1,2,3,5,5,4,1,8,2,6,2,3,4,2,3,2,7,2,5,3,1,2,2,4,1,5,5,5,2,6,7,2,2,2,2,3,3,3,3,3,1,3,3,4,5,5,1,3,3,3,2,2,9,4,5,1,8,2,2,0,4,1,7,2,1,19,11,0,3,5,4,5,3,2,4,4,3,3,6,3,2,3,3,3,3,2,5,3,6,7,1,2,3,2,4,3,7,2,6,2,6,1,1,7,6,3,2,4,7,3,4,3
6,8,3,4,4,3,3,5,2,3,5,2,3,5,5,3,8,2,4,2,3,5,2,4,7,6,6,1,3,10,5,1,6,4,3,7,4,3,6,4,1,10,6,3,3,2,1,2,4,8,3,9,1,1,3,3,3,2,1,5,2,3,3,1,2,2,5,4,8,3,2,1,3,7,4,0,4,1,7,2,1,19,11,0,3,5,4,5,3,2,4,4,3,3,6,3,2,3,3,3,3,2,5,3,6,7,1,2,3,2,4,3,7,2,6,2,6,1,1,7,6,3,2,4,7,3,4,3
6,8,3,4,4,3,3,5,2,3,5,2,3,5,5,3,8,2,4,2,3,5,2,4,7,6,6,1,3,10,5,1,6,4,3,7,4,3,6,4,1,10,6,3,3,2,1,2,4,8,3,9,1,1,3,3,3,2,1,5,2,3,3,1,2,2,5,4,8,3,2,1,3,7,4,4,1,5,3,5,1,3,4,3,2,5,3,3,3,2,3,2,3,6,6,1,5,5,2,6,2,5,3,3,5,3,4,1,3,2,2,2,2,6,2,4,1,5,3,7,6,1,2,4,1,1,1,3
1,3,3,1,1,2,1,2,3,5,4,2,3,4,2,3,3,5,5,5,2,3,6,1,1,5,3,3,4,2,4,1,1,2,2,3,4,2,4,5,7,1,4,7,4,2,5,2,6,4,4,5,4,1,1,1,2,4,4,6,1,4,4,2,2,1,2,3,2,7,3,2,5,2,6,4,1,5,3,5,1,3,4,3,2,5,3,3,3,2,3,2,3,6,6,1,5,5,2,6,2,5,3,3,5,3,4,1,3,2,2,2,2,6,2,4,1,5,3,7,6,1,2,4,1,1,1,3
1,3,3,1,1,2,1,2,3,5,4,2,3,4,2,3,3,5,5,5,2,3,6,1,1,5,3,3,4,2,4,1,1,2,2,3,4,2,4,5,7,1,4,7,4,2,5,2,6,4,4,5,4,1,1,1,2,4,4,6,1,4,4,2,2,1,2,3,2,7,3,2,5,2,6,2,3,5,2,15,4,1,2,2,7,1,4,5,1,4,8,4,0,7,3,3,3,4,1,2,2,4,7,2,4,2,2,3,3,2,0,7,4,6,1,2,6,2,3,1,4,2,3,1,2,2,2,0
5,4,3,2,1,4,2,5,2,7,3,5,2,5,5,2,4,3,3,1,5,2,2,7,4,1,7,1,3,3,5,3,3,6,3,4,2,2,2,2,3,0,0,5,7,2,3,2,2,2,2,3,5,2,2,3,6,5,2,1,5,3,5,5,1,3,5,9,6,3,2,7,2,1,5,2,3,5,2,15,4,1,2,2,7,1,4,5,1,4,8,4,0,7,3,3,3,4,1,2,2,4,7,2,4,2,2,3,3,2,0,7,4,6,1,2,6,2,3,1,4,2,3,1,2,2,2,0
5,4,3,2,1,4,2,5,2,7,3,5,2,5,5,2,4,3,3,1,5,2,2,7,4,1,7,1,3,3,5,3,3,6,3,4,2,2,2,2,3,0,0,5,7,2,3,2,2,2,2,3,5,2,2,3,6,5,2,1,5,3,5,5,1,3,5,9,6,3,2,7,2,1,5,3,3,3,19,10,3,1,4,1,0,2,1,4,3,4,2,3,1,1,8,2,3,6,5,1,3,3,2,6,4,4,3,1,5,5,3,7,0,3,7,3,5,2,3,4,4,1,3,5,1,6,2,3
2,5,3,7,1,3,3,2,6,1,2,2,4,4,2,2,2,2,5,2,3,2,3,3,1,4,2,6,3,2,4,2,4,2,4,3,2,3,2,2,4,6,2,1,2,2,3,3,4,2,7,3,3,2,4,4,3,3,5,3,5,5,2,3,7,3,1,1,5,0,2,5,4,2,2,3,3,3,19,10,3,1,4,1,0,2,1,4,3,4,2,3,1,1,8,2,3,6,5,1,3,3,2,6,4,4,3,1,5,5,3,7,0,3,7,3,5,2,3,4,4,1,3,5,1,6,2,3
2,5,3,7,1,3,3,2,6,1,2,2,4,4,2,2,2,2,5,2,3,2,3,3,1,4,2,6,3,2,4,2,4,2,4,3,2,3,2,2,4,6,2,1,2,2,3,3,4,2,7,3,3,2,4,4,3,3,5,3,5,5,2,3,7,3,1,1,5,0,2,5,4,2,7,4,1,1,4,2,4,6,4,6,1,3,4,25,14,0,4,2,2,2,4,3,6,2,4,3,3,4,5,2,3,8,1,3,1,3,3,7,4,6,1,2,3,2,2,2,2,1,5,4,2,4,5,3
1,3,7,1,2,2,2,8,8,7,2,2,2,2,3,3,2,5,6,6,2,3,5,5,1,3,2,1,2,7,2,2,5,3,3,4,6,3,3,3,3,3,2,0,1,4,4,3,4,5,3,5,2,2,1,3,3,5,4,3,2,4,6,3,5,1,2,3,4,5,4,3,2,4,7,4,1,1,4,2,4,6,4,6,1,3,4,25,14,0,4,2,2,2,4,3,6,2,4,3,3,4,5,2,3,8,1,3,1,3,3,7,4,6,1,2,3,2,2,2,2,1,5,4,2,4,5,3
1,3,7,1,2,2,2,8,8,7,2,2,2,2,3,3,2,5,6,6,2,3,5,5,1,3,2,1,2,7,2,2,5,3,3,4,6,3,3,3,3,3,2,0,1,4,4,3,4,5,3,5,2,2,1,3,3,5,4,3,2,4,6,3,5,1,2,3,4,5,4,3,2,4,2,7,6,5,3,8,6,4,8,3,3,1,2,2,5,2,1,4,3,2,1,1,4,4,9,2,2,2,5,5,2,6,2,2,4,3,6,8,3,6,6,3,3,3,3,5,2,4,5,4,3,4,3,5
1,7,2,4,2,4,4,2,2,1,4,1,4,2,4,4,5,7,1,5,3,1,4,1,6,3,1,3,3,4,2,2,1,7,5,7,2,1,2,5,4,2,7,5,1,5,2,5,2,3,3,1,1,5,9,2,3,4,0,3,6,6,2,8,3,4,4,7,3,6,1,4,2,5,3,7,6,5,3,8,6,4,8,3,3,1,2,2,5,2,1,4,3,2,1,1,4,4,9,2,2,2,5,5,2,6,2,2,4,3,6,8,3,6,6,3,3,3,3,5,2,4,5,4,3,4,3,5
1,7,2,4,2,4,4,2,2,1,4,1,4,2,4,4,5,7,1,5,3,1,4,1,6,3,1,3,3,4,2,2,1,7,5,7,2,1,2,5,4,2,7,5,1,5,2,5,2,3,3,1,1,5,9,2,3,4,0,3,6,6,2,8,3,4,4,7,3,6,1,4,2,5,3,7,2,3,2,2,3,3,2,2,6,4,5,5,3,5,6,2,4,5,4,2,2,5,3,2,3,4,4,5,3,1,3,3,6,4,5,4,1,4,4,5,5,4,6,1,2,2,4,1,5,5,7,6
4,7,1,4,2,5,3,6,1,2,1,4,3,3,3,3,3,4,4,1,5,8,2,4,4,1,8,4,1,5,7,2,4,3,4,1,5,2,4,4,3,0,4,1,4,3,3,3,3,7,1,3,8,4,4,1,1,2,5,7,2,0,6,2,5,3,4,4,4,2,5,7,5,2,3,7,2,3,2,2,3,3,2,2,6,4,5,5,3,5,6,2,4,5,4,2,2,5,3,2,3,4,4,5,3,1,3,3,6,4,5,4,1,4,4,5,5,4,6,1,2,2,4,1,5,5,7,6
4,7,1,4,2,5,3,6,1,2,1,4,3,3,3,3,3,4,4,1,5,8,2,4,4,1,8,4,1,5,7,2,4,3,4,1,5,2,4,4,3,0,4,1,4,3,3,3,3,7,1,3,8,4,4,1,1,2,5,7,2,0,6,2,5,3,4,4,4,2,5,7,5,2,3,5,4,4,1,8,3,5,2,3,2,7,4,6,4,3,8,2,1,6,3,4,10,2,2,2,3,3,2,4,3,4,1,3,2,4,1,4,7,5,2,5,4,10,0,2,4,3,3,2,2,3,4,5
5,7,4,2,5,5,4,5,3,2,1,1,2,5,2,3,4,5,4,10,5,4,4,2,3,2,3,4,8,1,1,1,5,5,2,3,5,3,2,4,4,3,5,7,5,5,4,2,7,3,6,2,3,1,5,2,3,2,2,2,8,5,6,3,2,5,3,6,5,1,2,4,2,5,4,5,4,4,1,8,3,5,2,3,2,7,4,6,4,3,8,2,1,6,3,4,10,2,2,2,3,3,2,4,3,4,1,3,2,4,1,4,7,5,2,5,4,10,0,2,4,3,3,2,2,3,4,5
5,7,4,2,5,5,4,5,3,2,1,1,2,5,2,3,4,5,4,10,5,4,4,2,3,2,3,4,8,1,1,1,5,5,2,3,5,3,2,4,4,3,5,7,5,5,4,2,7,3,6,2,3,1,5,2,3,2,2,2,8,5,6,3,2,5,3,6,5,1,2,4,2,5,4,2,6,2,5,18,3,4,0,5,5,3,5,4,3,1,1,3,2,2,3,4,8,5,2,5,3,3,2,6,5,6,3,1,3,4,2,4,5,3,2,1,2,5,2,3,2,4,3,3,2,9,4,2
3,3,3,3,2,4,5,5,2,4,2,2,1,3,4,3,1,2,2,2,3,7,3,3,4,3,2,2,1,3,4,2,4,1,3,6,0,3,1,5,2,1,3,5,3,3,6,3,2,6,2,4,5,3,2,3,7,3,4,4,2,2,10,4,5,2,4,3,4,4,1,1,3,5,3,2,6,2,5,18,3,4,0,5,5,3,5,4,3,1,1,3,2,2,3,4,8,5,2,5,3,3,2,6,5,6,3,1,3,4,2,4,5,3,2,1,2,5,2,3,2,4,3,3,2,9,4,2
2,3,3,3,2,4,5,5,2,4,2,2,1,3,4,3,1,2,2,2,3,7,3,3,4,3,2,2,1,3,4,2,4,1,3,6,0,3,1,5,2,1,3,5,3,3,6,3,2,6,2,4,5,3,2,3,7,3,4,4,2,2,10,4,5,2,4,3,4,4,1,1,3,5,3,1,2,2,5,1,3,4,1,6,8,3,2,3,5,2,5,6,4,4,2,10,4,6,1,4,3,1,8,4,3,3,7,1,4,3,3,3,1,1,4,3,3,4,1,1,7,1,2,8,2,6,3,2
1,1,2,7,4,5,2,1,3,8,3,5,6,5,2,2,4,4,6,2,6,3,3,1,5,2,3,2,0,6,4,2,1,8,3,3,2,1,3,3,1,2,2,4,4,6,1,2,6,4,3,5,3,4,3,8,6,3,2,2,5,2,1,3,3,5,1,3,3,3,8,2,3,2,2,1,2,2,5,1,3,4,1,6,8,3,2,3,5,2,5,6,4,4,2,10,4,6,1,4,3,1,8,4,3,3,7,1,4,3,3,3,1,1,4,3,3,4,1,1,7,1,2,8,2,6,3,2
2,1,2,7,4,5,2,1,3,8,3,5,6,5,2,2,4,4,6,2,6,3,3,1,5,2,3,2,0,6,4,2,1,8,3,3,2,1,3,3,1,2,2,4,4,6,1,2,6,4,3,5,3,4,3,8,6,3,2,2,5,2,1,3,3,5,1,3,3,3,8,2,3,2,2,2,3,3,33,0,0,3,3,2,4,4,2,5,5,1,2,3,4,3,2,1,3,2,2,7,2,9,3,1,4,8,6,4,4,4,3,6,2,1,2,3,5,3,2,7,1,3,1,2,3,4,6,1
2,3,7,4,2,1,4,1,5,5,1,3,3,5,5,2,2,1,3,5,2,4,5,2,2,1,3,3,2,4,4,6,1,0,1,3,5,4,9,2,3,5,5,2,3,5,2,3,3,2,4,2,2,3,3,3,1,3,3,5,1,6,3,2,4,4,4,4,3,7,4,3,3,3,3,2,3,3,33,0,0,3,3,2,4,4,2,5,5,1,2,3,4,3,2,1,3,2,2,7,2,9,3,1,4,8,6,4,4,4,3,6,2,1,2,3,5,3,2,7,1,3,1,2,3,4,6,1
2,3,7,4,2,1,4,1,5,5,1,3,3,5,5,2,2,1,3,5,2,4,5,2,2,1,3,3,2,4,4,6,1,0,1,3,5,4,9,2,3,5,5,2,3,5,2,3,3,2,4,2,2,3,3,3,1,3,3,5,1,6,3,2,4,4,4,4,3,7,4,3,3,3,3,6,1,4,1,5,2,3,16,4,4,1,2,4,1,2,0,1,5,5,4,2,2,3,4,4,3,3,6,4,8,7,1,5,2,2,0,1,4,4,4,1,4,1,7,5,1,4,3,4,1,5,3,7
5,4,3,7,6,4,1,6,4,3,4,3,4,2,1,5,1,3,4,2,7,4,6,5,4,4,3,5,2,2,3,6,4,4,4,1,5,3,2,2,5,1,4,2,2,2,5,3,3,4,2,8,3,3,1,3,3,2,2,1,1,3,2,3,4,4,2,3,4,2,4,1,8,2,4,6,1,4,1,5,2,3,16,4,4,1,2,4,1,2,0,1,5,5,4,2,2,3,4,4,3,3,6,4,8,7,1,5,2,2,0,1,4,4,4,1,4,1,7,5,1,4,3,4,1,5,3,7
5,4,3,7,6,4,1,6,4,3,4,3,4,2,1,5,1,3,4,2,7,4,6,5,4,4,3,5,2,2,3,6,4,4,4,1,5,3,2,2,5,1,4,2,2,2,5,3,3,4,2,8,3,3,1,3,3,2,2,1,1,3,2,3,4,4,2,3,4,2,4,1,8,2,4,4,2,3,2,7,0,2,4,10,3,4,3,2,4,5,1,1,5,4,3,6,3,4,4,5,8,1,1,4,5,2,3,1,6,2,4,3,3,1,1,4,1,2,1,3,6,1,3,5,3,7,5,5
2,4,1,1,3,2,6,4,2,6,4,3,8,1,1,7,2,0,4,6,3,2,4,2,2,5,3,6,4,5,4,2,5,4,2,7,4,3,5,2,5,1,4,3,2,3,4,2,3,7,5,2,3,2,2,3,4,4,2,3,1,3,4,2,3,3,3,3,6,3,6,2,2,4,5,4,2,3,2,7,0,2,4,10,3,4,3,2,4,5,1,1,5,4,3,6,3,4,4,5,8,1,1,4,5,2,3,1,6,2,4,3,3,1,1,4,1,2,1,3,6,1,3,5,3,7,5,5
2,4,1,1,3,2,6,4,2,6,4,3,8,1,1,7,2,0,4,6,3,2,4,2,2,5,3,6,4,5,4,2,5,4,2,7,4,3,5,2,5,1,4,3,2,3,4,2,3,7,5,2,3,2,2,3,4,4,2,3,1,3,4,2,3,3,3,3,6,3,6,2,2,4,5,5,6,1,6,3,1,4,2,2,2,2,1,5,31,12,1,3,6,3,8,4,1,5,2,3,3,1,6,7,0,2,4,3,2,2,2,1,2,4,3,2,7,2,9,3,3,4,4,6,0,6,1,5
1,4,2,2,2,4,3,1,8,2,5,4,5,4,1,1,2,4,3,6,2,3,5,6,3,8,2,3,3,10,11,9,2,4,4,1,0,4,4,4,2,4,3,4,1,5,5,1,3,6,2,2,1,5,4,1,7,2,3,3,4,6,6,3,3,4,2,5,7,2,2,1,3,1,4,5,6,1,6,3,1,4,2,2,2,2,1,5,31,12,1,3,6,3,8,4,1,5,2,3,3,1,6,7,0,2,4,3,2,2,2,1,2,4,3,2,7,2,9,3,3,4,4,6,0,6,1,5
1,4,2,2,2,4,3,1,8,2,5,4,5,4,1,1,2,4,3,6,2,3,5,6,3,8,2,3,3,10,11,9,2,4,4,1,0,4,4,4,2,4,3,4,1,5,5,1,3,6,2,2,1,5,4,1,7,2,3,3,4,6,6,3,3,4,2,5,7,2,2,1,3,1,4,6,4,2,3,4,2,5,3,3,5,9,0,1,5,4,3,3,3,4,2,2,3,3,3,10,5,5,1,2,2,5,2,4,3,5,1,4,1,2,2,3,2,1,3,5,6,4,1,5,6,2,2,4
3,2,3,1,2,7,2,3,3,1,3,8,5,2,4,7,2,4,8,3,5,4,3,3,1,7,3,2,2,6,7,2,2,4,3,1,3,4,3,5,7,4,2,6,4,5,2,4,2,4,3,1,4,5,2,3,2,2,5,3,4,4,2,6,6,3,1,1,2,1,3,4,4,4,4,6,4,2,3,4,2,5,3,3,5,9,0,1,5,4,3,3,3,4,2,2,3,3,3,10,5,5,1,2,2,5,2,4,3,5,1,4,1,2,2,3,2,1,3,5,6,4,1,5,6,2,2,4
3,2,3,1,2,7,2,3,3,1,3,8,5,2,4,7,2,4,8,3,5,4,3,3,1,7,3,2,2,6,7,2,2,4,3,1,3,4,3,5,7,4,2,6,4,5,2,4,2,4,3,1,4,5,2,3,2,2,5,3,4,4,2,6,6,3,1,1,2,1,3,4,4,4,4,3,4,6,3,3,4,6,4,1,4,4,1,5,3,4,4,19,2,2,3,1,1,4,3,0,3,1,3,2,5,5,3,3,7,8,1,2,2,5,3,1,4,4,2,1,4,2,2,4,5,4,3,4
1,2,1,4,2,2,3,6,2,4,6,3,4,2,6,2,3,1,3,3,0,2,1,6,7,4,6,0,4,2,6,5,4,3,1,5,4,3,1,4,3,2,2,6,6,3,4,2,2,3,2,2,3,4,6,5,2,6,2,1,4,2,2,6,3,0,2,6,5,3,1,2,1,3,6,3,4,6,3,3,4,6,4,1,4,4,1,5,3,4,4,19,2,2,3,1,1,4,3,0,3,1,3,2,5,5,3,3,7,8,1,2,2,5,3,1,4,4,2,1,4,2,2,4,5,4,3,4
1,2,1,4,2,2,3,6,2,4,6,3,4,2,6,2,3,1,3,3,0,2,1,6,7,4,6,0,4,2,6,5,4,3,1,5,4,3,1,4,3,2,2,6,6,3,4,2,2,3,2,2,3,4,6,5,2,6,2,1,4,2,2,6,3,0,2,6,5,3,1,2,1,3,6,6,4,3,3,1,22,3,6,0,3,3,3,6,3,2,3,3,2,6,2,4,4,2,5,1,4,2,1,3,3,3,1,3,1,2,6,5,2,6,1,2,1,3,4,7,6,5,3,2,2,1,3,2
3,4,3,4,6,3,2,5,4,0,8,5,2,5,4,2,4,6,2,7,6,4,4,6,2,5,4,2,4,4,4,3,3,2,5,5,1,6,6,0,1,5,1,3,3,2,6,3,1,3,1,3,4,5,8,6,1,1,2,5,4,2,8,3,3,4,2,2,1,3,0,3,4,3,6,6,4,3,3,1,22,3,6,0,3,3,3,6,3,2,3,3,2,6,2,4,4,2,5,1,4,2,1,3,3,3,1,3,1,2,6,5,2,6,1,2,1,3,4,7,6,5,3,2,2,1,3,2
3,4,3,4,6,3,2,5,4,0,8,5,2,5,4,2,4,6,2,7,6,4,4,6,2,5,4,2,4,4,4,3,3,2,5,5,1,6,6,0,1,5,1,3,3,2,6,3,1,3,1,3,4,5,8,6,1,1,2,5,4,2,8,3,3,4,2,2,1,3,0,3,4,3,6,2,2,2,2,7,4,19,4,5,4,2,1,1,1,3,1,4,7,4,3,4,2,5,0,2,5,2,2,4,3,2,4,2,3,2,5,4,2,4,2,3,3,2,2,2,6,3,2,2,3,2,4,2
1,3,8,2,2,6,5,1,2,6,3,4,4,6,0,5,4,3,2,1,0,6,2,3,3,2,5,2,1,4,1,6,4,3,4,8,1,3,3,4,1,2,2,4,4,4,4,2,5,2,4,1,5,5,2,3,2,7,3,3,4,1,3,3,6,2,3,8,2,2,2,6,4,4,10,2,2,2,2,7,4,19,4,5,4,2,1,1,1,3,1,4,7,4,3,4,2,5,0,2,5,2,2,4,3,2,4,2,3,2,5,4,2,4,2,3,3,2,2,2,6,3,2,2,3,2,4,2
1,3,8,2,2,6,5,1,2,6,3,4,4,6,0,5,4,3,2,1,0,6,2,3,3,2,5,2,1,4,1,6,4,3,4,8,1,3,3,4,1,2,2,4,4,4,4,2,5,2,4,1,5,5,2,3,2,7,3,3,4,1,3,3,6,2,3,8,2,2,2,6,4,4,10,5,6,3,3,15,2,4,2,2,2,1,6,5,2,3,2,3,1,2,5,9,6,1,2,1,3,6,3,4,1,2,6,1,4,2,4,3,3,5,4,2,3,5,3,0,6,4,6,3,2,2,5,3
4,4,5,3,3,2,2,7,2,1,1,2,4,6,4,2,2,5,1,3,4,3,3,3,1,16,1,3,3,7,4,1,7,2,7,4,4,4,4,0,4,5,4,2,4,2,1,5,4,6,2,4,2,4,3,3,2,5,5,3,6,1,2,2,3,3,2,1,2,4,6,4,2,3,3,5,6,3,3,15,2,4,2,2,2,1,6,5,2,3,2,3,1,2,5,9,6,1,2,1,3,6,3,4,1,2,6,1,4,2,4,3,3,5,4,2,3,5,3,0,6,4,6,3,2,2,5,3
4,4,5,3,3,2,2,7,2,1,1,2,4,6,4,2,2,5,1,3,4,3,3,3,1,16,1,3,3,7,4,1,7,2,7,4,4,4,4,0,4,5,4,2,4,2,1,5,4,6,2,4,2,4,3,3,2,5,5,3,6,1,2,2,3,3,2,1,2,4,6,4,2,3,2,2,4,2,5,17,2,5,7,20,10,3,5,4,3,2,2,6,3,4,3,2,6,4,4,1,4,3,1,3,2,1,2,2,5,4,4,6,1,2,5,3,3,4,3,2,3,6,5,5,3,3,4,4
6,4,6,6,8,1,1,3,3,3,2,7,1,1,2,4,3,3,2,5,3,4,5,2,3,3,0,2,6,2,4,5,2,5,3,2,2,3,1,3,5,2,4,2,4,2,2,2,4,3,2,5,5,5,2,3,2,1,4,6,1,4,3,1,3,6,9,5,1,8,5,5,1,5,1,2,4,2,5,17,2,5,7,20,10,3,5,4,3,2,2,6,3,4,3,2,6,4,4,1,4,3,1,3,2,1,2,2,5,4,4,6,1,2,5,3,3,4,3,2,3,6,5,5,3,3,4,4
6,4,6,6,8,1,1,3,3,3,2,7,1,1,2,4,3,3,2,5,3,4,5,2,3,3,0,2,6,2,4,5,2,5,3,2,2,3,1,3,5,2,4,2,4,2,2,2,4,3,2,5,5,5,2,3,2,1,4,6,1,4,3,1,3,6,9,5,1,8,5,5,1,5,1,2,4,6,4,5,1,5,23,1,1,1,5,5,4,4,1,4,2,4,6,6,4,2,4,2,7,4,3,4,2,5,2,5,2,4,2,1,4,7,5,0,5,4,6,4,4,3,2,8,1,5,2,2
2,7,2,2,5,6,4,3,4,6,2,3,4,1,2,1,2,1,2,4,5,4,2,4,3,3,2,4,5,4,3,2,5,2,4,2,5,7,3,2,3,3,8,2,2,3,2,4,7,2,3,2,4,8,1,4,5,6,1,9,3,5,6,1,5,3,4,2,1,3,4,2,3,3,3,3,4,4,8,11,2,3,2,4,5,3,4,4,3,3,6,9,6,2,4,1,6,7,2,2,2,2,5,3,6,4,2,1,2,3,7,0,5,2,3,3,2,5,2,5,3,1,3,3,5,3,6,2
3,7,2,2,5,6,4,3,4,6,2,3,4,1,2,1,2,1,2,4,5,4,2,4,3,3,2,4,5,4,3,2,5,2,4,2,5,7,3,2,3,3,8,2,2,3,2,4,7,2,3,2,4,8,1,4,5,6,1,9,3,5,6,1,5,3,4,2,1,3,4,2,3,3,2,2,5,1,2,3,3,4,3,5,14,3,2,3,6,3,4,4,3,0,4,3,7,1,7,4,3,1,0,4,2,5,3,4,3,6,2,8,1,1,1,6,3,6,4,1,5,4,2,3,3,2,5,4
3,3,1,3,4,4,4,3,4,6,3,3,4,4,1,2,4,4,2,5,2,3,3,3,2,2,4,1,5,3,5,3,2,3,9,6,1,3,3,3,3,2,7,5,2,7,2,6,0,5,3,4,4,2,4,6,3,6,1,2,3,3,4,6,6,3,1,4,5,3,4,4,2,2,6,2,5,1,2,3,3,4,3,5,14,3,2,3,6,3,4,4,3,0,4,3,7,1,7,4,3,1,0,4,2,5,3,4,3,6,2,8,1,1,1,6,3,6,4,1,5,4,2,3,3,2,5,4
6,3,1,3,4,4,4,3,4,6,3,3,4,4,1,2,4,4,2,5,2,3,3,3,2,2,4,1,5,3,5,3,2,3,9,6,1,3,3,3,3,2,7,5,2,7,2,6,0,5,3,4,4,2,4,6,3,6,1,2,3,3,4,6,6,3,1,4,5,3,4,4,2,2,6,6,3,3,6,8,6,1,6,1,1,2,2,24,2,0,5,3,2,2,3,4,1,1,3,6,4,4,7,4,0,9,3,2,2,5,3,4,4,5,3,6,6,3,2,2,2,3,2,2,2,1,5,6
6,3,3,2,6,3,6,3,5,2,2,1,1,3,4,1,8,5,1,4,4,5,2,1,6,6,5,5,7,1,2,2,3,2,3,5,5,3,1,4,1,0,2,1,3,2,2,2,1,11,3,1,12,4,3,5,3,2,4,3,3,4,2,6,4,3,3,7,1,4,5,7,2,2,3,6,3,3,6,8,6,1,6,1,1,2,2,24,2,0,5,3,2,2,3,4,1,1,3,6,4,4,7,4,0,9,3,2,2,5,3,4,4,5,3,6,6,3,2,2,2,3,2,2,2,1,5,6
4,3,3,2,6,3,6,3,5,2,2,1,1,3,4,1,8,5,1,4,4,5,2,1,6,6,5,5,7,1,2,2,3,2,3,5,5,3,1,4,1,0,2,1,3,2,2,2,1,11,3,1,12,4,3,5,3,2,4,3,3,4,2,6,4,3,3,7,1,4,5,7,2,2,3,4,5,3,1,1,4,15,3,0,0,5,3,4,3,3,3,4,3,1,1,9,1,3,3,2,6,3,4,5,2,4,5,4,3,5,3,4,4,3,3,5,5,2,3,4,2,6,3,2,10,3,2,7
2,8,2,4,3,6,3,3,3,3,2,4,2,3,4,0,4,4,3,5,2,3,6,3,7,2,0,2,4,3,2,4,7,2,4,5,3,4,3,4,1,4,3,3,2,7,2,5,3,2,4,7,7,2,8,2,4,2,4,5,4,3,6,4,0,4,6,1,2,2,5,3,3,4,4,4,5,3,1,1,4,15,3,0,0,5,3,4,3,3,3,4,3,1,1,9,1,3,3,2,6,3,4,5,2,4,5,4,3,5,3,4,4,3,3,5,5,2,3,4,2,6,3,2,10,3,2,7
2,8,2,4,3,6,3,3,3,3,2,4,2,3,4,0,4,4,3,5,2,3,6,3,7,2,0,2,4,3,2,4,7,2,4,5,3,4,3,4,1,4,3,3,2,7,2,5,3,2,4,7,7,2,8,2,4,2,4,5,4,3,6,4,0,4,6,1,2,2,5,3,3,4,4,4,2,2,7,5,5,3,27,0,4,2,4,34,21,1,4,3,1,2,3,2,2,3,1,2,2,2,3,4,3,1,3,4,4,5,2,2,5,4,3,4,3,3,1,3,3,5,2,1,2,5,4,4
1,4,4,1,3,5,5,2,2,3,5,8,6,3,5,6,5,3,4,1,4,3,1,6,2,5,10,4,2,4,3,6,4,0,2,3,1,3,3,3,2,4,2,6,7,5,2,3,2,2,8,3,3,4,4,3,4,10,4,5,4,2,2,6,1,7,4,2,6,3,3,1,2,7,8,4,2,2,7,5,5,3,27,0,4,2,4,34,21,1,4,3,1,2,3,2,2,3,1,2,2,2,3,4,3,1,3,4,4,5,2,2,5,4,3,4,3,3,1,3,3,5,2,1,2,5,4,4
1,4,4,1,3,5,5,2,2,3,5,8,6,3,5,6,5,3,4,1,4,3,1,6,2,5,10,4,2,4,3,6,4,0,2,3,1,3,3,3,2,4,2,6,7,5,2,3,2,2,8,3,3,4,4,3,4,10,4,5,4,2,2,6,1,7,4,2,6,3,3,1,2,7,8,2,1,6,3,3,5,3,2,6,1,3,7,2,4,7,4,1,10,1,2,3,4,1,4,2,3,4,4,2,3,4,1,1,2,4,1,3,4,4,5,3,2,2,4,3,3,4,4,4,2,3,3,6
2,3,2,3,4,3,3,2,2,2,2,2,1,5,3,3,3,1,3,5,4,4,3,1,2,2,3,6,5,2,2,4,4,10,3,0,1,4,6,1,5,2,4,3,5,3,7,4,3,2,5,3,6,6,1,6,4,0,3,5,4,1,5,3,4,3,5,2,2,3,2,6,2,6,2,2,1,6,3,3,5,3,2,6,1,3,7,2,4,7,4,1,10,1,2,3,4,1,4,2,3,4,4,2,3,4,1,1,2,4,1,3,4,4,5,3,2,2,4,3,3,4,4,4,2,3,3,6
2,3,2,3,4,3,3,2,2,2,2,2,1,5,3,3,3,1,3,5,4,4,3,1,2,2,3,6,5,2,2,4,4,10,3,0,1,4,6,1,5,2,4,3,5,3,7,4,3,2,5,3,6,6,1,6,4,0,3,5,4,1,5,3,4,3,5,2,2,3,2,6,2,6,4,5,4,3,3,3,1,17,4,1,2,1,2,2,2,5,3,5,6,6,3,0,1,9,5,0,1,4,5,5,3,2,2,7,4,1,2,2,4,3,7,6,1,3,5,3,2,4,3,5,3,1,1,1
1,4,0,9,2,3,6,4,5,4,3,3,1,1,4,5,2,4,1,3,3,2,1,2,7,2,5,2,3,6,8,4,2,1,3,3,2,3,3,5,3,6,4,2,6,2,3,1,6,3,3,3,9,1,2,7,3,3,2,4,2,2,3,3,3,4,3,6,3,1,2,8,3,4,3,5,4,3,3,3,1,17,4,1,2,1,2,2,2,5,3,5,6,6,3,0,1,9,5,0,1,4,5,5,3,2,2,7,4,1,2,2,4,3,7,6,1,3,5,3,2,4,3,5,3,1,1,1
1,4,0,9,2,3,6,4,5,4,3,3,1,1,4,5,2,4,1,3,3,2,1,2,7,2,5,2,3,6,8,4,2,1,3,3,2,3,3,5,3,6,4,2,6,2,3,1,6,3,3,3,9,1,2,7,3,3,2,4,2,2,3,3,3,4,3,6,3,1,2,8,3,4,3,4,3,4,1,3,16,3,4,4,3,5,2,1,2,4,4,2,0,2,1,6,3,3,2,8,2,4,2,3,4,1,3,4,3,1,4,1,3,6,0,3,3,3,2,5,2,5,6,2,6,1,3,2
2,1,3,6,3,2,1,3,2,2,2,3,4,3,5,0,20,6,3,2,3,2,4,7,6,4,6,7,5,8,0,2,1,5,1,3,2,2,6,3,2,1,4,4,2,1,3,4,3,6,3,0,1,4,5,1,3,1,1,4,1,4,2,5,2,6,3,5,4,3,2,3,2,6,2,4,3,4,1,3,16,3,4,4,3,5,2,1,2,4,4,2,0,2,1,6,3,3,2,8,2,4,2,3,4,1,3,4,3,1,4,1,3,6,0,3,3,3,2,5,2,5,6,2,6,1,3,2
3,1,3,6,3,2,1,3,2,2,2,3,4,3,5,0,20,6,3,2,3,2,4,7,6,4,6,7,5,8,0,2,1,5,1,3,2,2,6,3,2,1,4,4,2,1,3,4,3,6,3,0,1,4,5,1,3,1,1,4,1,4,2,5,2,6,3,5,4,3,2,3,2,6,2,1,3,5,6,5,4,3,2,16,0,1,8,3,4,3,3,5,5,1,4,4,5,7,8,2,5,3,3,3,5,7,3,3,3,5,6,4,7,3,5,6,2,0,4,4,6,5,2,7,0,4,2,3
3,1,3,2,4,3,5,4,4,4,2,4,6,5,3,3,2,5,1,4,4,2,5,2,3,2,2,6,4,1,3,5,2,4,1,4,7,3,4,5,1,4,0,4,5,8,4,4,7,3,4,2,5,1,8,6,3,1,5,5,3,2,8,1,5,5,5,2,4,3,3,6,2,4,1,1,3,5,6,5,4,3,2,16,0,1,8,3,4,3,3,5,5,1,4,4,5,7,8,2,5,3,3,3,5,7,3,3,3,5,6,4,7,3,5,6,2,0,4,4,6,5,2,7,0,4,2,3
2,1,3,2,4,3,5,4,4,4,2,4,6,5,3,3,2,5,1,4,4,2,5,2,3,2,2,6,4,1,3,5,2,4,1,4,7,3,4,5,1,4,0,4,5,8,4,4,7,3,4,2,5,1,8,6,3,1,5,5,3,2,8,1,5,5,5,2,4,3,3,6,2,4,1,3,5,4,7,19,9,9,3,2,1,1,3,2,6,5,5,6,8,1,1,3,2,6,2,3,8,2,5,4,2,4,2,2,4,2,4,1,5,2,4,3,3,2,5,2,2,2,4,2,1,2,4,7
3,6,4,1,3,4,7,3,4,1,3,4,2,2,3,4,1,4,4,3,3,2,7,6,4,2,1,5,4,4,3,1,2,2,2,3,1,2,3,6,2,3,1,2,1,3,4,3,9,1,5,2,3,1,5,4,7,8,1,3,3,2,0,5,3,2,3,4,2,7,1,3,0,2,2,3,5,4,7,19,9,9,3,2,1,1,3,2,6,5,5,6,8,1,1,3,2,6,2,3,8,2,5,4,2,4,2,2,4,2,4,1,5,2,4,3,3,2,5,2,2,2,4,2,1,2,4,7
6,6,4,1,3,4,7,3,4,1,3,4,2,2,3,4,1,4,4,3,3,2,7,6,4,2,1,5,4,4,3,1,2,2,2,3,1,2,3,6,2,3,1,2,1,3,4,3,9,1,5,2,3,1,5,4,7,8,1,3,3,2,0,5,3,2,3,4,2,7,1,3,0,2,2,6,2,2,1,3,4,3,12,1,0,4,6,4,2,2,1,5,5,2,3,3,3,2,6,3,2,5,2,4,3,8,1,3,4,4,4,2,4,6,4,1,5,2,1,3,5,2,3,5,8,1,7,1
6,3,3,4,6,4,5,1,1,6,2,5,3,6,3,3,7,5,2,3,2,3,4,2,3,2,2,1,2,2,3,3,2,1,4,10,6,6,7,1,6,3,3,8,5,1,6,1,2,2,1,6,4,3,6,6,4,3,3,4,4,7,2,2,3,4,2,1,7,7,3,1,2,2,1,6,2,2,1,3,4,3,12,1,0,4,6,4,2,2,1,5,5,2,3,3,3,2,6,3,2,5,2,4,3,8,1,3,4,4,4,2,4,6,4,1,5,2,1,3,5,2,3,5,8,1,7,1
3,3,3,4,6,4,5,1,1,6,2,5,3,6,3,3,7,5,2,3,2,3,4,2,3,2,2,1,2,2,3,3,2,1,4,10,6,6,7,1,6,3,3,8,5,1,6,1,2,2,1,6,4,3,6,6,4,3,3,4,4,7,2,2,3,4,2,1,7,7,3,1,2,2,1,4,0,6,6,3,4,2,2,2,0,3,27,15,2,1,1,2,2,3,4,1,3,2,6,8,3,2,1,4,78,32,0,0,1,78,70,0,0,81,0,0,84,8,0,74,4,0,80,27,0,0,76,0
1,4,0,3,3,4,3,5,3,8,2,3,8,2,6,4,2,2,2,2,3,1,13,1,2,5,4,1,3,6,4,2,4,3,2,3,4,1,2,4,7,0,3,4,2,1,3,3,4,2,4,3,8,6,2,2,2,4,3,3,2,6,2,4,5,3,4,4,3,1,1,2,4,2,2,4,0,6,6,3,4,2,2,2,0,3,27,15,2,1,1,2,2,3,4,1,3,2,6,8,3,2,1,4,78,32,0,0,1,78,70,0,0,81,0,0,84,8,0,74,4,0,80,27,0,0,76,0
1,4,0,3,3,4,3,5,3,8,2,3,8,2,6,4,2,2,2,2,3,1,13,1,2,5,4,1,3,6,4,2,4,3,2,3,4,1,2,4,7,0,3,4,2,1,3,3,4,2,4,3,8,6,2,2,2,4,3,3,2,6,2,4,5,3,4,4,3,1,1,2,4,2,2,3,3,2,4,3,3,4,3,3,5,3,5,3,9,30,17,3,4,3,3,2,4,6,4,3,2,2,4,5,3,5,2,3,2,5,3,10,2,2,4,1,6,3,2,5,5,3,3,3,6,2,3,2
0,0,0,0,0,0,6,0,1,1,5,3,2,0,2,3,3,10,3,4,1,5,2,3,0,4,5,1,3,7,3,2,4,4,4,5,5,3,3,4,3,4,3,6,2,2,4,4,3,1,5,5,3,4,1,6,2,1,6,2,3,4,3,4,5,2,3,3,5,5,2,5,5,3,2,3,3,2,4,3,3,4,3,3,5,3,5,3,9,30,17,3,4,3,3,2,4,6,4,3,2,2,4,5,3,5,2,3,2,5,3,10,2,2,4,1,6,3,2,5,5,3,3,3,6,2,3,2
0,0,0,0,0,0,6,0,1,1,5,3,2,0,2,3,3,10,3,4,1,5,2,3,0,4,5,1,3,7,3,2,4,4,4,5,5,3,3,4,3,4,3,6,2,2,4,4,3,1,5,5,3,4,1,6,2,1,6,2,3,4,3,4,5,2,3,3,5,5,2,5,5,3,4,2,6,1,4,3,6,17,5,0,9,2,3,1,4,1,2,3,7,6,5,3,1,6,2,2,2,3,2,5,6,6,2,6,1,1,1,2,3,5,2,4,3,4,4,3,1,3,5,2,4,1,7,4
1,4,1,4,2,4,1,2,3,1,3,6,2,2,2,1,5,2,4,3,2,5,4,3,7,5,3,2,2,6,3,3,4,3,4,6,4,4,5,4,4,3,5,2,1,4,4,1,2,5,4,2,3,6,1,6,1,2,6,5,1,2,2,7,3,3,2,3,4,2,1,4,3,3,4,2,6,1,4,3,6,17,5,0,9,2,3,1,4,1,2,3,7,6,5,3,1,6,2,2,2,3,2,5,6,6,2,6,1,1,1,2,3,5,2,4,3,4,4,3,1,3,5,2,4,1,7,4
1,4,1,4,2,4,1,2,3,1,3,6,2,2,2,1,5,2,4,3,2,5,4,3,7,5,3,2,2,6,3,3,4,3,4,6,4,4,5,4,4,3,5,2,1,4,4,1,2,5,4,2,3,6,1,6,1,2,6,5,1,2,2,7,3,3,2,3,4,2,1,4,3,3,2,1,5,3,3,3,8,4,14,2,8,4,4,3,2,1,1,2,4,2,3,3,3,4,0,2,7,5,4,4,2,4,4,1,7,2,4,5,6,2,4,7,4,5,2,4,0,1,7,4,4,3,4,6
0,0,0,0,0,2,77,0,0,0,0,0,0,3,0,0,2,2,3,3,8,4,4,1,4,2,2,4,4,1,3,3,8,7,3,3,1,1,6,82,0,0,0,74,20,0,0,91,2,0,39,0,0,33,0,0,39,27,0,0,46,0,2,45,0,0,0,3,85,31,0,0,0,0,2,1,5,3,3,3,8,4,14,2,8,4,4,3,2,1,1,2,4,2,3,3,3,4,0,2,7,5,4,4,2,4,4,1,7,2,4,5,6,2,4,7,4,5,2,4,0,1,7,4,4,3,4,6
0,0,0,0,0,2,77,0,0,0,0,0,0,3,0,0,2,2,3,3,8,4,4,1,4,2,2,4,4,1,3,3,8,7,3,3,1,1,6,82,0,0,0,74,20,0,0,91,2,0,39,0,0,33,0,0,39,27,0,0,46,0,2,45,0,0,0,3,85,31,0,0,0,0,0,1,2,0,2,3,4,12,1,2,0,3,0,5,3,3,4,4,3,6,5,3,1,4,2,2,2,3,3,5,59,0,3,0,16,27,0,1,21,1,0,32,3,0,38,14,0,0,30,0,0,41,3,0
2,5,3,2,2,3,6,2,2,2,2,2,5,3,4,2,7,3,6,1,2,6,2,5,2,6,1,3,6,5,1,3,1,2,5,3,2,7,1,19,3,5,2,23,5,1,53,28,0,29,17,1,11,4,1,4,27,4,5,54,0,0,41,0,0,0,29,2,0,3,0,29,0,0,0,1,2,0,2,3,4,12,1,2,0,3,0,5,3,3,4,4,3,6,5,3,1,4,2,2,2,3,3,5,59,0,3,0,16,27,0,1,21,1,0,32,3,0,38,14,0,0,30,0,0,41,3,0
2,5,3,2,2,3,6,2,2,2,2,2,5,3,4,2,7,3,6,1,2,6,2,5,2,6,1,3,6,5,1,3,1,2,5,3,2,7,1,19,3,5,2,23,5,1,53,28,0,29,17,1,11,4,1,4,27,4,5,54,0,0,41,0,0,0,29,2,0,3,0,29,0,0,0,5,2,2,1,2,3,3,2,26,3,8,2,2,2,4,3,3,1,5,7,6,3,3,2,7,3,2,3,18,7,1,7,2,3,3,6,31,1,23,13,2,17,7,4,1,1,0,4,0,1,5,5,1
2,1,36,4,0,2,1,1,4,3,2,5,3,4,7,5,5,3,3,1,3,4,3,2,2,3,3,3,3,4,4,3,4,4,3,4,4,3,4,9,7,2,34,22,2,9,18,6,2,39,0,1,15,1,1,37,1,0,0,0,40,15,2,0,20,3,1,0,5,28,2,4,0,0,0,5,2,2,1,2,3,3,2,26,3,8,2,2,2,4,3,3,1,5,7,6,3,3,2,7,3,2,3,18,7,1,7,2,3,3,6,31,1,23,13,2,17,7,4,1,1,0,4,0,1,5,5,1
3,1,36,4,0,2,1,1,4,3,2,5,3,4,7,5,5,3,3,1,3,4,3,2,2,3,3,3,3,4,4,3,4,4,3,4,4,3,4,9,7,2,34,22,2,9,18,6,2,39,0,1,15,1,1,37,1,0,0,0,40,15,2,0,20,3,1,0,5,28,2,4,0,0,5,1,0,3,4,2,14,4,6,1,4,5,5,5,3,3,2,4,2,4,3,6,5,1,5,2,5,3,5,9,2,2,5,3,3,3,8,11,3,3,1,4,2,9,7,1,2,5,5,2,5,6,1,3
3,38,34,0,1,2,0,48,0,1,0,3,0,4,1,6,4,1,1,3,3,1,2,5,0,7,2,8,4,2,1,1,4,4,2,4,1,7,1,35,25,1,1,4,32,0,2,26,0,0,38,15,0,2,47,0,0,38,1,0,0,44,0,2,2,0,47,0,2,0,6,0,3,1,35,1,0,3,4,2,14,4,6,1,4,5,5,5,3,3,2,4,2,4,3,6,5,1,5,2,5,3,5,9,2,2,5,3,3,3,8,11,3,3,1,4,2,9,7,1,2,5,5,2,5,6,1,3
0,38,34,0,1,2,0,48,0,1,0,3,0,4,1,6,4,1,1,3,3,1,2,5,0,7,2,8,4,2,1,1,4,4,2,4,1,7,1,35,25,1,1,4,32,0,2,26,0,0,38,15,0,2,47,0,0,38,1,0,0,44,0,2,2,0,47,0,2,0,6,0,3,1,35,0,0,2,0,3,1,0,2,27,5,0,2,2,4,2,3,1,2,5,4,4,5,3,5,3,6,3,2,3,1,31,3,2,1,44,0,2,38,16,0,0,1,0,2,5,0,3,2,3,1,2,2,5
0,0,32,0,0,2,0,2,39,18,4,1,1,1,0,3,5,5,3,4,6,4,6,3,1,3,2,2,3,4,5,3,4,3,3,3,4,7,6,4,27,10,6,7,34,26,0,3,0,2,1,0,4,44,0,0,22,0,0,1,50,0,0,0,49,22,0,0,4,33,4,0,0,0,12,0,0,2,0,3,1,0,2,27,5,0,2,2,4,2,3,1,2,5,4,4,5,3,5,3,6,3,2,3,1,31,3,2,1,44,0,2,38,16,0,0,1,0,2,5,0,3,2,3,1,2,2,5
0,0,32,0,0,2,0,2,39,18,4,1,1,1,0,3,5,5,3,4,6,4,6,3,1,3,2,2,3,4,5,3,4,3,3,3,4,7,6,4,27,10,6,7,34,26,0,3,0,2,1,0,4,44,0,0,22,0,0,1,50,0,0,0,49,22,0,0,4,33,4,0,0,0,0,1,6,4,6,1,2,2,3,3,6,5,4,4,2,4,3,7,2,2,2,3,2,1,4,3,2,3,0,2,1,16,2,8,1,29,8,8,0,35,2,0,2,2,4,3,1,4,3,0,2,2,1,3
0,58,15,0,0,0,79,5,0,0,0,5,0,0,2,4,0,0,4,1,1,4,5,1,2,4,1,1,2,4,4,2,1,2,4,2,4,4,4,7,74,55,4,0,0,68,0,0,74,54,0,0,77,4,0,0,71,0,0,65,0,0,76,0,0,0,68,7,0,0,1,63,9,0,0,1,6,4,6,1,2,2,3,3,6,5,4,4,2,4,3,7,2,2,2,3,2,1,4,3,2,3,0,2,1,16,2,8,1,29,8,8,0,35,2,0,2,2,4,3,1,4,3,0,2,2,1,3
0,58,15,0,0,0,79,5,0,0,0,5,0,0,2,4,0,0,4,1,1,4,5,1,2,4,1,1,2,4,4,2,1,2,4,2,4,4,4,7,74,55,4,0,0,68,0,0,74,54,0,0,77,4,0,0,71,0,0,65,0,0,76,0,0,0,68,7,0,0,1,63,9,0,0,0,1,3,0,4,0,3,1,19,1,0,1,1,4,6,3,11,2,2,1,2,2,8,1,0,4,6,4,84,64,0,2,0,71,0,0,82,9,0,65,8,0,67,1,0,0,76,0,0,79,39,0,0
0,0,18,0,0,1,0,1,6,83,20,0,0,0,0,0,2,3,1,2,4,4,1,6,3,1,5,1,3,2,2,4,4,2,2,2,8,2,1,69,36,0,0,0,81,0,0,81,52,0,78,39,0,0,66,9,0,70,62,0,0,74,36,0,0,0,80,31,0,0,0,0,0,0,0,0,1,3,0,4,0,3,1,19,1,0,1,1,4,6,3,11,2,2,1,2,2,8,1,0,4,6,4,84,64,0,2,0,71,0,0,82,9,0,65,8,0,67,1,0,0,76,0,0,79,39,0,0
0,0,18,0,0,1,0,1,6,83,20,0,0,0,0,0,2,3,1,2,4,4,1,6,3,1,5,1,3,2,2,4,4,2,2,2,8,2,1,69,36,0,0,0,81,0,0,81,52,0,78,39,0,0,66,9,0,70,62,0,0,74,36,0,0,0,80,31,0,0,0,0,0,0,1,2,1,1,5,3,2,12,0,3,3,3,1,5,3,1,3,5,3,5,3,4,4,7,2,2,3,2,2,9,5,90,0,0,0,61,0,0,67,21,0,64,0,0,79,14,0,0,87,0,0,84,47,0
0,0,78,0,0,0,0,0,0,3,3,0,1,3,2,6,3,3,1,3,2,4,2,5,2,3,4,2,3,5,0,2,1,1,1,2,3,2,7,85,62,0,0,72,51,0,0,0,84,0,0,79,5,0,82,28,0,0,71,0,0,0,76,9,0,59,11,0,0,0,81,58,0,0,1,2,1,1,5,3,2,12,0,3,3,3,1,5,3,1,3,5,3,5,3,4,4,7,2,2,3,2,2,9,5,90,0,0,0,61,0,0,67,21,0,64,0,0,79,14,0,0,87,0,0,84,47,0
0,0,78,0,0,0,0,0,0,3,3,0,1,3,2,6,3,3,1,3,2,4,2,5,2,3,4,2,3,5,0,2,1,1,1,2,3,2,7,85,62,0,0,72,51,0,0,0,84,0,0,79,5,0,82,28,0,0,71,0,0,0,76,9,0,59,11,0,0,0,81,58,0,0,0,0,0,8,3,2,9,2,4,5,3,8,1,2,5,0,7,8,1,3,3,2,4,4,4,4,1,2,6,1,3,86,63,0,0,5,70,0,0,66,0,0,77,0,0,64,0,0,74,3,0,64,54,0
17,3,0,0,0,82,42,0,0,0,0,0,4,5,9,2,0,4,0,4,4,7,3,1,5,3,3,2,5,6,2,3,7,2,8,4,2,4,3,4,84,45,0,0,3,74,0,0,0,84,46,0,69,0,0,0,75,0,16,73,0,0,67,19,0,0,0,75,0,0,0,0,2,0,0,0,0,8,3,2,9,2,4,5,3,8,1,2,5,0,7,8,1,3,3,2,4,4,4,4,1,2,6,1,3,86,63,0,0,5,70,0,0,66,0,0,77,0,0,64,0,0,74,3,0,64,54,0
17,3,0,0,0,82,42,0,0,0,0,0,4,5,9,2,0,4,0,4,4,7,3,1,5,3,3,2,5,6,2,3,7,2,8,4,2,4,3,4,84,45,0,0,3,74,0,0,0,84,46,0,69,0,0,0,75,0,16,73,0,0,67,19,0,0,0,75,0,0,0,0,2,0,23,0,2,4,3,2,3,2,2,2,5,5,1,1,6,1,2,4,3,2,0,3,5,5,3,4,6,6,5,48,1,5,0,1,5,6,3,0,3,1,1,3,2,4,1,3,2,2,2,3,3,2,5,4
3,3,4,1,3,1,5,3,2,4,4,4,2,2,2,4,4,3,4,5,2,3,3,1,1,4,3,2,1,3,3,1,3,6,4,5,2,2,6,2,3,3,1,7,3,6,3,2,4,2,2,3,7,4,1,5,2,2,1,5,7,2,5,2,3,3,2,7,7,2,6,4,3,2,7,0,2,4,3,2,3,2,2,2,5,5,1,1,6,1,2,4,3,2,0,3,5,5,3,4,6,6,5,48,1,5,0,1,5,6,3,0,3,1,1,3,2,4,1,3,2,2,2,3,3,2,5,4
3,3,4,1,3,1,5,3,2,4,4,4,2,2,2,4,4,3,4,5,2,3,3,1,1,4,3,2,1,3,3,1,3,6,4,5,2,2,6,2,3,3,1,7,3,6,3,2,4,2,2,3,7,4,1,5,2,2,1,5,7,2,5,2,3,3,2,7,7,2,6,4,3,2,3,1,4,2,4,2,5,2,3,17,3,23,13,2,2,5,2,4,2,5,2,4,3,0,2,5,1,5,8,4,2,4,2,5,3,3,2,3,6,6,3,1,5,0,3,3,2,7,3,6,8,3,2,4
6,2,4,6,15,0,1,2,1,3,5,5,3,5,4,4,5,6,3,2,2,4,1,1,2,3,4,2,5,1,2,2,1,6,4,4,3,5,2,4,7,3,2,5,2,2,4,2,5,1,8,5,1,2,5,4,3,2,6,5,2,6,3,1,2,8,1,4,2,2,3,2,4,5,5,1,4,2,4,2,5,2,3,17,3,23,13,2,2,5,2,4,2,5,2,4,3,0,2,5,1,5,8,4,2,4,2,5,3,3,2,3,6,6,3,1,5,0,3,3,2,7,3,6,8,3,2,4
6,2,4,6,15,0,1,2,1,3,5,5,3,5,4,4,5,6,3,2,2,4,1,1,2,3,4,2,5,1,2,2,1,6,4,4,3,5,2,4,7,3,2,5,2,2,4,2,5,1,8,5,1,2,5,4,3,2,6,5,2,6,3,1,2,8,1,4,2,2,3,2,4,5,5,6,1,4,5,3,7,3,3,3,2,10,2,7,3,2,4,2,4,5,1,7,4,3,8,2,7,2,2,7,3,4,1,5,2,3,8,3,5,9,1,3,4,3,3,4,2,18,2,0,5,2,1,8
3,2,1,1,5,1,2,2,7,2,5,1,5,2,4,3,1,3,3,3,2,3,5,4,5,3,6,7,2,3,6,4,3,2,4,0,2,4,7,2,5,2,4,6,21,15,2,0,4,8,3,0,6,3,0,4,0,6,2,1,4,4,2,4,8,2,1,3,4,0,3,6,4,7,3,6,1,4,5,3,7,3,3,3,2,10,2,7,3,2,4,2,4,5,1,7,4,3,8,2,7,2,2,7,3,4,1,5,2,3,8,3,5,9,1,3,4,3,3,4,2,18,2,0,5,2,1,8
3,2,1,1,5,1,2,2,7,2,5,1,5,2,4,3,1,3,3,3,2,3,5,4,5,3,6,7,2,3,6,4,3,2,4,0,2,4,7,2,5,2,4,6,21,15,2,0,4,8,3,0,6,3,0,4,0,6,2,1,4,4,2,4,8,2,1,3,4,0,3,6,4,7,3,2,4,3,15,6,1,6,2,5,2,3,4,3,2,2,3,1,2,1,3,2,3,4,2,4,1,4,3,5,2,5,4,8,2,4,3,3,7,1,4,1,3,2,4,3,7,3,3,4,3,5,11,3
1,3,3,4,3,2,4,3,1,2,3,4,2,5,3,2,12,1,3,7,7,3,4,4,1,4,4,5,2,2,8,3,3,2,4,2,5,6,2,4,3,5,1,6,3,2,5,3,3,3,4,3,2,3,2,6,3,3,4,2,5,3,5,2,4,5,3,4,5,5,6,4,0,4,3,2,4,3,15,6,1,6,2,5,2,3,4,3,2,2,3,1,2,1,3,2,3,4,2,4,1,4,3,5,2,5,4,8,2,4,3,3,7,1,4,1,3,2,4,3,7,3,3,4,3,5,11,3
2,3,3,4,3,2,4,3,1,2,3,4,2,5,3,2,12,1,3,7,7,3,4,4,1,4,4,5,2,2,8,3,3,2,4,2,5,6,2,4,3,5,1,6,3,2,5,3,3,3,4,3,2,3,2,6,3,3,4,2,5,3,5,2,4,5,3,4,5,5,6,4,0,4,3,2,4,3,19,3,1,5,5,4,5,2,2,6,43,0,2,0,2,0,4,2,8,1,4,4,1,4,5,3,3,1,2,3,3,2,2,4,5,4,4,4,2,5,4,5,1,4,3,2,1,5,3,1
5,4,6,2,1,3,7,2,1,3,1,5,6,4,3,0,1,4,7,2,3,3,4,4,6,8,4,6,3,1,0,4,2,3,1,2,5,4,2,1,4,1,2,2,2,5,4,2,1,3,6,2,4,2,3,9,4,2,5,4,4,3,2,5,1,7,3,2,6,4,3,3,2,3,2,2,4,3,19,3,1,5,5,4,5,2,2,6,43,0,2,0,2,0,4,2,8,1,4,4,1,4,5,3,3,1,2,3,3,2,2,4,5,4,4,4,2,5,4,5,1,4,3,2,1,5,3,1
5,4,6,2,1,3,7,2,1,3,1,5,6,4,3,0,1,4,7,2,3,3,4,4,6,8,4,6,3,1,0,4,2,3,1,2,5,4,2,1,4,1,2,2,2,5,4,2,1,3,6,2,4,2,3,9,4,2,5,4,4,3,2,5,1,7,3,2,6,4,3,3,2,3,2,3,7,3,2,4,4,16,3,1,7,3,4,4,3,5,2,4,4,3,3,9,5,3,2,4,1,3,1,6,1,3,4,5,5,5,1,4,7,2,3,1,5,2,3,4,1,3,3,3,1,3,3,1
3,3,3,5,1,2,4,5,3,3,6,4,8,6,2,3,4,3,4,3,3,6,2,4,4,4,19,4,4,0,6,4,3,1,5,2,6,3,3,2,3,5,4,1,8,6,2,6,2,1,3,3,4,4,4,9,8,1,0,5,1,2,4,6,3,2,4,5,1,3,2,4,3,2,6,3,7,3,2,4,4,16,3,1,7,3,4,4,3,5,2,4,4,3,3,9,5,3,2,4,1,3,1,6,1,3,4,5,5,5,1,4,7,2,3,1,5,2,3,4,1,3,3,3,1,3,3,1
3,3,3,5,1,2,4,5,3,3,6,4,8,6,2,3,4,3,4,3,3,6,2,4,4,4,19,4,4,0,6,4,3,1,5,2,6,3,3,2,3,5,4,1,8,6,2,6,2,1,3,3,4,4,4,9,8,1,0,5,1,2,4,6,3,2,4,5,1,3,2,4,3,2,6,3,6,2,3,8,5,6,17,2,1,3,3,2,5,0,2,0,4,2,2,2,1,3,7,4,3,3,9,7,2,2,2,4,5,2,3,4,1,2,6,5,1,4,4,3,4,2,3,5,3,3,2,4
5,2,3,5,2,3,2,0,1,3,6,3,1,4,1,5,3,5,1,8,4,2,2,5,3,1,2,3,1,6,3,2,2,2,5,6,1,3,4,2,2,4,6,5,2,4,6,1,6,1,2,5,3,3,1,5,3,4,3,1,3,3,5,1,2,6,2,6,4,4,5,2,2,3,5,3,6,2,3,8,5,6,17,2,1,3,3,2,5,0,2,0,4,2,2,2,1,3,7,4,3,3,9,7,2,2,2,4,5,2,3,4,1,2,6,5,1,4,4,3,4,2,3,5,3,3,2,4
5,2,3,5,2,3,2,0,1,3,6,3,1,4,1,5,3,5,1,8,4,2,2,5,3,1,2,3,1,6,3,2,2,2,5,6,1,3,4,2,2,4,6,5,2,4,6,1,6,1,2,5,3,3,1,5,3,4,3,1,3,3,5,1,2,6,2,6,4,4,5,2,2,3,5,8,4,7,3,4,4,3,2,4,20,3,3,3,0,16,0,2,7,2,5,3,4,1,3,2,2,3,3,4,2,4,1,5,4,6,3,2,7,2,4,4,4,4,5,3,1,3,3,2,3,5,1,5
2,1,2,2,4,5,2,3,7,2,6,6,3,5,7,3,4,3,7,2,2,3,2,5,2,2,4,2,2,2,1,8,2,4,4,5,5,2,1,2,2,5,3,8,2,3,4,2,4,1,3,2,4,3,3,2,1,4,2,9,2,1,6,2,5,29,3,3,4,4,2,4,6,1,2,2,3,7,2,6,30,0,1,0,5,4,1,3,5,4,4,1,3,5,3,5,4,6,3,2,1,8,6,6,2,4,3,3,4,6,1,2,3,3,2,3,2,4,3,5,4,3,2,1,5,4,14,5
2,1,2,2,4,5,2,3,7,2,6,6,3,5,7,3,4,3,7,2,2,3,2,5,2,2,4,2,2,2,1,8,2,4,4,5,5,2,1,2,2,5,3,8,2,3,4,2,4,1,3,2,4,3,3,2,1,4,2,9,2,1,6,2,5,29,3,3,4,4,2,4,6,1,2,1,7,3,9,18,0,3,2,3,1,2,5,3,6,5,3,2,5,3,1,4,5,3,1,3,2,2,2,4,3,7,6,4,6,3,6,0,2,3,3,5,2,3,4,7,2,5,3,26,14,0,5,3
3,3,3,5,4,2,7,6,4,3,6,4,2,6,3,2,3,6,1,8,3,5,5,3,2,2,2,5,6,3,2,3,5,3,1,4,2,1,4,5,2,3,2,3,2,3,2,4,5,2,3,5,4,5,3,3,3,3,4,2,3,3,1,2,5,3,4,2,3,4,2,3,2,1,3,1,7,3,9,18,0,3,2,3,1,2,5,3,6,5,3,2,5,3,1,4,5,3,1,3,2,2,2,4,3,7,6,4,6,3,6,0,2,3,3,5,2,3,4,7,2,5,3,26,14,0,5,3
3,3,3,5,4,2,7,6,4,3,6,4,2,6,3,2,3,6,1,8,3,5,5,3,2,2,2,5,6,3,2,3,5,3,1,4,2,1,4,5,2,3,2,3,2,3,2,4,5,2,3,5,4,5,3,3,3,3,4,2,3,3,1,2,5,3,4,2,3,4,2,3,2,1,3,5,1,2,1,6,3,7,7,2,2,1,23,12,3,0,3,2,3,3,4,2,6,2,5,7,1,6,2,3,3,0,4,3,4,2,2,4,7,5,3,3,1,3,6,2,3,3,2,6,4,3,1,2
1,5,4,6,3,7,9,5,2,3,4,6,7,2,7,2,1,4,2,2,4,6,2,5,3,4,2,4,4,5,8,2,5,2,3,2,3,4,4,2,2,2,1,2,5,3,4,3,2,3,3,1,8,3,5,2,3,3,5,2,4,2,3,5,6,1,7,2,0,3,5,3,2,3,4,5,1,2,1,6,3,7,7,2,2,1,23,12,3,0,3,2,3,3,4,2,6,2,5,7,1,6,2,3,3,0,4,3,4,2,2,4,7,5,3,3,1,3,6,2,3,3,2,6,4,3,1,2
1,5,4,6,3,7,9,5,2,3,4,6,7,2,7,2,1,4,2,2,4,6,2,5,3,4,2,4,4,5,8,2,5,2,3,2,3,4,4,2,2,2,1,2,5,3,4,3,2,3,3,1,8,3,5,2,3,3,5,2,4,2,3,5,6,1,7,2,0,3,5,3,2,3,4,4,4,2,3,5,11,5,2,1,3,5,1,1,4,3,6,3,4,5,2,3,3,2,5,7,3,6,3,1,7,3,1,6,5,5,2,4,4,3,5,6,2,8,3,1,2,5,3,6,2,2,3,2
3,4,1,5,4,6,3,2,2,3,4,7,0,2,4,1,1,1,1,2,3,3,4,4,7,4,3,2,2,2,3,4,1,4,7,5,4,3,2,5,2,2,5,3,3,1,3,5,2,4,3,3,6,5,1,2,5,1,1,3,6,3,3,2,1,4,5,2,3,5,3,2,6,3,4,4,4,2,3,5,11,5,2,1,3,5,1,1,4,3,6,3,4,5,2,3,3,2,5,7,3,6,3,1,7,3,1,6,5,5,2,4,4,3,5,6,2,8,3,1,2,5,3,6,2,2,3,2
3,4,1,5,4,6,3,2,2,3,4,7,0,2,4,1,1,1,1,2,3,3,4,4,7,4,3,2,2,2,3,4,1,4,7,5,4,3,2,5,2,2,5,3,3,1,3,5,2,4,3,3,6,5,1,2,5,1,1,3,6,3,3,2,1,4,5,2,3,5,3,2,6,3,4,4,3,3,4,7,2,12,0,7,2,2,1,3,3,10,4,2,3,4,4,7,2,3,6,6,0,7,6,3,2,2,3,2,1,9,1,3,3,5,3,3,5,6,3,3,1,3,1,5,5,1,0,4
6,7,4,7,1,2,2,5,3,3,4,3,2,2,3,3,4,4,2,3,4,4,4,1,3,8,4,1,3,4,2,4,3,1,2,6,2,3,1,0,4,4,1,2,10,3,5,5,3,3,0,7,4,5,6,3,5,3,5,7,2,4,1,1,4,4,2,4,3,4,2,4,5,1,2,4,3,3,4,7,2,12,0,7,2,2,1,3,3,10,4,2,3,4,4,7,2,3,6,6,0,7,6,3,2,2,3,2,1,9,1,3,3,5,3,3,5,6,3,3,1,3,1,5,5,1,0,4
9,7,4,7,1,2,2,5,3,3,4,3,2,2,3,3,4,4,2,3,4,4,4,1,3,8,4,1,3,4,2,4,3,1,2,6,2,3,1,0,4,4,1,2,10,3,5,5,3,3,0,7,4,5,6,3,5,3,5,7,2,4,1,1,4,4,2,4,3,4,2,4,5,1,2,3,3,2,2,19,3,2,2,3,4,3,4,3,3,2,4,8,6,2,5,4,2,3,4,2,2,3,7,6,1,2,2,5,2,5,2,4,5,2,3,2,2,9,4,3,3,10,4,8,3,2,4,4
9,2,2,5,3,7,3,3,5,1,7,3,5,7,10,2,3,8,1,6,4,2,1,2,3,3,3,2,2,4,2,6,1,1,3,4,5,4,2,7,3,4,3,3,1,6,1,3,4,3,1,3,3,2,2,6,4,2,5,4,3,3,3,5,2,5,2,2,3,1,5,3,4,3,3,3,3,2,2,19,3,2,2,3,4,3,4,3,3,2,4,8,6,2,5,4,2,3,4,2,2,3,7,6,1,2,2,5,2,5,2,4,5,2,3,2,2,9,4,3,3,10,4,8,3,2,4,4
1,2,2,5,3,7,3,3,5,1,7,3,5,7,10,2,3,8,1,6,4,2,1,2,3,3,3,2,2,4,2,6,1,1,3,4,5,4,2,7,3,4,3,3,1,6,1,3,4,3,1,3,3,2,2,6,4,2,5,4,3,3,3,5,2,5,2,2,3,1,5,3,4,3,3,5,1,1,3,5,8,25,2,3,5,5,2,0,3,2,2,6,5,2,3,7,3,2,3,4,1,3,6,5,2,3,4,1,4,2,3,4,5,2,4,3,3,1,5,5,2,6,3,3,4,5,1,3
5,3,4,4,4,6,5,1,1,2,1,2,2,3,7,2,4,12,1,2,3,6,4,4,3,3,3,1,4,5,2,1,6,1,6,3,3,9,7,2,6,3,3,4,5,1,7,6,6,7,1,2,6,4,4,3,7,5,5,3,3,2,4,3,6,1,1,4,6,0,4,4,7,2,3,5,1,1,3,5,8,25,2,3,5,5,2,0,3,2,2,6,5,2,3,7,3,2,3,4,1,3,6,5,2,3,4,1,4,2,3,4,5,2,4,3,3,1,5,5,2,6,3,3,4,5,1,3
5,3,4,4,4,6,5,1,1,2,1,2,2,3,7,2,4,12,1,2,3,6,4,4,3,3,3,1,4,5,2,1,6,1,6,3,3,9,7,2,6,3,3,4,5,1,7,6,6,7,1,2,6,4,4,3,7,5,5,3,3,2,4,3,6,1,1,4,6,0,4,4,7,2,3,2,4,2,3,4,10,2,19,3,4,1,3,1,3,1,6,4,0,2,4,2,4,3,3,5,4,1,4,1,1,4,1,4,5,4,2,6,5,8,3,1,3,8,2,1,1,3,4,7,3,5,2,3
3,2,4,3,2,2,2,6,5,2,5,3,2,7,4,4,5,1,5,2,2,3,4,3,3,2,4,2,3,1,3,3,1,2,2,1,3,3,2,4,4,8,4,4,3,1,3,4,2,2,3,2,5,4,4,3,2,3,3,2,5,0,8,3,5,3,2,2,7,2,2,6,3,3,3,2,4,2,3,4,10,2,19,3,4,1,3,1,3,1,6,4,0,2,4,2,4,3,3,5,4,1,4,1,1,4,1,4,5,4,2,6,5,8,3,1,3,8,2,1,1,3,4,7,3,5,2,3
3,2,4,3,2,2,2,6,5,2,5,3,2,7,4,4,5,1,5,2,2,3,4,3,3,2,4,2,3,1,3,3,1,2,2,1,3,3,2,4,4,8,4,4,3,1,3,4,2,2,3,2,5,4,4,3,2,3,3,2,5,0,8,3,5,3,2,2,7,2,2,6,3,3,3,3,1,5,2,5,2,1,16,3,3,3,1,6,0,2,2,4,6,5,2,3,3,3,3,5,1,2,3,2,4,2,2,2,5,4,4,4,5,7,2,4,2,5,3,2,3,5,2,3,6,3,3,0
4,1,2,2,4,3,7,1,5,4,4,10,0,5,3,6,5,7,2,5,0,5,8,2,1,4,6,6,5,3,1,5,2,1,2,3,1,7,3,3,7,1,0,9,4,5,5,2,2,2,3,6,4,2,5,2,2,2,3,2,3,2,2,2,2,6,5,4,2,5,2,3,2,2,4,3,1,5,2,5,2,1,16,3,3,3,1,6,0,2,2,4,6,5,2,3,3,3,3,5,1,2,3,2,4,2,2,2,5,4,4,4,5,7,2,4,2,5,3,2,3,5,2,3,6,3,3,0
4,1,2,2,4,3,7,1,5,4,4,10,0,5,3,6,5,7,2,5,0,5,8,2,1,4,6,6,5,3,1,5,2,1,2,3,1,7,3,3,7,1,0,9,4,5,5,2,2,2,3,6,4,2,5,2,2,2,3,2,3,2,2,2,2,6,5,4,2,5,2,3,2,2,4,2,1,3,3,2,5,1,1,2,19,3,3,7,3,3,2,1,7,9,1,3,7,8,1,4,3,4,4,2,2,3,2,1,3,5,6,3,1,5,1,5,3,2,3,2,4,1,6,4,3,5,3,3
3,3,3,7,3,2,2,3,2,7,2,2,1,2,2,2,4,3,4,2,1,6,3,1,5,4,2,7,3,2,1,3,4,4,3,1,3,6,2,2,3,5,6,4,2,3,3,6,4,5,0,4,3,1,4,3,3,1,3,8,3,3,3,3,3,6,3,6,6,1,4,1,1,2,0,2,1,3,3,2,5,1,1,2,19,3,3,7,3,3,2,1,7,9,1,3,7,8,1,4,3,4,4,2,2,3,2,1,3,5,6,3,1,5,1,5,3,2,3,2,4,1,6,4,3,5,3,3
3,3,3,7,3,2,2,3,2,7,2,2,1,2,2,2,4,3,4,2,1,6,3,1,5,4,2,7,3,2,1,3,4,4,3,1,3,6,2,2,3,5,6,4,2,3,3,6,4,5,0,4,3,1,4,3,3,1,3,8,3,3,3,3,3,6,3,6,6,1,4,1,1,2,0,5,4,13,5,2,1,3,4,2,7,2,5,3,3,2,2,2,1,7,5,6,2,1,7,4,1,5,4,2,2,1,1,3,8,6,3,5,1,3,2,6,2,2,7,3,2,3,3,4,4,4,4,4
6,4,2,2,2,1,3,2,3,3,3,2,5,7,2,3,4,2,3,1,7,3,7,1,1,5,7,4,7,7,1,3,3,7,3,2,0,6,6,2,2,3,5,3,5,0,7,3,8,5,5,3,3,3,4,1,9,2,5,7,4,2,1,4,2,2,3,3,7,3,2,4,1,4,2,5,4,13,5,2,1,3,4,2,7,2,5,3,3,2,2,2,1,7,5,6,2,1,7,4,1,5,4,2,2,1,1,3,8,6,3,5,1,3,2,6,2,2,7,3,2,3,3,4,4,4,4,4
6,4,2,2,2,1,3,2,3,3,3,2,5,7,2,3,4,2,3,1,7,3,7,1,1,5,7,4,7,7,1,3,3,7,3,2,0,6,6,2,2,3,5,3,5,0,7,3,8,5,5,3,3,3,4,1,9,2,5,7,4,2,1,4,2,2,3,3,7,3,2,4,1,4,2,4,6,3,2,2,3,3,17,2,3,5,5,3,1,6,4,1,2,3,2,6,2,8,3,2,5,1,3,2,4,3,4,1,7,4,2,3,6,3,2,4,1,3,3,1,2,5,3,1,2,7,1,4
6,1,2,4,2,5,0,6,3,4,9,2,3,3,9,2,2,5,2,3,3,4,2,7,4,6,6,5,3,4,2,4,8,3,4,2,6,1,2,1,1,5,3,3,4,3,3,4,4,2,2,5,2,4,7,2,20,6,1,1,2,2,1,3,2,5,28,1,4,7,3,6,1,2,2,4,6,3,2,2,3,3,17,2,3,5,5,3,1,6,4,1,2,3,2,6,2,8,3,2,5,1,3,2,4,3,4,1,7,4,2,3,6,3,2,4,1,3,3,1,2,5,3,1,2,7,1,4
6,1,2,4,2,5,0,6,3,4,9,2,3,3,9,2,2,5,2,3,3,4,2,7,4,6,6,5,3,4,2,4,8,3,4,2,6,1,2,1,1,5,3,3,4,3,3,4,4,2,2,5,2,4,7,2,20,6,1,1,2,2,1,3,2,5,28,1,4,7,3,6,1,2,2,2,3,3,4,13,3,3,5,4,5,2,3,3,1,3,3,7,1,5,2,1,6,7,6,2,3,7,1,1,7,2,3,4,3,5,2,1,2,3,4,3,2,6,18,5,2,7,2,2,2,8,1,3
4,8,2,1,3,6,6,4,2,3,6,3,1,2,3,3,4,1,1,3,3,3,7,1,1,3,2,1,3,6,2,3,3,1,2,1,3,1,5,5,1,3,5,2,3,6,3,3,6,3,2,5,4,5,4,5,6,1,3,3,6,1,8,7,3,7,6,2,8,4,2,2,7,1,3,2,3,3,4,13,3,3,5,4,5,2,3,3,1,3,3,7,1,5,2,1,6,7,6,2,3,7,1,1,7,2,3,4,3,5,2,1,2,3,4,3,2,6,18,5,2,7,2,2,2,8,1,3
4,8,2,1,3,6,6,4,2,3,6,3,1,2,3,3,4,1,1,3,3,3,7,1,1,3,2,1,3,6,2,3,3,1,2,1,3,1,5,5,1,3,5,2,3,6,3,3,6,3,2,5,4,5,4,5,6,1,3,3,6,1,8,7,3,7,6,2,8,4,2,2,7,1,3,3,6,10,6,1,6,18,0,1,9,2,2,2,3,2,1,3,2,4,2,8,5,3,3,3,3,2,2,5,2,3,4,2,2,2,2,2,7,1,5,4,1,5,3,4,3,2,5,3,8,3,2,4
3,6,5,2,1,2,7,1,5,3,2,3,3,2,2,11,0,4,5,3,3,3,0,9,6,2,6,1,1,6,2,4,1,4,3,2,3,2,3,1,2,4,7,2,1,5,2,6,3,2,1,6,4,5,4,2,7,3,3,2,4,3,2,2,4,3,2,2,27,1,4,5,0,4,2,3,6,10,6,1,6,18,0,1,9,2,2,2,3,2,1,3,2,4,2,8,5,3,3,3,3,2,2,5,2,3,4,2,2,2,2,2,7,1,5,4,1,5,3,4,3,2,5,3,8,3,2,4
3,6,5,2,1,2,7,1,5,3,2,3,3,2,2,11,0,4,5,3,3,3,0,9,6,2,6,1,1,6,2,4,1,4,3,2,3,2,3,1,2,4,7,2,1,5,2,6,3,2,1,6,4,5,4,2,7,3,3,2,4,3,2,2,4,3,2,2,27,1,4,5,0,4,2,3,3,1,2,0,12,3,3,4,4,3,2,2,5,3,4,2,4,5,3,5,4,4,3,2,2,5,5,4,3,2,6,4,0,5,4,2,3,9,3,1,1,4,3,0,4,1,4,3,3,2,4,2
4,5,3,3,6,2,6,3,2,1,5,3,2,7,3,2,6,4,3,1,1,4,7,1,3,5,3,3,1,3,3,5,1,3,8,6,3,3,3,2,1,2,5,1,9,2,1,5,6,4,3,1,6,2,3,6,2,4,3,5,2,5,2,3,1,2,2,2,5,5,2,3,3,4,3,3,3,1,2,0,12,3,3,4,4,3,2,2,5,3,4,2,4,5,3,5,4,4,3,2,2,5,5,4,3,2,6,4,0,5,4,2,3,9,3,1,1,4,3,0,4,1,4,3,3,2,4,2
4,5,3,3,6,2,6,3,2,1,5,3,2,7,3,2,6,4,3,1,1,4,7,1,3,5,3,3,1,3,3,5,1,3,8,6,3,3,3,2,1,2,5,1,9,2,1,5,6,4,3,1,6,2,3,6,2,4,3,5,2,5,2,3,1,2,2,2,5,5,2,3,3,4,3,4,4,3,2,2,5,2,6,4,6,1,1,4,4,7,1,12,5,1,3,2,2,2,3,2,3,5,3,4,6,3,2,1,3,3,0,5,4,1,6,3,5,2,5,1,5,4,3,3,2,1,3,6
6,1,1,3,5,1,0,11,3,3,3,4,2,3,3,2,4,4,2,4,6,2,2,6,7,4,3,7,1,3,4,2,4,4,7,8,3,7,3,1,4,3,7,2,2,4,4,7,1,7,3,3,1,5,5,1,2,3,2,4,2,3,3,5,5,2,7,4,2,2,3,6,4,4,6,4,4,3,2,2,5,2,6,4,6,1,1,4,4,7,1,12,5,1,3,2,2,2,3,2,3,5,3,4,6,3,2,1,3,3,0,5,4,1,6,3,5,2,5,1,5,4,3,3,2,1,3,6
6,1,1,3,5,1,0,11,3,3,3,4,2,3,3,2,4,4,2,4,6,2,2,6,7,4,3,7,1,3,4,2,4,4,7,8,3,7,3,1,4,3,7,2,2,4,4,7,1,7,3,3,1,5,5,1,2,3,2,4,2,3,3,5,5,2,7,4,2,2,3,6,4,4,6,4,3,5,5,7,3,5,4,2,4,8,0,5,3,5,3,2,2,5,3,1,1,8,2,2,2,5,2,2,4,2,3,2,1,8,3,3,4,6,1,1,4,2,0,5,6,3,5,3,4,6,2,3
0,4,0,3,40,0,0,0,0,0,4,1,3,2,3,3,8,3,4,3,3,7,4,1,1,0,6,5,2,3,0,2,5,6,6,3,2,8,5,2,7,45,26,2,1,53,15,0,0,3,1,2,0,2,5,1,4,5,0,4,2,5,6,4,1,2,6,5,4,2,2,1,5,3,2,4,3,5,5,7,3,5,4,2,4,8,0,5,3,5,3,2,2,5,3,1,1,8,2,2,2,5,2,2,4,2,3,2,1,8,3,3,4,6,1,1,4,2,0,5,6,3,5,3,4,6,2,3
1,4,0,3,40,0,0,0,0,0,4,1,3,2,3,3,8,3,4,3,3,7,4,1,1,0,6,5,2,3,0,2,5,6,6,3,2,8,5,2,7,45,26,2,1,53,15,0,0,3,1,2,0,2,5,1,4,5,0,4,2,5,6,4,1,2,6,5,4,2,2,1,5,3,3,3,3,3,3,2,5,2,3,5,4,4,3,4,4,5,7,2,35,2,1,3,3,0,4,3,1,1,7,4,6,3,3,3,3,2,4,7,6,6,3,3,3,10,1,1,3,4,2,2,1,1,3,1
6,2,3,5,2,3,3,3,2,4,3,5,6,6,4,3,3,1,3,3,5,1,1,2,8,3,6,5,3,6,7,3,2,4,2,10,5,2,4,4,5,2,4,4,2,3,2,2,4,5,3,2,4,5,6,7,3,5,3,3,2,4,3,8,3,2,4,8,1,3,4,9,2,2,2,3,3,3,3,2,5,2,3,5,4,4,3,4,4,5,7,2,35,2,1,3,3,0,4,3,1,1,7,4,6,3,3,3,3,2,4,7,6,6,3,3,3,10,1,1,3,4,2,2,1,1,3,1
6,2,3,5,2,3,3,3,2,4,3,5,6,6,4,3,3,1,3,3,5,1,1,2,8,3,6,5,3,6,7,3,2,4,2,10,5,2,4,4,5,2,4,4,2,3,2,2,4,5,3,2,4,5,6,7,3,5,3,3,2,4,3,8,3,2,4,8,1,3,4,9,2,2,2,2,6,2,2,2,2,4,19,3,5,9,3,4,4,6,4,3,1,3,7,3,2,0,4,2,2,4,2,2,1,5,3,2,2,3,4,3,1,5,5,2,2,2,3,4,4,1,0,3,8,2,9,3
1,3,3,5,2,1,2,5,7,5,2,4,7,2,6,2,4,45,19,0,2,3,1,0,4,4,3,3,1,3,0,2,3,5,3,2,5,2,3,4,1,3,4,5,3,5,4,6,2,4,54,0,2,3,3,4,0,2,5,4,3,4,3,2,2,4,6,7,2,2,3,3,3,8,3,2,6,2,2,2,2,4,19,3,5,9,3,4,4,6,4,3,1,3,7,3,2,0,4,2,2,4,2,2,1,5,3,2,2,3,4,3,1,5,5,2,2,2,3,4,4,1,0,3,8,2,9,3
1,3,3,5,2,1,2,5,7,5,2,4,7,2,6,2,4,45,19,0,2,3,1,0,4,4,3,3,1,3,0,2,3,5,3,2,5,2,3,4,1,3,4,5,3,5,4,6,2,4,54,0,2,3,3,4,0,2,5,4,3,4,3,2,2,4,6,7,2,2,3,3,3,8,3,3,5,4,3,7,6,23,6,2,1,1,4,1,2,5,3,1,5,2,1,3,5,0,5,6,3,2,8,2,5,2,4,2,2,3,48,33,0,2,3,0,2,7,1,1,3,5,4,2,5,3,5,3
2,7,2,5,4,2,2,3,2,3,3,6,3,4,3,1,5,4,5,4,1,2,7,4,1,3,4,4,5,2,4,1,3,6,7,2,1,6,2,8,3,5,1,4,3,3,4,2,6,0,4,3,2,5,2,2,4,1,4,2,4,6,3,4,3,1,4,6,3,3,2,3,3,5,2,3,5,4,3,7,6,23,6,2,1,1,4,1,2,5,3,1,5,2,1,3,5,0,5,6,3,2,8,2,5,2,4,2,2,3,48,33,0,2,3,0,2,7,1,1,3,5,4,2,5,3,5,3
2,7,2,5,4,2,2,3,2,3,3,6,3,4,3,1,5,4,5,4,1,2,7,4,1,3,4,4,5,2,4,1,3,6,7,2,1,6,2,8,3,5,1,4,3,3,4,2,6,0,4,3,2,5,2,2,4,1,4,2,4,6,3,4,3,1,4,6,3,3,2,3,3,5,2,5,5,3,7,8,2,3,10,2,3,2,5,6,1,4,5,4,4,27,1,3,3,2,4,1,2,3,5,2,3,6,2,4,1,2,4,2,4,2,10,7,4,4,4,2,9,3,4,4,3,2,1,2
1,5,5,1,5,1,1,3,3,1,7,3,1,4,3,8,2,4,5,6,5,2,4,6,4,1,3,5,3,2,6,0,1,3,4,2,3,2,4,2,4,4,4,4,2,3,1,5,3,2,7,3,2,4,7,5,5,1,2,7,3,3,0,1,4,5,2,4,7,3,3,1,4,4,3,5,5,3,7,8,2,3,10,2,3,2,5,6,1,4,5,4,4,27,1,3,3,2,4,1,2,3,5,2,3,6,2,4,1,2,4,2,4,2,10,7,4,4,4,2,9,3,4,4,3,2,1,2
3,5,5,1,5,1,1,3,3,1,7,3,1,4,3,8,2,4,5,6,5,2,4,6,4,1,3,5,3,2,6,0,1,3,4,2,3,2,4,2,4,4,4,4,2,3,1,5,3,2,7,3,2,4,7,5,5,1,2,7,3,3,0,1,4,5,2,4,7,3,3,1,4,4,3,5,4,3,5,6,6,6,4,7,26,0,0,3,2,4,2,9,3,4,2,3,3,7,3,5,2,3,2,5,4,5,5,0,2,3,2,5,3,3,2,5,3,3,6,1,5,5,4,3,2,0,2,3
3,4,3,1,2,4,2,3,6,13,4,3,7,4,1,2,3,3,2,4,4,5,3,4,2,5,3,2,3,5,3,5,2,4,4,3,1,2,3,3,4,4,2,6,2,4,5,6,5,2,2,5,1,5,3,2,2,2,2,5,3,4,5,3,2,2,2,5,7,2,5,8,5,3,5,5,4,3,5,6,6,6,4,7,26,0,0,3,2,4,2,9,3,4,2,3,3,7,3,5,2,3,2,5,4,5,5,0,2,3,2,5,3,3,2,5,3,3,6,1,5,5,4,3,2,0,2,3
3,4,3,1,2,4,2,3,6,13,4,3,7,4,1,2,3,3,2,4,4,5,3,4,2,5,3,2,3,5,3,5,2,4,4,3,1,2,3,3,4,4,2,6,2,4,5,6,5,2,2,5,1,5,3,2,2,2,2,5,3,4,5,3,2,2,2,5,7,2,5,8,5,3,5,3,4,2,4,3,3,12,6,5,1,1,2,1,2,6,6,1,4,2,18,1,3,3,3,3,2,2,6,2,4,0,2,1,49,0,0,3,0,60,2,50,18,0,0,63,17,35,21,0,62,0,0,50
5,2,1,0,3,1,1,2,2,5,3,0,1,3,2,2,4,4,5,0,4,3,2,4,4,6,2,1,4,6,1,2,3,5,2,2,2,3,3,4,4,3,1,3,5,3,4,3,2,3,3,4,5,4,6,2,3,2,2,2,3,3,4,2,3,4,5,1,6,2,4,4,2,3,5,3,4,2,4,3,3,12,6,5,1,1,2,1,2,6,6,1,4,2,18,1,3,3,3,3,2,2,6,2,4,0,2,1,49,0,0,3,0,60,2,50,18,0,0,63,17,35,21,0,62,0,0,50
5,2,1,0,3,1,1,2,2,5,3,0,1,3,2,2,4,4,5,0,4,3,2,4,4,6,2,1,4,6,1,2,3,5,2,2,2,3,3,4,4,3,1,3,5,3,4,3,2,3,3,4,5,4,6,2,3,2,2,2,3,3,4,2,3,4,5,1,6,2,4,4,2,3,3,3,4,3,18,4,1,4,3,2,3,4,3,3,8,4,3,6,2,4,3,4,3,4,3,1,5,3,5,3,13,4,3,2,2,6,3,6,4,5,3,7,1,2,6,3,2,9,7,3,0,3,3,1
2,5,4,3,2,5,2,5,2,3,3,4,3,2,5,4,6,3,2,5,4,2,2,2,1,2,7,2,3,2,3,3,3,2,4,6,8,3,5,4,2,3,2,2,3,4,1,2,3,4,3,5,5,6,4,5,1,2,1,2,5,4,3,9,4,2,6,2,1,2,6,5,1,2,1,3,4,3,18,4,1,4,3,2,3,4,3,3,8,4,3,6,2,4,3,4,3,4,3,1,5,3,5,3,13,4,3,2,2,6,3,6,4,5,3,7,1,2,6,3,2,9,7,3,0,3,3,1
2,5,4,3,2,5,2,5,2,3,3,4,3,2,5,4,6,3,2,5,4,2,2,2,1,2,7,2,3,2,3,3,3,2,4,6,8,3,5,4,2,3,2,2,3,4,1,2,3,4,3,5,5,6,4,5,1,2,1,2,5,4,3,9,4,2,6,2,1,2,6,5,1,2,1,2,3,2,17,9,3,4,2,2,3,7,4,4,5,1,1,7,1,3,2,5,5,2,4,2,4,1,4,1,2,3,1,1,4,4,4,1,2,5,5,4,7,1,5,4,5,6,4,1,1,2,7,3
8,4,4,4,4,4,4,8,2,3,1,2,6,1,4,4,14,3,1,2,0,3,1,3,4,5,5,3,2,8,2,3,4,8,1,4,3,3,4,2,3,4,3,7,2,4,5,4,4,6,5,2,5,2,5,7,1,3,3,2,6,5,4,2,1,4,4,4,5,6,5,1,2,5,1,2,3,2,17,9,3,4,2,2,3,7,4,4,5,1,1,7,1,3,2,5,5,2,4,2,4,1,4,1,2,3,1,1,4,4,4,1,2,5,5,4,7,1,5,4,5,6,4,1,1,2,7,3
8,4,4,4,4,4,4,8,2,3,1,2,6,1,4,4,14,3,1,2,0,3,1,3,4,5,5,3,2,8,2,3,4,8,1,4,3,3,4,2,3,4,3,7,2,4,5,4,4,6,5,2,5,2,5,7,1,3,3,2,6,5,4,2,1,4,4,4,5,6,5,1,2,5,1,2,1,3,6,2,8,3,5,1,4,11,3,3,3,4,7,2,2,2,2,1,3,2,3,1,2,4,3,3,2,2,2,4,2,4,5,3,2,2,4,7,3,2,2,3,5,5,2,7,3,3,2,5
2,1,2,9,5,5,1,2,5,2,3,4,2,2,3,5,4,5,1,2,2,5,3,4,1,4,2,1,5,1,3,5,3,3,3,3,7,4,4,7,4,8,2,3,1,1,2,3,5,1,3,3,2,2,3,4,2,2,4,4,4,4,4,4,3,2,5,5,3,5,9,3,5,3,2,2,1,3,6,2,8,3,5,1,4,11,3,3,3,4,7,2,2,2,2,1,3,2,3,1,2,4,3,3,2,2,2,4,2,4,5,3,2,2,4,7,3,2,2,3,5,5,2,7,3,3,2,5
3,1,2,9,5,5,1,2,5,2,3,4,2,2,3,5,4,5,1,2,2,5,3,4,1,4,2,1,5,1,3,5,3,3,3,3,7,4,4,7,4,8,2,3,1,1,2,3,5,1,3,3,2,2,3,4,2,2,4,4,4,4,4,4,3,2,5,5,3,5,9,3,5,3,2,2,2,3,4,6,3,23,5,4,5,1,0,2,3,3,6,2,3,4,2,2,4,6,4,4,2,2,4,3,2,3,3,3,4,4,2,4,5,5,2,2,2,4,9,5,2,6,1,2,4,4,3,5
3,1,8,7,5,1,3,5,3,3,3,3,5,1,3,6,4,2,2,3,5,3,2,1,3,2,6,2,3,2,1,1,4,6,4,3,1,5,6,8,6,4,2,3,2,6,2,4,3,1,5,2,4,5,5,1,3,2,1,3,3,4,7,2,2,6,2,4,2,11,5,3,3,1,0,2,2,3,4,6,3,23,5,4,5,1,0,2,3,3,6,2,3,4,2,2,4,6,4,4,2,2,4,3,2,3,3,3,4,4,2,4,5,5,2,2,2,4,9,5,2,6,1,2,4,4,3,5
3,1,8,7,5,1,3,5,3,3,3,3,5,1,3,6,4,2,2,3,5,3,2,1,3,2,6,2,3,2,1,1,4,6,4,3,1,5,6,8,6,4,2,3,2,6,2,4,3,1,5,2,4,5,5,1,3,2,1,3,3,4,7,2,2,6,2,4,2,11,5,3,3,1,1,3,5,3,5,2,17,8,3,1,2,0,1,7,3,4,2,3,4,7,4,1,3,3,2,6,5,2,4,2,4,1,3,8,3,3,2,4,3,2,6,8,6,4,2,4,7,2,5,3,4,3,1,4
1,2,0,6,3,2,2,3,3,4,3,3,3,5,6,5,7,1,35,31,1,0,2,1,2,3,3,2,1,2,1,4,5,1,2,5,2,1,1,3,4,3,6,1,4,7,7,5,5,2,5,1,5,3,5,7,3,3,3,1,3,4,2,2,7,2,6,5,3,5,2,3,3,4,3,3,5,3,5,2,17,8,3,1,2,0,1,7,3,4,2,3,4,7,4,1,3,3,2,6,5,2,4,2,4,1,3,8,3,3,2,4,3,2,6,8,6,4,2,4,7,2,5,3,4,3,1,4
1,2,0,6,3,2,2,3,3,4,3,3,3,5,6,5,7,1,35,31,1,0,2,1,2,3,3,2,1,2,1,4,5,1,2,5,2,1,1,3,4,3,6,1,4,7,7,5,5,2,5,1,5,3,5,7,3,3,3,1,3,4,2,2,7,2,6,5,3,5,2,3,3,4,3,2,2,3,4,2,4,1,4,24,2,2,3,5,3,1,3,2,8,3,3,4,1,5,3,3,3,5,5,4,2,3,3,3,3,3,2,4,8,5,1,0,2,6,3,2,2,6,3,3,0,4,3,2
2,4,24,3,3,1,3,3,3,4,4,4,3,3,2,5,1,7,4,1,3,2,4,3,1,4,4,2,4,1,1,3,6,3,3,1,3,2,6,7,3,4,6,2,2,2,0,2,4,2,3,24,0,4,2,2,5,2,3,3,4,27,2,2,3,4,3,5,6,2,3,2,3,7,3,2,2,3,4,2,4,1,4,24,2,2,3,5,3,1,3,2,8,3,3,4,1,5,3,3,3,5,5,4,2,3,3,3,3,3,2,4,8,5,1,0,2,6,3,2,2,6,3,3,0,4,3,2
2,4,24,3,3,1,3,3,3,4,4,4,3,3,2,5,1,7,4,1,3,2,4,3,1,4,4,2,4,1,1,3,6,3,3,1,3,2,6,7,3,4,6,2,2,2,0,2,4,2,3,24,0,4,2,2,5,2,3,3,4,27,2,2,3,4,3,5,6,2,3,2,3,7,3,5,1,1,5,13,2,2,1,2,2,3,3,2,3,2,7,4,2,1,4,2,3,3,5,3,5,2,2,2,2,2,4,5,3,2,6,4,6,5,1,4,1,3,1,5,3,3,3,2,1,4,3,4
0,4,0,5,4,18,0,8,4,3,3,2,1,1,3,4,3,4,5,11,3,4,2,2,5,6,1,5,5,4,5,3,5,2,3,5,3,2,3,1,3,2,6,3,9,3,3,2,5,5,3,5,2,3,1,5,3,3,4,1,3,3,5,6,3,1,3,6,4,2,4,4,3,7,4,5,1,1,5,13,2,2,1,2,2,3,3,2,3,2,7,4,2,1,4,2,3,3,5,3,5,2,2,2,2,2,4,5,3,2,6,4,6,5,1,4,1,3,1,5,3,3,3,2,1,4,3,4
0,4,0,5,4,18,0,8,4,3,3,2,1,1,3,4,3,4,5,11,3,4,2,2,5,6,1,5,5,4,5,3,5,2,3,5,3,2,3,1,3,2,6,3,9,3,3,2,5,5,3,5,2,3,1,5,3,3,4,1,3,3,5,6,3,1,3,6,4,2,4,4,3,7,4,3,3,3,3,4,4,5,2,3,20,4,3,1,4,4,3,3,2,2,4,2,7,3,2,1,3,4,3,4,4,2,1,3,2,2,3,3,4,3,5,4,8,2,3,3,6,3,4,4,4,3,3,5
5,2,1,4,3,5,1,3,5,4,2,1,3,2,2,4,2,1,6,4,8,2,4,3,3,5,6,1,8,2,2,2,3,7,3,4,7,1,4,2,6,2,5,4,3,2,3,3,5,4,1,4,6,6,5,4,3,7,3,2,3,3,2,3,2,2,5,3,5,5,4,7,7,3,6,6,1,3,2,6,15,2,4,2,2,2,2,6,5,4,5,3,7,7,2,2,1,3,7,3,1,3,3,6,6,2,5,2,2,4,3,3,3,1,5,2,2,2,2,4,7,3,6,1,40,17,4,0
5,2,1,4,3,5,1,3,5,4,2,1,3,2,2,4,2,1,6,4,8,2,4,3,3,5,6,1,8,2,2,2,3,7,3,4,7,1,4,2,6,2,5,4,3,2,3,3,5,4,1,4,6,6,5,4,3,7,3,2,3,3,2,3,2,2,5,3,5,5,4,7,7,3,6,0,1,3,7,16,4,2,1,3,5,2,2,5,2,6,10,2,1,4,5,3,4,5,5,4,0,3,4,2,3,4,3,4,4,2,2,4,2,4,1,3,2,7,6,4,25,3,0,0,2,3,7,26
3,1,0,1,4,4,25,7,4,4,3,3,4,1,3,10,7,2,1,3,3,2,6,6,3,0,4,4,2,3,5,1,3,2,4,2,3,7,5,2,4,4,7,4,3,0,3,6,2,3,5,5,28,9,2,1,2,5,2,3,8,1,31,1,2,0,3,7,2,3,3,3,0,6,3,0,1,3,7,16,4,2,1,3,5,2,2,5,2,6,10,2,1,4,5,3,4,5,5,4,0,3,4,2,3,4,3,4,4,2,2,4,2,4,1,3,2,7,6,4,25,3,0,0,2,3,7,26
3,1,0,1,4,4,25,7,4,4,3,3,4,1,3,10,7,2,1,3,3,2,6,6,3,0,4,4,2,3,5,1,3,2,4,2,3,7,5,2,4,4,7,4,3,0,3,6,2,3,5,5,28,9,2,1,2,5,2,3,8,1,31,1,2,0,3,7,2,3,3,3,0,6,2,4,2,5,4,2,22,1,0,5,5,3,2,3,4,4,8,4,2,7,1,4,2,3,3,5,0,0,5,5,2,2,1,1,1,4,5,9,1,7,5,3,5,2,3,5,7,23,13,0,2,2,4,9
1,3,6,6,2,9,1,9,0,4,0,5,4,4,3,2,5,3,2,3,3,2,5,4,3,4,3,2,4,2,3,3,3,4,0,5,3,2,3,2,6,3,2,3,5,2,3,5,4,1,6,1,4,5,0,2,3,3,2,2,3,3,2,5,3,7,3,7,2,2,2,3,4,4,3,4,2,5,4,2,22,1,0,5,5,3,2,3,4,4,8,4,2,7,1,4,2,3,3,5,0,0,5,5,2,2,1,1,1,4,5,9,1,7,5,3,5,2,3,5,7,23,13,0,2,2,4,9
1,3,6,6,2,9,1,9,0,4,0,5,4,4,3,2,5,3,2,3,3,2,5,4,3,4,3,2,4,2,3,3,3,4,0,5,3,2,3,2,6,3,2,3,5,2,3,5,4,1,6,1,4,5,0,2,3,3,2,2,3,3,2,5,3,7,3,7,2,2,2,3,4,4,3,4,4,17,8,4,2,3,2,4,1,4,4,3,2,1,3,3,0,7,2,2,3,3,4,2,6,4,5,4,8,6,1,4,1,5,2,3,4,3,3,3,6,4,3,2,7,4,6,3,5,2,0,8
1,2,2,5,2,6,3,3,3,5,6,5,5,6,6,3,3,5,0,3,2,5,9,2,4,1,0,3,5,3,7,7,3,2,5,7,8,3,3,4,7,3,2,9,3,7,4,3,2,1,2,3,11,5,1,1,4,8,4,2,5,5,2,3,2,3,4,4,1,1,8,2,3,4,1,4,4,17,8,4,2,3,2,4,1,4,4,3,2,1,3,3,0,7,2,2,3,3,4,2,6,4,5,4,8,6,1,4,1,5,2,3,4,3,3,3,6,4,3,2,7,4,6,3,5,2,0,8
1,2,2,5,2,6,3,3,3,5,6,5,5,6,6,3,3,5,0,3,2,5,9,2,4,1,0,3,5,3,7,7,3,2,5,7,8,3,3,4,7,3,2,9,3,7,4,3,2,1,2,3,11,5,1,1,4,8,4,2,5,5,2,3,2,3,4,4,1,1,8,2,3,4,1,3,2,4,2,5,3,0,2,2,22,0,1,1,4,2,2,3,6,2,4,2,4,1,2,6,4,5,3,6,9,4,2,3,1,1,5,3,2,2,4,3,8,3,4,7,5,6,5,1,3,7,2,2
5,24,5,1,4,0,4,2,2,2,8,1,5,2,3,5,4,2,3,3,2,7,2,4,1,6,4,2,3,0,1,3,2,2,5,4,1,1,7,3,3,0,5,3,3,1,4,1,7,4,4,5,5,4,2,2,3,2,4,6,2,2,3,3,8,5,4,3,4,3,4,6,3,2,4,3,2,4,2,5,3,0,2,2,22,0,1,1,4,2,2,3,6,2,4,2,4,1,2,6,4,5,3,6,9,4,2,3,1,1,5,3,2,2,4,3,8,3,4,7,5,6,5,1,3,7,2,2
6,24,5,1,4,0,4,2,2,2,8,1,5,2,3,5,4,2,3,3,2,7,2,4,1,6,4,2,3,0,1,3,2,2,5,4,1,1,7,3,3,0,5,3,3,1,4,1,7,4,4,5,5,4,2,2,3,2,4,6,2,2,3,3,8,5,4,3,4,3,4,6,3,2,4,1,5,6,11,1,3,6,3,5,4,3,4,4,4,2,4,5,5,3,1,5,3,3,0,1,5,3,2,3,5,5,1,3,3,4,4,4,4,3,4,3,1,2,5,3,3,4,1,9,2,3,7,5
6,5,7,2,3,9,3,6,1,3,2,4,2,6,2,3,2,5,3,2,3,7,6,2,5,4,1,5,5,2,3,2,4,2,1,3,3,2,1,2,3,3,3,6,6,3,4,4,1,5,5,4,2,3,3,3,3,11,3,2,2,9,1,4,5,2,2,3,2,2,1,4,3,2,2,1,5,6,11,1,3,6,3,5,4,3,4,4,4,2,4,5,5,3,1,5,3,3,0,1,5,3,2,3,5,5,1,3,3,4,4,4,4,3,4,3,1,2,5,3,3,4,1,9,2,3,7,5
1,5,7,2,3,9,3,6,1,3,2,4,2,6,2,3,2,5,3,2,3,7,6,2,5,4,1,5,5,2,3,2,4,2,1,3,3,2,1,2,3,3,3,6,6,3,4,4,1,5,5,4,2,3,3,3,3,11,3,2,2,9,1,4,5,2,2,3,2,2,1,4,3,2,2,3,7,3,3,8,3,2,4,3,7,5,6,5,5,3,1,4,5,3,6,6,5,2,2,5,1,5,2,3,3,3,4,3,3,4,7,2,3,7,5,6,2,2,2,2,4,3,8,1,3,4,2,2
7,2,4,4,8,12,3,1,4,3,3,3,3,4,4,3,2,3,4,4,3,3,3,2,3,1,2,3,4,4,1,6,2,3,2,2,4,4,2,4,5,2,4,2,2,0,6,4,3,1,2,3,2,3,2,1,3,2,6,4,1,7,5,3,11,2,2,2,4,2,4,2,4,2,4,3,7,3,3,8,3,2,4,3,7,5,6,5,5,3,1,4,5,3,6,6,5,2,2,5,1,5,2,3,3,3,4,3,3,4,7,2,3,7,5,6,2,2,2,2,4,3,8,1,3,4,2,2
7,2,4,4,8,12,3,1,4,3,3,3,3,4,4,3,2,3,4,4,3,3,3,2,3,1,2,3,4,4,1,6,2,3,2,2,4,4,2,4,5,2,4,2,2,0,6,4,3,1,2,3,2,3,2,1,3,2,6,4,1,7,5,3,11,2,2,2,4,2,4,2,4,2,4,2,3,5,2,3,11,1,4,1,2,3,6,1,2,2,2,4,3,4,1,3,3,1,4,2,2,5,3,10,9,2,1,1,3,3,2,1,2,4,2,3,3,5,3,2,1,5,9,3,2,4,2,4
1,6,2,8,3,3,2,4,6,1,2,4,4,1,0,3,11,5,7,6,5,2,6,7,4,2,2,1,3,2,7,5,4,5,0,7,8,3,2,3,4,5,3,2,5,3,3,5,4,2,3,2,3,2,6,8,6,2,6,2,4,3,5,9,6,0,4,0,12,1,3,4,2,5,3,2,3,5,2,3,11,1,4,1,2,3,6,1,2,2,2,4,3,4,1,3,3,1,4,2,2,5,3,10,9,2,1,1,3,3,2,1,2,4,2,3,3,5,3,2,1,5,9,3,2,4,2,4
1,6,2,8,3,3,2,4,6,1,2,4,4,1,0,3,11,5,7,6,5,2,6,7,4,2,2,1,3,2,7,5,4,5,0,7,8,3,2,3,4,5,3,2,5,3,3,5,4,2,3,2,3,2,6,8,6,2,6,2,4,3,5,9,6,0,4,0,12,1,3,4,2,5,3,4,4,4,2,3,10,9,2,3,1,3,6,3,1,1,2,3,2,1,7,2,3,5,5,1,4,6,1,2,4,4,3,3,1,10,1,6,4,6,3,2,7,3,4,4,3,4,3,7,4,5,3,2
3,2,2,3,1,0,3,2,2,6,2,4,2,2,10,2,2,1,3,8,2,4,4,3,1,2,5,2,5,3,2,3,7,4,4,1,5,5,4,1,3,7,3,2,3,6,5,1,3,4,3,4,4,1,4,1,4,5,2,7,5,1,4,29,24,1,3,1,2,1,4,5,4,3,3,4,4,4,2,3,10,9,2,3,1,3,6,3,1,1,2,3,2,1,7,2,3,5,5,1,4,6,1,2,4,4,3,3,1,10,1,6,4,6,3,2,7,3,4,4,3,4,3,7,4,5,3,2
3,2,2,3,1,0,3,2,2,6,2,4,2,2,10,2,2,1,3,8,2,4,4,3,1,2,5,2,5,3,2,3,7,4,4,1,5,5,4,1,3,7,3,2,3,6,5,1,3,4,3,4,4,1,4,1,4,5,2,7,5,1,4,29,24,1,3,1,2,1,4,5,4,3,3,4,5,1,5,3,14,1,3,5,1,3,3,7,18,1,2,3,1,4,5,1,6,3,2,1,6,4,3,4,5,1,6,1,6,1,2,3,2,2,5,4,6,3,3,1,2,2,4,3,4,5,2,2
5,1,3,3,3,2,2,5,2,5,2,6,1,2,3,6,4,6,6,3,4,4,6,0,4,2,5,5,3,2,2,4,3,4,3,4,5,4,6,3,2,3,3,3,4,3,4,4,4,7,1,4,4,2,6,2,6,8,4,3,3,8,6,2,3,5,4,4,8,0,6,5,5,5,2,4,5,1,5,3,14,1,3,5,1,3,3,7,18,1,2,3,1,4,5,1,6,3,2,1,6,4,3,4,5,1,6,1,6,1,2,3,2,2,5,4,6,3,3,1,2,2,4,3,4,5,2,2
5,1,3,3,3,2,2,5,2,5,2,6,1,2,3,6,4,6,6,3,4,4,6,0,4,2,5,5,3,2,2,4,3,4,3,4,5,4,6,3,2,3,3,3,4,3,4,4,4,7,1,4,4,2,6,2,6,8,4,3,3,8,6,2,3,5,4,4,8,0,6,5,5,5,2,5,8,3,2,11,3,7,4,0,4,3,3,4,4,2,2,8,2,3,2,7,6,4,1,2,3,4,3,2,0,5,2,3,4,2,6,2,3,3,2,3,2,9,5,1,2,2,6,4,3,5,2,2
4,3,6,4,4,6,6,4,7,4,4,2,11,2,4,8,3,1,4,2,3,2,3,11,7,4,6,4,2,4,4,4,4,6,5,4,4,7,4,2,2,8,2,1,1,6,2,1,8,2,1,6,4,2,3,3,2,3,1,3,4,1,0,4,4,3,4,10,5,1,3,3,4,3,4,5,8,3,2,11,3,7,4,0,4,3,3,4,4,2,2,8,2,3,2,7,6,4,1,2,3,4,3,2,0,5,2,3,4,2,6,2,3,3,2,3,2,9,5,1,2,2,6,4,3,5,2,2
3,3,6,4,4,6,6,4,7,4,4,2,11,2,4,8,3,1,4,2,3,2,3,11,7,4,6,4,2,4,4,4,4,6,5,4,4,7,4,2,2,8,2,1,1,6,2,1,8,2,1,6,4,2,3,3,2,3,1,3,4,1,0,4,4,3,4,10,5,1,3,3,4,3,4,2,3,6,7,13,3,2,0,5,6,1,3,2,2,3,3,3,8,1,4,3,0,4,2,3,3,4,4,3,4,6,3,6,2,2,4,1,5,4,5,2,3,0,4,1,2,6,6,5,2,3,5,3
2,8,0,0,3,3,1,3,6,3,5,4,2,2,3,4,3,5,3,2,7,7,2,2,3,5,3,3,3,4,5,5,10,5,4,7,2,2,2,1,6,2,3,2,2,4,2,2,4,4,3,6,1,2,1,3,6,4,4,3,2,2,1,2,3,2,5,5,5,4,1,2,4,5,2,2,3,6,7,13,3,2,0,5,6,1,3,2,2,3,3,3,8,1,4,3,0,4,2,3,3,4,4,3,4,6,3,6,2,2,4,1,5,4,5,2,3,0,4,1,2,6,6,5,2,3,5,3
2,8,0,0,3,3,1,3,6,3,5,4,2,2,3,4,3,5,3,2,7,7,2,2,3,5,3,3,3,4,5,5,10,5,4,7,2,2,2,1,6,2,3,2,2,4,2,2,4,4,3,6,1,2,1,3,6,4,4,3,2,2,1,2,3,2,5,5,5,4,1,2,4,5,2,2,1,2,2,1,2,1,3,14,3,3,5,3,1,4,4,1,5,8,3,7,5,7,1,1,3,2,8,4,8,3,3,4,7,2,3,1,2,6,1,4,8,2,4,4,3,1,6,4,2,3,4,7
2,5,5,9,3,3,2,1,3,7,4,2,7,2,2,4,5,5,5,7,4,7,1,6,4,6,4,3,5,3,4,4,4,1,4,5,2,4,6,4,3,2,4,3,6,2,2,2,1,4,2,5,5,3,3,3,3,6,4,3,2,4,1,1,4,3,6,4,2,6,1,3,3,3,3,2,1,2,2,1,2,1,3,14,3,3,5,3,1,4,4,1,5,8,3,7,5,7,1,1,3,2,8,4,8,3,3,4,7,2,3,1,2,6,1,4,8,2,4,4,3,1,6,4,2,3,4,7
3,5,5,9,3,3,2,1,3,7,4,2,7,2,2,4,5,5,5,7,4,7,1,6,4,6,4,3,5,3,4,4,4,1,4,5,2,4,6,4,3,2,4,3,6,2,2,2,1,4,2,5,5,3,3,3,3,6,4,3,2,4,1,1,4,3,6,4,2,6,1,3,3,3,3,3,3,4,0,12,5,1,1,2,4,3,4,4,3,2,7,1,1,3,4,7,1,3,3,7,7,4,3,5,4,2,2,5,3,4,4,4,2,1,3,3,4,0,3,5,7,1,2,2,4,4,3,7
3,3,2,1,4,4,6,2,3,3,3,3,2,4,5,2,1,6,3,2,6,4,4,4,4,2,2,2,7,7,2,5,3,1,5,3,2,3,5,2,5,4,6,3,5,10,5,2,3,6,2,5,5,4,2,2,2,3,3,5,3,8,7,2,4,2,1,6,2,4,2,4,1,2,2,3,3,4,0,12,5,1,1,2,4,3,4,4,3,2,7,1,1,3,4,7,1,3,3,7,7,4,3,5,4,2,2,5,3,4,4,4,2,1,3,3,4,0,3,5,7,1,2,2,4,4,3,7
1,3,2,1,4,4,6,2,3,3,3,3,2,4,5,2,1,6,3,2,6,4,4,4,4,2,2,2,7,7,2,5,3,1,5,3,2,3,5,2,5,4,6,3,5,10,5,2,3,6,2,5,5,4,2,2,2,3,3,5,3,8,7,2,4,2,1,6,2,4,2,4,1,2,2,4,3,7,3,16,1,2,2,1,9,4,3,5,5,1,5,4,11,7,0,2,4,4,4,2,2,4,7,5,1,4,5,2,10,2,3,3,6,5,7,3,3,7,4,3,5,2,5,8,2,2,1,5
4,2,4,3,3,4,6,3,5,3,3,1,6,2,2,2,5,5,4,5,1,2,3,7,4,6,5,1,2,5,6,5,3,3,5,2,6,4,5,4,2,0,2,2,1,3,1,3,2,3,1,2,2,3,5,4,1,7,0,7,3,0,5,2,4,4,3,7,2,5,3,3,4,5,6,4,3,7,3,16,1,2,2,1,9,4,3,5,5,1,5,4,11,7,0,2,4,4,4,2,2,4,7,5,1,4,5,2,10,2,3,3,6,5,7,3,3,7,4,3,5,2,5,8,2,2,1,5
4,2,4,3,3,4,6,3,5,3,3,1,6,2,2,2,5,5,4,5,1,2,3,7,4,6,5,1,2,5,6,5,3,3,5,2,6,4,5,4,2,0,2,2,1,3,1,3,2,3,1,2,2,3,5,4,1,7,0,7,3,0,5,2,4,4,3,7,2,5,3,3,4,5,6,2,2,3,5,3,2,2,6,6,2,5,1,3,1,19,2,4,2,2,1,5,8,3,6,1,2,1,3,2,2,4,3,4,2,5,4,4,5,5,6,0,6,4,3,3,1,4,2,3,5,2,5,5
3,5,2,8,4,3,1,2,6,2,2,3,1,4,3,2,3,3,10,1,3,2,2,4,3,4,2,4,5,2,4,1,3,4,6,2,4,8,5,6,1,3,3,3,2,4,2,2,2,4,4,4,3,6,1,2,2,3,2,5,1,1,4,3,3,4,2,2,5,2,8,1,3,3,4,2,2,3,5,3,2,2,6,6,2,5,1,3,1,19,2,4,2,2,1,5,8,3,6,1,2,1,3,2,2,4,3,4,2,5,4,4,5,5,6,0,6,4,3,3,1,4,2,3,5,2,5,5
3,5,2,8,4,3,1,2,6,2,2,3,1,4,3,2,3,3,10,1,3,2,2,4,3,4,2,4,5,2,4,1,3,4,6,2,4,8,5,6,1,3,3,3,2,4,2,2,2,4,4,4,3,6,1,2,2,3,2,5,1,1,4,3,3,4,2,2,5,2,8,1,3,3,4,1,3,2,2,9,5,3,3,2,6,3,2,1,8,1,2,2,4,4,2,7,5,3,5,4,1,4,3,4,3,4,2,0,3,2,4,2,2,7,2,1,3,2,3,4,6,3,2,5,3,2,0,5
7,2,2,2,0,3,2,7,3,2,6,1,1,6,6,2,5,3,0,38,2,5,3,0,2,2,3,1,1,2,3,4,1,2,23,10,3,20,40,8,0,0,5,3,3,0,4,3,5,3,4,2,4,3,4,5,4,1,3,4,3,2,4,2,2,6,4,2,1,5,3,2,1,3,2,1,3,2,2,9,5,3,3,2,6,3,2,1,8,1,2,2,4,4,2,7,5,3,5,4,1,4,3,4,3,4,2,0,3,2,4,2,2,7,2,1,3,2,3,4,6,3,2,5,3,2,0,5
7,2,2,2,0,3,2,7,3,2,6,1,1,6,6,2,5,3,0,38,2,5,3,0,2,2,3,1,1,2,3,4,1,2,23,10,3,20,40,8,0,0,5,3,3,0,4,3,5,3,4,2,4,3,4,5,4,1,3,4,3,2,4,2,2,6,4,2,1,5,3,2,1,3,2,5,4,2,1,3,6,2,17,3,1,2,4,5,1,1,2,4,9,1,2,3,3,2,4,3,3,2,2,3,3,2,3,4,2,4,5,4,5,3,6,2,2,2,1,3,3,3,4,4,5,2,2,1
6,7,9,1,4,1,5,2,3,2,6,2,2,3,1,2,3,2,2,9,3,2,2,8,1,3,2,4,4,5,6,2,3,2,2,5,3,3,2,5,2,3,4,3,4,4,3,2,2,4,3,4,2,3,5,2,3,3,5,4,7,1,5,3,5,4,3,4,2,3,6,1,2,2,5,5,4,2,1,3,6,2,17,3,1,2,4,5,1,1,2,4,9,1,2,3,3,2,4,3,3,2,2,3,3,2,3,4,2,4,5,4,5,3,6,2,2,2,1,3,3,3,4,4,5,2,2,1
6,7,9,1,4,1,5,2,3,2,6,2,2,3,1,2,3,2,2,9,3,2,2,8,1,3,2,4,4,5,6,2,3,2,2,5,3,3,2,5,2,3,4,3,4,4,3,2,2,4,3,4,2,3,5,2,3,3,5,4,7,1,5,3,5,4,3,4,2,3,6,1,2,2,5,2,4,2,2,4,11,2,1,2,2,4,5,2,2,9,3,7,1,2,4,7,4,3,3,4,2,4,4,5,4,7,2,7,2,6,5,3,6,2,4,3,3,4,1,4,2,2,5,3,6,4,2,3
3,1,6,3,3,3,4,3,2,7,8,4,7,7,1,2,2,1,3,5,1,2,5,2,0,5,7,4,3,5,1,4,4,5,4,2,3,3,7,1,6,2,3,4,3,4,4,2,3,5,2,5,2,4,5,3,4,7,4,2,3,3,6,5,6,3,6,5,6,1,2,3,3,7,3,2,4,2,2,4,11,2,1,2,2,4,5,2,2,9,3,7,1,2,4,7,4,3,3,4,2,4,4,5,4,7,2,7,2,6,5,3,6,2,4,3,3,4,1,4,2,2,5,3,6,4,2,3
3,1,6,3,3,3,4,3,2,7,8,4,7,7,1,2,2,1,3,5,1,2,5,2,0,5,7,4,3,5,1,4,4,5,4,2,3,3,7,1,6,2,3,4,3,4,4,2,3,5,2,5,2,4,5,3,4,7,4,2,3,3,6,5,6,3,6,5,6,1,2,3,3,7,3,2,5,3,5,1,4,3,3,2,1,5,1,3,3,3,5,2,1,2,4,1,4,7,5,4,3,6,0,3,4,2,3,6,4,1,6,6,2,3,4,3,4,2,4,3,5,4,6,5,1,9,4,1
5,3,2,0,5,1,2,4,3,3,4,3,2,3,3,4,1,2,2,5,5,4,5,1,6,4,2,5,5,1,6,4,6,6,3,3,2,3,4,2,2,3,4,1,3,5,4,3,3,7,1,2,4,2,4,4,3,5,3,2,1,2,4,2,8,2,2,2,7,1,4,2,1,2,3,2,5,3,5,1,4,3,3,2,1,5,1,3,3,3,5,2,1,2,4,1,4,7,5,4,3,6,0,3,4,2,3,6,4,1,6,6,2,3,4,3,4,2,4,3,5,4,6,5,1,9,4,1
5,3,2,0,5,1,2,4,3,3,4,3,2,3,3,4,1,2,2,5,5,4,5,1,6,4,2,5,5,1,6,4,6,6,3,3,2,3,4,2,2,3,4,1,3,5,4,3,3,7,1,2,4,2,4,4,3,5,3,2,1,2,4,2,8,2,2,2,7,1,4,2,1,2,3,3,6,5,3,4,4,2,5,28,17,2,5,2,2,4,2,5,2,6,3,0,2,2,9,6,1,4,6,7,1,6,2,3,1,3,5,12,5,1,7,1,2,2,5,4,5,3,1,5,1,8,4,3
1,2,3,2,1,5,3,3,8,3,3,7,3,3,5,1,3,4,2,7,6,0,2,6,5,2,4,5,4,1,3,4,4,4,5,6,8,1,6,2,2,5,5,7,3,1,4,3,3,7,2,5,1,3,7,1,2,2,2,4,4,4,2,2,3,1,1,3,6,3,5,4,7,3,3,3,6,5,3,4,4,2,5,28,17,2,5,2,2,4,2,5,2,6,3,0,2,2,9,6,1,4,6,7,1,6,2,3,1,3,5,12,5,1,7,1,2,2,5,4,5,3,1,5,1,8,4,3
1,2,3,2,1,5,3,3,8,3,3,7,3,3,5,1,3,4,2,7,6,0,2,6,5,2,4,5,4,1,3,4,4,4,5,6,8,1,6,2,2,5,5,7,3,1,4,3,3,7,2,5,1,3,7,1,2,2,2,4,4,4,2,2,3,1,1,3,6,3,5,4,7,3,3,7,2,2,2,5,7,1,5,3,22,4,4,2,2,5,3,2,0,4,3,1,5,4,2,5,6,2,2,7,3,2,4,5,10,3,4,2,2,4,4,5,2,5,3,2,3,3,4,8,3,6,4,1
3,1,3,3,3,2,1,4,4,4,4,4,4,4,5,1,2,4,2,4,3,2,5,2,5,8,4,6,5,3,2,5,3,2,0,5,3,2,5,9,2,3,6,4,0,2,1,2,2,4,8,0,2,5,5,2,2,3,1,7,4,2,4,3,4,1,3,10,2,3,4,7,4,1,3,7,2,2,2,5,7,1,5,3,22,4,4,2,2,5,3,2,0,4,3,1,5,4,2,5,6,2,2,7,3,2,4,5,10,3,4,2,2,4,4,5,2,5,3,2,3,3,4,8,3,6,4,1
3,1,3,3,3,2,1,4,4,4,4,4,4,4,5,1,2,4,2,4,3,2,5,2,5,8,4,6,5,3,2,5,3,2,0,5,3,2,5,9,2,3,6,4,0,2,1,2,2,4,8,0,2,5,5,2,2,3,1,7,4,2,4,3,4,1,3,10,2,3,4,7,4,1,3,4,3,7,3,4,6,5,6,26,2,5,1,2,1,2,3,6,3,5,5,6,4,3,1,3,3,3,2,3,3,9,2,4,3,1,2,4,2,6,4,4,7,4,5,3,2,2,0,2,3,5,1,3
2,4,1,3,1,0,5,2,5,4,3,4,2,3,1,3,3,3,5,4,3,3,4,2,3,4,1,5,2,5,3,3,4,2,6,3,5,3,6,3,4,3,2,6,1,4,3,4,3,7,4,2,4,6,4,2,4,2,5,3,7,5,6,4,6,3,3,3,4,6,1,3,8,4,3,4,3,7,3,4,6,5,6,26,2,5,1,2,1,2,3,6,3,5,5,6,4,3,1,3,3,3,2,3,3,9,2,4,3,1,2,4,2,6,4,4,7,4,5,3,2,2,0,2,3,5,1,3
2,4,1,3,1,0,5,2,5,4,3,4,2,3,1,3,3,3,5,4,3,3,4,2,3,4,1,5,2,5,3,3,4,2,6,3,5,3,6,3,4,3,2,6,1,4,3,4,3,7,4,2,4,6,4,2,4,2,5,3,7,5,6,4,6,3,3,3,4,6,1,3,8,4,3,4,5,2,3,3,6,8,5,3,2,3,2,4,3,4,2,3,4,1,2,3,5,0,2,1,1,5,2,4,2,5,5,3,4,2,3,3,2,4,3,4,3,4,5,4,4,3,2,5,2,6,5,3
3,3,1,3,4,2,6,3,2,2,2,4,4,1,3,3,3,4,5,4,4,6,5,3,6,4,2,3,4,5,3,4,7,6,6,6,4,3,4,1,2,3,3,5,2,1,2,3,3,3,2,5,4,2,4,2,5,5,2,3,6,3,6,4,4,2,3,3,1,7,1,1,4,3,3,4,5,2,3,3,6,8,5,3,2,3,2,4,3,4,2,3,4,1,2,3,5,0,2,1,1,5,2,4,2,5,5,3,4,2,3,3,2,4,3,4,3,4,5,4,4,3,2,5,2,6,5,3
3,3,1,3,4,2,6,3,2,2,2,4,4,1,3,3,3,4,5,4,4,6,5,3,6,4,2,3,4,5,3,4,7,6,6,6,4,3,4,1,2,3,3,5,2,1,2,3,3,3,2,5,4,2,4,2,5,5,2,3,6,3,6,4,4,2,3,3,1,7,1,1,4,3,3,4,2,3,5,5,2,3,4,2,3,4,2,3,3,15,0,5,2,4,2,4,2,4,3,4,3,7,2,3,5,8,7,4,0,3,4,8,3,4,2,3,5,4,3,3,3,3,2,6,8,2,3,3
4,6,2,4,1,3,8,1,3,2,3,4,3,6,2,5,0,6,2,3,5,3,6,7,2,5,2,3,6,5,2,6,4,2,1,3,6,3,2,6,5,2,0,2,4,1,3,5,0,1,4,5,1,5,4,3,3,5,5,7,3,3,2,2,4,2,10,2,2,2,5,0,4,0,2,4,2,3,5,5,2,3,4,2,3,4,2,3,3,15,0,5,2,4,2,4,2,4,3,4,3,7,2,3,5,8,7,4,0,3,4,8,3,4,2,3,5,4,3,3,3,3,2,6,8,2,3,3
4,6,2,4,1,3,8,1,3,2,3,4,3,6,2,5,0,6,2,3,5,3,6,7,2,5,2,3,6,5,2,6,4,2,1,3,6,3,2,6,5,2,0,2,4,1,3,5,0,1,4,5,1,5,4,3,3,5,5,7,3,3,2,2,4,2,10,2,2,2,5,0,4,0,2,8,7,1,4,5,6,4,2,18,3,4,1,6,3,2,4,1,0,3,3,3,6,2,6,1,5,2,2,2,3,8,2,2,2,6,1,2,2,6,3,2,5,7,2,8,3,5,3,5,3,3,1,2
3,6,4,2,2,4,5,2,2,2,4,2,9,5,7,4,2,3,3,5,2,3,1,2,4,4,8,3,4,2,3,6,3,3,3,4,4,1,3,7,3,7,1,3,2,5,4,8,5,2,4,1,2,2,3,7,1,2,3,1,3,2,5,2,5,6,3,7,3,4,2,1,3,3,3,8,7,1,4,5,6,4,2,18,3,4,1,6,3,2,4,1,0,3,3,3,6,2,6,1,5,2,2,2,3,8,2,2,2,6,1,2,2,6,3,2,5,7,2,8,3,5,3,5,3,3,1,2
3,6,4,2,2,4,5,2,2,2,4,2,9,5,7,4,2,3,3,5,2,3,1,2,4,4,8,3,4,2,3,6,3,3,3,4,4,1,3,7,3,7,1,3,2,5,4,8,5,2,4,1,2,2,3,7,1,2,3,1,3,2,5,2,5,6,3,7,3,4,2,1,3,3,3,3,1,2,3,11,7,2,1,1,3,2,3,3,5,2,4,3,1,7,1,2,3,2,2,7,2,6,2,2,2,2,5,5,5,5,2,2,8,4,3,4,2,6,2,1,5,2,1,4,3,3,3,4
2,5,1,1,3,1,3,3,1,4,2,3,5,3,3,5,5,2,4,5,1,3,7,6,11,4,2,3,3,3,4,1,7,1,3,6,4,6,4,1,3,1,5,2,4,4,3,3,1,4,1,5,3,5,2,2,1,3,6,1,4,1,2,3,4,4,4,2,5,2,2,3,4,3,1,3,1,2,3,11,7,2,1,1,3,2,3,3,5,2,4,3,1,7,1,2,3,2,2,7,2,6,2,2,2,2,5,5,5,5,2,2,8,4,3,4,2,6,2,1,5,2,1,4,3,3,3,4
2,5,1,1,3,1,3,3,1,4,2,3,5,3,3,5,5,2,4,5,1,3,7,6,11,4,2,3,3,3,4,1,7,1,3,6,4,6,4,1,3,1,5,2,4,4,3,3,1,4,1,5,3,5,2,2,1,3,6,1,4,1,2,3,4,4,4,2,5,2,2,3,4,3,0,2,2,0,3,8,1,6,6,3,6,1,4,6,3,3,2,3,1,1,2,6,2,3,4,3,2,1,2,4,1,2,7,4,8,2,2,7,5,5,4,3,1,5,3,3,4,4,4,3,5,1,2,6
1,2,6,2,3,3,1,3,2,10,4,9,3,2,2,3,2,5,2,1,1,3,2,1,1,6,3,5,4,3,1,4,3,4,2,2,3,3,4,4,2,9,7,4,3,3,5,4,3,8,2,3,3,0,2,2,10,4,5,1,6,0,8,3,1,2,3,4,7,7,2,3,8,1,4,2,2,0,3,8,1,6,6,3,6,1,4,6,3,3,2,3,1,1,2,6,2,3,4,3,2,1,2,4,1,2,7,4,8,2,2,7,5,5,4,3,1,5,3,3,4,4,4,3,5,1,2,6
1,2,6,2,3,3,1,3,2,10,4,9,3,2,2,3,2,5,2,1,1,3,2,1,1,6,3,5,4,3,1,4,3,4,2,2,3,3,4,4,2,9,7,4,3,3,5,4,3,8,2,3,3,0,2,2,10,4,5,1,6,0,8,3,1,2,3,4,7,7,2,3,8,1,4,8,1,1,12,2,2,5,3,1,4,3,4,5,2,2,3,1,4,2,2,7,2,9,3,1,3,5,5,3,6,1,2,2,5,8,2,2,4,6,2,4,2,2,3,2,3,2,8,4,5,4,3,8
3,1,4,2,3,5,1,2,2,6,6,4,5,2,10,4,5,1,4,4,4,4,2,5,3,3,1,3,4,2,3,1,3,3,1,3,3,5,4,3,3,3,2,3,3,6,3,4,2,3,2,3,3,4,4,5,2,3,5,1,4,2,5,2,4,5,3,3,2,2,10,3,4,6,7,8,1,1,12,2,2,5,3,1,4,3,4,5,2,2,3,1,4,2,2,7,2,9,3,1,3,5,5,3,6,1,2,2,5,8,2,2,4,6,2,4,2,2,3,2,3,2,8,4,5,4,3,8
3,1,4,2,3,5,1,2,2,6,6,4,5,2,10,4,5,1,4,4,4,4,2,5,3,3,1,3,4,2,3,1,3,3,1,3,3,5,4,3,3,3,2,3,3,6,3,4,2,3,2,3,3,4,4,5,2,3,5,1,4,2,5,2,4,5,3,3,2,2,10,3,4,6,7,3,2,4,3,3,10,5,2,5,2,3,6,3,4,7,5,0,0,2,6,3,2,4,2,2,3,3,3,1,4,6,3,5,3,2,5,2,5,4,3,5,2,3,6,3,3,3,5,5,2,4,2,1
2,5,1,2,7,5,5,7,1,5,4,6,3,7,5,5,4,3,3,2,6,1,3,3,2,3,4,2,6,7,5,3,4,3,3,7,4,2,5,7,1,3,6,4,4,3,2,3,3,10,7,2,4,0,7,5,4,0,3,0,2,2,4,3,8,4,7,3,3,5,4,2,2,2,8,3,2,4,3,3,10,5,2,5,2,3,6,3,4,7,5,0,0,2,6,3,2,4,2,2,3,3,3,1,4,6,3,5,3,2,5,2,5,4,3,5,2,3,6,3,3,3,5,5,2,4,2,1
2,5,1,2,7,5,5,7,1,5,4,6,3,7,5,5,4,3,3,2,6,1,3,3,2,3,4,2,6,7,5,3,4,3,3,7,4,2,5,7,1,3,6,4,4,3,2,3,3,10,7,2,4,0,7,5,4,0,3,0,2,2,4,3,8,4,7,3,3,5,4,2,2,2,8,3,1,1,3,4,11,3,2,4,0,2,3,2,4,7,2,7,5,5,1,4,2,1,3,2,4,5,4,2,2,4,2,4,5,4,5,7,4,5,5,2,3,3,3,6,6,5,2,3,1,3,1,4
2,2,5,3,4,4,4,2,4,1,2,5,2,3,1,2,2,4,2,5,10,3,5,5,5,4,7,2,3,6,7,2,3,3,4,4,4,2,4,1,3,4,2,2,2,5,2,4,5,3,5,5,3,3,2,5,2,3,2,3,5,3,8,5,7,1,3,2,4,5,2,4,3,2,3,7,4,4,7,4,4,4,3,5,2,20,1,3,0,5,3,1,3,3,6,6,2,3,2,7,0,4,4,3,3,3,1,3,2,3,2,8,4,1,5,11,2,1,4,2,6,9,4,3,2,5,0,2
2,2,5,3,4,4,4,2,4,1,2,5,2,3,1,2,2,4,2,5,10,3,5,5,5,4,7,2,3,6,7,2,3,3,4,4,4,2,4,1,3,4,2,2,2,5,2,4,5,3,5,5,3,3,2,5,2,3,2,3,5,3,8,5,7,1,3,2,4,5,2,4,3,2,3,3,3,4,4,29,20,1,1,2,2,6,1,4,5,4,6,2,3,5,5,2,4,6,3,4,5,2,2,3,3,1,5,1,5,4,6,5,4,1,4,3,4,1,6,5,5,2,4,7,3,2,4,2
3,1,10,1,2,4,2,2,3,5,2,2,4,1,2,4,4,5,5,2,2,3,1,3,3,3,2,2,7,7,2,6,3,6,6,3,1,2,4,3,7,3,4,4,3,4,1,2,7,5,4,2,3,3,7,5,2,5,5,5,2,1,5,3,3,8,3,5,2,2,4,4,5,9,1,3,3,4,4,29,20,1,1,2,2,6,1,4,5,4,6,2,3,5,5,2,4,6,3,4,5,2,2,3,3,1,5,1,5,4,6,5,4,1,4,3,4,1,6,5,5,2,4,7,3,2,4,2
3,1,10,1,2,4,2,2,3,5,2,2,4,1,2,4,4,5,5,2,2,3,1,3,3,3,2,2,7,7,2,6,3,6,6,3,1,2,4,3,7,3,4,4,3,4,1,2,7,5,4,2,3,3,7,5,2,5,5,5,2,1,5,3,3,8,3,5,2,2,4,4,5,9,1,2,4,4,4,3,3,5,5,3,5,2,2,5,3,4,3,3,5,2,3,19,3,1,0,2,1,2,5,2,4,4,5,6,8,4,2,5,4,4,5,3,7,2,1,4,5,3,2,3,4,4,8,5
2,5,3,3,3,3,4,3,1,4,5,2,3,5,5,3,1,1,1,5,2,4,1,4,2,2,5,6,3,2,2,4,2,3,3,3,6,2,4,3,3,3,3,3,2,2,3,3,1,2,1,2,4,3,4,2,4,4,3,1,2,1,4,3,1,2,2,6,3,3,4,4,5,5,3,2,4,4,4,3,3,5,5,3,5,2,2,5,3,4,3,3,5,2,3,19,3,1,0,2,1,2,5,2,4,4,5,6,8,4,2,5,4,4,5,3,7,2,1,4,5,3,2,3,4,4,8,5
2,5,3,3,3,3,4,3,1,4,5,2,3,5,5,3,1,1,1,5,2,4,1,4,2,2,5,6,3,2,2,4,2,3,3,3,6,2,4,3,3,3,3,3,2,2,3,3,1,2,1,2,4,3,4,2,4,4,3,1,2,1,4,3,1,2,2,6,3,3,4,4,5,5,3,6,1,0,4,2,4,3,3,7,14,2,0,3,1,2,3,4,2,3,4,9,4,3,2,2,3,1,1,3,1,8,1,3,3,1,2,6,3,2,5,2,3,5,2,29,6,0,1,1,2,4,5,6
3,3,3,5,2,3,2,3,4,4,2,5,4,4,4,3,4,2,3,4,3,1,5,6,2,2,1,2,3,4,5,3,2,5,3,2,3,3,4,4,3,4,8,1,6,5,2,4,5,3,3,3,6,1,2,5,5,4,3,2,5,1,2,3,1,2,4,2,6,1,3,2,5,3,2,6,1,0,4,2,4,3,3,7,14,2,0,3,1,2,3,4,2,3,4,9,4,3,2,2,3,1,1,3,1,8,1,3,3,1,2,6,3,2,5,2,3,5,2,29,6,0,1,1,2,4,5,6
3,3,3,5,2,3,2,3,4,4,2,5,4,4,4,3,4,2,3,4,3,1,5,6,2,2,1,2,3,4,5,3,2,5,3,2,3,3,4,4,3,4,8,1,6,5,2,4,5,3,3,3,6,1,2,5,5,4,3,2,5,1,2,3,1,2,4,2,6,1,3,2,5,3,6,4,5,2,2,7,1,1,5,3,2,2,5,4,3,3,4,3,4,3,9,1,5,4,6,4,0,6,4,2,4,5,3,1,2,5,5,1,3,5,4,3,5,4,2,5,8,3,4,6,2,0,4,2
6,3,2,4,1,6,3,2,2,2,3,7,6,2,3,2,2,4,7,3,0,2,2,3,6,2,3,4,8,0,5,3,2,4,1,1,2,3,1,5,3,1,3,1,3,7,4,2,5,4,3,1,4,3,1,3,1,2,4,9,1,2,2,3,2,8,4,1,3,3,5,5,3,3,6,4,5,2,2,7,1,1,5,3,2,2,5,4,3,3,4,3,4,3,9,1,5,4,6,4,0,6,4,2,4,5,3,1,2,5,5,1,3,5,4,3,5,4,2,5,8,3,4,6,2,0,4,2
6,3,2,4,1,6,3,2,2,2,3,7,6,2,3,2,2,4,7,3,0,2,2,3,6,2,3,4,8,0,5,3,2,4,1,1,2,3,1,5,3,1,3,1,3,7,4,2,5,4,3,1,4,3,1,3,1,2,4,9,1,2,2,3,2,8,4,1,3,3,5,5,3,3,6,2,6,3,3,7,4,8,2,4,1,2,4,2,3,1,6,3,3,2,5,2,5,5,3,2,3,4,4,1,6,3,4,2,3,2,2,4,3,7,4,3,3,2,5,2,2,9,2,3,2,4,3,1
2,2,4,5,4,3,8,4,2,2,8,2,1,3,3,3,1,2,3,5,7,3,2,1,5,2,3,3,4,3,3,2,7,4,7,4,4,2,4,5,2,3,6,4,2,5,2,1,3,3,3,5,8,5,1,3,4,3,1,2,4,4,6,2,3,5,4,3,3,4,2,3,2,2,6,2,6,3,3,7,4,8,2,4,1,2,4,2,3,1,6,3,3,2,5,2,5,5,3,2,3,4,4,1,6,3,4,2,3,2,2,4,3,7,4,3,3,2,5,2,2,9,2,3,2,4,3,1
2,2,4,5,4,3,8,4,2,2,8,2,1,3,3,3,1,2,3,5,7,3,2,1,5,2,3,3,4,3,3,2,7,4,7,4,4,2,4,5,2,3,6,4,2,5,2,1,3,3,3,5,8,5,1,3,4,3,1,2,4,4,6,2,3,5,4,3,3,4,2,3,2,2,6,2,2,27,3,14,5,3,1,0,3,3,1,3,1,6,5,5,6,4,5,1,3,4,4,2,4,3,3,9,3,2,2,3,5,4,4,6,1,3,1,3,4,8,2,2,7,2,4,2,4,5,2,5
1,2,1,4,1,2,5,4,4,5,3,5,8,4,3,3,4,5,3,5,3,3,3,2,3,3,2,2,3,5,2,1,2,2,6,2,1,2,2,3,3,4,1,4,6,3,2,4,3,3,5,4,2,4,3,4,2,5,2,0,7,2,8,1,5,3,4,4,4,1,5,2,6,3,0,2,2,27,3,14,5,3,1,0,3,3,1,3,1,6,5,5,6,4,5,1,3,4,4,2,4,3,3,9,3,2,2,3,5,4,4,6,1,3,1,3,4,8,2,2,7,2,4,2,4,5,2,5
1,2,1,4,1,2,5,4,4,5,3,5,8,4,3,3,4,5,3,5,3,3,3,2,3,3,2,2,3,5,2,1,2,2,6,2,1,2,2,3,3,4,1,4,6,3,2,4,3,3,5,4,2,4,3,4,2,5,2,0,7,2,8,1,5,3,4,4,4,1,5,2,6,3,2,4,3,3,3,3,3,4,2,3,5,13,5,2,9,3,2,2,3,3,2,4,5,2,8,1,4,3,2,6,2,3,3,2,3,4,2,3,2,3,5,5,1,2,4,4,3,3,2,1,9,8,2,2
5,4,1,4,2,1,2,2,2,5,6,5,1,5,9,2,4,1,2,4,4,4,3,9,3,3,4,1,4,4,7,1,2,3,9,3,8,1,3,1,4,5,2,3,3,1,3,1,2,5,5,6,4,1,2,6,4,3,2,2,3,2,3,3,2,2,0,2,4,5,4,3,2,1,3,4,3,3,3,3,3,4,2,3,5,13,5,2,9,3,2,2,3,3,2,4,5,2,8,1,4,3,2,6,2,3,3,2,3,4,2,3,2,3,5,5,1,2,4,4,3,3,2,1,9,8,2,2
5,4,1,4,2,1,2,2,2,5,6,5,1,5,9,2,4,1,2,4,4,4,3,9,3,3,4,1,4,4,7,1,2,3,9,3,8,1,3,1,4,5,2,3,3,1,3,1,2,5,5,6,4,1,2,6,4,3,2,2,3,2,3,3,2,2,0,2,4,5,4,3,2,1,3,7,4,1,6,2,13,4,5,1,1,0,7,3,7,6,2,1,5,2,1,8,7,5,1,6,5,0,5,2,2,5,7,6,3,3,4,4,2,3,2,6,4,2,4,6,9,4,4,6,1,2,8,2
4,3,3,1,4,4,2,3,1,2,2,4,4,4,3,3,4,3,8,6,3,1,3,2,6,3,2,4,2,3,16,3,4,2,4,3,3,2,2,3,4,4,4,2,6,2,2,3,4,4,3,2,6,2,44,27,26,30,36,24,0,0,0,0,3,2,2,0,3,1,4,1,1,4,5,7,4,1,6,2,13,4,5,1,1,0,7,3,7,6,2,1,5,2,1,8,7,5,1,6,5,0,5,2,2,5,7,6,3,3,4,4,2,3,2,6,4,2,4,6,9,4,4,6,1,2,8,2
4,3,3,1,4,4,2,3,1,2,2,4,4,4,3,3,4,3,8,6,3,1,3,2,6,3,2,4,2,3,16,3,4,2,4,3,3,2,2,3,4,4,4,2,6,2,2,3,4,4,3,2,6,2,44,27,26,30,36,24,0,0,0,0,3,2,2,0,3,1,4,1,1,4,5,2,5,4,3,5,3,1,6,6,6,0,8,6,5,0,1,2,4,4,1,4,3,5,6,2,2,6,8,0,7,1,2,3,1,6,3,3,3,3,6,5,4,4,2,3,5,2,3,4,5,4,4,5
7,2,2,2,0,5,6,1,3,3,7,1,4,2,3,1,2,3,10,1,4,3,4,6,3,5,5,7,2,2,3,6,2,2,4,4,7,7,6,5,4,3,4,4,1,6,4,7,1,2,3,9,5,5,6,5,5,2,3,2,1,4,3,2,3,2,2,1,4,3,5,2,3,5,5,2,5,4,3,5,3,1,6,6,6,0,8,6,5,0,1,2,4,4,1,4,3,5,6,2,2,6,8,0,7,1,2,3,1,6,3,3,3,3,6,5,4,4,2,3,5,2,3,4,5,4,4,5
7,2,2,2,0,5,6,1,3,3,7,1,4,2,3,1,2,3,10,1,4,3,4,6,3,5,5,7,2,2,3,6,2,2,4,4,7,7,6,5,4,3,4,4,1,6,4,7,1,2,3,9,5,5,6,5,5,2,3,2,1,4,3,2,3,2,2,1,4,3,5,2,3,5,2,3,3,6,5,0,16,4,2,3,1,4,3,4,2,5,6,2,7,2,2,3,5,5,4,3,4,4,3,5,3,4,2,5,5,7,2,1,6,5,5,2,3,4,2,4,6,5,6,3,4,6,4,5
3,3,4,5,6,5,4,0,1,2,6,3,2,1,23,6,4,1,3,2,3,2,4,5,1,5,4,1,6,4,3,3,5,5,2,4,2,5,1,5,5,2,4,3,3,2,2,2,2,1,5,2,3,2,3,2,4,2,4,5,2,4,3,3,1,8,5,5,4,1,2,4,1,4,7,3,3,6,5,0,16,4,2,3,1,4,3,4,2,5,6,2,7,2,2,3,5,5,4,3,4,4,3,5,3,4,2,5,5,7,2,1,6,5,5,2,3,4,2,4,6,5,6,3,4,6,4,5
3,3,4,5,6,5,4,0,1,2,6,3,2,1,23,6,4,1,3,2,3,2,4,5,1,5,4,1,6,4,3,3,5,5,2,4,2,5,1,5,5,2,4,3,3,2,2,2,2,1,5,2,3,2,3,2,4,2,4,5,2,4,3,3,1,8,5,5,4,1,2,4,1,4,7,4,5,3,6,5,3,2,5,1,1,3,6,1,3,4,1,24,8,1,1,3,1,7,4,2,0,5,8,5,1,8,5,1,6,4,2,5,4,5,3,3,7,5,0,2,6,2,4,4,1,4,2,6
3,5,3,7,3,4,2,2,4,3,4,1,4,2,1,5,2,5,2,3,5,2,1,6,2,7,7,4,4,1,7,3,3,5,3,4,5,1,1,3,2,7,8,7,1,4,4,2,3,6,1,5,1,5,2,6,2,1,5,2,4,1,6,4,2,3,2,2,3,4,6,2,3,3,5,4,5,3,6,5,3,2,5,1,1,3,6,1,3,4,1,24,8,1,1,3,1,7,4,2,0,5,8,5,1,8,5,1,6,4,2,5,4,5,3,3,7,5,0,2,6,2,4,4,1,4,2,6
3,5,3,7,3,4,2,2,4,3,4,1,4,2,1,5,2,5,2,3,5,2,1,6,2,7,7,4,4,1,7,3,3,5,3,4,5,1,1,3,2,7,8,7,1,4,4,2,3,6,1,5,1,5,2,6,2,1,5,2,4,1,6,4,2,3,2,2,3,4,6,2,3,3,5,4,2,6,13,5,0,3,5,3,3,4,3,4,2,4,5,7,5,2,2,6,4,5,5,6,3,4,4,3,2,4,4,3,0,5,5,3,2,6,2,1,3,2,1,3,1,4,2,6,5,4,1,7
3,3,2,3,2,3,2,1,2,2,4,2,2,2,6,10,1,3,2,4,3,4,3,3,1,3,0,3,3,0,4,2,2,1,3,3,2,3,4,3,9,5,3,4,1,1,2,3,4,2,1,4,3,4,9,7,1,2,2,3,2,7,1,3,3,3,2,2,6,1,2,7,3,1,3,4,2,6,13,5,0,3,5,3,3,4,3,4,2,4,5,7,5,2,2,6,4,5,5,6,3,4,4,3,2,4,4,3,0,5,5,3,2,6,2,1,3,2,1,3,1,4,2,6,5,4,1,7
3,3,2,3,2,3,2,1,2,2,4,2,2,2,6,10,1,3,2,4,3,4,3,3,1,3,0,3,3,0,4,2,2,1,3,3,2,3,4,3,9,5,3,4,1,1,2,3,4,2,1,4,3,4,9,7,1,2,2,3,2,7,1,3,3,3,2,2,6,1,2,7,3,1,3,1,3,5,4,3,2,1,2,27,0,6,4,3,0,1,2,9,2,0,3,2,4,1,3,3,3,6,5,5,0,3,2,2,4,2,0,7,3,0,6,3,4,3,9,1,3,5,3,7,5,6,3,2
3,5,4,4,2,4,2,4,2,1,3,4,10,5,2,3,3,2,3,5,5,7,2,1,5,4,4,5,2,2,3,7,4,4,1,3,7,2,3,3,3,3,6,4,4,3,2,4,2,4,3,3,3,3,3,2,2,1,3,5,2,4,3,4,1,2,8,2,3,6,4,7,2,3,3,1,3,5,4,3,2,1,2,27,0,6,4,3,0,1,2,9,2,0,3,2,4,1,3,3,3,6,5,5,0,3,2,2,4,2,0,7,3,0,6,3,4,3,9,1,3,5,3,7,5,6,3,2
3,5,4,4,2,4,2,4,2,1,3,4,10,5,2,3,3,2,3,5,5,7,2,1,5,4,4,5,2,2,3,7,4,4,1,3,7,2,3,3,3,3,6,4,4,3,2,4,2,4,3,3,3,3,3,2,2,1,3,5,2,4,3,4,1,2,8,2,3,6,4,7,2,3,2,2,1,5,15,13,1,4,4,5,2,2,3,2,4,5,6,4,3,1,3,3,3,3,4,4,2,4,3,2,7,4,2,4,2,4,3,2,2,2,3,3,4,1,2,4,5,5,4,2,6,2,4,1
2,3,7,4,3,4,5,2,3,4,3,3,3,2,4,5,3,4,4,4,5,7,4,5,5,4,4,3,4,4,2,6,3,1,4,6,3,2,3,2,0,3,8,6,3,4,1,3,3,3,4,1,3,9,8,3,3,4,5,4,7,3,0,6,3,3,3,2,3,4,2,3,4,4,7,2,1,5,15,13,1,4,4,5,2,2,3,2,4,5,6,4,3,1,3,3,3,3,4,4,2,4,3,2,7,4,2,4,2,4,3,2,2,2,3,3,4,1,2,4,5,5,4,2,6,2,4,1
2,3,7,4,3,4,5,2,3,4,3,3,3,2,4,5,3,4,4,4,5,7,4,5,5,4,4,3,4,4,2,6,3,1,4,6,3,2,3,2,0,3,8,6,3,4,1,3,3,3,4,1,3,9,8,3,3,4,5,4,7,3,0,6,3,3,3,2,3,4,2,3,4,4,7,2,3,1,2,2,5,0,3,4,6,4,3,4,2,3,7,1,25,3,1,2,6,5,0,0,2,4,2,4,3,5,3,4,3,6,5,2,5,6,6,2,4,3,3,2,3,2,3,4,0,3,4,4
7,2,2,2,6,1,2,3,1,4,3,3,2,1,1,3,1,6,9,1,3,4,1,3,10,0,3,2,3,3,4,1,5,2,1,6,4,5,2,1,4,4,2,2,2,3,5,6,4,4,7,3,4,4,0,9,3,2,4,4,2,1,5,2,5,3,3,2,4,4,2,9,4,2,3,2,3,1,2,2,5,0,3,4,6,4,3,4,2,3,7,1,25,3,1,2,6,5,0,0,2,4,2,4,3,5,3,4,3,6,5,2,5,6,6,2,4,3,3,2,3,2,3,4,0,3,4,4
7,2,2,2,6,1,2,3,1,4,3,3,2,1,1,3,1,6,9,1,3,4,1,3,10,0,3,2,3,3,4,1,5,2,1,6,4,5,2,1,4,4,2,2,2,3,5,6,4,4,7,3,4,4,0,9,3,2,4,4,2,1,5,2,5,3,3,2,4,4,2,9,4,2,3,4,3,5,3,10,3,4,3,4,2,2,3,1,3,5,5,3,2,3,1,4,2,8,3,2,4,2,6,1,3,3,4,2,1,2,3,8,3,4,6,3,4,4,4,1,5,4,2,3,5,5,3,5
4,2,1,4,5,9,2,2,1,4,3,2,3,2,6,8,3,4,2,2,4,3,3,4,2,5,0,3,4,3,3,2,0,3,4,2,2,4,5,3,2,4,6,3,4,3,2,7,4,7,0,3,4,5,9,3,4,1,5,5,4,2,7,2,3,3,5,7,6,2,2,3,2,2,2,4,3,5,3,10,3,4,3,4,2,2,3,1,3,5,5,3,2,3,1,4,2,8,3,2,4,2,6,1,3,3,4,2,1,2,3,8,3,4,6,3,4,4,4,1,5,4,2,3,5,5,3,5
4,2,1,4,5,9,2,2,1,4,3,2,3,2,6,8,3,4,2,2,4,3,3,4,2,5,0,3,4,3,3,2,0,3,4,2,2,4,5,3,2,4,6,3,4,3,2,7,4,7,0,3,4,5,9,3,4,1,5,5,4,2,7,2,3,3,5,7,6,2,2,3,2,2,2,5,4,3,2,3,4,22,1,1,2,4,3,4,1,6,3,1,3,5,5,6,7,6,4,2,3,3,2,5,3,1,5,2,2,2,3,4,4,1,2,4,2,3,2,2,2,2,4,4,4,5,4,2
4,6,1,2,5,1,3,4,3,4,2,4,2,4,2,6,3,2,3,1,3,5,8,6,2,5,2,3,4,1,2,1,5,3,1,3,3,5,3,3,0,4,7,3,2,1,4,4,4,4,4,2,4,2,4,4,5,3,1,2,2,2,3,2,4,2,2,8,4,6,2,6,4,4,3,5,4,3,2,3,4,22,1,1,2,4,3,4,1,6,3,1,3,5,5,6,7,6,4,2,3,3,2,5,3,1,5,2,2,2,3,4,4,1,2,4,2,3,2,2,2,2,4,4,4,5,4,2
4,6,1,2,5,1,3,4,3,4,2,4,2,4,2,6,3,2,3,1,3,5,8,6,2,5,2,3,4,1,2,1,5,3,1,3,3,5,3,3,0,4,7,3,2,1,4,4,4,4,4,2,4,2,4,4,5,3,1,2,2,2,3,2,4,2,2,8,4,6,2,6,4,4,3,6,7,1,4,10,4,2,3,3,5,3,1,1,2,3,2,6,3,1,4,2,1,6,5,6,5,1,1,5,1,1,7,2,6,7,3,1,4,6,6,7,2,4,4,3,6,5,6,2,1,7,1,7
2,2,3,4,2,2,2,3,4,3,6,4,3,2,3,7,4,3,5,2,3,4,3,5,7,1,2,6,5,3,2,3,2,4,3,8,2,2,9,1,4,2,4,3,2,3,5,2,2,3,7,5,3,1,5,1,1,8,4,1,2,7,4,3,8,1,3,5,3,4,3,1,2,4,3,6,7,1,4,10,4,2,3,3,5,3,1,1,2,3,2,6,3,1,4,2,1,6,5,6,5,1,1,5,1,1,7,2,6,7,3,1,4,6,6,7,2,4,4,3,6,5,6,2,1,7,1,7
2,2,3,4,2,2,2,3,4,3,6,4,3,2,3,7,4,3,5,2,3,4,3,5,7,1,2,6,5,3,2,3,2,4,3,8,2,2,9,1,4,2,4,3,2,3,5,2,2,3,7,5,3,1,5,1,1,8,4,1,2,7,4,3,8,1,3,5,3,4,3,1,2,4,3,5,2,1,3,1,5,5,7,5,6,3,17,3,1,1,1,4,4,8,5,4,3,2,0,3,2,3,6,3,3,3,2,3,4,4,2,6,1,3,5,6,3,1,1,6,2,3,2,4,6,0,6,4
7,5,9,2,6,6,8,3,5,0,5,3,5,3,2,2,3,5,1,4,6,3,1,2,2,3,3,3,3,4,3,3,4,1,2,3,9,0,1,2,2,3,1,3,4,3,5,2,2,4,5,9,5,3,3,3,3,5,3,5,3,1,2,1,1,4,4,3,2,1,7,2,5,1,3,5,2,1,3,1,5,5,7,5,6,3,17,3,1,1,1,4,4,8,5,4,3,2,0,3,2,3,6,3,3,3,2,3,4,4,2,6,1,3,5,6,3,1,1,6,2,3,2,4,6,0,6,4
7,5,9,2,6,6,8,3,5,0,5,3,5,3,2,2,3,5,1,4,6,3,1,2,2,3,3,3,3,4,3,3,4,1,2,3,9,0,1,2,2,3,1,3,4,3,5,2,2,4,5,9,5,3,3,3,3,5,3,5,3,1,2,1,1,4,4,3,2,1,7,2,5,1,3,0,9,2,2,3,3,3,3,2,6,2,3,5,3,2,3,21,5,3,5,2,10,0,6,3,3,2,3,7,3,0,6,3,3,2,3,4,1,3,2,2,1,4,2,2,4,2,5,5,0,3,6,3
10,9,3,4,4,2,5,3,4,3,2,1,4,3,2,4,4,1,4,4,5,3,9,3,5,7,2,6,5,0,0,2,3,2,4,6,7,4,3,6,0,3,2,2,5,2,3,2,6,9,3,2,2,5,4,5,6,4,3,2,4,1,2,4,3,2,5,2,6,6,6,2,2,2,5,0,9,2,2,3,3,3,3,2,6,2,3,5,3,2,3,21,5,3,5,2,10,0,6,3,3,2,3,7,3,0,6,3,3,2,3,4,1,3,2,2,1,4,2,2,4,2,5,5,0,3,6,3
10,9,3,4,4,2,5,3,4,3,2,1,4,3,2,4,4,1,4,4,5,3,9,3,5,7,2,6,5,0,0,2,3,2,4,6,7,4,3,6,0,3,2,2,5,2,3,2,6,9,3,2,2,5,4,5,6,4,3,2,4,1,2,4,3,2,5,2,6,6,6,2,2,2,5,2,6,1,5,2,3,2,4,24,3,2,2,2,4,3,2,2,3,2,3,6,6,3,2,6,3,5,4,3,2,4,2,5,2,1,1,5,2,6,4,5,5,3,4,4,3,0,1,3,3,2,4,5
2,6,2,5,5,2,2,3,3,2,4,5,3,6,2,5,6,3,8,40,0,1,2,1,1,2,2,1,4,3,3,3,5,3,1,2,6,5,3,2,4,2,3,6,3,1,2,4,3,2,1,7,7,1,4,3,2,4,3,3,3,7,3,3,2,4,4,2,2,3,4,1,4,7,3,2,6,1,5,2,3,2,4,24,3,2,2,2,4,3,2,2,3,2,3,6,6,3,2,6,3,5,4,3,2,4,2,5,2,1,1,5,2,6,4,5,5,3,4,4,3,0,1,3,3,2,4,5
2,6,2,5,5,2,2,3,3,2,4,5,3,6,2,5,6,3,8,40,0,1,2,1,1,2,2,1,4,3,3,3,5,3,1,2,6,5,3,2,4,2,3,6,3,1,2,4,3,2,1,7,7,1,4,3,2,4,3,3,3,7,3,3,2,4,4,2,2,3,4,1,4,7,3,1,2,5,4,5,0,1,3,2,1,6,5,6,4,11,4,16,4,2,4,6,1,1,1,4,2,3,3,2,3,6,4,3,3,3,5,2,1,3,3,7,5,6,4,3,9,1,1,3,1,2,3,4
3,2,4,5,3,1,1,5,3,3,0,3,4,6,2,5,3,2,3,1,3,2,4,5,3,4,4,4,2,3,3,6,2,4,3,4,5,1,2,2,3,4,3,4,2,5,3,4,6,2,1,0,3,4,6,4,6,2,4,3,3,2,4,1,4,5,3,2,3,2,6,3,2,8,2,1,2,5,4,5,0,1,3,2,1,6,5,6,4,11,4,16,4,2,4,6,1,1,1,4,2,3,3,2,3,6,4,3,3,3,5,2,1,3,3,7,5,6,4,3,9,1,1,3,1,2,3,4
3,2,4,5,3,1,1,5,3,3,0,3,4,6,2,5,3,2,3,1,3,2,4,5,3,4,4,4,2,3,3,6,2,4,3,4,5,1,2,2,3,4,3,4,2,5,3,4,6,2,1,0,3,4,6,4,6,2,4,3,3,2,4,1,4,5,3,2,3,2,6,3,2,8,2,7,5,1,4,6,5,7,26,2,3,3,2,2,2,1,2,3,6,2,6,3,13,5,4,2,2,1,2,4,3,1,9,4,1,3,11,1,1,3,8,2,5,2,2,1,3,3,4,4,1,4,2,2
5,1,4,3,4,5,5,5,5,8,3,2,1,4,4,3,5,8,4,2,9,4,2,5,4,3,2,2,1,2,2,2,3,3,8,4,3,4,2,3,3,6,1,7,3,5,1,5,3,3,5,2,6,5,3,1,1,5,0,3,4,2,7,2,19,1,2,4,6,3,2,1,4,4,3,7,5,1,4,6,5,7,26,2,3,3,2,2,2,1,2,3,6,2,6,3,13,5,4,2,2,1,2,4,3,1,9,4,1,3,11,1,1,3,8,2,5,2,2,1,3,3,4,4,1,4,2,2
5,1,4,3,4,5,5,5,5,8,3,2,1,4,4,3,5,8,4,2,9,4,2,5,4,3,2,2,1,2,2,2,3,3,8,4,3,4,2,3,3,6,1,7,3,5,1,5,3,3,5,2,6,5,3,1,1,5,0,3,4,2,7,2,19,1,2,4,6,3,2,1,4,4,3,2,1,7,3,4,10,2,1,1,2,1,5,1,4,2,4,6,5,3,2,2,5,1,6,5,6,6,7,6,3,6,2,4,2,0,1,4,5,4,3,3,3,2,5,2,4,2,5,5,0,1,2,4
4,2,4,1,3,2,6,3,1,7,1,4,1,1,2,5,3,5,4,1,6,5,4,4,6,2,2,5,1,5,18,4,2,3,2,2,2,3,4,3,6,3,0,2,4,3,4,6,2,3,6,7,4,2,2,3,9,5,3,4,4,5,2,3,2,3,2,4,4,6,3,1,3,1,5,2,1,7,3,4,10,2,1,1,2,1,5,1,4,2,4,6,5,3,2,2,5,1,6,5,6,6,7,6,3,6,2,4,2,0,1,4,5,4,3,3,3,2,5,2,4,2,5,5,0,1,2,4
4,2,4,1,3,2,6,3,1,7,1,4,1,1,2,5,3,5,4,1,6,5,4,4,6,2,2,5,1,5,18,4,2,3,2,2,2,3,4,3,6,3,0,2,4,3,4,6,2,3,6,7,4,2,2,3,9,5,3,4,4,5,2,3,2,3,2,4,4,6,3,1,3,1,5,4,3,6,4,16,4,6,2,4,3,1,3,1,3,8,4,5,4,8,3,5,5,7,8,2,1,3,3,4,3,5,9,6,2,6,2,9,1,1,5,3,6,5,6,1,5,7,2,3,1,2,2,2
2,6,3,5,2,3,2,3,2,4,2,3,4,6,1,5,2,4,2,4,3,3,6,5,4,0,4,3,2,2,4,5,2,4,1,2,5,3,5,2,1,5,3,1,2,5,3,3,5,4,5,4,0,3,4,6,9,1,6,0,7,3,1,7,5,4,2,1,2,4,3,1,4,5,3,4,3,6,4,16,4,6,2,4,3,1,3,1,3,8,4,5,4,8,3,5,5,7,8,2,1,3,3,4,3,5,9,6,2,6,2,9,1,1,5,3,6,5,6,1,5,7,2,3,1,2,2,2
2,6,3,5,2,3,2,3,2,4,2,3,4,6,1,5,2,4,2,4,3,3,6,5,4,0,4,3,2,2,4,5,2,4,1,2,5,3,5,2,1,5,3,1,2,5,3,3,5,4,5,4,0,3,4,6,9,1,6,0,7,3,1,7,5,4,2,1,2,4,3,1,4,5,3,4,3,3,6,7,2,5,2,3,1,3,3,2,1,6,3,9,2,4,1,3,3,1,8,3,3,4,4,2,4,3,2,12,7,2,1,5,3,3,10,2,2,2,4,6,5,2,3,5,5,2,3,3
4,2,4,2,3,2,4,4,4,5,2,3,4,2,3,2,8,5,1,7,0,2,3,4,3,1,2,5,5,2,4,5,3,5,3,1,3,4,3,4,3,3,3,0,4,2,2,2,2,4,4,3,4,3,3,7,2,6,2,4,4,2,1,2,5,1,1,3,2,2,5,6,4,1,6,4,3,3,6,7,2,5,2,3,1,3,3,2,1,6,3,9,2,4,1,3,3,1,8,3,3,4,4,2,4,3,2,12,7,2,1,5,3,3,10,2,2,2,4,6,5,2,3,5,5,2,3,3
4,2,4,2,3,2,4,4,4,5,2,3,4,2,3,2,8,5,1,7,0,2,3,4,3,1,2,5,5,2,4,5,3,5,3,1,3,4,3,4,3,3,3,0,4,2,2,2,2,4,4,3,4,3,3,7,2,6,2,4,4,2,1,2,5,1,1,3,2,2,5,6,4,1,6,4,4,3,3,9,4,4,3,6,4,5,2,5,2,3,6,2,4,9,3,4,4,5,3,3,6,5,7,1,3,5,3,7,3,1,6,4,3,1,3,2,8,2,3,2,4,3,4,2,2,5,2,3
5,1,2,3,7,1,3,2,4,3,4,2,3,7,4,2,2,4,1,3,2,2,4,4,4,2,2,2,1,2,3,5,4,3,3,5,4,2,6,1,3,4,2,2,3,9,8,3,4,0,3,3,1,2,2,4,8,3,4,1,2,5,2,2,3,3,6,1,1,4,3,3,2,3,5,4,4,3,3,9,4,4,3,6,4,5,2,5,2,3,6,2,4,9,3,4,4,5,3,3,6,5,7,1,3,5,3,7,3,1,6,4,3,1,3,2,8,2,3,2,4,3,4,2,2,5,2,3
5,1,2,3,7,1,3,2,4,3,4,2,3,7,4,2,2,4,1,3,2,2,4,4,4,2,2,2,1,2,3,5,4,3,3,5,4,2,6,1,3,4,2,2,3,9,8,3,4,0,3,3,1,2,2,4,8,3,4,1,2,5,2,2,3,3,6,1,1,4,3,3,2,3,5,5,3,1,4,2,3,5,26,2,3,3,2,3,2,2,3,4,9,3,1,3,1,4,3,8,5,8,2,1,1,2,4,8,3,1,1,3,4,2,5,3,1,2,2,6,1,4,2,7,4,5,2,2
3,3,3,2,3,2,2,4,5,1,3,2,13,0,3,4,1,2,2,0,3,0,3,2,1,2,5,2,4,2,5,3,5,3,2,4,3,1,4,2,4,4,5,2,2,3,3,5,3,2,4,1,6,9,5,3,2,3,2,1,2,4,1,2,2,2,4,3,7,1,2,2,3,4,3,5,3,1,4,2,3,5,26,2,3,3,2,3,2,2,3,4,9,3,1,3,1,4,3,8,5,8,2,1,1,2,4,8,3,1,1,3,4,2,5,3,1,2,2,6,1,4,2,7,4,5,2,2
2,3,3,2,3,2,2,4,5,1,3,2,13,0,3,4,1,2,2,0,3,0,3,2,1,2,5,2,4,2,5,3,5,3,2,4,3,1,4,2,4,4,5,2,2,3,3,5,3,2,4,1,6,9,5,3,2,3,2,1,2,4,1,2,2,2,4,3,7,1,2,2,3,4,3,12,8,1,2,14,5,3,2,6,2,4,2,1,6,9,6,2,4,7,4,3,4,1,4,2,5,2,3,4,6,6,1,7,1,4,2,6,4,7,2,1,7,3,5,1,4,3,2,4,3,6,6,3
3,6,5,4,2,1,3,4,4,4,2,8,4,2,4,2,1,5,3,6,5,5,4,3,3,7,2,6,1,2,2,6,1,1,4,3,5,4,3,3,6,5,8,3,8,4,5,0,2,5,5,2,3,3,2,2,3,5,3,4,5,3,2,3,6,5,2,2,2,2,3,2,2,3,7,12,8,1,2,14,5,3,2,6,2,4,2,1,6,9,6,2,4,7,4,3,4,1,4,2,5,2,3,4,6,6,1,7,1,4,2,6,4,7,2,1,7,3,5,1,4,3,2,4,3,6,6,3
3,6,5,4,2,1,3,4,4,4,2,8,4,2,4,2,1,5,3,6,5,5,4,3,3,7,2,6,1,2,2,6,1,1,4,3,5,4,3,3,6,5,8,3,8,4,5,0,2,5,5,2,3,3,2,2,3,5,3,4,5,3,2,3,6,5,2,2,2,2,3,2,2,3,7,4,4,4,3,4,10,3,4,21,5,1,5,4,2,3,2,4,1,7,5,2,3,4,2,3,2,3,1,3,3,2,4,3,1,3,2,6,5,1,4,3,3,7,3,2,5,9,1,5,2,8,4,6
3,2,6,2,4,5,2,3,4,3,1,3,3,4,27,9,1,0,2,2,1,2,5,8,4,3,7,3,1,5,4,1,5,2,3,1,4,5,2,6,3,5,3,3,5,6,5,2,4,2,1,4,3,3,3,3,5,5,3,3,0,5,3,3,4,1,2,6,2,6,2,2,4,4,2,4,1,7,8,2,13,0,3,8,4,2,7,6,1,2,7,4,0,5,1,1,3,4,4,4,6,3,5,2,2,6,6,5,0,3,3,3,5,6,4,2,3,2,7,3,1,3,4,5,3,4,5,6
3,2,6,2,4,5,2,3,4,3,1,3,3,4,27,9,1,0,2,2,1,2,5,8,4,3,7,3,1,5,4,1,5,2,3,1,4,5,2,6,3,5,3,3,5,6,5,2,4,2,1,4,3,3,3,3,5,5,3,3,0,5,3,3,4,1,2,6,2,6,2,2,4,4,5,4,4,3,3,3,3,3,19,5,1,8,4,4,2,3,4,3,4,4,2,1,2,2,0,3,6,2,4,5,3,6,4,4,3,2,3,4,4,7,5,3,4,5,5,5,1,2,5,5,5,3,3,5
2,2,3,3,3,2,1,3,3,7,9,1,3,4,7,6,0,1,5,4,3,4,4,5,4,1,4,2,6,0,3,5,4,2,1,3,3,6,5,3,3,1,2,4,3,8,4,0,3,9,3,4,0,4,5,8,3,4,5,3,5,0,2,4,1,6,3,2,2,3,4,4,2,2,2,4,4,3,3,3,3,3,19,5,1,8,4,4,2,3,4,3,4,4,2,1,2,2,0,3,6,2,4,5,3,6,4,4,3,2,3,4,4,7,5,3,4,5,5,5,1,2,5,5,5,3,3,5
2,2,3,3,3,2,1,3,3,7,9,1,3,4,7,6,0,1,5,4,3,4,4,5,4,1,4,2,6,0,3,5,4,2,1,3,3,6,5,3,3,1,2,4,3,8,4,0,3,9,3,4,0,4,5,8,3,4,5,3,5,0,2,4,1,6,3,2,2,3,4,4,2,2,2,5,2,2,4,4,2,2,4,2,5,6,3,4,3,3,2,5,2,2,1,8,4,4,2,3,2,5,3,3,2,6,5,1,2,0,6,4,3,3,2,3,4,3,4,1,5,4,4,3,9,5,2,3
3,3,5,4,4,1,3,20,5,3,4,1,6,4,2,3,6,3,6,4,3,3,2,3,4,4,2,1,6,1,4,3,3,5,2,1,4,6,3,4,3,5,3,5,1,2,4,5,3,7,4,4,4,6,6,1,4,25,4,0,1,4,1,2,20,10,2,3,2,4,0,4,1,6,5,5,2,2,4,4,2,2,4,2,5,6,3,4,3,3,2,5,2,2,1,8,4,4,2,3,2,5,3,3,2,6,5,1,2,0,6,4,3,3,2,3,4,3,4,1,5,4,4,3,9,5,2,3
3,3,5,4,4,1,3,20,5,3,4,1,6,4,2,3,6,3,6,4,3,3,2,3,4,4,2,1,6,1,4,3,3,5,2,1,4,6,3,4,3,5,3,5,1,2,4,5,3,7,4,4,4,6,6,1,4,25,4,0,1,4,1,2,20,10,2,3,2,4,0,4,1,6,5,3,22,6,9,1,6,2,3,9,4,3,3,2,6,6,2,34,0,0,1,4,1,5,0,4,2,3,1,1,6,2,8,1,2,1,6,2,2,1,7,7,3,6,1,4,3,6,4,1,2,1,3,3
2,1,1,1,2,4,23,4,0,3,0,2,1,3,26,7,2,4,2,3,2,1,5,1,4,3,4,2,6,2,4,5,5,5,1,8,4,3,1,4,7,3,7,2,3,8,2,6,5,1,2,3,7,6,2,6,3,4,1,2,5,5,2,4,3,2,3,4,5,5,2,4,3,5,4,3,22,6,9,1,6,2,3,9,4,3,3,2,6,6,2,34,0,0,1,4,1,5,0,4,2,3,1,1,6,2,8,1,2,1,6,2,2,1,7,7,3,6,1,4,3,6,4,1,2,1,3,3
1,1,1,1,2,4,23,4,0,3,0,2,1,3,26,7,2,4,2,3,2,1,5,1,4,3,4,2,6,2,4,5,5,5,1,8,4,3,1,4,7,3,7,2,3,8,2,6,5,1,2,3,7,6,2,6,3,4,1,2,5,5,2,4,3,2,3,4,5,5,2,4,3,5,4,1,2,2,2,37,4,5,14,0,2,6,2,2,4,3,2,5,2,3,2,4,3,3,3,6,2,5,1,3,2,0,3,2,3,3,3,5,3,8,3,3,1,8,5,4,3,4,2,5,6,3,4,4
2,4,3,1,2,3,1,5,5,3,6,5,3,4,4,2,5,4,1,3,7,3,3,3,7,3,3,6,2,2,3,2,4,5,3,5,1,5,3,3,2,1,3,4,2,2,2,3,3,5,3,4,3,5,3,3,4,5,3,3,1,3,4,1,2,3,5,3,1,6,3,3,2,8,2,1,2,2,2,37,4,5,14,0,2,6,2,2,4,3,2,5,2,3,2,4,3,3,3,6,2,5,1,3,2,0,3,2,3,3,3,5,3,8,3,3,1,8,5,4,3,4,2,5,6,3,4,4
2,4,3,1,2,3,1,5,5,3,6,5,3,4,4,2,5,4,1,3,7,3,3,3,7,3,3,6,2,2,3,2,4,5,3,5,1,5,3,3,2,1,3,4,2,2,2,3,3,5,3,4,3,5,3,3,4,5,3,3,1,3,4,1,2,3,5,3,1,6,3,3,2,8,2,3,4,4,3,2,15,5,6,0,2,5,2,4,3,1,2,2,5,4,2,1,3,6,2,4,4,0,3,2,6,3,5,3,2,8,1,2,2,2,4,4,8,3,6,2,4,1,3,2,7,3,2,4
4,9,3,2,4,1,8,2,5,2,3,2,7,5,3,2,2,8,5,5,5,2,2,3,3,8,4,3,3,3,4,4,9,3,0,7,2,3,3,1,2,3,3,3,1,4,5,4,4,2,1,4,3,4,3,4,2,2,5,3,4,1,2,7,5,3,5,9,7,1,3,8,4,1,2,3,4,4,3,2,15,5,6,0,2,5,2,4,3,1,2,2,5,4,2,1,3,6,2,4,4,0,3,2,6,3,5,3,2,8,1,2,2,2,4,4,8,3,6,2,4,1,3,2,7,3,2,4
4,9,3,2,4,1,8,2,5,2,3,2,7,5,3,2,2,8,5,5,5,2,2,3,3,8,4,3,3,3,4,4,9,3,0,7,2,3,3,1,2,3,3,3,1,4,5,4,4,2,1,4,3,4,3,4,2,2,5,3,4,1,2,7,5,3,5,9,7,1,3,8,4,1,2,2,1,2,3,12,10,4,4,4,3,6,2,3,0,3,3,2,3,6,3,3,2,3,5,4,5,1,5,4,2,7,3,0,4,4,1,4,4,3,2,3,2,5,5,2,4,1,4,7,5,3,2,5
2,1,7,1,6,2,2,1,4,5,5,3,1,3,4,2,3,3,3,2,7,6,5,5,3,2,2,2,1,5,4,2,2,4,5,2,5,2,1,3,6,3,3,3,3,2,6,1,1,2,2,1,1,2,5,3,3,3,4,6,6,3,4,2,11,3,3,2,2,4,2,2,5,2,3,2,1,2,3,12,10,4,4,4,3,6,2,3,0,3,3,2,3,6,3,3,2,3,5,4,5,1,5,4,2,7,3,0,4,4,1,4,4,3,2,3,2,5,5,2,4,1,4,7,5,3,2,5
2,1,7,1,6,2,2,1,4,5,5,3,1,3,4,2,3,3,3,2,7,6,5,5,3,2,2,2,1,5,4,2,2,4,5,2,5,2,1,3,6,3,3,3,3,2,6,1,1,2,2,1,1,2,5,3,3,3,4,6,6,3,4,2,11,3,3,2,2,4,2,2,5,2,3,5,3,2,4,3,14,1,5,1,1,5,7,5,3,2,4,6,3,3,3,3,2,5,5,2,2,6,2,8,6,5,3,4,1,7,2,3,3,3,2,2,2,4,3,4,5,5,4,6,2,1,5,5
4,2,4,2,3,4,1,4,6,1,2,3,8,2,2,3,2,4,0,3,3,2,3,3,6,3,2,4,2,3,1,5,2,4,9,2,2,4,3,8,3,4,3,6,1,2,2,4,3,2,2,3,5,3,5,4,4,3,6,3,6,1,5,2,2,7,6,2,4,6,4,6,2,0,5,5,3,2,4,3,14,1,5,1,1,5,7,5,3,2,4,6,3,3,3,3,2,5,5,2,2,6,2,8,6,5,3,4,1,7,2,3,3,3,2,2,2,4,3,4,5,5,4,6,2,1,5,5
4,2,4,2,3,4,1,4,6,1,2,3,8,2,2,3,2,4,0,3,3,2,3,3,6,3,2,4,2,3,1,5,2,4,9,2,2,4,3,8,3,4,3,6,1,2,2,4,3,2,2,3,5,3,5,4,4,3,6,3,6,1,5,2,2,7,6,2,4,6,4,6,2,0,5,5,2,3,3,18,9,3,2,3,3,1,5,7,3,3,6,6,4,3,2,4,3,0,4,2,3,3,4,3,1,4,4,4,2,3,5,3,4,3,0,4,4,4,5,5,2,2,5,6,5,2,2,3
3,7,2,6,2,8,5,3,5,2,5,2,3,3,2,1,5,2,4,0,2,4,6,8,5,5,3,3,2,4,2,3,1,5,3,6,1,3,6,3,4,1,6,3,2,2,5,4,4,3,1,4,4,2,7,2,3,3,2,5,2,2,2,3,4,5,2,4,3,8,4,3,3,1,6,5,2,3,3,18,9,3,2,3,3,1,5,7,3,3,6,6,4,3,2,4,3,0,4,2,3,3,4,3,1,4,4,4,2,3,5,3,4,3,0,4,4,4,5,5,2,2,5,6,5,2,2,3
3,7,2,6,2,8,5,3,5,2,5,2,3,3,2,1,5,2,4,0,2,4,6,8,5,5,3,3,2,4,2,3,1,5,3,6,1,3,6,3,4,1,6,3,2,2,5,4,4,3,1,4,4,2,7,2,3,3,2,5,2,2,2,3,4,5,2,4,3,8,4,3,3,1,6,4,2,4,2,3,2,2,4,4,2,29,0,4,4,3,3,4,0,6,4,4,3,1,6,1,2,3,5,3,4,1,7,3,3,1,2,7,3,6,4,5,7,2,6,2,4,7,5,2,1,4,3,2
3,3,6,4,3,3,2,3,7,6,4,2,6,2,5,4,4,29,9,4,0,1,3,4,0,3,2,7,4,1,5,4,4,2,3,3,5,2,3,2,2,3,2,2,3,3,0,2,4,3,3,6,1,1,3,2,2,3,5,5,4,4,4,4,2,2,5,10,1,4,5,4,1,5,3,4,2,4,2,3,2,2,4,4,2,29,0,4,4,3,3,4,0,6,4,4,3,1,6,1,2,3,5,3,4,1,7,3,3,1,2,7,3,6,4,5,7,2,6,2,4,7,5,2,1,4,3,2
4,3,6,4,3,3,2,3,7,6,4,2,6,2,5,4,4,29,9,4,0,1,3,4,0,3,2,7,4,1,5,4,4,2,3,3,5,2,3,2,2,3,2,2,3,3,0,2,4,3,3,6,1,1,3,2,2,3,5,5,4,4,4,4,2,2,5,10,1,4,5,4,1,5,3,2,3,4,4,27,19,10,3,2,3,2,3,1,3,6,5,6,3,1,7,4,6,6,4,3,3,5,4,1,3,1,3,3,8,4,6,4,6,4,3,1,3,3,5,2,3,3,6,1,3,4,3,4
4,5,1,4,4,5,4,1,3,1,1,2,3,1,5,3,3,4,2,4,5,4,2,5,2,4,4,2,2,3,2,4,5,2,2,3,2,6,4,3,4,1,5,3,1,2,10,3,3,2,5,3,3,6,3,5,3,5,4,4,3,9,4,1,7,1,7,6,1,2,0,5,6,2,0,2,3,4,4,27,19,10,3,2,3,2,3,1,3,6,5,6,3,1,7,4,6,6,4,3,3,5,4,1,3,1,3,3,8,4,6,4,6,4,3,1,3,3,5,2,3,3,6,1,3,4,3,4
3,5,1,4,4,5,4,1,3,1,1,2,3,1,5,3,3,4,2,4,5,4,2,5,2,4,4,2,2,3,2,4,5,2,2,3,2,6,4,3,4,1,5,3,1,2,10,3,3,2,5,3,3,6,3,5,3,5,4,4,3,9,4,1,7,1,7,6,1,2,0,5,6,2,0,3,1,2,10,11,1,6,6,2,2,1,4,4,3,3,5,3,4,5,3,2,2,5,2,2,1,1,2,3,3,5,5,9,4,5,3,2,3,5,3,2,2,3,2,2,6,3,4,4,2,2,6,4
2,4,2,5,2,3,3,1,3,3,2,6,5,2,2,5,4,4,3,1,2,4,2,2,5,21,10,3,1,8,4,3,3,3,4,5,1,2,4,2,2,1,6,4,4,4,2,2,2,6,1,4,2,4,4,2,3,3,4,3,3,4,3,1,2,3,2,5,1,3,5,5,3,8,1,3,1,2,10,11,1,6,6,2,2,1,4,4,3,3,5,3,4,5,3,2,2,5,2,2,1,1,2,3,3,5,5,9,4,5,3,2,3,5,3,2,2,3,2,2,6,3,4,4,2,2,6,4
2,4,2,5,2,3,3,1,3,3,2,6,5,2,2,5,4,4,3,1,2,4,2,2,5,21,10,3,1,8,4,3,3,3,4,5,1,2,4,2,2,1,6,4,4,4,2,2,2,6,1,4,2,4,4,2,3,3,4,3,3,4,3,1,2,3,2,5,1,3,5,5,3,8,1,1,10,4,0,11,4,3,4,3,2,1,1,1,4,3,3,3,4,6,3,5,4,2,5,4,3,3,4,2,3,4,5,4,1,5,5,3,0,5,3,6,5,2,2,3,3,4,8,2,6,4,5,0
5,1,2,3,3,4,5,4,2,3,6,6,2,3,2,5,6,6,3,2,2,5,2,1,1,3,1,7,6,1,4,2,4,3,1,4,2,8,2,3,2,4,0,7,2,2,5,3,4,2,6,4,4,1,3,2,7,11,4,5,2,2,1,5,5,6,3,3,2,4,5,4,7,2,3,1,10,4,0,11,4,3,4,3,2,1,1,1,4,3,3,3,4,6,3,5,4,2,5,4,3,3,4,2,3,4,5,4,1,5,5,3,0,5,3,6,5,2,2,3,3,4,8,2,6,4,5,0
5,1,2,3,3,4,5,4,2,3,6,6,2,3,2,5,6,6,3,2,2,5,2,1,1,3,1,7,6,1,4,2,4,3,1,4,2,8,2,3,2,4,0,7,2,2,5,3,4,2,6,4,4,1,3,2,7,11,4,5,2,2,1,5,5,6,3,3,2,4,5,4,7,2,3,3,2,4,6,4,2,2,10,3,0,2,5,2,2,5,1,1,23,7,0,4,3,3,5,5,6,3,6,2,2,0,4,2,2,3,3,2,2,4,5,0,3,3,4,4,5,3,1,4,1,4,2,3
6,2,4,1,1,5,2,2,1,6,3,7,1,13,2,6,3,5,3,1,7,1,2,7,4,3,2,3,4,3,3,5,4,4,3,3,5,6,0,6,1,8,3,1,3,10,6,2,10,3,3,3,6,4,3,4,2,6,7,2,4,2,2,5,2,1,5,3,3,3,9,6,3,1,4,3,2,4,6,4,2,2,10,3,0,2,5,2,2,5,1,1,23,7,0,4,3,3,5,5,6,3,6,2,2,0,4,2,2,3,3,2,2,4,5,0,3,3,4,4,5,3,1,4,1,4,2,3
6,2,4,1,1,5,2,2,1,6,3,7,1,13,2,6,3,5,3,1,7,1,2,7,4,3,2,3,4,3,3,5,4,4,3,3,5,6,0,6,1,8,3,1,3,10,6,2,10,3,3,3,6,4,3,4,2,6,7,2,4,2,2,5,2,1,5,3,3,3,9,6,3,1,4,2,3,5,15,8,4,6,2,19,2,2,4,4,6,2,2,5,21,1,2,5,2,5,1,2,2,1,4,5,5,3,3,5,5,2,2,5,2,1,4,8,3,1,4,5,2,4,8,4,4,5,2,3
7,3,4,3,3,2,3,5,1,7,2,1,3,1,5,3,4,4,2,3,3,5,3,4,2,2,2,4,5,6,2,4,2,5,6,2,2,5,5,4,2,2,5,2,2,3,4,5,1,3,2,6,1,3,4,2,3,2,5,6,3,3,8,3,5,3,2,4,2,0,5,3,5,5,3,2,3,5,15,8,4,6,2,19,2,2,4,4,6,2,2,5,21,1,2,5,2,5,1,2,2,1,4,5,5,3,3,5,5,2,2,5,2,1,4,8,3,1,4,5,2,4,8,4,4,5,2,3
7,3,4,3,3,2,3,5,1,7,2,1,3,1,5,3,4,4,2,3,3,5,3,4,2,2,2,4,5,6,2,4,2,5,6,2,2,5,5,4,2,2,5,2,2,3,4,5,1,3,2,6,1,3,4,2,3,2,5,6,3,3,8,3,5,3,2,4,2,0,5,3,5,5,3,1,2,4,6,17,5,2,8,4,3,2,6,3,1,1,2,2,4,6,6,1,2,6,3,4,5,3,9,4,6,6,5,2,2,1,5,3,4,6,6,2,3,1,4,4,6,4,2,3,4,4,4,3
5,3,4,2,1,7,1,3,3,3,1,2,5,2,4,3,7,2,1,4,4,3,5,3,1,2,6,5,5,4,1,4,3,3,1,6,2,2,2,4,4,2,5,1,3,2,7,1,3,5,5,4,5,3,0,3,2,4,5,3,1,2,2,3,3,1,3,0,4,3,5,3,0,4,3,1,2,4,6,17,5,2,8,4,3,2,6,3,1,1,2,2,4,6,6,1,2,6,3,4,5,3,9,4,6,6,5,2,2,1,5,3,4,6,6,2,3,1,4,4,6,4,2,3,4,4,4,3
5,3,4,2,1,7,1,3,3,3,1,2,5,2,4,3,7,2,1,4,4,3,5,3,1,2,6,5,5,4,1,4,3,3,1,6,2,2,2,4,4,2,5,1,3,2,7,1,3,5,5,4,5,3,0,3,2,4,5,3,1,2,2,3,3,1,3,0,4,3,5,3,0,4,3,5,2,6,4,3,6,8,4,3,2,6,17,4,2,4,2,5,1,2,3,4,4,1,4,3,3,6,6,2,4,3,7,5,2,6,2,2,2,3,5,5,4,2,1,5,3,4,7,2,4,1,4,2
3,4,4,3,3,3,3,1,3,3,6,5,1,4,1,3,9,2,4,4,2,4,1,1,4,5,0,1,4,6,3,5,2,2,23,5,2,4,13,4,5,3,8,3,1,13,2,1,6,1,6,2,2,4,27,3,1,2,2,1,14,2,0,2,3,4,5,2,2,3,3,4,4,1,5,5,2,6,4,3,6,8,4,3,2,6,17,4,2,4,2,5,1,2,3,4,4,1,4,3,3,6,6,2,4,3,7,5,2,6,2,2,2,3,5,5,4,2,1,5,3,4,7,2,4,1,4,2
3,4,4,3,3,3,3,1,3,3,6,5,1,4,1,3,9,2,4,4,2,4,1,1,4,5,0,1,4,6,3,5,2,2,23,5,2,4,13,4,5,3,8,3,1,13,2,1,6,1,6,2,2,4,27,3,1,2,2,1,14,2,0,2,3,4,5,2,2,3,3,4,4,1,5,4,2,7,3,18,2,3,1,4,4,0,3,4,3,4,4,3,3,5,4,2,6,9,6,4,1,8,4,2,6,4,4,11,2,5,6,3,1,25,2,3,1,1,1,12,4,0,5,4,3,8,2,21
5,3,2,4,7,4,6,1,6,6,1,4,3,6,5,3,2,2,5,7,2,5,3,8,3,3,4,4,5,4,7,5,4,5,5,1,3,1,7,4,1,3,5,3,2,3,2,5,2,3,2,9,1,4,3,3,2,3,9,3,3,4,4,3,0,3,4,4,4,1,4,4,0,5,3,4,2,7,3,18,2,3,1,4,4,0,3,4,3,4,4,3,3,5,4,2,6,9,6,4,1,8,4,2,6,4,4,11,2,5,6,3,1,25,2,3,1,1,1,12,4,0,5,4,3,8,2,21
5,3,2,4,7,4,6,1,6,6,1,4,3,6,5,3,2,2,5,7,2,5,3,8,3,3,4,4,5,4,7,5,4,5,5,1,3,1,7,4,1,3,5,3,2,3,2,5,2,3,2,9,1,4,3,3,2,3,9,3,3,4,4,3,0,3,4,4,4,1,4,4,0,5,3,1,3,2,6,4,2,6,7,2,2,4,4,5,3,6,1,6,4,2,26,1,1,0,2,6,1,2,1,3,5,1,3,4,2,4,2,1,3,2,2,9,0,6,3,2,3,4,6,2,2,1,2,3
2,4,5,3,5,6,6,4,6,6,4,3,5,5,6,3,4,1,1,1,4,1,4,3,5,5,5,2,2,9,4,5,3,5,1,4,1,8,4,1,2,2,4,4,3,4,1,3,2,1,5,3,7,4,2,6,3,2,2,2,5,6,1,1,2,4,3,5,8,4,2,3,2,4,9,1,3,2,6,4,2,6,7,2,2,4,4,5,3,6,1,6,4,2,26,1,1,0,2,6,1,2,1,3,5,1,3,4,2,4,2,1,3,2,2,9,0,6,3,2,3,4,6,2,2,1,2,3
2,4,5,3,5,6,6,4,6,6,4,3,5,5,6,3,4,1,1,1,4,1,4,3,5,5,5,2,2,9,4,5,3,5,1,4,1,8,4,1,2,2,4,4,3,4,1,3,2,1,5,3,7,4,2,6,3,2,2,2,5,6,1,1,2,4,3,5,8,4,2,3,2,4,9,3,5,4,4,3,2,2,5,2,10,5,13,3,1,2,5,3,10,5,0,3,6,8,6,4,3,5,4,5,2,9,2,3,1,3,4,1,5,2,1,3,0,4,1,4,4,2,4,5,4,8,4,2
2,0,5,5,6,7,5,3,1,5,6,2,4,1,4,3,2,1,5,0,5,4,4,2,2,3,7,1,2,2,5,3,3,5,2,3,1,3,4,2,1,1,6,8,1,3,1,2,7,3,3,2,3,3,4,6,3,6,3,5,6,5,3,3,2,2,4,2,2,4,1,5,3,5,1,3,5,4,4,3,2,2,5,2,10,5,13,3,1,2,5,3,10,5,0,3,6,8,6,4,3,5,4,5,2,9,2,3,1,3,4,1,5,2,1,3,0,4,1,4,4,2,4,5,4,8,4,2
2,0,5,5,6,7,5,3,1,5,6,2,4,1,4,3,2,1,5,0,5,4,4,2,2,3,7,1,2,2,5,3,3,5,2,3,1,3,4,2,1,1,6,8,1,3,1,2,7,3,3,2,3,3,4,6,3,6,3,5,6,5,3,3,2,2,4,2,2,4,1,5,3,5,1,3,8,2,23,1,0,2,4,1,5,1,2,9,0,1,2,3,2,3,5,4,2,4,6,7,0,2,3,4,8,1,4,2,5,3,2,4,1,3,5,2,2,3,2,2,6,6,5,1,6,1,2,4
4,2,4,4,6,2,1,5,6,2,2,3,4,3,2,5,4,9,1,4,3,2,6,1,5,1,2,2,2,2,2,2,1,2,3,5,1,5,4,2,3,3,5,1,2,3,6,2,3,7,4,4,1,3,3,4,2,5,1,3,6,2,2,3,3,2,4,2,4,4,8,2,4,4,3,3,8,2,23,1,0,2,4,1,5,1,2,9,0,1,2,3,2,3,5,4,2,4,6,7,0,2,3,4,8,1,4,2,5,3,2,4,1,3,5,2,2,3,2,2,6,6,5,1,6,1,2,4
4,2,4,4,6,2,1,5,6,2,2,3,4,3,2,5,4,9,1,4,3,2,6,1,5,1,2,2,2,2,2,2,1,2,3,5,1,5,4,2,3,3,5,1,2,3,6,2,3,7,4,4,1,3,3,4,2,5,1,3,6,2,2,3,3,2,4,2,4,4,8,2,4,4,3,4,4,6,2,5,12,3,2,3,6,1,3,5,4,1,4,2,2,1,4,4,2,6,1,5,4,1,4,1,1,4,4,1,4,4,3,8,3,4,3,8,3,1,2,4,1,2,1,4,2,8,3,2
5,7,1,0,4,6,4,3,2,1,2,5,2,5,6,2,3,7,4,2,2,2,2,5,3,7,5,5,2,2,3,3,3,4,8,3,6,3,3,1,4,4,1,3,3,2,7,3,1,3,4,2,1,3,1,4,5,4,3,3,5,2,3,2,5,5,3,3,6,8,1,6,1,3,4,4,4,6,2,5,12,3,2,3,6,1,3,5,4,1,4,2,2,1,4,4,2,6,1,5,4,1,4,1,1,4,4,1,4,4,3,8,3,4,3,8,3,1,2,4,1,2,1,4,2,8,3,2
5,7,1,0,4,6,4,3,2,1,2,5,2,5,6,2,3,7,4,2,2,2,2,5,3,7,5,5,2,2,3,3,3,4,8,3,6,3,3,1,4,4,1,3,3,2,7,3,1,3,4,2,1,3,1,4,5,4,3,3,5,2,3,2,5,5,3,3,6,8,1,6,1,3,4,0,3,2,6,3,2,4,2,3,2,5,6,18,5,2,4,2,5,1,2,2,5,0,6,1,3,2,1,5,4,7,4,5,3,2,3,3,0,3,2,3,4,2,5,5,2,7,4,2,3,7,2,2
2,1,7,0,2,2,4,5,3,4,1,1,2,4,2,4,2,3,6,1,6,1,5,2,7,8,1,1,5,4,5,6,3,5,4,4,1,5,2,2,4,7,8,3,7,4,2,6,4,6,4,2,2,3,4,2,1,2,5,3,1,2,3,2,3,2,4,2,5,4,4,1,6,3,3,0,3,2,6,3,2,4,2,3,2,5,6,18,5,2,4,2,5,1,2,2,5,0,6,1,3,2,1,5,4,7,4,5,3,2,3,3,0,3,2,3,4,2,5,5,2,7,4,2,3,7,2,2
2,1,7,0,2,2,4,5,3,4,1,1,2,4,2,4,2,3,6,1,6,1,5,2,7,8,1,1,5,4,5,6,3,5,4,4,1,5,2,2,4,7,8,3,7,4,2,6,4,6,4,2,2,3,4,2,1,2,5,3,1,2,3,2,3,2,4,2,5,4,4,1,6,3,3,4,5,4,3,4,7,3,2,5,6,4,6,7,3,5,13,3,2,2,4,4,8,2,2,3,2,2,4,3,2,0,5,2,4,2,3,1,2,0,3,2,4,2,3,3,2,1,3,4,2,3,1,2
5,4,3,1,6,2,3,5,3,6,3,6,5,6,1,2,1,3,4,5,2,3,3,2,5,4,6,7,4,4,5,1,7,1,0,2,2,7,4,3,2,2,3,8,3,2,5,10,4,3,2,3,2,8,1,2,4,3,2,10,20,3,4,1,3,5,2,3,2,5,4,10,5,2,3,4,5,4,3,4,7,3,2,5,6,4,6,7,3,5,13,3,2,2,4,4,8,2,2,3,2,2,4,3,2,0,5,2,4,2,3,1,2,0,3,2,4,2,3,3,2,1,3,4,2,3,1,2
5,4,3,1,6,2,3,5,3,6,3,6,5,6,1,2,1,3,4,5,2,3,3,2,5,4,6,7,4,4,5,1,7,1,0,2,2,7,4,3,2,2,3,8,3,2,5,10,4,3,2,3,2,8,1,2,4,3,2,10,20,3,4,1,3,5,2,3,2,5,4,10,5,2,3,4,4,3,2,5,5,3,2,2,2,2,3,3,5,3,3,40,0,0,4,2,3,2,2,3,2,2,2,3,6,6,3,1,6,5,3,2,2,3,1,0,3,17,1,1,7,5,3,2,4,1,10,6
8,3,3,5,3,6,27,1,0,2,2,5,4,1,7,5,6,1,5,1,1,4,3,5,4,3,1,7,4,3,5,2,2,3,4,6,3,8,9,3,5,2,4,7,6,7,4,1,5,9,2,1,1,4,3,3,2,5,3,3,1,4,2,5,2,3,6,6,6,2,7,1,3,3,4,4,4,3,2,5,5,3,2,2,2,2,3,3,5,3,3,40,0,0,4,2,3,2,2,3,2,2,2,3,6,6,3,1,6,5,3,2,2,3,1,0,3,17,1,1,7,5,3,2,4,1,10,6
8,3,3,5,3,6,27,1,0,2,2,5,4,1,7,5,6,1,5,1,1,4,3,5,4,3,1,7,4,3,5,2,2,3,4,6,3,8,9,3,5,2,4,7,6,7,4,1,5,9,2,1,1,4,3,3,2,5,3,3,1,4,2,5,2,3,6,6,6,2,7,1,3,3,4,3,4,7,5,3,2,2,1,5,12,4,5,3,4,2,1,10,4,5,2,3,3,3,3,7,5,2,2,5,6,6,2,4,3,5,4,2,2,2,6,4,2,5,5,10,1,1,1,2,4,4,1,6
1,2,4,9,26,4,4,3,2,3,1,3,2,3,11,4,12,0,2,1,1,0,1,3,3,3,2,2,3,6,6,3,2,5,6,3,9,4,2,4,0,4,3,4,2,5,2,3,2,2,6,8,2,3,1,3,5,3,1,4,3,6,2,3,3,2,4,1,3,15,1,3,11,3,4,3,4,7,5,3,2,2,1,5,12,4,5,3,4,2,1,10,4,5,2,3,3,3,3,7,5,2,2,5,6,6,2,4,3,5,4,2,2,2,6,4,2,5,5,10,1,1,1,2,4,4,1,6
0,2,4,9,26,4,4,3,2,3,1,3,2,3,11,4,12,0,2,1,1,0,1,3,3,3,2,2,3,6,6,3,2,5,6,3,9,4,2,4,0,4,3,4,2,5,2,3,2,2,6,8,2,3,1,3,5,3,1,4,3,6,2,3,3,2,4,1,3,15,1,3,11,3,1,3,2,13,0,10,2,2,8,5,4,3,2,4,5,3,2,6,5,4,0,5,4,1,4,4,4,2,5,2,3,4,2,2,5,4,8,5,1,2,3,2,4,3,5,2,2,4,5,3,5,4,4,6
2,3,6,3,2,5,4,4,4,4,5,2,5,3,3,4,4,4,9,4,4,5,5,2,2,1,2,2,5,7,3,1,1,4,5,3,3,2,4,6,2,2,5,4,4,3,1,5,6,5,2,2,3,2,2,3,5,6,3,6,3,3,3,2,2,2,4,2,7,2,4,0,3,2,3,3,2,13,0,10,2,2,8,5,4,3,2,4,5,3,2,6,5,4,0,5,4,1,4,4,4,2,5,2,3,4,2,2,5,4,8,5,1,2,3,2,4,3,5,2,2,4,5,3,5,4,4,6
2,3,6,3,2,5,4,4,4,4,5,2,5,3,3,4,4,4,9,4,4,5,5,2,2,1,2,2,5,7,3,1,1,4,5,3,3,2,4,6,2,2,5,4,4,3,1,5,6,5,2,2,3,2,2,3,5,6,3,6,3,3,3,2,2,2,4,2,7,2,4,0,3,2,3,4,2,1,5,3,47,1,1,0,8,0,4,1,2,1,6,2,2,1,2,2,3,6,3,2,1,4,2,3,3,3,3,3,5,1,3,6,4,4,4,5,1,3,3,1,6,2,3,1,3,4,4,8
1,1,2,5,2,4,1,4,4,3,5,5,7,4,3,13,4,2,4,2,2,3,2,6,8,5,2,2,2,4,6,4,1,2,1,3,3,3,2,3,3,3,3,1,2,3,3,5,3,2,2,3,3,3,4,5,4,1,2,4,5,2,3,2,2,5,6,3,2,5,1,3,0,3,5,4,2,1,5,3,47,1,1,0,8,0,4,1,2,1,6,2,2,1,2,2,3,6,3,2,1,4,2,3,3,3,3,3,5,1,3,6,4,4,4,5,1,3,3,1,6,2,3,1,3,4,4,8
1,1,2,5,2,4,1,4,4,3,5,5,7,4,3,13,4,2,4,2,2,3,2,6,8,5,2,2,2,4,6,4,1,2,1,3,3,3,2,3,3,3,3,1,2,3,3,5,3,2,2,3,3,3,4,5,4,1,2,4,5,2,3,2,2,5,6,3,2,5,1,3,0,3,5,2,1,2,5,5,6,5,0,4,18,2,2,4,6,6,1,3,2,5,4,4,3,1,2,2,3,2,4,3,3,2,13,2,1,5,5,2,4,2,3,2,3,1,5,3,3,5,4,3,6,5,5,4
3,2,2,4,5,4,1,3,3,2,2,5,4,4,3,1,3,6,2,6,3,6,6,3,7,0,3,7,1,2,3,7,2,1,2,4,2,1,6,4,5,1,1,6,2,4,5,7,6,7,2,2,5,5,5,1,5,3,5,4,3,0,5,3,1,2,2,3,0,5,2,2,2,8,2,2,1,2,5,5,6,5,0,4,18,2,2,4,6,6,1,3,2,5,4,4,3,1,2,2,3,2,4,3,3,2,13,2,1,5,5,2,4,2,3,2,3,1,5,3,3,5,4,3,6,5,5,4
3,2,2,4,5,4,1,3,3,2,2,5,4,4,3,1,3,6,2,6,3,6,6,3,7,0,3,7,1,2,3,7,2,1,2,4,2,1,6,4,5,1,1,6,2,4,5,7,6,7,2,2,5,5,5,1,5,3,5,4,3,0,5,3,1,2,2,3,0,5,2,2,2,8,2,3,5,2,4,3,3,2,2,3,3,4,3,6,3,3,3,31,1,4,3,2,6,2,2,2,7,2,4,1,3,2,5,4,6,5,4,3,3,1,4,8,4,10,7,7,1,2,2,1,7,6,2,6
1,3,4,5,2,4,3,9,6,8,2,3,3,6,3,2,4,2,3,0,11,0,4,2,3,6,3,3,6,2,2,5,3,3,2,5,5,3,4,2,4,3,6,3,2,4,2,4,3,6,3,1,2,3,5,2,7,2,3,5,2,2,3,3,3,2,4,3,4,1,2,2,2,7,5,3,5,2,4,3,3,2,2,3,3,4,3,6,3,3,3,31,1,4,3,2,6,2,2,2,7,2,4,1,3,2,5,4,6,5,4,3,3,1,4,8,4,10,7,7,1,2,2,1,7,6,2,6
2,3,4,5,2,4,3,9,6,8,2,3,3,6,3,2,4,2,3,0,11,0,4,2,3,6,3,3,6,2,2,5,3,3,2,5,5,3,4,2,4,3,6,3,2,4,2,4,3,6,3,1,2,3,5,2,7,2,3,5,2,2,3,3,3,2,4,3,4,1,2,2,2,7,5,3,2,2,5,4,4,3,1,7,1,5,3,4,5,1,3,3,29,0,1,4,1,4,4,2,2,4,4,9,0,2,2,4,1,3,3,3,1,5,4,5,3,5,4,5,4,4,3,5,7,7,3,2
6,31,1,2,2,2,3,0,9,2,9,4,0,6,1,3,3,3,1,3,4,4,5,3,2,15,3,1,3,5,5,1,3,2,2,4,4,2,4,6,4,5,7,6,4,0,7,6,6,1,4,4,1,4,6,2,5,4,4,4,3,20,10,2,2,0,4,6,8,4,2,1,10,6,2,8,1,1,1,4,4,4,8,3,13,21,1,1,1,0,3,1,5,5,1,4,2,5,2,5,5,3,2,1,3,5,4,3,1,3,3,5,2,1,1,7,2,6,2,5,2,4,4,2,3,1,2,7
20,31,1,2,2,2,3,0,9,2,9,4,0,6,1,3,3,3,1,3,4,4,5,3,2,15,3,1,3,5,5,1,3,2,2,4,4,2,4,6,4,5,7,6,4,0,7,6,6,1,4,4,1,4,6,2,5,4,4,4,3,20,10,2,2,0,4,6,8,4,2,1,10,6,3,4,6,2,2,4,2,3,12,3,2,3,1,2,3,2,4,2,2,4,4,2,12,2,6,3,2,3,5,4,2,2,4,5,7,5,1,2,5,3,0,3,2,6,1,5,4,5,5,3,1,4,6,1
20,7,1,4,3,4,3,4,3,7,6,3,5,2,5,2,3,5,3,3,2,1,2,4,5,3,1,4,4,4,1,2,3,5,4,2,2,4,1,2,2,5,1,6,4,8,1,1,3,2,9,1,5,4,3,4,16,4,1,4,4,7,3,16,4,0,3,5,4,0,23,13,2,2,3,4,6,2,2,4,2,3,12,3,2,3,1,2,3,2,4,2,2,4,4,2,12,2,6,3,2,3,5,4,2,2,4,5,7,5,1,2,5,3,0,3,2,6,1,5,4,5,5,3,1,4,6,1
3,7,1,4,3,4,3,4,3,7,6,3,5,2,5,2,3,5,3,3,2,1,2,4,5,3,1,4,4,4,1,2,3,5,4,2,2,4,1,2,2,5,1,6,4,8,1,1,3,2,9,1,5,4,3,4,16,4,1,4,4,7,3,16,4,0,3,5,4,0,23,13,2,2,1,7,5,3,3,2,0,4,13,17,4,4,3,2,2,5,3,5,4,1,5,1,7,3,5,3,3,4,2,2,2,8,2,1,4,4,1,2,2,2,2,2,3,6,7,6,4,7,2,1,21,9,4,4
3,1,4,2,4,1,2,3,2,3,2,3,2,4,7,3,3,1,6,3,0,2,5,2,4,6,2,4,4,1,4,2,5,2,1,4,3,4,3,4,1,3,4,6,3,5,2,2,2,3,3,2,3,6,4,2,6,5,8,1,3,3,5,6,4,1,7,3,16,4,4,1,2,4,1,7,5,3,3,2,0,4,13,17,4,4,3,2,2,5,3,5,4,1,5,1,7,3,5,3,3,4,2,2,2,8,2,1,4,4,1,2,2,2,2,2,3,6,7,6,4,7,2,1,21,9,4,4
3,1,4,2,4,1,2,3,2,3,2,3,2,4,7,3,3,1,6,3,0,2,5,2,4,6,2,4,4,1,4,2,5,2,1,4,3,4,3,4,1,3,4,6,3,5,2,2,2,3,3,2,3,6,4,2,6,5,8,1,3,3,5,6,4,1,7,3,16,4,4,1,2,4,1,5,8,4,6,4,1,2,4,3,4,5,1,2,3,1,2,2,3,3,3,5,4,2,2,5,3,6,6,2,3,0,3,5,6,3,6,4,4,3,5,2,6,3,2,3,5,4,1,3,7,4,2,8
2,3,3,2,2,1,6,2,3,1,6,2,3,4,1,5,2,4,3,3,5,3,5,1,4,9,2,3,4,5,8,2,3,6,2,2,5,4,5,2,4,3,5,6,2,3,3,5,4,3,7,3,2,3,2,2,2,3,1,3,3,1,2,4,6,2,2,2,3,4,2,5,3,0,2,5,8,4,6,4,1,2,4,3,4,5,1,2,3,1,2,2,3,3,3,5,4,2,2,5,3,6,6,2,3,0,3,5,6,3,6,4,4,3,5,2,6,3,2,3,5,4,1,3,7,4,2,8
2,3,3,2,2,1,6,2,3,1,6,2,3,4,1,5,2,4,3,3,5,3,5,1,4,9,2,3,4,5,8,2,3,6,2,2,5,4,5,2,4,3,5,6,2,3,3,5,4,3,7,3,2,3,2,2,2,3,1,3,3,1,2,4,6,2,2,2,3,4,2,5,3,0,2,4,4,3,2,4,4,3,5,4,3,3,1,2,2,6,5,3,4,6,6,1,3,4,5,3,2,3,2,5,4,5,2,1,1,4,3,3,5,4,2,3,2,3,1,4,4,2,5,1,3,2,4,3
3,3,5,2,3,6,4,2,7,1,5,2,4,3,2,6,1,3,9,4,4,6,7,7,5,3,5,4,6,2,1,2,2,3,2,4,6,5,4,0,2,3,4,4,2,2,6,1,5,2,5,3,6,5,3,4,2,4,3,3,1,3,2,8,2,2,5,7,2,3,2,3,8,0,5,4,4,3,2,4,4,3,5,4,3,3,1,2,2,6,5,3,4,6,6,1,3,4,5,3,2,3,2,5,4,5,2,1,1,4,3,3,5,4,2,3,2,3,1,4,4,2,5,1,3,2,4,3
3,3,5,2,3,6,4,2,7,1,5,2,4,3,2,6,1,3,9,4,4,6,7,7,5,3,5,4,6,2,1,2,2,3,2,4,6,5,4,0,2,3,4,4,2,2,6,1,5,2,5,3,6,5,3,4,2,4,3,3,1,3,2,8,2,2,5,7,2,3,2,3,8,0,5,5,2,3,2,2,5,0,1,3,3,1,5,5,3,4,5,3,6,3,6,20,2,0,3,4,4,8,1,3,4,2,5,2,4,2,1,3,4,4,1,3,2,2,3,7,2,4,2,4,3,2,5,3
1,3,3,3,1,1,6,3,3,3,0,4,2,3,3,5,4,6,3,2,3,4,5,3,1,3,3,6,2,5,2,1,4,4,4,1,2,6,3,5,4,4,2,6,3,3,7,7,2,2,5,2,1,2,2,5,1,2,4,5,5,4,2,5,3,2,8,1,3,1,3,4,3,2,2,5,2,3,2,2,5,0,1,3,3,1,5,5,3,4,5,3,6,3,6,20,2,0,3,4,4,8,1,3,4,2,5,2,4,2,1,3,4,4,1,3,2,2,3,7,2,4,2,4,3,2,5,3
4,3,3,3,1,1,6,3,3,3,0,4,2,3,3,5,4,6,3,2,3,4,5,3,1,3,3,6,2,5,2,1,4,4,4,1,2,6,3,5,4,4,2,6,3,3,7,7,2,2,5,2,1,2,2,5,1,2,4,5,5,4,2,5,3,2,8,1,3,1,3,4,3,2,2,3,5,3,5,4,5,2,1,1,1,1,2,4,7,5,1,5,2,1,6,5,7,2,5,2,2,2,1,4,4,5,3,2,4,3,4,5,2,3,3,2,5,8,3,5,1,2,2,2,3,2,2,3
5,6,4,3,3,15,0,4,2,5,4,3,5,13,5,1,1,1,6,1,3,3,5,16,1,4,2,9,2,2,3,7,2,2,4,3,4,3,1,1,5,4,4,2,4,3,4,6,3,5,5,6,2,4,4,5,1,4,3,2,6,3,0,4,3,2,0,3,4,2,2,23,6,1,12,3,5,3,5,4,5,2,1,1,1,1,2,4,7,5,1,5,2,1,6,5,7,2,5,2,2,2,1,4,4,5,3,2,4,3,4,5,2,3,3,2,5,8,3,5,1,2,2,2,3,2,2,3
5,6,4,3,3,15,0,4,2,5,4,3,5,13,5,1,1,1,6,1,3,3,5,16,1,4,2,9,2,2,3,7,2,2,4,3,4,3,1,1,5,4,4,2,4,3,4,6,3,5,5,6,2,4,4,5,1,4,3,2,6,3,0,4,3,2,0,3,4,2,2,23,6,1,12,0,4,2,4,18,2,1,3,8,27,3,0,2,2,3,2,3,2,7,2,1,3,5,7,1,10,5,2,0,1,2,4,3,3,2,6,6,4,3,3,2,1,1,4,4,4,2,5,3,4,3,4,6
0,2,2,4,2,1,3,3,23,2,18,1,3,4,0,3,5,1,5,0,3,5,5,4,3,4,12,4,2,5,2,0,1,2,2,6,2,2,5,3,2,6,4,4,2,4,7,1,2,6,3,1,3,3,6,4,10,2,4,6,3,18,9,1,1,1,1,4,3,4,17,8,3,4,4,0,4,2,4,18,2,1,3,8,27,3,0,2,2,3,2,3,2,7,2,1,3,5,7,1,10,5,2,0,1,2,4,3,3,2,6,6,4,3,3,2,1,1,4,4,4,2,5,3,4,3,4,6
2,2,2,4,2,1,3,3,23,2,18,1,3,4,0,3,5,1,5,0,3,5,5,4,3,4,12,4,2,5,2,0,1,2,2,6,2,2,5,3,2,6,4,4,2,4,7,1,2,6,3,1,3,3,6,4,10,2,4,6,3,18,9,1,1,1,1,4,3,4,17,8,3,4,1,4,2,7,3,2,3,3,3,6,2,2,4,6,8,2,27,6,2,2,0,3,3,4,4,3,4,3,7,3,4,2,3,6,4,3,2,4,2,6,4,5,4,1,2,2,3,22,4,1,5,3,4,1
2,2,1,3,3,4,23,5,6,6,2,0,3,2,7,2,3,3,1,3,4,5,4,2,1,3,1,4,4,3,6,2,0,3,1,2,6,4,4,2,3,2,2,3,5,4,4,3,2,2,3,4,4,5,4,2,2,4,1,2,16,7,2,2,6,2,1,2,5,2,1,3,17,2,10,4,2,7,3,2,3,3,3,6,2,2,4,6,8,2,27,6,2,2,0,3,3,4,4,3,4,3,7,3,4,2,3,6,4,3,2,4,2,6,4,5,4,1,2,2,3,22,4,1,5,3,4,1
1,2,1,3,3,4,23,5,6,6,2,0,3,2,7,2,3,3,1,3,4,5,4,2,1,3,1,4,4,3,6,2,0,3,1,2,6,4,4,2,3,2,2,3,5,4,4,3,2,2,3,4,4,5,4,2,2,4,1,2,16,7,2,2,6,2,1,2,5,2,1,3,17,2,10,2,7,2,2,5,1,28,0,4,2,3,0,4,6,3,2,4,2,2,1,4,2,2,1,5,3,2,4,4,3,4,3,4,4,6,2,4,2,2,2,6,9,5,3,0,1,30,1,2,4,6,4,1
1,5,6,4,3,6,6,2,3,5,4,1,4,14,6,3,2,5,4,6,9,3,2,1,6,2,3,2,7,1,0,3,2,6,4,2,3,5,3,5,1,4,1,3,2,3,0,4,2,4,3,3,4,4,4,2,2,5,1,4,2,6,3,8,3,1,5,5,7,3,6,4,4,3,5,2,7,2,2,5,1,28,0,4,2,3,0,4,6,3,2,4,2,2,1,4,2,2,1,5,3,2,4,4,3,4,3,4,4,6,2,4,2,2,2,6,9,5,3,0,1,30,1,2,4,6,4,1
1,5,6,4,3,6,6,2,3,5,4,1,4,14,6,3,2,5,4,6,9,3,2,1,6,2,3,2,7,1,0,3,2,6,4,2,3,5,3,5,1,4,1,3,2,3,0,4,2,4,3,3,4,4,4,2,2,5,1,4,2,6,3,8,3,1,5,5,7,3,6,4,4,3,5,2,3,2,21,2,3,7,3,5,2,2,3,5,2,3,3,18,2,2,2,2,2,4,5,2,2,2,6,1,7,3,1,2,2,7,2,7,4,3,5,9,4,2,5,2,9,1,1,2,6,4,4,4
2,8,8,2,2,0,4,4,2,3,2,6,2,7,4,5,4,2,2,5,2,2,6,14,6,3,2,4,1,4,6,2,3,4,8,4,1,5,0,3,4,3,1,2,2,7,4,3,2,1,3,3,2,4,2,3,2,2,5,1,6,6,10,5,5,2,4,4,2,7,3,4,1,1,3,2,3,2,21,2,3,7,3,5,2,2,3,5,2,3,3,18,2,2,2,2,2,4,5,2,2,2,6,1,7,3,1,2,2,7,2,7,4,3,5,9,4,2,5,2,9,1,1,2,6,4,4,4
2,8,8,2,2,0,4,4,2,3,2,6,2,7,4,5,4,2,2,5,2,2,6,14,6,3,2,4,1,4,6,2,3,4,8,4,1,5,0,3,4,3,1,2,2,7,4,3,2,1,3,3,2,4,2,3,2,2,5,1,6,6,10,5,5,2,4,4,2,7,3,4,1,1,3,1,3,3,8,6,7,3,27,3,3,3,6,1,2,1,1,3,3,2,0,6,3,3,3,2,2,3,2,7,5,4,2,0,6,6,2,4,4,1,4,3,2,3,2,7,2,1,1,5,4,6,2,3
2,4,20,3,4,2,2,4,4,1,1,6,3,3,3,3,1,3,3,2,8,0,7,2,4,3,2,8,3,3,6,1,5,4,2,2,2,5,1,3,6,5,2,2,2,3,5,6,4,3,4,2,5,3,3,2,3,4,1,6,5,1,3,5,6,7,3,8,7,1,2,3,1,2,3,1,3,3,8,6,7,3,27,3,3,3,6,1,2,1,1,3,3,2,0,6,3,3,3,2,2,3,2,7,5,4,2,0,6,6,2,4,4,1,4,3,2,3,2,7,2,1,1,5,4,6,2,3
2,4,20,3,4,2,2,4,4,1,1,6,3,3,3,3,1,3,3,2,8,0,7,2,4,3,2,8,3,3,6,1,5,4,2,2,2,5,1,3,6,5,2,2,2,3,5,6,4,3,4,2,5,3,3,2,3,4,1,6,5,1,3,5,6,7,3,8,7,1,2,3,1,2,3,6,4,4,5,2,4,3,5,2,1,1,4,2,6,5,21,4,2,4,3,5,2,3,1,1,5,5,6,1,5,4,3,1,2,7,4,4,3,2,9,4,3,6,2,13,3,3,3,5,5,3,3,0
3,2,2,5,3,3,6,6,3,2,3,2,1,6,2,1,3,5,2,3,3,5,2,4,6,2,2,3,4,5,2,3,1,2,3,3,3,5,1,1,2,5,2,6,6,2,3,3,5,5,2,0,8,5,2,2,2,4,3,3,2,2,1,2,3,1,1,3,5,3,8,4,5,3,4,6,4,4,5,2,4,3,5,2,1,1,4,2,6,5,21,4,2,4,3,5,2,3,1,1,5,5,6,1,5,4,3,1,2,7,4,4,3,2,9,4,3,6,2,13,3,3,3,5,5,3,3,0
3,2,2,5,3,3,6,6,3,2,3,2,1,6,2,1,3,5,2,3,3,5,2,4,6,2,2,3,4,5,2,3,1,2,3,3,3,5,1,1,2,5,2,6,6,2,3,3,5,5,2,0,8,5,2,2,2,4,3,3,2,2,1,2,3,1,1,3,5,3,8,4,5,3,4,2,2,2,3,3,3,5,2,2,6,12,5,5,3,9,4,2,0,2,2,4,2,3,6,4,4,2,2,4,2,2,4,3,4,2,2,5,6,3,3,2,2,7,1,7,4,5,4,4,1,2,7,3
3,3,5,2,6,2,8,3,12,2,1,2,5,1,3,1,6,2,4,1,10,3,4,1,5,2,3,5,3,5,3,4,7,0,4,3,5,2,3,2,3,2,6,3,6,1,4,2,2,4,3,2,6,6,2,0,4,1,3,1,4,6,2,5,4,6,5,3,1,4,7,6,5,3,4,2,2,2,3,3,3,5,2,2,6,12,5,5,3,9,4,2,0,2,2,4,2,3,6,4,4,2,2,4,2,2,4,3,4,2,2,5,6,3,3,2,2,7,1,7,4,5,4,4,1,2,7,3
3,3,5,2,6,2,8,3,12,2,1,2,5,1,3,1,6,2,4,1,10,3,4,1,5,2,3,5,3,5,3,4,7,0,4,3,5,2,3,2,3,2,6,3,6,1,4,2,2,4,3,2,6,6,2,0,4,1,3,1,4,6,2,5,4,6,5,3,1,4,7,6,5,3,4,3,4,6,1,6,4,5,6,2,7,3,2,4,22,5,2,1,1,0,6,1,2,3,7,2,6,2,3,2,2,2,3,7,1,2,9,9,2,7,1,6,4,3,5,9,7,6,4,3,2,4,3,1
5,5,5,0,3,3,3,4,2,3,4,3,2,1,3,4,5,2,3,4,2,4,2,2,6,3,4,3,3,2,5,1,3,4,2,8,4,4,3,4,3,10,1,2,3,2,2,3,3,3,3,1,4,2,7,2,6,2,4,1,7,1,4,4,4,5,2,3,3,10,5,2,2,6,3,3,4,6,1,6,4,5,6,2,7,3,2,4,22,5,2,1,1,0,6,1,2,3,7,2,6,2,3,2,2,2,3,7,1,2,9,9,2,7,1,6,4,3,5,9,7,6,4,3,2,4,3,1
5,5,5,0,3,3,3,4,2,3,4,3,2,1,3,4,5,2,3,4,2,4,2,2,6,3,4,3,3,2,5,1,3,4,2,8,4,4,3,4,3,10,1,2,3,2,2,3,3,3,3,1,4,2,7,2,6,2,4,1,7,1,4,4,4,5,2,3,3,10,5,2,2,6,3,2,4,4,3,7,1,6,8,4,4,4,3,3,2,4,3,2,1,2,4,22,2,4,5,5,3,3,1,3,3,1,2,7,2,3,3,2,2,2,8,1,7,2,5,3,2,3,5,3,3,5,1,3
3,2,3,4,3,3,3,4,3,2,2,3,3,1,7,5,2,3,5,3,1,6,2,3,4,3,3,9,5,1,5,3,10,1,4,4,2,3,1,1,4,3,1,2,2,2,3,7,1,2,1,8,3,3,3,3,3,2,5,4,10,4,1,3,4,5,3,3,3,3,3,2,2,9,3,2,4,4,3,7,1,6,8,4,4,4,3,3,2,4,3,2,1,2,4,22,2,4,5,5,3,3,1,3,3,1,2,7,2,3,3,2,2,2,8,1,7,2,5,3,2,3,5,3,3,5,1,3
3,2,3,4,3,3,3,4,3,2,2,3,3,1,7,5,2,3,5,3,1,6,2,3,4,3,3,9,5,1,5,3,10,1,4,4,2,3,1,1,4,3,1,2,2,2,3,7,1,2,1,8,3,3,3,3,3,2,5,4,10,4,1,3,4,5,3,3,3,3,3,2,2,9,3,5,4,8,15,2,6,5,1,1,7,4,4,2,3,2,3,6,4,4,4,3,7,1,4,2,3,4,5,1,5,2,6,6,1,2,3,2,4,4,3,4,2,4,2,6,1,3,4,4,6,3,4,3
1,4,2,5,1,2,2,2,4,4,4,7,4,2,2,3,8,5,4,10,4,5,3,4,2,1,8,8,2,2,3,2,5,2,4,4,5,3,2,2,2,3,3,1,4,5,2,7,0,6,4,3,1,2,0,3,2,6,3,8,3,5,5,2,1,3,3,2,3,31,18,0,1,1,2,5,4,8,15,2,6,5,1,1,7,4,4,2,3,2,3,6,4,4,4,3,7,1,4,2,3,4,5,1,5,2,6,6,1,2,3,2,4,4,3,4,2,4,2,6,1,3,4,4,6,3,4,3
1,4,2,5,1,2,2,2,4,4,4,7,4,2,2,3,8,5,4,10,4,5,3,4,2,1,8,8,2,2,3,2,5,2,4,4,5,3,2,2,2,3,3,1,4,5,2,7,0,6,4,3,1,2,0,3,2,6,3,8,3,5,5,2,1,3,3,2,3,31,18,0,1,1,1,3,4,1,3,3,0,3,4,3,5,5,0,4,5,6,4,31,1,3,0,2,4,1,6,5,2,1,4,3,2,3,1,2,3,4,4,6,5,5,6,2,2,7,5,3,6,1,5,2,3,3,35,2
2,2,2,3,5,2,5,2,1,4,13,3,1,2,5,4,1,5,2,5,3,2,4,21,2,3,2,2,3,1,2,3,3,3,1,2,3,1,4,2,4,6,3,4,3,1,1,4,7,2,2,4,5,1,3,1,6,3,4,3,2,2,2,3,3,5,3,1,4,1,6,15,1,3,3,3,4,1,3,3,0,3,4,3,5,5,0,4,5,6,4,31,1,3,0,2,4,1,6,5,2,1,4,3,2,3,1,2,3,4,4,6,5,5,6,2,2,7,5,3,6,1,5,2,3,3,35,2
2,2,2,3,5,2,5,2,1,4,13,3,1,2,5,4,1,5,2,5,3,2,4,21,2,3,2,2,3,1,2,3,3,3,1,2,3,1,4,2,4,6,3,4,3,1,1,4,7,2,2,4,5,1,3,1,6,3,4,3,2,2,2,3,3,5,3,1,4,1,6,15,1,3,4,4,1,3,3,3,5,35,0,18,0,0,7,1,3,3,3,2,2,3,3,4,3,6,1,1,4,2,2,2,5,3,4,4,3,1,3,3,9,4,2,1,1,2,6,1,7,7,4,2,2,2,4,4
7,7,11,1,3,1,6,6,4,5,3,27,1,2,3,0,3,3,4,2,2,3,18,5,6,4,2,4,3,7,3,3,1,5,3,1,3,3,2,3,4,3,5,2,0,7,3,2,2,5,5,2,2,6,2,3,4,5,3,3,0,4,4,5,4,3,4,3,6,4,3,8,1,5,4,4,1,3,3,3,5,35,0,18,0,0,7,1,3,3,3,2,2,3,3,4,3,6,1,1,4,2,2,2,5,3,4,4,3,1,3,3,9,4,2,1,1,2,6,1,7,7,4,2,2,2,4,4
7,7,11,1,3,1,6,6,4,5,3,27,1,2,3,0,3,3,4,2,2,3,18,5,6,4,2,4,3,7,3,3,1,5,3,1,3,3,2,3,4,3,5,2,0,7,3,2,2,5,5,2,2,6,2,3,4,5,3,3,0,4,4,5,4,3,4,3,6,4,3,8,1,5,3,3,3,4,6,15,2,22,0,2,2,5,2,1,0,5,2,5,3,4,1,1,2,3,1,4,6,6,1,2,1,6,2,2,4,3,4,3,5,3,3,1,5,2,3,3,2,1,4,3,5,3,3,6
1,5,4,1,2,3,2,5,3,2,3,4,4,2,3,8,4,0,3,2,2,4,3,3,6,5,1,3,2,1,1,6,3,2,3,7,4,1,1,4,2,5,5,0,4,1,3,4,2,2,3,4,2,3,2,1,9,5,6,5,5,2,2,5,2,3,1,1,4,7,5,4,3,5,3,3,3,4,6,15,2,22,0,2,2,5,2,1,0,5,2,5,3,4,1,1,2,3,1,4,6,6,1,2,1,6,2,2,4,3,4,3,5,3,3,1,5,2,3,3,2,1,4,3,5,3,3,6
1,5,4,1,2,3,2,5,3,2,3,4,4,2,3,8,4,0,3,2,2,4,3,3,6,5,1,3,2,1,1,6,3,2,3,7,4,1,1,4,2,5,5,0,4,1,3,4,2,2,3,4,2,3,2,1,9,5,6,5,5,2,2,5,2,3,1,1,4,7,5,4,3,5,2,3,2,3,3,3,2,28,0,2,2,6,5,4,10,2,3,4,1,3,2,4,4,4,2,5,3,5,1,3,2,5,2,4,4,2,3,5,5,2,2,2,2,6,2,4,3,2,3,5,3,2,4,6
2,2,3,7,2,4,4,5,5,3,2,1,2,5,3,5,5,7,1,3,2,5,10,2,1,5,2,3,3,3,5,3,4,2,4,5,4,3,6,1,3,7,3,2,2,1,6,2,2,2,9,5,4,3,5,11,2,1,3,2,2,3,3,2,4,3,5,1,6,4,2,5,2,9,3,3,2,3,3,3,2,28,0,2,2,6,5,4,10,2,3,4,1,3,2,4,4,4,2,5,3,5,1,3,2,5,2,4,4,2,3,5,5,2,2,2,2,6,2,4,3,2,3,5,3,2,4,6
2,2,3,7,2,4,4,5,5,3,2,1,2,5,3,5,5,7,1,3,2,5,10,2,1,5,2,3,3,3,5,3,4,2,4,5,4,3,6,1,3,7,3,2,2,1,6,2,2,2,9,5,4,3,5,11,2,1,3,2,2,3,3,2,4,3,5,1,6,4,2,5,2,9,3,2,2,4,2,3,5,4,4,3,4,1,5,3,4,6,3,3,4,26,19,0,1,4,2,1,3,1,1,3,2,6,2,3,3,1,3,1,3,4,2,2,2,2,1,3,1,3,4,4,4,2,1,2
7,5,4,3,3,4,3,2,1,4,4,5,2,6,4,2,4,1,5,5,3,3,2,4,2,5,3,2,2,3,5,3,3,3,3,2,2,3,3,2,6,6,8,1,2,3,1,6,6,3,5,3,3,5,4,2,3,3,2,4,1,3,5,2,5,3,3,5,2,3,4,2,2,5,2,2,2,4,2,3,5,4,4,3,4,1,5,3,4,6,3,3,4,26,19,0,1,4,2,1,3,1,1,3,2,6,2,3,3,1,3,1,3,4,2,2,2,2,1,3,1,3,4,4,4,2,1,2
7,5,4,3,3,4,3,2,1,4,4,5,2,6,4,2,4,1,5,5,3,3,2,4,2,5,3,2,2,3,5,3,3,3,3,2,2,3,3,2,6,6,8,1,2,3,1,6,6,3,5,3,3,5,4,2,3,3,2,4,1,3,5,2,5,3,3,5,2,3,4,2,2,5,2,3,7,1,3,1,8,4,4,4,4,4,3,3,2,32,0,2,0,1,3,1,5,1,3,3,3,6,2,3,0,1,2,2,1,6,5,2,2,3,7,1,5,3,2,2,4,6,3,4,1,8,8,1
2,3,3,5,8,3,4,2,4,2,3,2,2,2,6,3,4,9,3,1,6,2,4,5,4,6,2,9,2,3,4,2,7,1,6,2,5,6,6,5,3,1,6,3,1,4,5,4,3,2,1,6,1,3,1,5,3,3,3,3,3,6,3,3,3,2,1,7,4,2,3,5,5,3,4,3,7,1,3,1,8,4,4,4,4,4,3,3,2,32,0,2,0,1,3,1,5,1,3,3,3,6,2,3,0,1,2,2,1,6,5,2,2,3,7,1,5,3,2,2,4,6,3,4,1,8,8,1
2,3,3,5,8,3,4,2,4,2,3,2,2,2,6,3,4,9,3,1,6,2,4,5,4,6,2,9,2,3,4,2,7,1,6,2,5,6,6,5,3,1,6,3,1,4,5,4,3,2,1,6,1,3,1,5,3,3,3,3,3,6,3,3,3,2,1,7,4,2,3,5,5,3,4,7,2,4,2,8,14,3,4,4,1,4,5,2,2,3,4,2,6,1,2,10,1,5,3,3,4,5,6,8,1,3,2,2,3,1,6,2,5,2,4,4,0,4,3,5,1,2,4,1,2,1,4,4
2,4,5,2,2,2,4,3,2,4,5,4,6,4,3,7,4,3,1,5,2,2,0,3,5,4,3,7,4,2,1,1,5,2,8,2,5,3,4,1,6,4,4,3,6,3,5,3,3,3,3,2,8,1,3,2,3,4,2,2,3,2,2,1,3,3,4,4,3,3,4,0,7,5,2,7,2,4,2,8,14,3,4,4,1,4,5,2,2,3,4,2,6,1,2,10,1,5,3,3,4,5,6,8,1,3,2,2,3,1,6,2,5,2,4,4,0,4,3,5,1,2,4,1,2,1,4,4
2,4,5,2,2,2,4,3,2,4,5,4,6,4,3,7,4,3,1,5,2,2,0,3,5,4,3,7,4,2,1,1,5,2,8,2,5,3,4,1,6,4,4,3,6,3,5,3,3,3,3,2,8,1,3,2,3,4,2,2,3,2,2,1,3,3,4,4,3,3,4,0,7,5,2,3,2,5,6,3,18,4,8,3,4,3,3,7,3,1,3,2,3,3,0,5,5,2,4,4,2,2,3,2,4,2,6,2,4,3,5,3,3,1,2,2,5,3,6,8,2,2,6,1,1,1,3,3
9,3,4,6,3,4,3,4,4,1,6,2,8,2,2,1,15,2,2,4,6,2,1,3,2,3,3,4,5,1,4,2,11,4,3,2,3,1,9,8,6,3,7,1,4,4,3,3,5,3,5,6,5,3,1,4,5,8,2,2,3,5,1,4,2,2,3,1,2,2,1,2,4,4,1,3,2,5,6,3,18,4,8,3,4,3,3,7,3,1,3,2,3,3,0,5,5,2,4,4,2,2,3,2,4,2,6,2,4,3,5,3,3,1,2,2,5,3,6,8,2,2,6,1,1,1,3,3
9,3,4,6,3,4,3,4,4,1,6,2,8,2,2,1,15,2,2,4,6,2,1,3,2,3,3,4,5,1,4,2,11,4,3,2,3,1,9,8,6,3,7,1,4,4,3,3,5,3,5,6,5,3,1,4,5,8,2,2,3,5,1,4,2,2,3,1,2,2,1,2,4,4,1,5,2,4,0,3,4,5,4,10,6,4,4,5,4,2,3,0,3,1,2,4,2,5,2,3,4,2,8,2,5,1,8,3,9,2,6,1,3,3,1,5,10,4,2,2,2,3,4,5,2,3,5,3
5,0,3,5,2,2,3,2,3,5,2,3,3,3,5,3,2,6,5,4,2,5,5,6,4,5,4,5,2,2,4,2,5,3,7,3,2,4,7,3,4,13,4,3,5,6,3,1,8,4,3,2,5,1,7,3,6,6,1,5,5,1,4,2,5,7,10,4,6,6,1,5,4,5,1,5,2,4,0,3,4,5,4,10,6,4,4,5,4,2,3,0,3,1,2,4,2,5,2,3,4,2,8,2,5,1,8,3,9,2,6,1,3,3,1,5,10,4,2,2,2,3,4,5,2,3,5,3
1,0,3,5,2,2,3,2,3,5,2,3,3,3,5,3,2,6,5,4,2,5,5,6,4,5,4,5,2,2,4,2,5,3,7,3,2,4,7,3,4,13,4,3,5,6,3,1,8,4,3,2,5,1,7,3,6,6,1,5,5,1,4,2,5,7,10,4,6,6,1,5,4,5,1,5,2,3,2,4,1,3,5,5,2,4,4,1,2,2,3,6,5,2,5,1,2,7,1,4,1,10,2,4,1,1,5,4,3,6,3,1,2,5,2,4,2,4,4,1,6,5,1,10,1,2,5,2
2,3,4,4,4,4,1,0,1,4,2,3,1,4,3,4,5,2,4,6,2,4,3,6,1,23,2,3,2,3,3,2,3,6,5,6,5,3,3,2,4,2,4,8,5,3,1,5,2,3,3,2,2,2,1,6,4,4,27,15,8,1,2,7,4,2,4,4,5,35,1,0,6,16,3,5,2,3,2,4,1,3,5,5,2,4,4,1,2,2,3,6,5,2,5,1,2,7,1,4,1,10,2,4,1,1,5,4,3,6,3,1,2,5,2,4,2,4,4,1,6,5,1,10,1,2,5,2
2,3,4,4,4,4,1,0,1,4,2,3,1,4,3,4,5,2,4,6,2,4,3,6,1,23,2,3,2,3,3,2,3,6,5,6,5,3,3,2,4,2,4,8,5,3,1,5,2,3,3,2,2,2,1,6,4,4,27,15,8,1,2,7,4,2,4,4,5,35,1,0,6,16,3,3,2,5,0,13,3,1,2,1,2,4,1,3,2,6,28,8,2,1,3,4,1,2,3,3,9,2,2,3,2,6,2,2,4,6,4,4,4,5,7,2,2,2,4,3,0,5,2,4,12,5,5,2
3,9,4,18,2,1,2,11,7,2,2,3,3,3,5,1,2,3,1,4,3,3,5,4,1,4,2,1,3,7,2,1,5,6,8,1,3,6,3,4,4,3,1,3,3,1,2,5,1,2,5,6,4,2,1,5,0,7,2,1,7,4,4,6,2,2,4,3,1,3,2,26,3,1,3,3,2,5,0,13,3,1,2,1,2,4,1,3,2,6,28,8,2,1,3,4,1,2,3,3,9,2,2,3,2,6,2,2,4,6,4,4,4,5,7,2,2,2,4,3,0,5,2,4,12,5,5,2
3,9,4,18,2,1,2,11,7,2,2,3,3,3,5,1,2,3,1,4,3,3,5,4,1,4,2,1,3,7,2,1,5,6,8,1,3,6,3,4,4,3,1,3,3,1,2,5,1,2,5,6,4,2,1,5,0,7,2,1,7,4,4,6,2,2,4,3,1,3,2,26,3,1,1,1,1,3,3,9,5,5,3,16,2,3,1,2,2,1,3,4,6,2,2,9,4,1,2,3,9,3,1,6,6,5,11,3,2,4,0,6,7,6,1,5,2,2,10,3,2,5,7,4,4,0,2,3
4,3,2,4,3,4,2,1,6,5,4,1,4,4,5,3,3,2,3,3,3,2,4,5,2,5,2,3,4,8,6,3,5,9,0,2,1,9,1,6,3,3,7,3,4,1,1,6,4,2,4,3,3,3,2,9,0,4,1,4,3,4,3,1,3,5,3,4,10,2,2,4,4,3,4,1,1,3,3,9,5,5,3,16,2,3,1,2,2,1,3,4,6,2,2,9,4,1,2,3,9,3,1,6,6,5,11,3,2,4,0,6,7,6,1,5,2,2,10,3,2,5,7,4,4,0,2,3
4,3,2,4,3,4,2,1,6,5,4,1,4,4,5,3,3,2,3,3,3,2,4,5,2,5,2,3,4,8,6,3,5,9,0,2,1,9,1,6,3,3,7,3,4,1,1,6,4,2,4,3,3,3,2,9,0,4,1,4,3,4,3,1,3,5,3,4,10,2,2,4,4,3,4,6,4,3,2,1,1,3,3,5,3,9,3,3,4,4,3,6,3,6,3,3,4,4,3,1,5,2,9,4,3,5,6,1,3,3,2,3,2,6,4,1,3,5,4,7,4,2,5,4,2,1,3,2
3,4,3,4,4,6,6,1,6,3,1,2,4,2,2,2,4,2,3,5,4,4,4,6,3,3,3,1,2,2,4,2,4,2,3,6,6,7,1,3,4,3,1,2,1,1,6,2,6,0,7,4,2,3,5,4,4,4,2,7,3,2,2,4,5,3,1,2,2,2,3,3,3,2,5,6,4,3,2,1,1,3,3,5,3,9,3,3,4,4,3,6,3,6,3,3,4,4,3,1,5,2,9,4,3,5,6,1,3,3,2,3,2,6,4,1,3,5,4,7,4,2,5,4,2,1,3,2
3,4,3,4,4,6,6,1,6,3,1,2,4,2,2,2,4,2,3,5,4,4,4,6,3,3,3,1,2,2,4,2,4,2,3,6,6,7,1,3,4,3,1,2,1,1,6,2,6,0,7,4,2,3,5,4,4,4,2,7,3,2,2,4,5,3,1,2,2,2,3,3,3,2,5,4,1,2,3,2,4,6,6,3,5,5,4,5,3,5,1,1,8,4,2,5,4,4,3,1,6,2,4,5,2,1,5,4,2,4,3,6,1,6,3,2,3,2,5,3,2,2,1,2,2,6,3,1
4,4,2,3,3,3,2,2,0,2,4,2,4,3,3,9,3,1,25,7,4,6,1,4,6,2,3,1,3,5,0,1,3,5,2,6,2,4,2,3,8,2,5,6,2,2,3,4,3,6,8,1,3,5,5,1,1,3,3,5,1,3,2,4,2,2,7,3,1,5,5,4,4,5,6,4,4,1,4,4,2,2,19,1,2,2,1,4,3,3,14,2,5,1,6,4,1,4,1,3,4,3,4,4,2,2,3,6,2,8,2,4,1,2,4,1,5,8,2,3,7,4,0,2,5,1,3,1
4,4,2,3,3,3,2,2,0,2,4,2,4,3,3,9,3,1,25,7,4,6,1,4,6,2,3,1,3,5,0,1,3,5,2,6,2,4,2,3,8,2,5,6,2,2,3,4,3,6,8,1,3,5,5,1,1,3,3,5,1,3,2,4,2,2,7,3,1,5,5,4,4,5,5,3,1,1,1,4,18,0,4,4,3,2,2,4,4,5,5,3,2,5,0,0,4,3,5,7,3,1,0,3,6,2,3,2,4,1,2,4,5,7,5,7,3,5,2,2,4,4,5,4,4,5,7,3
2,3,3,5,2,5,1,3,4,1,4,2,2,2,1,4,3,5,2,4,4,3,1,2,4,6,1,3,3,1,2,2,1,4,6,3,4,5,7,2,6,4,4,2,5,2,4,2,2,1,2,7,5,8,2,3,4,0,6,2,2,1,0,3,2,6,5,6,2,1,4,2,2,2,5,3,1,1,1,4,18,0,4,4,3,2,2,4,4,5,5,3,2,5,0,0,4,3,5,7,3,1,0,3,6,2,3,2,4,1,2,4,5,7,5,7,3,5,2,2,4,4,5,4,4,5,7,3
2,3,3,5,2,5,1,3,4,1,4,2,2,2,1,4,3,5,2,4,4,3,1,2,4,6,1,3,3,1,2,2,1,4,6,3,4,5,7,2,6,4,4,2,5,2,4,2,2,1,2,7,5,8,2,3,4,0,6,2,2,1,0,3,2,6,5,6,2,1,4,2,2,2,5,3,1,3,3,0,1,2,4,2,13,5,5,1,2,5,5,3,5,3,4,1,6,5,2,3,7,4,4,4,7,5,3,5,10,2,2,8,2,8,6,2,7,2,2,1,5,1,6,5,3,7,2,5
3,2,3,2,4,1,2,6,3,1,4,2,5,2,4,6,3,5,3,2,7,2,3,3,7,5,1,5,2,3,5,10,1,1,5,4,5,5,4,3,4,2,3,2,3,5,4,4,1,2,4,4,3,7,3,1,2,2,1,4,3,3,4,5,4,2,6,3,2,2,1,3,3,2,7,3,1,3,3,0,1,2,4,2,13,5,5,1,2,5,5,3,5,3,4,1,6,5,2,3,7,4,4,4,7,5,3,5,10,2,2,8,2,8,6,2,7,2,2,1,5,1,6,5,3,7,2,5
3,2,3,2,4,1,2,6,3,1,4,2,5,2,4,6,3,5,3,2,7,2,3,3,7,5,1,5,2,3,5,10,1,1,5,4,5,5,4,3,4,2,3,2,3,5,4,4,1,2,4,4,3,7,3,1,2,2,1,4,3,3,4,5,4,2,6,3,2,2,1,3,3,2,7,1,4,2,3,3,16,6,1,6,1,3,3,2,6,6,3,4,3,4,2,4,2,2,2,4,6,1,4,5,6,4,4,7,2,2,1,4,2,3,6,8,6,2,4,3,4,3,4,1,2,3,2,2
2,2,5,1,6,3,2,5,2,2,4,3,3,3,4,7,4,8,4,4,4,3,3,4,1,1,5,4,0,3,5,2,5,1,3,1,5,2,2,3,3,2,3,3,4,6,3,4,1,4,2,2,4,1,3,2,3,5,2,4,3,2,2,3,3,6,2,4,1,2,3,3,7,7,9,1,4,2,3,3,16,6,1,6,1,3,3,2,6,6,3,4,3,4,2,4,2,2,2,4,6,1,4,5,6,4,4,7,2,2,1,4,2,3,6,8,6,2,4,3,4,3,4,1,2,3,2,2
2,2,5,1,6,3,2,5,2,2,4,3,3,3,4,7,4,8,4,4,4,3,3,4,1,1,5,4,0,3,5,2,5,1,3,1,5,2,2,3,3,2,3,3,4,6,3,4,1,4,2,2,4,1,3,2,3,5,2,4,3,2,2,3,3,6,2,4,1,2,3,3,7,7,9,2,3,2,3,5,5,3,6,2,3,3,3,1,3,2,7,2,3,4,35,1,6,3,2,6,2,4,4,3,3,3,4,3,4,5,2,2,3,3,3,3,5,5,5,1,6,1,4,1,2,7,3,2
4,5,0,2,6,5,4,3,5,3,4,1,1,3,2,6,4,4,2,15,2,2,1,4,2,5,3,3,4,5,1,2,7,8,5,5,5,3,3,3,5,4,3,2,2,3,1,5,10,1,4,4,2,5,3,3,3,1,4,7,3,5,3,7,3,2,2,5,4,6,2,1,2,3,3,2,3,2,3,5,5,3,6,2,3,3,3,1,3,2,7,2,3,4,35,1,6,3,2,6,2,4,4,3,3,3,4,3,4,5,2,2,3,3,3,3,5,5,5,1,6,1,4,1,2,7,3,2
6,5,0,2,6,5,4,3,5,3,4,1,1,3,2,6,4,4,2,15,2,2,1,4,2,5,3,3,4,5,1,2,7,8,5,5,5,3,3,3,5,4,3,2,2,3,1,5,10,1,4,4,2,5,3,3,3,1,4,7,3,5,3,7,3,2,2,5,4,6,2,1,2,3,3,2,5,2,3,3,4,6,3,4,3,5,4,2,2,2,2,25,1,1,26,8,0,3,4,4,5,3,2,2,3,3,5,2,6,1,4,2,1,3,3,4,3,1,2,5,2,2,1,5,4,2,8,7
6,2,1,3,2,4,5,1,5,1,1,3,2,5,5,18,4,1,1,3,2,3,4,5,6,3,4,2,5,5,3,3,4,4,2,4,1,4,4,3,3,5,2,3,4,2,2,4,5,3,7,1,1,5,2,4,5,4,1,8,4,3,4,3,3,5,3,15,3,3,3,1,4,5,4,2,5,2,3,3,4,6,3,4,3,5,4,2,2,2,2,25,1,1,26,8,0,3,4,4,5,3,2,2,3,3,5,2,6,1,4,2,1,3,3,4,3,1,2,5,2,2,1,5,4,2,8,7
3,2,1,3,2,4,5,1,5,1,1,3,2,5,5,18,4,1,1,3,2,3,4,5,6,3,4,2,5,5,3,3,4,4,2,4,1,4,4,3,3,5,2,3,4,2,2,4,5,3,7,1,1,5,2,4,5,4,1,8,4,3,4,3,3,5,3,15,3,3,3,1,4,5,4,15,4,2,1,3,4,1,1,17,13,1,3,2,3,0,4,2,4,4,3,6,3,3,2,5,2,2,4,4,3,0,2,4,2,2,1,4,2,1,4,7,5,0,4,4,3,2,9,4,3,3,3,9
3,4,2,2,5,4,4,3,1,4,2,5,6,3,2,5,3,4,2,3,3,2,5,6,3,1,3,3,3,4,7,4,3,2,7,3,4,4,5,4,10,5,3,2,4,1,3,2,6,5,5,1,3,1,7,2,2,2,2,2,1,6,3,8,5,2,1,4,6,3,1,2,1,5,3,15,4,2,1,3,4,1,1,17,13,1,3,2,3,0,4,2,4,4,3,6,3,3,2,5,2,2,4,4,3,0,2,4,2,2,1,4,2,1,4,7,5,0,4,4,3,2,9,4,3,3,3,9
1,4,2,2,5,4,4,3,1,4,2,5,6,3,2,5,3,4,2,3,3,2,5,6,3,1,3,3,3,4,7,4,3,2,7,3,4,4,5,4,10,5,3,2,4,1,3,2,6,5,5,1,3,1,7,2,2,2,2,2,1,6,3,8,5,2,1,4,6,3,1,2,1,5,3,9,1,3,2,2,18,2,2,3,3,3,3,3,3,11,5,2,3,8,3,2,1,3,8,4,3,3,0,3,7,4,3,4,4,4,5,7,2,3,2,1,2,6,4,3,4,2,2,3,3,3,2,3
7,4,1,6,2,6,7,2,9,4,8,5,1,1,3,2,1,4,3,5,20,0,1,2,4,1,5,3,7,3,6,1,2,3,10,2,4,3,6,7,0,3,5,3,3,5,6,1,6,4,1,2,4,5,4,4,5,2,1,3,1,4,7,5,3,9,2,2,3,0,2,2,3,5,3,9,1,3,2,2,18,2,2,3,3,3,3,3,3,11,5,2,3,8,3,2,1,3,8,4,3,3,0,3,7,4,3,4,4,4,5,7,2,3,2,1,2,6,4,3,4,2,2,3,3,3,2,3
7,4,1,6,2,6,7,2,9,4,8,5,1,1,3,2,1,4,3,5,20,0,1,2,4,1,5,3,7,3,6,1,2,3,10,2,4,3,6,7,0,3,5,3,3,5,6,1,6,4,1,2,4,5,4,4,5,2,1,3,1,4,7,5,3,9,2,2,3,0,2,2,3,5,3,2,2,7,5,17,1,2,0,1,5,6,6,4,1,5,4,3,3,4,4,5,3,1,1,4,1,1,6,6,2,2,3,2,3,3,6,3,8,4,2,8,7,2,1,1,2,2,5,3,6,3,3,1
8,3,5,3,3,5,1,4,3,3,4,3,5,2,5,8,6,3,3,1,2,2,5,2,4,1,2,4,4,3,3,6,8,5,5,1,5,3,3,3,3,9,4,3,6,3,4,3,7,2,5,3,3,5,3,2,5,2,3,4,3,4,5,2,1,4,3,2,2,1,4,2,8,3,3,2,2,7,5,17,1,2,0,1,5,6,6,4,1,5,4,3,3,4,4,5,3,1,1,4,1,1,6,6,2,2,3,2,3,3,6,3,8,4,2,8,7,2,1,1,2,2,5,3,6,3,3,1
8,3,5,3,3,5,1,4,3,3,4,3,5,2,5,8,6,3,3,1,2,2,5,2,4,1,2,4,4,3,3,6,8,5,5,1,5,3,3,3,3,9,4,3,6,3,4,3,7,2,5,3,3,5,3,2,5,2,3,4,3,4,5,2,1,4,3,2,2,1,4,2,8,3,3,8,4,1,1,3,2,5,3,21,1,3,5,1,1,5,2,4,27,2,2,4,3,2,2,2,2,3,4,2,6,3,1,5,5,3,2,4,4,2,4,4,4,2,2,2,2,2,3,4,4,4,4,5
6,5,3,2,5,2,5,4,2,2,4,0,1,3,4,4,4,5,3,5,6,22,5,12,3,2,2,2,3,3,3,2,2,3,3,1,1,8,3,5,1,2,4,1,3,5,7,6,3,1,5,3,3,3,2,2,3,2,3,6,4,3,2,3,4,4,7,4,2,6,5,1,5,8,3,8,4,1,1,3,2,5,3,21,1,3,5,1,1,5,2,4,27,2,2,4,3,2,2,2,2,3,4,2,6,3,1,5,5,3,2,4,4,2,4,4,4,2,2,2,2,2,3,4,4,4,4,5
2,5,3,2,5,2,5,4,2,2,4,0,1,3,4,4,4,5,3,5,6,22,5,12,3,2,2,2,3,3,3,2,2,3,3,1,1,8,3,5,1,2,4,1,3,5,7,6,3,1,5,3,3,3,2,2,3,2,3,6,4,3,2,3,4,4,7,4,2,6,5,1,5,8,5,1,4,5,9,2,5,1,3,2,6,2,25,13,0,3,1,2,5,2,2,6,3,1,8,3,1,4,4,5,3,2,2,5,3,3,8,8,2,3,2,2,2,1,2,4,2,3,4,3,2,2,1,3
5,6,7,1,2,2,1,4,1,3,2,2,5,2,3,5,6,6,2,3,6,4,1,3,2,4,2,1,2,2,2,4,3,6,4,2,5,7,3,2,2,4,2,6,2,4,3,6,2,3,2,3,2,7,2,3,8,6,4,5,2,4,2,3,4,2,5,1,3,4,6,2,2,1,5,1,4,5,9,2,5,1,3,2,6,2,25,13,0,3,1,2,5,2,2,6,3,1,8,3,1,4,4,5,3,2,2,5,3,3,8,8,2,3,2,2,2,1,2,4,2,3,4,3,2,2,1,3
5,6,7,1,2,2,1,4,1,3,2,2,5,2,3,5,6,6,2,3,6,4,1,3,2,4,2,1,2,2,2,4,3,6,4,2,5,7,3,2,2,4,2,6,2,4,3,6,2,3,2,3,2,7,2,3,8,6,4,5,2,4,2,3,4,2,5,1,3,4,6,2,2,1,2,6,8,2,3,4,1,2,5,2,2,3,3,3,6,5,27,2,5,1,1,3,4,2,2,1,2,3,2,2,3,2,3,6,4,7,1,4,6,6,1,3,1,2,4,6,3,4,2,3,4,5,3,2
4,4,1,3,2,6,2,1,1,6,3,14,3,1,1,0,1,3,4,2,3,1,5,6,2,5,3,12,2,3,3,1,10,2,2,4,4,3,4,6,5,1,2,2,2,4,4,1,4,2,1,6,5,3,4,1,3,5,3,5,4,4,5,2,7,3,3,4,5,6,2,2,2,7,8,6,8,2,3,4,1,2,5,2,2,3,3,3,6,5,27,2,5,1,1,3,4,2,2,1,2,3,2,2,3,2,3,6,4,7,1,4,6,6,1,3,1,2,4,6,3,4,2,3,4,5,3,2
4,4,1,3,2,6,2,1,1,6,3,14,3,1,1,0,1,3,4,2,3,1,5,6,2,5,3,12,2,3,3,1,10,2,2,4,4,3,4,6,5,1,2,2,2,4,4,1,4,2,1,6,5,3,4,1,3,5,3,5,4,4,5,2,7,3,3,4,5,6,2,2,2,7,8,0,2,11,2,12,3,1,3,4,2,5,2,1,6,7,4,2,3,3,4,3,4,1,1,1,1,2,3,2,3,2,4,3,8,9,2,2,3,0,1,2,2,4,2,2,5,1,2,9,3,2,5,3
2,2,5,4,4,4,3,7,5,3,2,2,8,2,2,5,3,6,4,1,5,1,2,2,4,3,2,3,7,3,3,6,2,1,5,3,1,4,3,6,2,5,10,3,3,6,0,3,2,3,8,2,3,5,4,4,2,3,3,2,4,9,3,6,1,5,3,1,6,8,4,2,4,4,3,0,2,11,2,12,3,1,3,4,2,5,2,1,6,7,4,2,3,3,4,3,4,1,1,1,1,2,3,2,3,2,4,3,8,9,2,2,3,0,1,2,2,4,2,2,5,1,2,9,3,2,5,3
2,2,5,4,4,4,3,7,5,3,2,2,8,2,2,5,3,6,4,1,5,1,2,2,4,3,2,3,7,3,3,6,2,1,5,3,1,4,3,6,2,5,10,3,3,6,0,3,2,3,8,2,3,5,4,4,2,3,3,2,4,9,3,6,1,5,3,1,6,8,4,2,4,4,3,3,2,1,1,1,13,2,4,2,5,2,1,9,20,3,1,2,1,6,2,4,3,3,3,2,5,5,3,7,4,7,1,3,2,3,6,5,5,5,1,3,4,4,5,6,6,2,3,3,1,5,4,4
4,5,19,1,3,8,2,2,3,5,1,1,2,4,2,9,7,4,2,7,2,3,6,2,5,7,3,2,8,2,3,2,6,4,3,5,2,0,2,4,4,2,2,3,2,5,3,4,2,1,1,7,3,1,3,7,0,2,4,3,5,6,5,3,4,4,3,4,7,5,4,7,4,3,2,3,2,1,1,1,13,2,4,2,5,2,1,9,20,3,1,2,1,6,2,4,3,3,3,2,5,5,3,7,4,7,1,3,2,3,6,5,5,5,1,3,4,4,5,6,6,2,3,3,1,5,4,4
6,5,19,1,3,8,2,2,3,5,1,1,2,4,2,9,7,4,2,7,2,3,6,2,5,7,3,2,8,2,3,2,6,4,3,5,2,0,2,4,4,2,2,3,2,5,3,4,2,1,1,7,3,1,3,7,0,2,4,3,5,6,5,3,4,4,3,4,7,5,4,7,4,3,2,3,6,4,1,4,17,5,1,3,3,2,2,2,4,5,4,3,15,6,1,2,0,8,5,0,4,2,6,5,3,1,2,2,3,2,8,4,2,2,4,3,4,5,4,2,2,3,2,2,9,4,4,5
6,5,7,4,1,2,5,3,4,1,5,5,2,3,3,8,3,3,3,3,1,6,1,1,5,1,3,2,2,2,5,1,1,4,2,5,2,1,5,1,1,3,5,4,1,4,3,6,2,2,2,3,1,3,2,5,2,3,5,4,4,9,3,2,2,1,3,9,3,4,3,4,4,3,4,3,6,4,1,4,17,5,1,3,3,2,2,2,4,5,4,3,15,6,1,2,0,8,5,0,4,2,6,5,3,1,2,2,3,2,8,4,2,2,4,3,4,5,4,2,2,3,2,2,9,4,4,5
2,5,7,4,1,2,5,3,4,1,5,5,2,3,3,8,3,3,3,3,1,6,1,1,5,1,3,2,2,2,5,1,1,4,2,5,2,1,5,1,1,3,5,4,1,4,3,6,2,2,2,3,1,3,2,5,2,3,5,4,4,9,3,2,2,1,3,9,3,4,3,4,4,3,4,2,5,1,6,21,4,2,2,3,3,8,3,1,9,2,3,8,4,5,7,4,6,2,3,3,2,2,7,5,2,1,10,3,2,3,1,1,1,4,1,3,2,2,4,2,3,4,4,6,8,3,3,6
2,3,3,4,2,3,2,2,3,3,9,8,1,8,1,6,8,2,4,3,0,3,2,3,8,6,1,2,2,7,6,7,3,1,6,4,3,1,1,3,3,2,6,7,5,2,8,3,8,7,4,3,3,4,4,2,6,2,1,11,3,3,6,3,3,1,7,1,5,4,2,3,3,1,1,2,5,1,6,21,4,2,2,3,3,8,3,1,9,2,3,8,4,5,7,4,6,2,3,3,2,2,7,5,2,1,10,3,2,3,1,1,1,4,1,3,2,2,4,2,3,4,4,6,8,3,3,6
2,3,3,4,2,3,2,2,3,3,9,8,1,8,1,6,8,2,4,3,0,3,2,3,8,6,1,2,2,7,6,7,3,1,6,4,3,1,1,3,3,2,6,7,5,2,8,3,8,7,4,3,3,4,4,2,6,2,1,11,3,3,6,3,3,1,7,1,5,4,2,3,3,1,1,3,5,3,2,31,4,0,0,4,1,2,4,7,1,4,3,1,1,1,4,2,5,5,3,6,4,2,6,5,0,3,2,2,4,5,5,2,3,1,4,5,7,5,2,1,2,7,1,3,3,3,6,8
6,5,1,1,5,4,5,6,1,5,3,2,4,3,3,3,5,2,7,4,0,1,2,1,4,6,5,7,2,6,1,4,4,3,2,6,8,4,1,6,5,2,6,7,1,1,4,3,3,1,3,3,6,7,5,4,6,2,3,3,4,4,2,5,1,2,2,3,4,2,2,5,4,3,5,3,5,3,2,31,4,0,0,4,1,2,4,7,1,4,3,1,1,1,4,2,5,5,3,6,4,2,6,5,0,3,2,2,4,5,5,2,3,1,4,5,7,5,2,1,2,7,1,3,3,3,6,8
6,5,1,1,5,4,5,6,1,5,3,2,4,3,3,3,5,2,7,4,0,1,2,1,4,6,5,7,2,6,1,4,4,3,2,6,8,4,1,6,5,2,6,7,1,1,4,3,3,1,3,3,6,7,5,4,6,2,3,3,4,4,2,5,1,2,2,3,4,2,2,5,4,3,5,3,3,3,6,3,5,30,1,4,3,3,4,1,2,1,0,5,2,5,3,3,5,5,3,3,2,3,2,7,2,2,3,3,6,5,2,3,0,7,2,3,2,9,5,4,3,2,4,5,5,1,2,2
1,5,3,4,2,2,9,4,3,2,2,3,4,4,3,3,3,4,2,4,4,0,3,7,3,5,2,3,2,6,7,9,4,2,3,2,4,1,5,4,3,4,7,1,6,1,4,0,5,3,4,4,1,1,6,2,4,5,3,10,5,2,4,4,9,4,5,6,3,1,7,2,6,3,2,3,3,3,6,3,5,30,1,4,3,3,4,1,2,1,0,5,2,5,3,3,5,5,3,3,2,3,2,7,2,2,3,3,6,5,2,3,0,7,2,3,2,9,5,4,3,2,4,5,5,1,2,2
1,5,3,4,2,2,9,4,3,2,2,3,4,4,3,3,3,4,2,4,4,0,3,7,3,5,2,3,2,6,7,9,4,2,3,2,4,1,5,4,3,4,7,1,6,1,4,0,5,3,4,4,1,1,6,2,4,5,3,10,5,2,4,4,9,4,5,6,3,1,7,2,6,3,2,3,3,4,1,22,1,3,1,3,1,3,6,4,5,3,3,4,2,2,5,2,5,5,3,3,2,7,3,3,5,4,2,9,5,2,4,6,4,3,5,7,2,3,4,1,3,7,5,4,2,4,2,3
2,1,4,2,2,3,0,4,2,8,2,9,3,5,2,17,0,2,5,2,5,5,0,2,3,2,3,6,6,5,5,7,4,6,1,2,3,4,2,2,2,3,4,2,6,3,2,2,3,4,3,2,5,4,4,2,4,4,3,2,3,2,3,3,5,5,2,0,2,1,6,3,2,8,8,3,3,4,1,22,1,3,1,3,1,3,6,4,5,3,3,4,2,2,5,2,5,5,3,3,2,7,3,3,5,4,2,9,5,2,4,6,4,3,5,7,2,3,4,1,3,7,5,4,2,4,2,3
2,1,4,2,2,3,0,4,2,8,2,9,3,5,2,17,0,2,5,2,5,5,0,2,3,2,3,6,6,5,5,7,4,6,1,2,3,4,2,2,2,3,4,2,6,3,2,2,3,4,3,2,5,4,4,2,4,4,3,2,3,2,3,3,5,5,2,0,2,1,6,3,2,8,8,6,5,1,7,6,2,3,2,1,1,4,6,7,1,1,1,3,8,2,6,3,2,2,6,3,1,7,6,4,3,2,4,3,4,2,3,3,1,2,0,3,1,1,0,8,1,3,5,7,2,3,4,4
3,2,4,11,1,4,1,8,3,3,1,5,4,1,5,4,3,2,2,4,3,5,2,7,2,4,6,4,2,4,2,2,4,3,4,5,4,7,3,3,1,3,2,2,5,8,3,6,4,3,3,3,4,5,2,1,5,4,8,4,3,9,3,2,3,6,1,7,1,1,2,8,2,8,3,6,5,1,7,6,2,3,2,1,1,4,6,7,1,1,1,3,8,2,6,3,2,2,6,3,1,7,6,4,3,2,4,3,4,2,3,3,1,2,0,3,1,1,0,8,1,3,5,7,2,3,4,4
3,2,4,11,1,4,1,8,3,3,1,5,4,1,5,4,3,2,2,4,3,5,2,7,2,4,6,4,2,4,2,2,4,3,4,5,4,7,3,3,1,3,2,2,5,8,3,6,4,3,3,3,4,5,2,1,5,4,8,4,3,9,3,2,3,6,1,7,1,1,2,8,2,8,3,3,4,1,2,2,2,5,10,2,4,3,6,1,2,3,1,5,4,4,4,1,9,4,3,4,2,2,6,8,1,1,6,3,2,2,4,4,5,2,3,3,4,3,1,4,2,4,4,1,3,1,3,6
2,3,1,1,1,3,6,5,1,4,5,4,2,4,1,3,5,5,7,1,8,2,2,0,3,6,5,2,1,9,4,2,5,5,1,4,9,4,3,4,4,4,3,4,7,1,4,2,2,7,3,3,5,6,3,8,1,4,4,4,3,2,3,2,2,7,2,6,8,3,5,2,5,7,0,3,4,1,2,2,2,5,10,2,4,3,6,1,2,3,1,5,4,4,4,1,9,4,3,4,2,2,6,8,1,1,6,3,2,2,4,4,5,2,3,3,4,3,1,4,2,4,4,1,3,1,3,6
1,3,1,1,1,3,6,5,1,4,5,4,2,4,1,3,5,5,7,1,8,2,2,0,3,6,5,2,1,9,4,2,5,5,1,4,9,4,3,4,4,4,3,4,7,1,4,2,2,7,3,3,5,6,3,8,1,4,4,4,3,2,3,2,2,7,2,6,8,3,5,2,5,7,0,1,7,6,5,6,18,3,6,3,2,3,14,2,3,1,5,4,3,5,3,4,8,1,0,5,5,3,6,4,3,4,4,4,6,8,1,4,0,2,3,2,5,5,6,3,5,2,3,2,6,2,0,4
5,5,2,3,3,2,4,1,2,3,5,7,7,2,2,6,4,3,5,6,10,8,10,2,4,2,2,5,3,5,2,6,2,5,5,5,3,3,2,2,3,6,4,1,2,6,4,1,2,1,4,3,4,8,2,6,2,3,5,6,3,8,4,1,2,2,5,4,0,2,9,2,2,4,1,1,7,6,5,6,18,3,6,3,2,3,14,2,3,1,5,4,3,5,3,4,8,1,0,5,5,3,6,4,3,4,4,4,6,8,1,4,0,2,3,2,5,5,6,3,5,2,3,2,6,2,0,4
5,5,2,3,3,2,4,1,2,3,5,7,7,2,2,6,4,3,5,6,10,8,10,2,4,2,2,5,3,5,2,6,2,5,5,5,3,3,2,2,3,6,4,1,2,6,4,1,2,1,4,3,4,8,2,6,2,3,5,6,3,8,4,1,2,2,5,4,0,2,9,2,2,4,1,6,11,3,1,2,5,3,3,7,2,3,2,0,6,4,7,3,2,7,4,2,1,2,7,5,2,4,3,1,8,3,1,3,4,3,3,1,2,2,9,3,2,4,2,6,2,3,4,2,7,3,7,1
1,1,5,5,5,4,2,2,2,2,3,5,3,2,5,2,4,4,2,5,5,1,2,6,6,7,3,2,2,5,2,4,2,6,5,5,5,2,7,2,4,2,3,1,1,5,4,6,1,1,4,2,4,5,3,4,2,2,3,4,3,2,3,3,4,3,9,10,6,2,2,3,3,3,5,6,11,3,1,2,5,3,3,7,2,3,2,0,6,4,7,3,2,7,4,2,1,2,7,5,2,4,3,1,8,3,1,3,4,3,3,1,2,2,9,3,2,4,2,6,2,3,4,2,7,3,7,1
1,1,5,5,5,4,2,2,2,2,3,5,3,2,5,2,4,4,2,5,5,1,2,6,6,7,3,2,2,5,2,4,2,6,5,5,5,2,7,2,4,2,3,1,1,5,4,6,1,1,4,2,4,5,3,4,2,2,3,4,3,2,3,3,4,3,9,10,6,2,2,3,3,3,5,2,2,1,6,2,3,6,4,4,3,3,2,1,1,4,2,38,14,2,0,2,4,3,4,6,5,5,4,2,7,3,3,7,2,4,5,3,4,1,2,8,0,2,4,5,3,4,3,7,2,3,2,3
4,5,4,5,1,4,4,3,1,2,2,3,2,6,1,3,5,3,2,8,10,2,5,3,5,1,3,2,5,7,3,3,5,1,6,4,2,4,3,4,1,2,4,7,10,4,1,4,4,3,0,3,4,2,2,0,6,3,7,1,2,4,2,5,1,6,4,3,3,2,4,2,5,1,4,2,2,1,6,2,3,6,4,4,3,3,2,1,1,4,2,38,14,2,0,2,4,3,4,6,5,5,4,2,7,3,3,7,2,4,5,3,4,1,2,8,0,2,4,5,3,4,3,7,2,3,2,3
4,5,4,5,1,4,4,3,1,2,2,3,2,6,1,3,5,3,2,8,10,2,5,3,5,1,3,2,5,7,3,3,5,1,6,4,2,4,3,4,1,2,4,7,10,4,1,4,4,3,0,3,4,2,2,0,6,3,7,1,2,4,2,5,1,6,4,3,3,2,4,2,5,1,4,3,7,5,6,2,20,3,6,2,3,3,2,2,3,4,6,2,3,2,3,3,2,3,3,4,7,3,3,1,8,4,2,3,3,6,5,3,4,2,6,3,1,1,6,1,2,2,8,2,1,4,2,3
2,2,4,3,4,1,2,9,3,6,3,1,5,2,2,3,4,3,4,3,2,25,1,0,3,5,5,1,1,6,3,2,3,4,3,3,7,7,2,2,5,4,3,7,3,7,3,4,5,4,2,4,4,1,3,2,3,2,3,4,4,5,0,2,2,0,4,6,1,1,4,24,0,2,5,3,7,5,6,2,20,3,6,2,3,3,2,2,3,4,6,2,3,2,3,3,2,3,3,4,7,3,3,1,8,4,2,3,3,6,5,3,4,2,6,3,1,1,6,1,2,2,8,2,1,4,2,3
2,2,4,3,4,1,2,9,3,6,3,1,5,2,2,3,4,3,4,3,2,25,1,0,3,5,5,1,1,6,3,2,3,4,3,3,7,7,2,2,5,4,3,7,3,7,3,4,5,4,2,4,4,1,3,2,3,2,3,4,4,5,0,2,2,0,4,6,1,1,4,24,0,2,5,1,3,4,4,6,3,3,15,27,0,1,1,3,3,0,2,2,3,7,5,8,2,8,4,4,1,1,4,1,5,4,4,1,2,3,4,7,4,2,6,2,3,3,4,1,3,5,1,3,5,4,2,2
4,3,4,1,2,3,3,2,2,7,2,3,10,5,4,3,2,2,3,3,1,2,5,2,5,21,11,0,7,3,2,2,4,2,4,4,2,10,3,7,2,2,2,2,2,5,6,4,3,2,3,3,7,1,2,1,3,4,5,4,4,5,4,5,1,4,4,4,2,7,4,1,5,3,5,1,3,4,4,6,3,3,15,27,0,1,1,3,3,0,2,2,3,7,5,8,2,8,4,4,1,1,4,1,5,4,4,1,2,3,4,7,4,2,6,2,3,3,4,1,3,5,1,3,5,4,2,2
4,3,4,1,2,3,3,2,2,7,2,3,10,5,4,3,2,2,3,3,1,2,5,2,5,21,11,0,7,3,2,2,4,2,4,4,2,10,3,7,2,2,2,2,2,5,6,4,3,2,3,3,7,1,2,1,3,4,5,4,4,5,4,5,1,4,4,4,2,7,4,1,5,3,4,4,15,3,4,25,3,5,4,2,6,3,5,2,4,4,3,2,2,4,4,3,6,4,2,5,3,1,2,7,2,5,2,2,3,2,3,1,4,6,3,3,3,1,2,3,4,9,6,2,2,5,1,3
8,7,1,3,2,2,1,7,6,3,2,4,3,2,4,2,11,1,5,3,3,7,3,1,3,4,1,0,2,2,6,3,5,4,1,3,7,4,5,4,5,2,4,2,9,3,6,0,2,3,9,2,0,4,8,3,3,3,3,2,5,7,4,2,7,0,3,4,2,3,3,5,3,2,16,4,15,3,4,25,3,5,4,2,6,3,5,2,4,4,3,2,2,4,4,3,6,4,2,5,3,1,2,7,2,5,2,2,3,2,3,1,4,6,3,3,3,1,2,3,4,9,6,2,2,5,1,3
8,7,1,3,2,2,1,7,6,3,2,4,3,2,4,2,11,1,5,3,3,7,3,1,3,4,1,0,2,2,6,3,5,4,1,3,7,4,5,4,5,2,4,2,9,3,6,0,2,3,9,2,0,4,8,3,3,3,3,2,5,7,4,2,7,0,3,4,2,3,3,5,3,2,16,4,6,2,2,3,5,5,5,3,2,3,3,5,18,4,22,1,0,4,4,2,8,1,2,6,2,2,3,2,2,1,5,5,8,4,5,5,4,2,1,7,5,3,1,3,3,4,4,3,2,6,1,2
4,6,8,5,5,3,5,5,1,3,3,1,3,6,5,3,15,4,0,1,2,4,4,3,2,6,2,7,4,6,6,6,2,3,2,1,6,2,4,3,3,4,5,1,3,6,1,1,4,4,1,3,6,3,4,4,1,2,2,1,2,4,4,2,5,5,3,2,6,2,1,3,2,3,2,4,6,2,2,3,5,5,5,3,2,3,3,5,18,4,22,1,0,4,4,2,8,1,2,6,2,2,3,2,2,1,5,5,8,4,5,5,4,2,1,7,5,3,1,3,3,4,4,3,2,6,1,2
4,6,8,5,5,3,5,5,1,3,3,1,3,6,5,3,15,4,0,1,2,4,4,3,2,6,2,7,4,6,6,6,2,3,2,1,6,2,4,3,3,4,5,1,3,6,1,1,4,4,1,3,6,3,4,4,1,2,2,1,2,4,4,2,5,5,3,2,6,2,1,3,2,3,2,5,4,1,3,17,2,2,3,5,5,7,1,3,1,8,2,4,3,4,7,2,3,2,2,4,1,5,8,6,4,3,4,1,5,1,4,2,2,4,6,1,3,3,3,4,4,7,2,5,0,4,2,8
2,3,1,0,4,3,16,3,6,5,5,4,2,2,4,2,2,4,1,2,3,6,28,0,2,3,5,3,2,3,2,4,3,3,3,1,3,5,2,5,3,5,2,3,6,6,6,3,5,5,2,2,5,3,2,2,3,3,9,4,4,5,5,2,4,18,6,3,2,1,17,3,3,0,3,5,4,1,3,17,2,2,3,5,5,7,1,3,1,8,2,4,3,4,7,2,3,2,2,4,1,5,8,6,4,3,4,1,5,1,4,2,2,4,6,1,3,3,3,4,4,7,2,5,0,4,2,8
2,3,1,0,4,3,16,3,6,5,5,4,2,2,4,2,2,4,1,2,3,6,28,0,2,3,5,3,2,3,2,4,3,3,3,1,3,5,2,5,3,5,2,3,6,6,6,3,5,5,2,2,5,3,2,2,3,3,9,4,4,5,5,2,4,18,6,3,2,1,17,3,3,0,3,3,7,5,4,20,27,1,1,1,1,4,2,2,3,6,21,5,5,0,5,4,3,3,5,2,5,5,1,4,2,3,2,6,4,5,2,6,5,1,5,3,6,5,1,3,3,5,4,4,5,15,2,3
4,22,4,1,2,5,4,5,3,3,4,4,3,1,5,6,8,5,2,2,2,4,1,5,5,3,2,1,10,3,5,3,4,6,4,2,6,4,2,4,3,2,3,0,4,1,2,3,2,3,8,5,4,2,6,3,2,3,15,3,4,4,11,3,5,1,1,1,1,17,3,2,1,7,1,3,7,5,4,20,27,1,1,1,1,4,2,2,3,6,21,5,5,0,5,4,3,3,5,2,5,5,1,4,2,3,2,6,4,5,2,6,5,1,5,3,6,5,1,3,3,5,4,4,5,15,2,3
4,22,4,1,2,5,4,5,3,3,4,4,3,1,5,6,8,5,2,2,2,4,1,5,5,3,2,1,10,3,5,3,4,6,4,2,6,4,2,4,3,2,3,0,4,1,2,3,2,3,8,5,4,2,6,3,2,3,15,3,4,4,11,3,5,1,1,1,1,17,3,2,1,7,1,3,0,4,5,5,12,3,4,4,2,4,1,3,7,4,4,4,2,2,3,3,5,4,3,0,2,3,3,1,3,5,8,3,5,3,3,3,4,5,4,1,3,1,1,9,1,1,2,14,1,6,2,4
3,1,6,5,5,5,2,4,7,4,10,1,2,4,4,2,3,1,4,5,4,1,28,5,1,7,0,5,3,5,5,1,0,4,4,2,8,8,6,2,3,7,1,5,2,3,5,4,2,1,3,4,6,4,3,2,5,5,0,3,6,3,5,4,2,2,3,5,2,1,4,5,3,3,6,3,7,5,5,19,3,2,10,2,2,3,3,7,1,6,3,2,3,2,2,1,1,6,1,6,4,1,2,7,4,4,2,2,7,5,3,4,3,2,2,4,5,2,2,3,2,3,5,3,2,2,4,2
3,1,6,5,5,5,2,4,7,4,10,1,2,4,4,2,3,1,4,5,4,1,28,5,1,7,0,5,3,5,5,1,0,4,4,2,8,8,6,2,3,7,1,5,2,3,5,4,2,1,3,4,6,4,3,2,5,5,0,3,6,3,5,4,2,2,3,5,2,1,4,5,3,3,5,4,16,6,0,2,2,2,7,2,1,5,3,4,10,3,4,3,8,2,3,3,5,3,2,3,3,4,7,5,0,4,2,3,8,4,4,4,10,4,1,5,3,2,4,3,3,5,2,5,7,3,7,2
6,1,3,3,2,3,3,4,3,3,4,2,6,2,2,1,4,2,1,1,9,2,2,2,5,4,2,1,3,5,4,4,4,2,1,2,2,3,1,4,5,3,2,2,4,3,5,5,2,2,5,1,6,2,6,3,1,4,2,5,4,5,7,1,5,1,5,5,2,4,5,4,1,6,2,4,16,6,0,2,2,2,7,2,1,5,3,4,10,3,4,3,8,2,3,3,5,3,2,3,3,4,7,5,0,4,2,3,8,4,4,4,10,4,1,5,3,2,4,3,3,5,2,5,7,3,7,2
6,1,3,3,2,3,3,4,3,3,4,2,6,2,2,1,4,2,1,1,9,2,2,2,5,4,2,1,3,5,4,4,4,2,1,2,2,3,1,4,5,3,2,2,4,3,5,5,2,2,5,1,6,2,6,3,1,4,2,5,4,5,7,1,5,1,5,5,2,4,5,4,1,6,2,9,4,2,0,3,1,2,2,7,7,6,2,3,1,5,3,0,4,2,6,6,1,2,5,6,2,5,5,3,5,4,4,5,4,1,6,3,2,4,3,3,2,4,4,5,2,3,3,2,2,4,2,6
6,4,6,8,3,3,2,4,6,6,3,3,3,4,4,6,3,2,5,4,2,2,10,6,3,1,3,1,3,7,1,2,2,0,4,2,2,3,2,4,2,4,2,5,0,3,3,8,3,5,1,6,1,6,5,2,2,6,3,5,2,4,6,6,2,8,3,7,6,2,1,2,3,4,2,9,4,2,0,3,1,2,2,7,7,6,2,3,1,5,3,0,4,2,6,6,1,2,5,6,2,5,5,3,5,4,4,5,4,1,6,3,2,4,3,3,2,4,4,5,2,3,3,2,2,4,2,6
2,4,6,8,3,3,2,4,6,6,3,3,3,4,4,6,3,2,5,4,2,2,10,6,3,1,3,1,3,7,1,2,2,0,4,2,2,3,2,4,2,4,2,5,0,3,3,8,3,5,1,6,1,6,5,2,2,6,3,5,2,4,6,6,2,8,3,7,6,2,1,2,3,4,2,5,3,2,3,4,8,4,1,5,1,3,1,7,22,1,1,2,2,7,3,2,3,5,5,4,1,3,9,3,2,7,3,2,3,1,2,6,3,3,2,6,3,5,0,5,4,4,2,2,6,3,2,8
4,1,6,2,2,2,4,1,3,2,2,5,1,4,3,5,7,2,9,7,4,4,3,3,5,4,5,3,4,1,3,2,3,5,3,5,7,1,3,2,4,5,1,4,2,3,1,3,4,4,5,6,1,4,3,5,4,4,5,3,3,3,6,5,3,6,4,2,2,4,2,3,5,4,4,5,3,2,3,4,8,4,1,5,1,3,1,7,22,1,1,2,2,7,3,2,3,5,5,4,1,3,9,3,2,7,3,2,3,1,2,6,3,3,2,6,3,5,0,5,4,4,2,2,6,3,2,8
4,1,6,2,2,2,4,1,3,2,2,5,1,4,3,5,7,2,9,7,4,4,3,3,5,4,5,3,4,1,3,2,3,5,3,5,7,1,3,2,4,5,1,4,2,3,1,3,4,4,5,6,1,4,3,5,4,4,5,3,3,3,6,5,3,6,4,2,2,4,2,3,5,4,4,3,7,3,4,10,2,3,2,17,1,4,0,0,1,1,11,8,1,5,3,3,0,5,4,5,5,2,5,2,4,2,6,1,5,2,9,3,3,1,6,4,2,3,1,4,2,1,2,5,9,3,4,2
4,5,5,6,1,4,4,1,4,3,4,5,5,2,3,6,5,1,6,3,1,3,4,3,2,6,18,0,3,1,2,3,4,6,3,4,3,3,6,1,3,2,3,1,6,3,3,1,1,4,4,5,2,2,5,3,0,2,3,2,2,1,2,4,2,3,3,5,3,1,3,5,3,4,5,3,7,3,4,10,2,3,2,17,1,4,0,0,1,1,11,8,1,5,3,3,0,5,4,5,5,2,5,2,4,2,6,1,5,2,9,3,3,1,6,4,2,3,1,4,2,1,2,5,9,3,4,2
4,5,5,6,1,4,4,1,4,3,4,5,5,2,3,6,5,1,6,3,1,3,4,3,2,6,18,0,3,1,2,3,4,6,3,4,3,3,6,1,3,2,3,1,6,3,3,1,1,4,4,5,2,2,5,3,0,2,3,2,2,1,2,4,2,3,3,5,3,1,3,5,3,4,5,4,1,1,3,3,3,13,4,3,2,1,3,4,4,7,5,7,5,2,3,3,3,5,2,3,0,4,3,3,2,7,2,2,7,4,2,3,4,2,5,4,1,4,2,3,7,3,3,3,2,1,2,7
2,4,1,3,12,1,6,3,3,2,3,3,2,25,6,3,5,2,2,1,2,4,4,9,4,3,3,4,8,4,0,2,1,5,5,1,1,3,4,6,1,8,2,3,4,2,6,4,3,1,2,5,4,4,3,3,4,5,4,2,7,2,7,5,4,3,6,2,4,12,6,2,5,6,2,4,1,1,3,3,3,13,4,3,2,1,3,4,4,7,5,7,5,2,3,3,3,5,2,3,0,4,3,3,2,7,2,2,7,4,2,3,4,2,5,4,1,4,2,3,7,3,3,3,2,1,2,7
1,4,1,3,12,1,6,3,3,2,3,3,2,25,6,3,5,2,2,1,2,4,4,9,4,3,3,4,8,4,0,2,1,5,5,1,1,3,4,6,1,8,2,3,4,2,6,4,3,1,2,5,4,4,3,3,4,5,4,2,7,2,7,5,4,3,6,2,4,12,6,2,5,6,2,2,4,2,2,2,10,4,3,6,2,2,6,28,8,3,2,3,4,1,3,1,1,3,3,5,1,1,2,2,8,1,2,1,2,6,1,6,4,1,4,2,4,3,2,2,3,2,3,3,9,3,3,1
3,4,6,7,1,2,3,1,3,19,1,2,7,3,2,5,5,3,1,3,3,5,3,4,11,5,4,4,3,6,4,1,5,5,5,1,1,2,1,4,2,4,5,2,6,3,3,3,3,8,2,5,5,5,2,2,4,5,2,0,4,3,3,4,2,6,0,6,2,3,3,3,3,3,5,2,4,2,2,2,10,4,3,6,2,2,6,28,8,3,2,3,4,1,3,1,1,3,3,5,1,1,2,2,8,1,2,1,2,6,1,6,4,1,4,2,4,3,2,2,3,2,3,3,9,3,3,1
3,4,6,7,1,2,3,1,3,19,1,2,7,3,2,5,5,3,1,3,3,5,3,4,11,5,4,4,3,6,4,1,5,5,5,1,1,2,1,4,2,4,5,2,6,3,3,3,3,8,2,5,5,5,2,2,4,5,2,0,4,3,3,4,2,6,0,6,2,3,3,3,3,3,5,5,4,4,3,1,1,5,2,2,3,1,3,3,4,2,14,2,5,4,1,5,6,5,6,3,2,5,5,3,7,2,2,1,5,6,5,1,3,3,1,11,3,2,5,5,3,0,1,5,7,7,5,2
3,6,8,4,1,2,2,6,4,2,2,4,4,4,5,2,1,4,5,7,2,2,4,9,4,3,4,3,21,3,6,4,1,8,3,3,2,7,2,5,3,3,10,4,4,2,7,3,2,4,2,5,1,4,3,3,3,3,2,7,3,5,5,4,3,1,4,2,2,6,2,2,1,3,6,5,4,4,3,1,1,5,2,2,3,1,3,3,4,2,14,2,5,4,1,5,6,5,6,3,2,5,5,3,7,2,2,1,5,6,5,1,3,3,1,11,3,2,5,5,3,0,1,5,7,7,5,2
3,6,8,4,1,2,2,6,4,2,2,4,4,4,5,2,1,4,5,7,2,2,4,9,4,3,4,3,21,3,6,4,1,8,3,3,2,7,2,5,3,3,10,4,4,2,7,3,2,4,2,5,1,4,3,3,3,3,2,7,3,5,5,4,3,1,4,2,2,6,2,2,1,3,6,8,2,6,4,1,6,2,5,5,2,2,4,5,16,4,0,0,2,4,3,3,3,2,1,2,6,1,3,3,4,3,3,3,4,3,9,4,6,4,1,5,4,2,2,2,2,4,6,4,6,3,0,4
0,5,4,3,3,1,4,4,4,2,4,1,4,3,7,3,3,7,2,2,4,1,3,1,3,9,3,3,1,1,3,3,5,3,2,9,4,3,10,4,5,1,4,0,2,6,2,2,4,3,4,2,2,3,2,6,6,1,4,3,2,6,2,2,1,3,8,1,3,3,4,5,2,5,2,8,2,6,4,1,6,2,5,5,2,2,4,5,16,4,0,0,2,4,3,3,3,2,1,2,6,1,3,3,4,3,3,3,4,3,9,4,6,4,1,5,4,2,2,2,2,4,6,4,6,3,0,4
7,5,4,3,3,1,4,4,4,2,4,1,4,3,7,3,3,7,2,2,4,1,3,1,3,9,3,3,1,1,3,3,5,3,2,9,4,3,10,4,5,1,4,0,2,6,2,2,4,3,4,2,2,3,2,6,6,1,4,3,2,6,2,2,1,3,8,1,3,3,4,5,2,5,2,3,4,6,1,4,8,15,4,8,1,5,1,3,5,4,0,5,2,1,3,1,2,3,5,6,5,3,3,2,4,4,4,2,4,1,3,2,4,4,2,1,8,3,1,3,7,5,2,3,4,3,1,1
7,5,3,4,2,6,3,22,0,1,4,2,2,4,7,5,22,3,3,2,3,0,3,2,4,5,3,3,2,6,14,1,2,10,1,1,1,4,3,7,2,4,8,4,2,2,8,3,2,2,6,3,1,6,1,3,10,5,1,13,5,1,6,2,1,4,9,2,17,1,4,0,2,3,5,3,4,6,1,4,8,15,4,8,1,5,1,3,5,4,0,5,2,1,3,1,2,3,5,6,5,3,3,2,4,4,4,2,4,1,3,2,4,4,2,1,8,3,1,3,7,5,2,3,4,3,1,1
2,5,3,4,2,6,3,22,0,1,4,2,2,4,7,5,22,3,3,2,3,0,3,2,4,5,3,3,2,6,14,1,2,10,1,1,1,4,3,7,2,4,8,4,2,2,8,3,2,2,6,3,1,6,1,3,10,5,1,13,5,1,6,2,1,4,9,2,17,1,4,0,2,3,5,2,5,7,10,21,15,6,1,0,5,3,5,2,5,9,16,3,7,5,2,2,2,3,3,1,6,5,5,1,2,3,3,4,1,2,2,4,5,5,4,1,7,2,3,2,1,5,3,7,3,5,19,3
4,4,2,2,5,3,5,17,4,5,1,2,3,5,2,2,7,1,7,4,2,1,3,2,3,2,2,8,8,2,2,1,2,3,7,6,4,2,5,3,5,5,3,3,5,7,5,2,10,6,2,3,5,4,7,2,3,5,4,4,6,3,22,5,5,0,5,3,4,4,4,2,0,2,1,2,5,7,10,21,15,6,1,0,5,3,5,2,5,9,16,3,7,5,2,2,2,3,3,1,6,5,5,1,2,3,3,4,1,2,2,4,5,5,4,1,7,2,3,2,1,5,3,7,3,5,19,3
4,4,2,2,5,3,5,17,4,5,1,2,3,5,2,2,7,1,7,4,2,1,3,2,3,2,2,8,8,2,2,1,2,3,7,6,4,2,5,3,5,5,3,3,5,7,5,2,10,6,2,3,5,4,7,2,3,5,4,4,6,3,22,5,5,0,5,3,4,4,4,2,0,2,6,3,2,2,6,14,5,2,3,2,21,0,2,3,5,2,8,1,2,3,1,4,1,6,3,3,5,3,2,5,3,3,1,4,2,2,5,3,2,2,4,4,3,4,4,1,8,7,3,5,2,3,3,3
4,4,3,3,2,2,2,4,5,3,6,3,5,4,1,7,4,4,14,7,1,0,5,3,3,6,3,4,5,5,3,1,4,7,2,2,6,6,5,4,3,2,2,5,3,5,3,3,2,3,2,2,3,1,4,4,2,1,3,3,2,3,5,4,7,4,4,2,8,3,7,6,6,4,6,3,2,2,6,14,5,2,3,2,21,0,2,3,5,2,8,1,2,3,1,4,1,6,3,3,5,3,2,5,3,3,1,4,2,2,5,3,2,2,4,4,3,4,4,1,8,7,3,5,2,3,3,3
4,4,3,3,2,2,2,4,5,3,6,3,5,4,1,7,4,4,14,7,1,0,5,3,3,6,3,4,5,5,3,1,4,7,2,2,6,6,5,4,3,2,2,5,3,5,3,3,2,3,2,2,3,1,4,4,2,1,3,3,2,3,5,4,7,4,4,2,8,3,7,6,6,4,0,2,1,5,4,3,2,5,7,4,3,17,1,4,15,0,5,5,2,7,7,2,4,1,2,10,2,2,3,5,1,7,5,2,1,4,2,2,3,2,4,3,1,3,4,2,1,2,2,4,2,7,4,3
6,3,1,4,4,4,17,4,4,4,4,8,4,3,7,4,12,2,3,2,2,4,3,6,6,6,2,5,3,3,3,1,2,4,1,4,3,7,1,2,5,4,4,3,3,4,1,3,4,2,5,2,3,2,8,2,4,7,2,3,4,6,4,6,3,6,2,1,5,2,4,2,5,7,1,2,1,5,4,3,2,5,7,4,3,17,1,4,15,0,5,5,2,7,7,2,4,1,2,10,2,2,3,5,1,7,5,2,1,4,2,2,3,2,4,3,1,3,4,2,1,2,2,4,2,7,4,3
6,3,1,4,4,4,17,4,4,4,4,8,4,3,7,4,12,2,3,2,2,4,3,6,6,6,2,5,3,3,3,1,2,4,1,4,3,7,1,2,5,4,4,3,3,4,1,3,4,2,5,2,3,2,8,2,4,7,2,3,4,6,4,6,3,6,2,1,5,2,4,2,5,7,1,6,19,3,1,6,0,18,3,2,1,1,2,4,1,5,21,12,4,3,1,2,3,5,7,4,2,6,2,5,5,4,4,3,2,4,3,3,4,2,4,3,3,3,2,5,9,3,6,4,6,3,3,5
7,9,8,3,2,9,2,2,6,2,1,3,5,4,3,4,3,4,6,3,2,2,8,3,2,3,5,6,4,1,4,1,2,3,3,3,2,5,3,2,2,5,6,4,3,2,3,3,5,5,3,3,1,4,7,2,3,2,4,0,6,3,2,2,1,5,6,3,4,3,5,4,4,1,1,6,19,3,1,6,0,18,3,2,1,1,2,4,1,5,21,12,4,3,1,2,3,5,7,4,2,6,2,5,5,4,4,3,2,4,3,3,4,2,4,3,3,3,2,5,9,3,6,4,6,3,3,5
7,9,8,3,2,9,2,2,6,2,1,3,5,4,3,4,3,4,6,3,2,2,8,3,2,3,5,6,4,1,4,1,2,3,3,3,2,5,3,2,2,5,6,4,3,2,3,3,5,5,3,3,1,4,7,2,3,2,4,0,6,3,2,2,1,5,6,3,4,3,5,4,4,1,1,2,8,5,6,1,2,9,0,11,1,3,3,3,22,1,1,5,1,5,3,3,0,3,5,2,2,2,1,6,1,3,2,2,1,4,6,3,4,5,5,3,3,2,6,5,4,4,7,3,4,4,4,4
5,2,2,5,2,2,2,2,6,4,12,2,4,9,6,4,4,1,3,1,9,7,6,3,2,2,3,2,2,1,11,1,14,4,6,4,1,5,5,1,6,6,7,4,4,4,4,0,3,2,4,5,4,5,3,2,3,1,1,3,1,1,3,1,5,6,5,7,4,10,0,1,3,2,23,2,8,5,6,1,2,9,0,11,1,3,3,3,22,1,1,5,1,5,3,3,0,3,5,2,2,2,1,6,1,3,2,2,1,4,6,3,4,5,5,3,3,2,6,5,4,4,7,3,4,4,4,4
5,2,2,5,2,2,2,2,6,4,12,2,4,9,6,4,4,1,3,1,9,7,6,3,2,2,3,2,2,1,11,1,14,4,6,4,1,5,5,1,6,6,7,4,4,4,4,0,3,2,4,5,4,5,3,2,3,1,1,3,1,1,3,1,5,6,5,7,4,10,0,1,3,2,23,0,5,1,2,3,2,5,1,1,2,2,2,3,4,1,7,5,1,5,2,5,3,4,2,6,3,2,4,5,2,4,3,3,3,3,3,3,9,2,3,2,5,3,5,1,4,2,8,4,4,1,1,2
3,4,1,4,3,6,4,2,6,1,2,3,1,5,3,1,6,3,6,6,2,7,5,2,4,4,1,4,2,1,7,1,2,9,3,3,6,4,5,1,3,4,5,7,3,1,1,2,3,3,5,0,4,4,4,4,3,2,5,2,5,1,6,2,8,1,4,1,3,5,3,3,3,7,3,0,5,1,2,3,2,5,1,1,2,2,2,3,4,1,7,5,1,5,2,5,3,4,2,6,3,2,4,5,2,4,3,3,3,3,3,3,9,2,3,2,5,3,5,1,4,2,8,4,4,1,1,2
3,4,1,4,3,6,4,2,6,1,2,3,1,5,3,1,6,3,6,6,2,7,5,2,4,4,1,4,2,1,7,1,2,9,3,3,6,4,5,1,3,4,5,7,3,1,1,2,3,3,5,0,4,4,4,4,3,2,5,2,5,1,6,2,8,1,4,1,3,5,3,3,3,7,3,1,3,6,5,6,3,0,15,4,1,3,5,3,3,2,6,6,5,28,3,2,1,1,2,7,2,3,4,4,3,4,2,6,8,8,4,2,1,1,3,2,5,6,8,2,0,4,2,1,5,6,2,6
2,5,6,0,2,4,1,2,2,3,2,2,10,4,3,4,2,6,2,1,2,1,1,6,2,1,3,1,5,2,2,6,2,3,6,4,0,2,4,4,4,4,3,1,2,7,4,3,4,1,2,8,2,5,5,3,4,2,5,3,1,4,6,9,5,6,3,7,4,3,1,2,5,4,4,1,3,6,5,6,3,0,15,4,1,3,5,3,3,2,6,6,5,28,3,2,1,1,2,7,2,3,4,4,3,4,2,6,8,8,4,2,1,1,3,2,5,6,8,2,0,4,2,1,5,6,2,6
2,5,6,0,2,4,1,2,2,3,2,2,10,4,3,4,2,6,2,1,2,1,1,6,2,1,3,1,5,2,2,6,2,3,6,4,0,2,4,4,4,4,3,1,2,7,4,3,4,1,2,8,2,5,5,3,4,2,5,3,1,4,6,9,5,6,3,7,4,3,1,2,5,4,4,3,2,3,7,4,1,4,3,3,5,2,3,17,2,1,5,2,1,3,3,3,6,4,6,2,7,5,4,2,3,2,1,4,5,7,1,1,1,2,3,3,7,3,5,2,3,1,5,7,4,1,2,3
1,1,4,42,14,2,1,5,5,10,1,2,1,12,3,6,4,0,4,3,3,5,7,5,2,3,4,7,4,4,8,3,3,8,3,9,3,1,7,3,1,4,7,5,3,3,3,7,5,2,5,3,4,4,2,3,4,1,7,0,3,3,4,5,2,3,1,3,2,3,4,6,3,2,13,3,2,3,7,4,1,4,3,3,5,2,3,17,2,1,5,2,1,3,3,3,6,4,6,2,7,5,4,2,3,2,1,4,5,7,1,1,1,2,3,3,7,3,5,2,3,1,5,7,4,1,2,3
2,1,4,42,14,2,1,5,5,10,1,2,1,12,3,6,4,0,4,3,3,5,7,5,2,3,4,7,4,4,8,3,3,8,3,9,3,1,7,3,1,4,7,5,3,3,3,7,5,2,5,3,4,4,2,3,4,1,7,0,3,3,4,5,2,3,1,3,2,3,4,6,3,2,13,1,4,2,8,4,3,4,5,1,5,2,1,4,1,8,4,5,6,8,2,4,2,2,1,4,4,9,5,5,4,5,5,4,6,4,2,1,1,4,7,4,2,4,2,4,4,6,4,4,3,2,3,5
2,4,3,2,6,1,4,7,6,9,2,8,3,1,0,1,8,1,6,2,3,5,5,3,3,5,3,5,4,11,5,3,4,1,1,5,6,3,4,5,8,2,2,7,2,2,2,3,3,3,0,1,7,3,4,3,3,8,5,5,5,3,2,1,6,3,2,4,6,2,4,6,4,17,1,1,4,2,8,4,3,4,5,1,5,2,1,4,1,8,4,5,6,8,2,4,2,2,1,4,4,9,5,5,4,5,5,4,6,4,2,1,1,4,7,4,2,4,2,4,4,6,4,4,3,2,3,5
1,4,3,2,6,1,4,7,6,9,2,8,3,1,0,1,8,1,6,2,3,5,5,3,3,5,3,5,4,11,5,3,4,1,1,5,6,3,4,5,8,2,2,7,2,2,2,3,3,3,0,1,7,3,4,3,3,8,5,5,5,3,2,1,6,3,2,4,6,2,4,6,4,17,1,2,2,5,2,3,1,5,4,12,3,22,1,5,3,1,1,2,1,4,4,4,5,3,3,0,4,1,3,3,2,4,2,6,2,5,2,2,3,4,4,2,6,4,1,1,6,2,2,4,3,2,3,3
3,5,7,6,1,3,4,3,6,5,3,2,3,2,2,5,4,5,1,2,6,2,1,1,5,4,7,2,4,3,3,6,2,3,3,5,4,2,3,3,6,5,3,2,2,2,4,6,5,2,7,4,4,2,2,1,5,6,0,3,3,2,5,3,8,2,4,8,3,1,5,2,4,4,3,2,2,5,2,3,1,5,4,12,3,22,1,5,3,1,1,2,1,4,4,4,5,3,3,0,4,1,3,3,2,4,2,6,2,5,2,2,3,4,4,2,6,4,1,1,6,2,2,4,3,2,3,3
3,5,7,6,1,3,4,3,6,5,3,2,3,2,2,5,4,5,1,2,6,2,1,1,5,4,7,2,4,3,3,6,2,3,3,5,4,2,3,3,6,5,3,2,2,2,4,6,5,2,7,4,4,2,2,1,5,6,0,3,3,2,5,3,8,2,4,8,3,1,5,2,4,4,3,1,2,3,4,3,3,22,0,3,4,3,2,6,5,3,3,3,2,6,3,4,5,5,2,6,4,6,3,2,2,4,5,7,3,3,3,8,2,5,4,3,2,2,4,4,5,5,1,3,5,3,2,6
6,2,4,2,2,4,3,2,6,8,4,4,3,5,1,2,5,7,1,2,3,5,3,5,2,2,1,1,7,2,2,5,6,7,3,5,1,2,4,7,3,4,1,1,5,3,2,7,3,6,3,4,2,3,6,1,2,2,3,6,4,3,2,4,1,4,3,1,15,3,5,1,2,3,3,1,2,3,4,3,3,22,0,3,4,3,2,6,5,3,3,3,2,6,3,4,5,5,2,6,4,6,3,2,2,4,5,7,3,3,3,8,2,5,4,3,2,2,4,4,5,5,1,3,5,3,2,6
6,2,4,2,2,4,3,2,6,8,4,4,3,5,1,2,5,7,1,2,3,5,3,5,2,2,1,1,7,2,2,5,6,7,3,5,1,2,4,7,3,4,1,1,5,3,2,7,3,6,3,4,2,3,6,1,2,2,3,6,4,3,2,4,1,4,3,1,15,3,5,1,2,3,3,5,3,5,14,3,16,1,2,3,0,8,10,3,2,2,4,3,4,3,4,2,6,3,5,5,8,3,3,4,2,2,5,4,2,3,5,7,4,3,4,2,4,3,3,2,6,3,3,2,3,3,3,2
5,5,4,6,1,3,4,1,5,3,21,11,1,2,3,5,3,2,7,2,1,5,4,5,7,3,3,3,5,2,7,4,4,2,1,2,2,3,3,4,5,3,6,1,3,7,1,4,1,4,1,4,6,7,0,3,5,3,2,3,3,4,4,2,1,4,5,4,5,3,2,3,2,1,5,5,3,5,14,3,16,1,2,3,0,8,10,3,2,2,4,3,4,3,4,2,6,3,5,5,8,3,3,4,2,2,5,4,2,3,5,7,4,3,4,2,4,3,3,2,6,3,3,2,3,3,3,2
5,5,4,6,1,3,4,1,5,3,21,11,1,2,3,5,3,2,7,2,1,5,4,5,7,3,3,3,5,2,7,4,4,2,1,2,2,3,3,4,5,3,6,1,3,7,1,4,1,4,1,4,6,7,0,3,5,3,2,3,3,4,4,2,1,4,5,4,5,3,2,3,2,1,5,3,4,0,7,17,3,3,5,3,6,7,14,1,5,1,3,1,3,3,3,6,3,4,3,4,1,5,1,3,8,3,2,2,1,2,6,2,5,3,4,6,6,1,1,2,4,1,3,3,2,4,2,1
3,5,2,3,3,2,7,9,4,1,6,4,1,3,5,1,2,4,2,4,5,4,3,4,20,4,4,1,4,3,2,5,2,3,3,4,6,3,2,7,2,1,5,6,2,6,1,2,4,4,4,3,2,3,2,7,2,2,2,6,0,3,4,2,3,6,4,4,4,2,4,3,4,2,1,3,4,0,7,17,3,3,5,3,6,7,14,1,5,1,3,1,3,3,3,6,3,4,3,4,1,5,1,3,8,3,2,2,1,2,6,2,5,3,4,6,6,1,1,2,4,1,3,3,2,4,2,1
3,5,2,3,3,2,7,9,4,1,6,4,1,3,5,1,2,4,2,4,5,4,3,4,20,4,4,1,4,3,2,5,2,3,3,4,6,3,2,7,2,1,5,6,2,6,1,2,4,4,4,3,2,3,2,7,2,2,2,6,0,3,4,2,3,6,4,4,4,2,4,3,4,2,3,4,4,4,2,12,1,7,2,3,5,3,3,2,2,1,2,4,2,2,4,5,3,4,3,2,6,3,3,2,1,6,4,3,6,2,1,0,1,3,1,1,1,2,5,3,2,3,5,4,2,4,8,3
3,1,8,1,2,4,2,3,5,4,3,2,18,5,2,4,4,3,1,4,2,4,3,2,4,24,6,4,0,0,4,1,1,3,4,2,2,2,6,3,4,3,3,0,4,2,3,3,2,7,3,4,4,4,2,1,3,5,5,7,4,1,0,2,7,4,4,3,5,2,1,3,2,7,1,4,4,4,2,12,1,7,2,3,5,3,3,2,2,1,2,4,2,2,4,5,3,4,3,2,6,3,3,2,1,6,4,3,6,2,1,0,1,3,1,1,1,2,5,3,2,3,5,4,2,4,8,3
3,1,8,1,2,4,2,3,5,4,3,2,18,5,2,4,4,3,1,4,2,4,3,2,4,24,6,4,0,0,4,1,1,3,4,2,2,2,6,3,4,3,3,0,4,2,3,3,2,7,3,4,4,4,2,1,3,5,5,7,4,1,0,2,7,4,4,3,5,2,1,3,2,7,1,18,5,1,1,6,4,5,2,2,4,2,12,4,2,13,5,2,1,1,3,3,1,2,2,3,1,5,5,2,2,4,9,6,1,2,2,3,3,4,2,1,3,8,2,3,4,6,2,2,6,1,4,6
4,4,2,2,8,3,1,7,3,3,6,9,2,2,1,2,1,3,4,0,3,2,2,9,5,3,4,3,3,4,3,0,2,5,3,1,2,2,4,5,2,3,4,3,3,4,5,2,6,2,2,2,2,4,2,3,3,4,6,2,4,1,1,4,4,6,1,4,1,1,2,4,8,5,4,18,5,1,1,6,4,5,2,2,4,2,12,4,2,13,5,2,1,1,3,3,1,2,2,3,1,5,5,2,2,4,9,6,1,2,2,3,3,4,2,1,3,8,2,3,4,6,2,2,6,1,4,6
4,4,2,2,8,3,1,7,3,3,6,9,2,2,1,2,1,3,4,0,3,2,2,9,5,3,4,3,3,4,3,0,2,5,3,1,2,2,4,5,2,3,4,3,3,4,5,2,6,2,2,2,2,4,2,3,3,4,6,2,4,1,1,4,4,6,1,4,1,1,2,4,8,5,4,1,5,2,2,5,2,6,10,4,1,4,3,3,7,5,3,1,3,3,3,0,6,0,4,7,2,4,1,2,4,2,1,3,7,6,1,4,4,3,3,5,4,1,5,2,2,5,4,4,3,5,3,4
1,2,6,7,6,3,3,2,4,2,6,3,2,5,3,3,9,5,3,2,4,0,6,2,2,2,8,3,4,2,2,0,4,1,4,5,5,4,1,2,4,2,3,3,2,1,6,5,1,5,4,3,1,5,5,3,5,4,5,3,1,6,1,5,2,4,2,2,4,5,1,10,2,2,6,1,5,2,2,5,2,6,10,4,1,4,3,3,7,5,3,1,3,3,3,0,6,0,4,7,2,4,1,2,4,2,1,3,7,6,1,4,4,3,3,5,4,1,5,2,2,5,4,4,3,5,3,4
5,2,6,7,6,3,3,2,4,2,6,3,2,5,3,3,9,5,3,2,4,0,6,2,2,2,8,3,4,2,2,0,4,1,4,5,5,4,1,2,4,2,3,3,2,1,6,5,1,5,4,3,1,5,5,3,5,4,5,3,1,6,1,5,2,4,2,2,4,5,1,10,2,2,6,2,2,2,4,5,3,2,2,17,2,3,4,3,3,4,2,3,7,0,6,4,3,8,3,6,5,4,3,4,4,5,5,1,2,3,3,1,5,5,2,4,7,2,3,4,3,3,2,5,5,6,1,2
5,11,5,1,2,4,3,2,2,4,1,4,1,4,3,2,2,4,3,3,2,5,2,1,3,5,4,2,4,3,1,8,2,5,5,3,3,1,3,4,5,4,1,2,4,2,6,3,6,1,4,7,5,2,2,4,4,4,3,5,4,2,9,2,2,3,3,7,2,4,1,5,21,4,3,2,2,2,4,5,3,2,2,17,2,3,4,3,3,4,2,3,7,0,6,4,3,8,3,6,5,4,3,4,4,5,5,1,2,3,3,1,5,5,2,4,7,2,3,4,3,3,2,5,5,6,1,2
1,11,5,1,2,4,3,2,2,4,1,4,1,4,3,2,2,4,3,3,2,5,2,1,3,5,4,2,4,3,1,8,2,5,5,3,3,1,3,4,5,4,1,2,4,2,6,3,6,1,4,7,5,2,2,4,4,4,3,5,4,2,9,2,2,3,3,7,2,4,1,5,21,4,3,7,0,5,0,6,4,8,2,4,3,3,4,2,2,8,2,5,3,3,3,5,1,0,4,4,8,3,4,1,4,1,1,6,2,2,3,5,3,1,6,4,7,3,6,5,1,3,4,7,7,5,2,13
4,2,3,4,2,7,5,3,1,1,2,3,4,6,8,2,1,2,2,2,5,3,3,4,2,5,6,5,4,2,1,3,4,2,2,3,7,10,3,3,3,1,5,5,3,7,5,2,3,1,3,4,2,2,6,2,5,2,3,3,3,1,4,9,1,3,2,2,4,10,2,1,4,3,3,7,0,5,0,6,4,8,2,4,3,3,4,2,2,8,2,5,3,3,3,5,1,0,4,4,8,3,4,1,4,1,1,6,2,2,3,5,3,1,6,4,7,3,6,5,1,3,4,7,7,5,2,13
4,2,3,4,2,7,5,3,1,1,2,3,4,6,8,2,1,2,2,2,5,3,3,4,2,5,6,5,4,2,1,3,4,2,2,3,7,10,3,3,3,1,5,5,3,7,5,2,3,1,3,4,2,2,6,2,5,2,3,3,3,1,4,9,1,3,2,2,4,10,2,1,4,3,3,4,4,3,16,12,4,4,1,6,2,0,3,2,6,1,17,4,7,4,4,1,4,2,5,6,1,5,4,3,4,1,4,3,6,3,5,5,2,4,1,2,6,1,4,8,1,2,5,3,3,0,2,6
2,6,4,6,3,5,2,15,3,2,5,1,2,5,5,3,4,14,0,1,9,1,2,7,3,5,4,1,3,6,6,4,7,4,4,1,8,3,3,1,2,1,2,4,3,7,3,5,1,1,1,2,1,4,4,3,5,3,3,2,7,4,6,4,2,2,8,4,4,2,2,6,4,4,1,4,4,3,16,12,4,4,1,6,2,0,3,2,6,1,17,4,7,4,4,1,4,2,5,6,1,5,4,3,4,1,4,3,6,3,5,5,2,4,1,2,6,1,4,8,1,2,5,3,3,0,2,6
3,6,4,6,3,5,2,15,3,2,5,1,2,5,5,3,4,14,0,1,9,1,2,7,3,5,4,1,3,6,6,4,7,4,4,1,8,3,3,1,2,1,2,4,3,7,3,5,1,1,1,2,1,4,4,3,5,3,3,2,7,4,6,4,2,2,8,4,4,2,2,6,4,4,0,1,3,4,5,6,5,2,4,6,4,2,3,2,4,3,27,7,1,3,2,0,6,5,6,3,3,2,5,6,2,1,2,7,7,5,8,5,6,5,3,3,3,2,6,4,4,7,3,2,1,5,3,6
5,6,4,2,2,1,4,2,2,5,5,4,4,4,5,1,5,7,6,8,5,6,4,1,6,4,3,2,7,6,3,3,3,4,3,2,2,3,7,5,3,7,6,2,6,4,3,1,2,2,6,5,3,8,2,2,3,8,2,7,8,2,3,26,3,4,4,5,1,3,1,4,19,1,1,1,3,4,5,6,5,2,4,6,4,2,3,2,4,3,27,7,1,3,2,0,6,5,6,3,3,2,5,6,2,1,2,7,7,5,8,5,6,5,3,3,3,2,6,4,4,7,3,2,1,5,3,6
5,6,4,2,2,1,4,2,2,5,5,4,4,4,5,1,5,7,6,8,5,6,4,1,6,4,3,2,7,6,3,3,3,4,3,2,2,3,7,5,3,7,6,2,6,4,3,1,2,2,6,5,3,8,2,2,3,8,2,7,8,2,3,26,3,4,4,5,1,3,1,4,19,1,1,2,3,4,2,4,1,6,2,3,2,4,1,3,5,6,4,17,3,1,6,8,2,3,2,6,1,3,2,5,1,4,6,1,2,2,1,4,5,2,2,0,3,8,5,7,7,5,2,1,2,1,4,4
2,1,7,3,2,8,1,3,3,2,3,3,5,3,1,2,5,3,2,3,2,2,6,3,4,3,8,2,2,3,1,4,5,5,2,2,5,3,3,3,1,2,3,1,4,1,2,3,3,3,7,4,3,5,4,1,7,4,2,3,2,4,4,0,4,3,2,2,2,2,2,2,5,4,1,2,2,3,1,7,7,2,2,1,3,1,3,8,4,3,6,23,1,4,4,1,5,1,1,2,6,5,2,1,1,4,5,3,6,3,5,2,5,5,4,1,3,7,3,2,1,1,6,5,8,4,1,2
2,1,7,3,2,8,1,3,3,2,3,3,5,3,1,2,5,3,2,3,2,2,6,3,4,3,8,2,2,3,1,4,5,5,2,2,5,3,3,3,1,2,3,1,4,1,2,3,3,3,7,4,3,5,4,1,7,4,2,3,2,4,4,0,4,3,2,2,2,2,2,2,5,4,0,3,2,4,7,4,2,5,2,2,3,1,8,14,0,3,1,1,3,28,25,3,4,2,3,3,2,3,3,3,6,5,5,5,2,5,3,3,3,2,4,5,4,5,2,3,3,2,3,7,4,1,3,10
3,2,1,3,0,5,3,2,9,1,9,2,2,3,4,1,4,4,4,4,6,3,3,6,5,2,4,1,6,5,3,2,3,3,2,5,3,4,3,5,3,0,5,4,4,8,6,2,2,1,3,4,3,3,4,3,2,5,5,4,5,4,5,3,2,3,5,1,3,2,3,2,6,3,3,3,2,4,7,4,2,5,2,2,3,1,8,14,0,3,1,1,3,28,25,3,4,2,3,3,2,3,3,3,6,5,5,5,2,5,3,3,3,2,4,5,4,5,2,3,3,2,3,7,4,1,3,10
3,2,1,3,0,5,3,2,9,1,9,2,2,3,4,1,4,4,4,4,6,3,3,6,5,2,4,1,6,5,3,2,3,3,2,5,3,4,3,5,3,0,5,4,4,8,6,2,2,1,3,4,3,3,4,3,2,5,5,4,5,4,5,3,2,3,5,1,3,2,3,2,6,3,3,4,2,2,1,1,19,4,2,7,13,2,2,1,2,3,1,4,2,5,5,2,4,7,2,1,2,8,1,2,4,5,0,2,2,2,2,2,6,3,4,1,1,3,2,5,5,3,3,3,2,2,5,6
7,2,4,2,6,4,3,5,2,4,3,4,2,4,1,1,3,3,3,4,2,5,4,2,6,4,2,4,4,5,2,6,3,7,3,4,4,3,3,2,5,3,3,3,2,3,1,5,3,4,2,4,4,1,5,5,5,2,3,3,3,2,3,4,3,5,3,1,5,2,2,2,0,3,4,4,2,2,1,1,19,4,2,7,13,2,2,1,2,3,1,4,2,5,5,2,4,7,2,1,2,8,1,2,4,5,0,2,2,2,2,2,6,3,4,1,1,3,2,5,5,3,3,3,2,2,5,6
7,2,4,2,6,4,3,5,2,4,3,4,2,4,1,1,3,3,3,4,2,5,4,2,6,4,2,4,4,5,2,6,3,7,3,4,4,3,3,2,5,3,3,3,2,3,1,5,3,4,2,4,4,1,5,5,5,2,3,3,3,2,3,4,3,5,3,1,5,2,2,2,0,3,4,2,6,1,3,4,24,2,5,2,2,2,2,2,4,8,13,0,2,3,4,4,2,3,2,2,4,4,7,6,4,2,10,5,4,0,4,5,2,2,2,4,2,2,2,1,5,3,3,3,7,2,3,7
1,5,6,2,10,2,6,3,5,5,1,3,5,4,40,29,2,0,1,3,1,2,0,3,2,7,3,3,3,5,3,5,5,4,3,2,3,0,4,4,4,2,5,4,5,6,3,2,5,2,3,5,2,2,1,1,7,4,3,4,2,2,4,5,5,2,3,4,6,5,1,7,2,6,4,2,6,1,3,4,24,2,5,2,2,2,2,2,4,8,13,0,2,3,4,4,2,3,2,2,4,4,7,6,4,2,10,5,4,0,4,5,2,2,2,4,2,2,2,1,5,3,3,3,7,2,3,7
1,5,6,2,10,2,6,3,5,5,1,3,5,4,40,29,2,0,1,3,1,2,0,3,2,7,3,3,3,5,3,5,5,4,3,2,3,0,4,4,4,2,5,4,5,6,3,2,5,2,3,5,2,2,1,1,7,4,3,4,2,2,4,5,5,2,3,4,6,5,1,7,2,6,2,6,3,3,5,4,0,6,2,15,16,5,1,2,6,1,1,2,7,2,2,3,1,1,3,4,2,3,1,1,0,2,4,3,6,4,7,4,6,5,5,1,3,3,5,3,3,1,4,5,5,1,2,0
3,3,4,5,3,31,3,3,1,2,1,1,1,0,5,6,1,2,2,2,3,8,3,3,7,1,4,7,1,5,3,6,3,4,4,3,4,3,3,5,3,2,1,4,3,7,6,2,1,1,5,6,2,5,7,2,5,4,5,2,6,1,2,3,5,5,4,4,1,7,1,4,4,5,17,6,3,3,5,4,0,6,2,15,16,5,1,2,6,1,1,2,7,2,2,3,1,1,3,4,2,3,1,1,0,2,4,3,6,4,7,4,6,5,5,1,3,3,5,3,3,1,4,5,5,1,2,0
3,3,4,5,3,31,3,3,1,2,1,1,1,0,5,6,1,2,2,2,3,8,3,3,7,1,4,7,1,5,3,6,3,4,4,3,4,3,3,5,3,2,1,4,3,7,6,2,1,1,5,6,2,5,7,2,5,4,5,2,6,1,2,3,5,5,4,4,1,7,1,4,4,5,17,3,2,4,12,2,5,4,8,5,3,3,5,2,1,3,3,5,2,4,1,4,3,2,2,3,4,5,6,6,4,3,0,4,7,3,2,4,1,3,3,3,2,4,7,4,6,6,2,5,4,1,4,5
7,2,5,4,1,8,2,2,1,3,5,3,2,22,5,4,4,1,2,2,3,2,7,2,2,7,1,3,5,4,4,4,2,3,1,0,1,2,6,7,4,3,7,7,2,3,0,4,2,2,7,6,2,4,3,2,5,4,2,1,2,2,4,2,3,4,2,3,17,4,4,2,2,2,0,3,2,4,12,2,5,4,8,5,3,3,5,2,1,3,3,5,2,4,1,4,3,2,2,3,4,5,6,6,4,3,0,4,7,3,2,4,1,3,3,3,2,4,7,4,6,6,2,5,4,1,4,5
7,2,5,4,1,8,2,2,1,3,5,3,2,22,5,4,4,1,2,2,3,2,7,2,2,7,1,3,5,4,4,4,2,3,1,0,1,2,6,7,4,3,7,7,2,3,0,4,2,2,7,6,2,4,3,2,5,4,2,1,2,2,4,2,3,4,2,3,17,4,4,2,2,2,0,3,2,2,3,11,2,5,3,4,1,3,4,5,1,3,4,2,2,5,15,4,2,5,3,2,0,5,3,6,3,5,5,5,3,4,2,2,5,2,6,5,5,3,5,5,2,3,4,3,3,2,6,4
4,3,1,5,3,5,7,2,2,4,4,6,4,2,2,5,3,0,21,6,6,2,2,1,5,5,2,4,4,1,4,2,2,3,1,9,1,3,4,2,2,2,8,2,3,5,3,4,3,6,3,3,7,4,4,3,4,5,2,2,2,2,3,2,3,2,2,5,2,8,6,10,2,6,7,3,2,2,3,11,2,5,3,4,1,3,4,5,1,3,4,2,2,5,15,4,2,5,3,2,0,5,3,6,3,5,5,5,3,4,2,2,5,2,6,5,5,3,5,5,2,3,4,3,3,2,6,4
4,3,1,5,3,5,7,2,2,4,4,6,4,2,2,5,3,0,21,6,6,2,2,1,5,5,2,4,4,1,4,2,2,3,1,9,1,3,4,2,2,2,8,2,3,5,3,4,3,6,3,3,7,4,4,3,4,5,2,2,2,2,3,2,3,2,2,5,2,8,6,10,2,6,7,3,2,6,2,5,5,5,3,1,19,1,3,4,5,6,1,4,2,2,3,2,2,3,4,6,2,4,3,3,1,2,3,5,6,2,5,4,6,3,3,2,1,3,6,2,4,3,2,4,9,2,4,3
5,7,0,5,7,2,2,1,11,6,1,4,4,7,6,1,6,3,19,2,3,4,3,5,1,2,2,3,1,5,2,4,1,2,3,6,5,3,2,7,7,3,4,1,1,6,1,3,5,4,2,8,1,5,4,1,2,3,4,2,5,5,4,2,6,4,6,5,5,2,3,0,8,7,0,3,2,6,2,5,5,5,3,1,19,1,3,4,5,6,1,4,2,2,3,2,2,3,4,6,2,4,3,3,1,2,3,5,6,2,5,4,6,3,3,2,1,3,6,2,4,3,2,4,9,2,4,3
5,7,0,5,7,2,2,1,11,6,1,4,4,7,6,1,6,3,19,2,3,4,3,5,1,2,2,3,1,5,2,4,1,2,3,6,5,3,2,7,7,3,4,1,1,6,1,3,5,4,2,8,1,5,4,1,2,3,4,2,5,5,4,2,6,4,6,5,5,2,3,0,8,7,0,3,2,2,7,3,4,3,3,21,26,0,1,2,1,3,7,8,8,1,3,5,5,4,2,2,3,3,1,3,3,5,6,1,7,2,3,3,2,5,7,4,3,3,2,1,5,5,6,1,5,2,4,2
4,3,3,2,3,6,2,5,3,2,6,6,3,5,6,5,0,5,3,1,3,4,2,3,2,4,5,4,3,4,2,5,5,3,3,2,4,5,4,3,4,3,1,3,1,6,6,5,3,1,4,4,2,6,2,3,4,4,2,5,2,3,3,2,4,2,3,3,4,1,4,3,3,2,2,3,2,2,7,3,4,3,3,21,26,0,1,2,1,3,7,8,8,1,3,5,5,4,2,2,3,3,1,3,3,5,6,1,7,2,3,3,2,5,7,4,3,3,2,1,5,5,6,1,5,2,4,2
4,3,3,2,3,6,2,5,3,2,6,6,3,5,6,5,0,5,3,1,3,4,2,3,2,4,5,4,3,4,2,5,5,3,3,2,4,5,4,3,4,3,1,3,1,6,6,5,3,1,4,4,2,6,2,3,4,4,2,5,2,3,3,2,4,2,3,3,4,1,4,3,3,2,2,2,3,5,2,2,2,1,7,6,6,4,4,2,10,5,3,4,2,19,4,2,3,6,6,1,4,3,6,8,2,4,2,3,6,2,3,4,5,4,3,3,4,2,7,4,2,5,5,2,4,4,4,3
1,2,7,3,6,4,1,2,5,3,4,2,2,3,2,3,4,2,9,4,5,7,2,2,5,2,4,3,2,6,4,2,1,4,4,7,4,1,4,4,3,4,1,3,3,3,2,3,7,2,3,2,1,3,6,2,3,6,4,3,1,4,3,6,5,2,5,2,5,3,7,3,8,3,4,2,3,5,2,2,2,1,7,6,6,4,4,2,10,5,3,4,2,19,4,2,3,6,6,1,4,3,6,8,2,4,2,3,6,2,3,4,5,4,3,3,4,2,7,4,2,5,5,2,4,4,4,3
1,2,7,3,6,4,1,2,5,3,4,2,2,3,2,3,4,2,9,4,5,7,2,2,5,2,4,3,2,6,4,2,1,4,4,7,4,1,4,4,3,4,1,3,3,3,2,3,7,2,3,2,1,3,6,2,3,6,4,3,1,4,3,6,5,2,5,2,5,3,7,3,8,3,4,3,2,3,1,5,4,1,3,1,3,1,3,3,5,4,2,1,4,6,5,23,2,0,3,4,6,2,2,4,3,3,2,2,2,1,2,3,6,2,6,5,2,8,3,1,4,4,1,3,6,5,2,3
1,4,22,0,1,1,4,1,4,2,6,4,1,1,7,2,3,4,4,18,1,5,2,3,3,2,2,2,2,1,3,5,6,6,4,3,4,4,7,7,7,1,5,2,2,3,3,6,3,0,3,5,5,4,6,2,7,3,1,5,6,2,4,4,1,3,1,6,5,3,7,3,2,3,4,3,2,3,1,5,4,1,3,1,3,1,3,3,5,4,2,1,4,6,5,23,2,0,3,4,6,2,2,4,3,3,2,2,2,1,2,3,6,2,6,5,2,8,3,1,4,4,1,3,6,5,2,3
1,4,22,0,1,1,4,1,4,2,6,4,1,1,7,2,3,4,4,18,1,5,2,3,3,2,2,2,2,1,3,5,6,6,4,3,4,4,7,7,7,1,5,2,2,3,3,6,3,0,3,5,5,4,6,2,7,3,1,5,6,2,4,4,1,3,1,6,5,3,7,3,2,3,4,11,5,2,6,2,2,4,2,5,5,1,3,22,13,4,4,1,2,2,3,0,5,0,5,5,3,7,4,1,5,3,2,5,4,2,3,7,4,2,3,3,1,5,1,4,2,6,9,2,5,9,4,3
3,3,4,13,5,1,3,11,1,5,5,2,0,3,3,1,3,3,2,2,1,2,1,4,4,6,4,6,3,2,2,4,3,1,7,3,1,6,2,3,4,1,1,7,2,3,5,3,9,2,6,7,3,3,5,5,3,0,2,8,3,3,4,2,3,1,6,2,3,1,2,0,4,6,5,11,5,2,6,2,2,4,2,5,5,1,3,22,13,4,4,1,2,2,3,0,5,0,5,5,3,7,4,1,5,3,2,5,4,2,3,7,4,2,3,3,1,5,1,4,2,6,9,2,5,9,4,3
3,3,4,13,5,1,3,11,1,5,5,2,0,3,3,1,3,3,2,2,1,2,1,4,4,6,4,6,3,2,2,4,3,1,7,3,1,6,2,3,4,1,1,7,2,3,5,3,9,2,6,7,3,3,5,5,3,0,2,8,3,3,4,2,3,1,6,2,3,1,2,0,4,6,5,5,14,0,11,3,3,3,3,1,17,10,2,5,7,4,0,3,12,5,0,5,3,2,0,3,3,6,2,4,8,5,5,3,5,4,3,3,5,3,1,3,8,2,2,2,3,5,6,4,0,3,5,0
3,2,3,2,5,3,7,3,4,3,3,4,1,10,5,7,3,1,4,3,2,6,3,19,2,2,1,1,3,6,3,2,5,5,3,3,2,3,2,5,5,2,1,5,5,3,2,1,6,3,1,7,4,2,5,5,5,2,3,5,5,2,3,2,3,5,3,3,1,4,6,2,0,5,4,5,14,0,11,3,3,3,3,1,17,10,2,5,7,4,0,3,12,5,0,5,3,2,0,3,3,6,2,4,8,5,5,3,5,4,3,3,5,3,1,3,8,2,2,2,3,5,6,4,0,3,5,0
3,2,3,2,5,3,7,3,4,3,3,4,1,10,5,7,3,1,4,3,2,6,3,19,2,2,1,1,3,6,3,2,5,5,3,3,2,3,2,5,5,2,1,5,5,3,2,1,6,3,1,7,4,2,5,5,5,2,3,5,5,2,3,2,3,5,3,3,1,4,6,2,0,5,4,4,3,2,2,1,2,9,1,2,5,3,20,5,2,2,6,4,4,1,1,28,4,1,3,3,4,2,5,2,2,1,12,7,1,2,3,9,2,2,6,2,9,2,6,2,6,6,1,1,8,4,1,2
3,3,5,2,3,4,1,0,3,2,1,2,7,3,0,0,6,4,5,5,1,2,0,4,3,3,4,4,3,3,1,5,5,2,3,7,0,2,2,3,3,2,2,2,1,4,5,5,2,2,5,3,5,3,1,3,3,5,5,3,6,3,4,1,6,6,4,2,1,6,2,4,6,4,4,4,3,2,2,1,2,9,1,2,5,3,20,5,2,2,6,4,4,1,1,28,4,1,3,3,4,2,5,2,2,1,12,7,1,2,3,9,2,2,6,2,9,2,6,2,6,6,1,1,8,4,1,2
3,3,5,2,3,4,1,0,3,2,1,2,7,3,0,0,6,4,5,5,1,2,0,4,3,3,4,4,3,3,1,5,5,2,3,7,0,2,2,3,3,2,2,2,1,4,5,5,2,2,5,3,5,3,1,3,3,5,5,3,6,3,4,1,6,6,4,2,1,6,2,4,6,4,6,0,3,6,1,4,2,17,3,2,0,4,4,2,3,0,2,5,5,2,7,4,3,2,3,3,3,3,3,2,2,5,1,2,4,4,4,6,3,4,2,6,6,4,5,3,4,2,2,4,3,2,3,7
6,9,3,3,1,2,3,3,2,5,6,1,5,2,7,4,7,5,7,0,8,6,3,1,3,2,4,3,2,7,5,1,1,4,0,6,2,1,4,5,3,7,4,6,3,3,3,2,1,5,3,6,2,1,3,2,6,7,3,5,2,8,4,16,6,0,4,1,3,2,6,6,9,3,6,0,3,6,1,4,2,17,3,2,0,4,4,2,3,0,2,5,5,2,7,4,3,2,3,3,3,3,3,2,2,5,1,2,4,4,4,6,3,4,2,6,6,4,5,3,4,2,2,4,3,2,3,7
6,9,3,3,1,2,3,3,2,5,6,1,5,2,7,4,7,5,7,0,8,6,3,1,3,2,4,3,2,7,5,1,1,4,0,6,2,1,4,5,3,7,4,6,3,3,3,2,1,5,3,6,2,1,3,2,6,7,3,5,2,8,4,16,6,0,4,1,3,2,6,6,9,3,5,3,4,5,1,6,4,3,4,11,4,5,9,1,6,3,4,3,6,3,3,2,5,4,3,2,3,2,2,5,5,2,4,6,4,2,5,3,1,3,3,2,3,4,5,2,3,5,4,1,2,2,4,1
8,4,4,2,19,10,7,1,3,2,5,4,5,2,7,6,5,1,1,2,1,3,4,3,5,1,9,11,7,1,1,3,1,1,4,2,3,3,1,2,2,4,2,3,2,2,2,6,3,2,4,3,1,8,2,2,5,5,3,6,7,5,3,1,2,2,2,5,9,2,8,16,3,2,3,3,4,5,1,6,4,3,4,11,4,5,9,1,6,3,4,3,6,3,3,2,5,4,3,2,3,2,2,5,5,2,4,6,4,2,5,3,1,3,3,2,3,4,5,2,3,5,4,1,2,2,4,1
8,4,4,2,19,10,7,1,3,2,5,4,5,2,7,6,5,1,1,2,1,3,4,3,5,1,9,11,7,1,1,3,1,1,4,2,3,3,1,2,2,4,2,3,2,2,2,6,3,2,4,3,1,8,2,2,5,5,3,6,7,5,3,1,2,2,2,5,9,2,8,16,3,2,3,5,3,3,3,0,22,0,1,3,1,1,4,2,1,4,3,1,9,1,2,4,1,4,4,3,1,2,2,2,3,3,7,1,5,3,2,5,5,3,2,4,0,3,2,4,3,4,3,4,1,5,3,2
3,3,16,2,3,4,4,0,2,3,1,3,7,4,3,4,1,1,4,4,3,6,3,6,3,2,4,3,4,2,2,1,2,5,3,5,4,4,4,3,5,1,3,6,4,6,2,3,2,2,2,6,5,0,2,5,4,4,8,3,3,2,5,3,2,3,6,2,2,2,5,1,3,4,6,5,3,3,3,0,22,0,1,3,1,1,4,2,1,4,3,1,9,1,2,4,1,4,4,3,1,2,2,2,3,3,7,1,5,3,2,5,5,3,2,4,0,3,2,4,3,4,3,4,1,5,3,2
3,3,16,2,3,4,4,0,2,3,1,3,7,4,3,4,1,1,4,4,3,6,3,6,3,2,4,3,4,2,2,1,2,5,3,5,4,4,4,3,5,1,3,6,4,6,2,3,2,2,2,6,5,0,2,5,4,4,8,3,3,2,5,3,2,3,6,2,2,2,5,1,3,4,6,1,4,1,2,7,1,3,1,3,2,3,3,5,5,4,4,2,3,17,2,1,1,3,3,5,3,3,2,6,1,1,3,4,4,2,1,5,6,2,3,6,3,0,3,2,5,0,4,1,2,1,2,5
2,3,4,2,8,2,5,1,4,4,2,3,4,2,4,2,4,2,5,2,10,5,3,3,5,2,3,3,1,2,4,7,3,4,3,2,2,2,2,3,1,6,6,5,2,6,4,1,1,3,5,1,1,2,3,4,6,2,4,4,4,8,4,2,4,4,5,0,1,5,2,6,8,2,3,1,4,1,2,7,1,3,1,3,2,3,3,5,5,4,4,2,3,17,2,1,1,3,3,5,3,3,2,6,1,1,3,4,4,2,1,5,6,2,3,6,3,0,3,2,5,0,4,1,2,1,2,5
2,3,4,2,8,2,5,1,4,4,2,3,4,2,4,2,4,2,5,2,10,5,3,3,5,2,3,3,1,2,4,7,3,4,3,2,2,2,2,3,1,6,6,5,2,6,4,1,1,3,5,1,1,2,3,4,6,2,4,4,4,8,4,2,4,4,5,0,1,5,2,6,8,2,3,4,4,3,2,3,4,15,3,3,3,4,3,5,1,2,5,2,2,1,4,2,5,2,2,4,7,4,1,4,5,4,8,2,8,4,7,2,2,4,1,5,9,3,9,8,7,3,4,0,4,3,3,3
5,3,4,6,3,2,7,3,5,3,6,3,2,3,0,4,5,3,2,5,3,4,3,1,2,4,4,3,5,1,5,2,4,6,7,3,3,5,3,4,2,1,5,2,8,4,1,3,3,3,6,2,2,4,4,1,7,2,2,5,3,3,1,4,4,2,4,4,2,0,5,3,5,2,2,4,4,3,2,3,4,15,3,3,3,4,3,5,1,2,5,2,2,1,4,2,5,2,2,4,7,4,1,4,5,4,8,2,8,4,7,2,2,4,1,5,9,3,9,8,7,3,4,0,4,3,3,3
5,3,4,6,3,2,7,3,5,3,6,3,2,3,0,4,5,3,2,5,3,4,3,1,2,4,4,3,5,1,5,2,4,6,7,3,3,5,3,4,2,1,5,2,8,4,1,3,3,3,6,2,2,4,4,1,7,2,2,5,3,3,1,4,4,2,4,4,2,0,5,3,5,2,2,4,1,2,5,7,2,2,6,6,3,3,5,4,4,6,5,2,4,5,4,2,4,2,3,5,3,4,5,5,3,10,1,4,3,2,5,5,1,3,2,6,4,1,5,3,2,3,2,3,6,3,5,5
7,0,3,8,2,2,8,3,2,3,3,8,5,2,4,4,2,1,1,3,3,1,5,4,1,4,4,3,3,4,2,2,1,9,5,3,3,4,3,6,3,5,6,3,4,3,0,6,5,2,3,5,5,1,2,2,2,1,5,6,3,3,3,4,2,4,3,4,2,2,4,5,6,5,4,4,1,2,5,7,2,2,6,6,3,3,5,4,4,6,5,2,4,5,4,2,4,2,3,5,3,4,5,5,3,10,1,4,3,2,5,5,1,3,2,6,4,1,5,3,2,3,2,3,6,3,5,5
7,0,3,8,2,2,8,3,2,3,3,8,5,2,4,4,2,1,1,3,3,1,5,4,1,4,4,3,3,4,2,2,1,9,5,3,3,4,3,6,3,5,6,3,4,3,0,6,5,2,3,5,5,1,2,2,2,1,5,6,3,3,3,4,2,4,3,4,2,2,4,5,6,5,4,3,2,7,1,0,3,3,5,3,2,15,0,6,2,0,3,6,3,5,4,3,1,5,4,4,4,6,1,2,2,1,4,3,3,9,2,6,1,4,3,2,4,3,3,2,3,4,2,1,5,2,4,6
2,2,4,5,2,4,3,4,2,4,3,2,5,7,3,4,2,4,6,2,5,1,3,6,2,2,3,5,1,6,3,5,1,5,2,6,5,2,2,7,7,5,6,4,0,5,1,7,1,2,1,3,3,3,2,3,6,3,3,2,4,3,2,4,5,2,2,2,2,2,3,3,2,4,3,3,2,7,1,0,3,3,5,3,2,15,0,6,2,0,3,6,3,5,4,3,1,5,4,4,4,6,1,2,2,1,4,3,3,9,2,6,1,4,3,2,4,3,3,2,3,4,2,1,5,2,4,6
2,2,4,5,2,4,3,4,2,4,3,2,5,7,3,4,2,4,6,2,5,1,3,6,2,2,3,5,1,6,3,5,1,5,2,6,5,2,2,7,7,5,6,4,0,5,1,7,1,2,1,3,3,3,2,3,6,3,3,2,4,3,2,4,5,2,2,2,2,2,3,3,2,4,3,2,3,4,5,2,4,21,3,4,1,2,3,5,2,4,10,7,0,2,6,1,4,3,0,4,2,2,5,4,5,4,1,3,8,8,1,7,3,7,3,7,5,2,1,4,1,3,6,4,4,3,3,1
7,4,1,2,5,3,4,3,7,54,7,1,1,1,3,0,1,3,3,3,2,4,3,4,3,4,5,3,8,2,6,1,7,5,1,1,4,4,2,2,4,4,8,4,4,2,2,3,4,2,3,2,9,5,10,4,4,5,6,2,3,2,3,2,6,4,4,2,1,5,7,1,2,3,4,2,3,4,5,2,4,21,3,4,1,2,3,5,2,4,10,7,0,2,6,1,4,3,0,4,2,2,5,4,5,4,1,3,8,8,1,7,3,7,3,7,5,2,1,4,1,3,6,4,4,3,3,1
7,4,1,2,5,3,4,3,7,54,7,1,1,1,3,0,1,3,3,3,2,4,3,4,3,4,5,3,8,2,6,1,7,5,1,1,4,4,2,2,4,4,8,4,4,2,2,3,4,2,3,2,9,5,10,4,4,5,6,2,3,2,3,2,6,4,4,2,1,5,7,1,2,3,4,2,2,3,3,2,3,12,1,2,5,2,3,3,4,1,0,2,4,2,6,5,4,6,4,2,2,4,2,4,2,4,2,4,3,9,5,9,4,5,2,4,4,3,2,4,3,2,2,5,6,2,1,4
1,3,17,0,5,6,2,3,3,5,2,2,3,6,1,6,4,8,1,7,3,5,4,4,1,3,7,3,3,3,4,11,1,4,4,3,1,2,4,4,4,3,4,0,2,3,3,4,2,5,3,3,3,2,3,4,5,2,3,5,3,19,10,2,2,6,2,2,2,10,6,2,3,6,4,2,2,3,3,2,3,12,1,2,5,2,3,3,4,1,0,2,4,2,6,5,4,6,4,2,2,4,2,4,2,4,2,4,3,9,5,9,4,5,2,4,4,3,2,4,3,2,2,5,6,2,1,4
1,3,17,0,5,6,2,3,3,5,2,2,3,6,1,6,4,8,1,7,3,5,4,4,1,3,7,3,3,3,4,11,1,4,4,3,1,2,4,4,4,3,4,0,2,3,3,4,2,5,3,3,3,2,3,4,5,2,3,5,3,19,10,2,2,6,2,2,2,10,6,2,3,6,3,3,5,5,5,8,1,3,1,2,0,7,3,5,20,9,4,1,1,1,1,10,2,0,2,4,1,3,3,6,3,5,1,2,1,4,3,2,2,7,3,2,6,4,1,3,6,9,2,4,21,3,1,0
5,2,2,1,10,1,2,6,7,3,4,4,5,8,5,2,1,6,1,2,3,4,3,0,3,1,7,5,4,3,4,3,4,4,4,3,2,3,4,5,4,4,1,0,6,7,2,1,9,4,1,4,4,4,7,2,2,3,4,1,2,5,2,4,1,3,2,5,2,1,2,3,3,10,5,3,5,5,5,8,1,3,1,2,0,7,3,5,20,9,4,1,1,1,1,10,2,0,2,4,1,3,3,6,3,5,1,2,1,4,3,2,2,7,3,2,6,4,1,3,6,9,2,4,21,3,1,0
5,2,2,1,10,1,2,6,7,3,4,4,5,8,5,2,1,6,1,2,3,4,3,0,3,1,7,5,4,3,4,3,4,4,4,3,2,3,4,5,4,4,1,0,6,7,2,1,9,4,1,4,4,4,7,2,2,3,4,1,2,5,2,4,1,3,2,5,2,1,2,3,3,10,5,1,11,5,1,5,2,5,6,7,1,5,3,3,4,34,3,1,5,5,1,1,0,3,2,2,2,1,5,3,2,5,2,5,3,3,5,3,4,4,2,1,5,3,6,3,4,2,6,4,6,3,4,4
7,3,2,5,5,1,2,2,2,3,4,2,2,2,24,1,4,2,2,3,4,2,4,2,5,2,3,5,4,2,5,1,11,6,5,2,6,5,4,1,3,4,6,1,2,5,2,2,3,4,5,4,3,2,2,6,3,2,4,5,2,5,1,1,3,4,3,4,4,4,1,8,3,1,3,1,11,5,1,5,2,5,6,7,1,5,3,3,4,34,3,1,5,5,1,1,0,3,2,2,2,1,5,3,2,5,2,5,3,3,5,3,4,4,2,1,5,3,6,3,4,2,6,4,6,3,4,4
7,3,2,5,5,1,2,2,2,3,4,2,2,2,24,1,4,2,2,3,4,2,4,2,5,2,3,5,4,2,5,1,11,6,5,2,6,5,4,1,3,4,6,1,2,5,2,2,3,4,5,4,3,2,2,6,3,2,4,5,2,5,1,1,3,4,3,4,4,4,1,8,3,1,3,10,5,4,5,5,4,7,5,5,9,5,3,7,7,3,1,4,2,34,0,1,3,0,3,2,2,8,5,0,2,2,0,1,4,3,5,4,7,1,3,5,3,6,4,2,2,5,2,2,1,5,2,0
7,5,4,3,5,3,4,6,2,5,6,3,2,4,2,1,2,3,2,5,2,5,3,2,6,4,3,4,4,2,3,5,5,4,1,10,4,4,2,2,3,1,1,3,4,3,4,2,3,2,2,5,7,5,2,4,7,5,3,3,2,6,1,2,7,2,3,2,4,9,6,2,1,2,2,10,5,4,5,5,4,7,5,5,9,5,3,7,7,3,1,4,2,34,0,1,3,0,3,2,2,8,5,0,2,2,0,1,4,3,5,4,7,1,3,5,3,6,4,2,2,5,2,2,1,5,2,0
7,5,4,3,5,3,4,6,2,5,6,3,2,4,2,1,2,3,2,5,2,5,3,2,6,4,3,4,4,2,3,5,5,4,1,10,4,4,2,2,3,1,1,3,4,3,4,2,3,2,2,5,7,5,2,4,7,5,3,3,2,6,1,2,7,2,3,2,4,9,6,2,1,2,3,5,2,4,6,3,16,2,28,18,2,1,2,3,3,1,4,0,6,3,1,4,4,4,2,2,2,6,3,2,8,5,7,4,1,3,4,2,2,2,2,2,4,4,6,2,2,4,3,3,3,4,2,2
2,5,3,60,29,0,2,0,0,4,3,2,4,2,3,4,2,1,2,2,2,1,5,5,4,4,2,7,2,9,1,2,1,6,5,4,4,6,0,5,3,2,1,1,2,4,2,3,3,5,5,3,3,4,1,1,1,3,9,2,2,5,3,4,3,2,4,5,6,14,3,3,3,2,4,5,2,4,6,3,16,2,28,18,2,1,2,3,3,1,4,0,6,3,1,4,4,4,2,2,2,6,3,2,8,5,7,4,1,3,4,2,2,2,2,2,4,4,6,2,2,4,3,3,3,4,2,2
2,5,3,60,29,0,2,0,0,4,3,2,4,2,3,4,2,1,2,2,2,1,5,5,4,4,2,7,2,9,1,2,1,6,5,4,4,6,0,5,3,2,1,1,2,4,2,3,3,5,5,3,3,4,1,1,1,3,9,2,2,5,3,4,3,2,4,5,6,14,3,3,3,2,4,5,7,1,2,5,3,4,3,3,7,3,3,2,1,3,6,12,2,2,3,7,1,8,4,2,1,3,3,4,7,6,1,2,3,6,5,1,2,4,1,5,4,7,1,4,2,2,5,5,2,6,2,2
3,7,6,3,4,4,5,1,2,7,4,3,4,6,7,0,3,3,4,3,28,10,3,2,0,2,3,1,4,4,4,4,1,2,3,1,4,2,3,6,7,3,2,2,15,2,7,3,4,1,3,6,1,1,2,4,4,5,1,2,5,4,0,3,6,2,3,4,6,4,12,5,6,3,7,5,7,1,2,5,3,4,3,3,7,3,3,2,1,3,6,12,2,2,3,7,1,8,4,2,1,3,3,4,7,6,1,2,3,6,5,1,2,4,1,5,4,7,1,4,2,2,5,5,2,6,2,2
3,7,6,3,4,4,5,1,2,7,4,3,4,6,7,0,3,3,4,3,28,10,3,2,0,2,3,1,4,4,4,4,1,2,3,1,4,2,3,6,7,3,2,2,15,2,7,3,4,1,3,6,1,1,2,4,4,5,1,2,5,4,0,3,6,2,3,4,6,4,12,5,6,3,7,1,2,3,3,2,2,3,6,7,3,2,2,33,12,0,2,0,1,3,1,2,1,2,6,4,5,4,6,2,5,5,1,2,4,2,2,3,2,4,4,11,0,4,3,5,8,3,2,5,3,1,4,4
2,4,3,4,4,3,3,3,8,2,2,1,1,3,5,2,5,3,7,3,5,3,9,6,8,3,2,3,1,1,4,3,2,3,7,4,4,0,5,4,5,2,1,5,2,4,3,5,1,4,3,2,3,2,3,5,5,5,2,1,4,6,3,3,0,7,6,1,4,4,2,2,4,3,2,1,2,3,3,2,2,3,6,7,3,2,2,33,12,0,2,0,1,3,1,2,1,2,6,4,5,4,6,2,5,5,1,2,4,2,2,3,2,4,4,11,0,4,3,5,8,3,2,5,3,1,4,4
2,4,3,4,4,3,3,3,8,2,2,1,1,3,5,2,5,3,7,3,5,3,9,6,8,3,2,3,1,1,4,3,2,3,7,4,4,0,5,4,5,2,1,5,2,4,3,5,1,4,3,2,3,2,3,5,5,5,2,1,4,6,3,3,0,7,6,1,4,4,2,2,4,3,2,3,4,2,3,12,1,7,3,3,3,4,2,7,4,10,4,2,4,3,3,1,4,3,1,6,3,3,3,4,2,1,6,4,4,2,5,2,7,3,4,2,6,5,3,2,4,2,2,2,9,2,2,3
2,4,6,6,2,5,1,7,2,4,3,6,7,4,2,5,3,2,5,1,6,5,2,3,2,2,3,4,3,6,4,5,1,4,7,4,4,2,2,7,2,1,2,4,4,6,3,8,2,10,5,7,2,3,5,2,2,5,4,8,3,3,4,3,0,5,4,5,3,6,5,2,3,4,16,3,4,2,3,12,1,7,3,3,3,4,2,7,4,10,4,2,4,3,3,1,4,3,1,6,3,3,3,4,2,1,6,4,4,2,5,2,7,3,4,2,6,5,3,2,4,2,2,2,9,2,2,3
2,4,6,6,2,5,1,7,2,4,3,6,7,4,2,5,3,2,5,1,6,5,2,3,2,2,3,4,3,6,4,5,1,4,7,4,4,2,2,7,2,1,2,4,4,6,3,8,2,10,5,7,2,3,5,2,2,5,4,8,3,3,4,3,0,5,4,5,3,6,5,2,3,4,16,2,4,4,5,0,2,2,3,1,1,3,3,3,3,3,7,3,3,5,0,1,1,3,3,2,3,3,2,1,8,4,3,2,7,3,4,3,1,5,4,1,2,6,1,1,4,2,4,2,1,5,7,4
8,3,4,6,3,3,4,2,5,3,4,2,2,1,7,4,3,2,4,3,3,4,5,2,2,8,6,4,2,2,2,4,5,1,3,3,4,3,2,2,2,6,3,6,4,3,5,1,5,5,3,2,3,2,1,5,2,1,3,4,3,3,4,3,8,3,2,3,2,6,2,2,1,9,2,7,5,2,8,2,2,4,5,2,5,2,4,2,4,32,2,1,0,3,3,6,5,3,1,4,2,5,2,4,2,2,7,4,3,0,7,4,3,3,3,3,1,6,5,4,5,2,4,3,2,1,3,0
8,3,4,6,3,3,4,2,5,3,4,2,2,1,7,4,3,2,4,3,3,4,5,2,2,8,6,4,2,2,2,4,5,1,3,3,4,3,2,2,2,6,3,6,4,3,5,1,5,5,3,2,3,2,1,5,2,1,3,4,3,3,4,3,8,3,2,3,2,6,2,2,1,9,2,11,2,2,3,3,3,3,4,3,1,7,5,17,8,3,23,5,2,2,3,3,3,4,4,4,1,2,1,6,2,5,4,5,5,6,2,2,3,3,2,8,1,5,4,2,8,1,1,3,2,2,5,2
4,1,2,7,3,7,10,1,2,9,4,4,4,6,4,1,8,2,1,3,3,7,5,7,3,3,1,3,5,2,1,5,4,2,3,4,3,4,5,3,6,2,5,2,2,1,3,3,4,7,3,5,2,1,4,3,3,2,5,1,3,6,3,11,4,1,4,3,4,3,6,2,5,2,4,11,2,2,3,3,3,3,4,3,1,7,5,17,8,3,23,5,2,2,3,3,3,4,4,4,1,2,1,6,2,5,4,5,5,6,2,2,3,3,2,8,1,5,4,2,8,1,1,3,2,2,5,2
4,1,2,7,3,7,10,1,2,9,4,4,4,6,4,1,8,2,1,3,3,7,5,7,3,3,1,3,5,2,1,5,4,2,3,4,3,4,5,3,6,2,5,2,2,1,3,3,4,7,3,5,2,1,4,3,3,2,5,1,3,6,3,11,4,1,4,3,4,3,6,2,5,2,4,10,5,0,5,3,4,4,1,3,2,3,3,2,4,6,2,2,30,0,1,3,5,7,1,2,2,4,2,3,3,4,4,2,4,5,3,2,7,4,5,1,3,4,2,1,3,2,3,3,4,4,22,3
14,4,5,4,1,1,2,1,19,2,1,6,5,1,3,2,2,8,3,5,7,1,3,4,3,4,5,1,6,5,3,5,1,2,3,4,5,3,8,5,3,2,4,7,5,3,3,2,5,2,1,5,3,6,4,0,3,2,5,10,6,3,2,9,2,5,1,2,4,7,17,3,3,2,1,10,5,0,5,3,4,4,1,3,2,3,3,2,4,6,2,2,30,0,1,3,5,7,1,2,2,4,2,3,3,4,4,2,4,5,3,2,7,4,5,1,3,4,2,1,3,2,3,3,4,4,22,3
14,4,5,4,1,1,2,1,19,2,1,6,5,1,3,2,2,8,3,5,7,1,3,4,3,4,5,1,6,5,3,5,1,2,3,4,5,3,8,5,3,2,4,7,5,3,3,2,5,2,1,5,3,6,4,0,3,2,5,10,6,3,2,9,2,5,1,2,4,7,17,3,3,2,1,3,1,3,3,3,2,2,1,3,5,6,2,3,3,4,6,28,5,2,6,0,6,7,9,2,4,4,6,4,2,3,4,5,4,1,5,2,5,2,2,1,3,4,2,5,1,5,3,2,4,3,2,1
0,3,22,8,7,0,4,1,2,2,2,9,2,2,4,2,3,17,3,2,2,5,6,3,3,4,6,4,1,4,2,3,3,3,3,5,1,3,4,5,2,1,2,3,6,2,5,7,4,1,3,6,4,3,2,2,4,25,2,2,2,2,4,2,3,3,2,2,18,4,1,0,3,4,2,3,1,3,3,3,2,2,1,3,5,6,2,3,3,4,6,28,5,2,6,0,6,7,9,2,4,4,6,4,2,3,4,5,4,1,5,2,5,2,2,1,3,4,2,5,1,5,3,2,4,3,2,1
1,3,22,8,7,0,4,1,2,2,2,9,2,2,4,2,3,17,3,2,2,5,6,3,3,4,6,4,1,4,2,3,3,3,3,5,1,3,4,5,2,1,2,3,6,2,5,7,4,1,3,6,4,3,2,2,4,25,2,2,2,2,4,2,3,3,2,2,18,4,1,0,3,4,2,0,4,10,7,1,1,2,6,4,2,4,2,30,10,3,0,1,1,2,5,1,1,2,1,3,3,6,4,2,4,3,2,4,3,3,2,5,4,2,4,2,3,4,3,5,3,3,2,3,4,4,2,4
3,2,2,8,3,5,4,3,1,6,1,7,4,2,4,1,1,3,5,3,3,2,5,5,0,1,6,3,3,4,3,3,2,3,4,6,4,4,4,2,2,4,3,10,3,3,2,9,1,2,2,12,3,6,0,5,10,2,3,1,2,9,4,4,1,2,5,4,4,0,3,2,5,2,6,0,4,10,7,1,1,2,6,4,2,4,2,30,10,3,0,1,1,2,5,1,1,2,1,3,3,6,4,2,4,3,2,4,3,3,2,5,4,2,4,2,3,4,3,5,3,3,2,3,4,4,2,4
3,2,2,8,3,5,4,3,1,6,1,7,4,2,4,1,1,3,5,3,3,2,5,5,0,1,6,3,3,4,3,3,2,3,4,6,4,4,4,2,2,4,3,10,3,3,2,9,1,2,2,12,3,6,0,5,10,2,3,1,2,9,4,4,1,2,5,4,4,0,3,2,5,2,6,5,4,1,3,1,2,4,4,4,1,4,2,3,28,4,0,3,1,2,4,0,1,7,7,6,8,2,1,1,13,2,3,1,7,4,1,3,2,16,3,3,2,14,6,8,1,8,2,4,1,5,3,1
3,3,4,5,12,5,2,4,4,3,5,4,2,4,5,3,2,6,8,2,5,2,8,4,5,6,2,6,3,4,2,1,1,9,1,2,1,2,4,2,7,6,2,3,8,7,1,3,9,0,2,4,1,5,8,9,2,6,0,3,4,3,7,3,3,1,3,3,3,9,3,3,7,3,2,5,4,1,3,1,2,4,4,4,1,4,2,3,28,4,0,3,1,2,4,0,1,7,7,6,8,2,1,1,13,2,3,1,7,4,1,3,2,16,3,3,2,14,6,8,1,8,2,4,1,5,3,1
2,3,4,5,12,5,2,4,4,3,5,4,2,4,5,3,2,6,8,2,5,2,8,4,5,6,2,6,3,4,2,1,1,9,1,2,1,2,4,2,7,6,2,3,8,7,1,3,9,0,2,4,1,5,8,9,2,6,0,3,4,3,7,3,3,1,3,3,3,9,3,3,7,3,6,3,7,10,10,3,3,6,3,2,2,0,4,2,2,9,2,5,1,3,2,2,3,2,2,4,5,5,5,3,9,4,4,2,8,2,1,6,3,1,3,4,3,6,2,2,5,2,2,5,2,2,3,4
1,5,5,1,2,6,6,1,4,4,3,5,3,3,6,8,1,2,6,7,2,5,1,3,3,2,2,3,3,4,3,7,3,1,2,2,4,4,5,3,3,3,2,1,2,4,5,4,2,4,4,3,5,5,1,2,4,3,3,3,1,7,0,0,2,2,4,2,4,4,4,5,2,5,4,3,7,10,10,3,3,6,3,2,2,0,4,2,2,9,2,5,1,3,2,2,3,2,2,4,5,5,5,3,9,4,4,2,8,2,1,6,3,1,3,4,3,6,2,2,5,2,2,5,2,2,3,4
2,5,5,1,2,6,6,1,4,4,3,5,3,3,6,8,1,2,6,7,2,5,1,3,3,2,2,3,3,4,3,7,3,1,2,2,4,4,5,3,3,3,2,1,2,4,5,4,2,4,4,3,5,5,1,2,4,3,3,3,1,7,0,0,2,2,4,2,4,4,4,5,2,5,4,6,3,2,12,4,5,4,1,3,4,3,5,1,3,3,3,2,6,5,0,6,3,4,2,3,2,3,2,6,3,9,0,4,1,5,5,4,3,4,2,3,3,4,2,2,4,2,4,2,8,2,2,3
5,1,4,2,2,6,4,2,4,4,5,3,5,5,1,4,2,1,3,5,5,4,2,3,1,8,8,3,7,3,3,3,4,1,2,3,1,3,2,1,4,1,5,2,3,2,5,2,2,4,3,4,2,6,5,1,5,3,5,1,1,3,4,7,2,13,3,10,2,5,0,3,3,2,3,6,3,2,12,4,5,4,1,3,4,3,5,1,3,3,3,2,6,5,0,6,3,4,2,3,2,3,2,6,3,9,0,4,1,5,5,4,3,4,2,3,3,4,2,2,4,2,4,2,8,2,2,3
5,1,4,2,2,6,4,2,4,4,5,3,5,5,1,4,2,1,3,5,5,4,2,3,1,8,8,3,7,3,3,3,4,1,2,3,1,3,2,1,4,1,5,2,3,2,5,2,2,4,3,4,2,6,5,1,5,3,5,1,1,3,4,7,2,13,3,10,2,5,0,3,3,2,3,2,7,0,3,5,2,18,1,6,3,3,3,1,3,3,4,5,3,4,2,1,2,3,3,4,5,3,3,3,7,8,3,2,4,1,2,4,1,6,2,2,3,4,2,2,4,2,5,2,6,5,2,6
4,4,4,0,5,1,2,4,2,2,3,2,7,3,7,3,2,1,8,4,4,4,5,2,8,2,6,2,7,3,2,2,5,2,2,2,5,4,3,4,3,4,1,6,2,5,2,0,3,1,5,3,1,4,4,3,6,2,6,1,10,3,3,2,3,4,4,3,2,2,2,2,5,1,7,2,7,0,3,5,2,18,1,6,3,3,3,1,3,3,4,5,3,4,2,1,2,3,3,4,5,3,3,3,7,8,3,2,4,1,2,4,1,6,2,2,3,4,2,2,4,2,5,2,6,5,2,6
4,4,4,0,5,1,2,4,2,2,3,2,7,3,7,3,2,1,8,4,4,4,5,2,8,2,6,2,7,3,2,2,5,2,2,2,5,4,3,4,3,4,1,6,2,5,2,0,3,1,5,3,1,4,4,3,6,2,6,1,10,3,3,2,3,4,4,3,2,2,2,2,5,1,7,1,4,2,11,6,4,12,2,2,4,2,9,2,3,2,4,2,4,1,2,2,5,6,4,6,5,1,3,1,2,3,4,1,2,3,6,3,1,2,2,3,5,2,3,5,4,4,3,1,4,6,7,3
3,4,1,5,3,4,10,3,1,4,3,3,1,3,2,4,4,6,1,15,4,2,2,2,3,3,3,5,4,2,4,2,4,2,4,4,4,2,4,4,4,4,3,1,2,5,3,3,2,5,2,2,6,1,4,6,2,5,3,5,2,3,7,6,6,3,2,2,2,4,2,3,2,3,3,1,4,2,11,6,4,12,2,2,4,2,9,2,3,2,4,2,4,1,2,2,5,6,4,6,5,1,3,1,2,3,4,1,2,3,6,3,1,2,2,3,5,2,3,5,4,4,3,1,4,6,7,3
3,4,1,5,3,4,10,3,1,4,3,3,1,3,2,4,4,6,1,15,4,2,2,2,3,3,3,5,4,2,4,2,4,2,4,4,4,2,4,4,4,4,3,1,2,5,3,3,2,5,2,2,6,1,4,6,2,5,3,5,2,3,7,6,6,3,2,2,2,4,2,3,2,3,2,6,4,5,17,7,1,1,4,7,5,1,3,5,2,2,3,3,0,28,2,1,1,4,1,3,3,5,1,1,2,2,4,5,6,2,3,2,3,2,1,4,6,1,2,2,3,4,1,3,5,6,2,5
2,3,3,5,2,9,2,2,1,4,4,3,7,2,2,4,6,1,3,3,3,5,4,7,2,6,4,4,6,5,2,4,2,3,5,3,6,4,3,4,3,7,4,1,4,3,2,3,4,2,2,1,4,2,5,3,1,0,7,1,2,4,2,3,1,4,3,2,3,3,5,2,3,1,4,6,4,5,17,7,1,1,4,7,5,1,3,5,2,2,3,3,0,28,2,1,1,4,1,3,3,5,1,1,2,2,4,5,6,2,3,2,3,2,1,4,6,1,2,2,3,4,1,3,5,6,2,5
2,3,3,5,2,9,2,2,1,4,4,3,7,2,2,4,6,1,3,3,3,5,4,7,2,6,4,4,6,5,2,4,2,3,5,3,6,4,3,4,3,7,4,1,4,3,2,3,4,2,2,1,4,2,5,3,1,0,7,1,2,4,2,3,1,4,3,2,3,3,5,2,3,1,4,3,1,2,4,8,4,2,4,4,7,5,2,3,3,3,0,2,4,2,2,3,2,5,6,2,1,3,2,4,8,4,7,3,2,2,5,4,4,3,2,4,8,2,4,3,2,3,8,5,3,6,0,2
1,3,1,0,7,3,6,5,5,3,2,5,2,3,2,6,8,12,3,2,5,5,2,3,5,0,4,2,3,2,4,2,2,2,2,4,2,2,3,1,8,5,5,2,4,1,5,5,6,2,2,2,3,1,5,1,4,4,3,3,4,6,5,5,4,5,1,4,3,3,4,2,5,0,9,3,1,2,4,8,4,2,4,4,7,5,2,3,3,3,0,2,4,2,2,3,2,5,6,2,1,3,2,4,8,4,7,3,2,2,5,4,4,3,2,4,8,2,4,3,2,3,8,5,3,6,0,2
4,3,1,0,7,3,6,5,5,3,2,5,2,3,2,6,8,12,3,2,5,5,2,3,5,0,4,2,3,2,4,2,2,2,2,4,2,2,3,1,8,5,5,2,4,1,5,5,6,2,2,2,3,1,5,1,4,4,3,3,4,6,5,5,4,5,1,4,3,3,4,2,5,0,9,2,3,2,5,16,0,3,3,4,2,4,2,0,5,4,1,6,4,3,4,2,4,9,10,3,5,3,0,1,3,7,4,5,3,3,6,6,5,3,6,2,5,4,5,3,4,8,3,3,3,2,3,5
6,5,6,4,1,1,4,4,2,3,5,3,4,1,3,3,4,5,1,1,3,5,7,5,2,9,1,3,4,5,2,5,2,3,0,4,0,4,1,5,5,5,1,4,7,3,2,6,2,6,1,3,2,4,7,5,2,2,7,2,5,6,3,2,4,3,3,2,2,4,6,1,4,2,2,2,3,2,5,16,0,3,3,4,2,4,2,0,5,4,1,6,4,3,4,2,4,9,10,3,5,3,0,1,3,7,4,5,3,3,6,6,5,3,6,2,5,4,5,3,4,8,3,3,3,2,3,5
6,5,6,4,1,1,4,4,2,3,5,3,4,1,3,3,4,5,1,1,3,5,7,5,2,9,1,3,4,5,2,5,2,3,0,4,0,4,1,5,5,5,1,4,7,3,2,6,2,6,1,3,2,4,7,5,2,2,7,2,5,6,3,2,4,3,3,2,2,4,6,1,4,2,2,2,3,4,4,2,12,11,4,3,4,1,3,4,4,1,3,2,2,5,1,4,1,3,1,1,5,5,3,4,4,2,3,10,5,6,7,5,4,2,6,1,2,1,4,3,1,2,2,4,4,0,1,1
1,2,7,2,3,2,2,1,2,3,5,3,1,4,1,7,5,4,5,1,6,3,2,3,2,4,0,7,0,5,4,5,3,1,3,2,3,2,3,5,2,4,3,2,3,1,5,6,4,2,3,7,3,2,3,4,5,2,4,3,2,4,4,6,3,5,8,2,3,5,2,3,2,4,2,2,3,4,4,2,12,11,4,3,4,1,3,4,4,1,3,2,2,5,1,4,1,3,1,1,5,5,3,4,4,2,3,10,5,6,7,5,4,2,6,1,2,1,4,3,1,2,2,4,4,0,1,1
1,2,7,2,3,2,2,1,2,3,5,3,1,4,1,7,5,4,5,1,6,3,2,3,2,4,0,7,0,5,4,5,3,1,3,2,3,2,3,5,2,4,3,2,3,1,5,6,4,2,3,7,3,2,3,4,5,2,4,3,2,4,4,6,3,5,8,2,3,5,2,3,2,4,2,5,2,2,10,6,1,4,0,11,5,2,5,4,3,4,3,2,2,1,4,5,2,4,6,3,1,4,6,3,4,3,1,3,2,4,6,1,5,7,5,4,3,3,4,4,1,2,3,1,6,3,2,2
3,5,2,2,4,4,2,2,1,3,5,4,3,8,4,2,4,6,3,4,4,7,5,2,1,4,1,3,3,6,1,4,6,4,5,0,5,2,4,1,2,3,4,13,1,3,3,5,4,5,1,4,2,2,1,2,6,4,3,0,5,5,5,3,0,4,1,5,4,7,1,3,5,7,3,5,2,2,10,6,1,4,0,11,5,2,5,4,3,4,3,2,2,1,4,5,2,4,6,3,1,4,6,3,4,3,1,3,2,4,6,1,5,7,5,4,3,3,4,4,1,2,3,1,6,3,2,2
3,5,2,2,4,4,2,2,1,3,5,4,3,8,4,2,4,6,3,4,4,7,5,2,1,4,1,3,3,6,1,4,6,4,5,0,5,2,4,1,2,3,4,13,1,3,3,5,4,5,1,4,2,2,1,2,6,4,3,0,5,5,5,3,0,4,1,5,4,7,1,3,5,7,3,2,8,5,7,3,13,14,6,1,3,2,1,5,3,2,4,5,4,2,2,4,7,2,7,0,4,2,5,2,2,2,4,6,4,3,8,3,4,4,1,2,3,6,4,3,3,1,4,7,5,2,0,5
2,4,3,6,4,5,4,3,4,1,7,4,5,3,0,5,4,2,1,8,3,2,3,5,2,0,7,2,4,6,3,2,4,6,3,2,6,2,1,2,2,2,3,3,5,3,4,5,2,7,2,2,2,1,4,3,2,7,5,4,3,4,3,2,7,4,3,3,2,3,3,3,1,3,3,2,8,5,7,3,13,14,6,1,3,2,1,5,3,2,4,5,4,2,2,4,7,2,7,0,4,2,5,2,2,2,4,6,4,3,8,3,4,4,1,2,3,6,4,3,3,1,4,7,5,2,0,5
2,4,3,6,4,5,4,3,4,1,7,4,5,3,0,5,4,2,1,8,3,2,3,5,2,0,7,2,4,6,3,2,4,6,3,2,6,2,1,2,2,2,3,3,5,3,4,5,2,7,2,2,2,1,4,3,2,7,5,4,3,4,3,2,7,4,3,3,2,3,3,3,1,3,3,2,5,7,6,5,6,7,23,1,6,13,2,2,4,1,3,4,5,6,0,5,1,2,2,2,2,5,7,2,3,5,6,4,2,4,2,3,5,3,3,3,1,3,1,0,3,3,6,6,2,1,2,3
4,1,4,2,6,1,3,3,3,2,3,8,5,1,8,0,2,9,4,5,4,3,2,5,7,9,4,6,5,3,4,3,3,4,1,5,1,3,3,4,5,2,2,3,6,3,2,5,3,3,2,5,4,2,2,2,7,4,2,2,2,5,3,6,4,0,3,3,5,5,7,2,3,1,2,2,5,7,6,5,6,7,23,1,6,13,2,2,4,1,3,4,5,6,0,5,1,2,2,2,2,5,7,2,3,5,6,4,2,4,2,3,5,3,3,3,1,3,1,0,3,3,6,6,2,1,2,3
4,1,4,2,6,1,3,3,3,2,3,8,5,1,8,0,2,9,4,5,4,3,2,5,7,9,4,6,5,3,4,3,3,4,1,5,1,3,3,4,5,2,2,3,6,3,2,5,3,3,2,5,4,2,2,2,7,4,2,2,2,5,3,6,4,0,3,3,5,5,7,2,3,1,2,6,2,6,1,20,1,2,2,5,4,1,2,2,3,2,6,3,5,1,3,3,5,1,3,3,2,8,3,3,5,8,3,2,3,4,4,2,4,3,5,4,4,7,1,9,3,4,4,1,3,2,2,2
5,3,4,6,4,6,2,2,3,3,1,4,4,3,3,3,1,4,2,1,3,7,3,7,2,1,2,4,4,2,3,3,2,3,2,6,4,2,1,4,3,1,3,2,2,5,2,5,3,10,11,2,6,2,5,2,2,5,3,3,2,3,3,3,3,3,1,3,0,4,2,4,3,4,7,6,2,6,1,20,1,2,2,5,4,1,2,2,3,2,6,3,5,1,3,3,5,1,3,3,2,8,3,3,5,8,3,2,3,4,4,2,4,3,5,4,4,7,1,9,3,4,4,1,3,2,2,2
5,3,4,6,4,6,2,2,3,3,1,4,4,3,3,3,1,4,2,1,3,7,3,7,2,1,2,4,4,2,3,3,2,3,2,6,4,2,1,4,3,1,3,2,2,5,2,5,3,10,11,2,6,2,5,2,2,5,3,3,2,3,3,3,3,3,1,3,0,4,2,4,3,4,7,2,5,3,6,3,3,3,3,1,6,1,5,1,3,18,2,9,0,2,1,3,1,3,1,2,3,2,2,5,2,4,3,1,5,1,7,2,7,4,6,3,9,1,4,4,1,6,1,4,4,4,4,2
1,3,3,3,6,6,1,5,7,4,4,4,2,6,5,2,3,4,1,5,2,5,2,2,3,10,3,2,5,2,2,4,7,3,4,4,0,3,8,4,3,2,4,3,2,2,5,7,2,3,1,3,1,5,2,7,2,4,3,4,3,3,5,0,3,2,6,6,2,5,1,4,4,3,2,2,5,3,6,3,3,3,3,1,6,1,5,1,3,18,2,9,0,2,1,3,1,3,1,2,3,2,2,5,2,4,3,1,5,1,7,2,7,4,6,3,9,1,4,4,1,6,1,4,4,4,4,2
1,3,3,3,6,6,1,5,7,4,4,4,2,6,5,2,3,4,1,5,2,5,2,2,3,10,3,2,5,2,2,4,7,3,4,4,0,3,8,4,3,2,4,3,2,2,5,7,2,3,1,3,1,5,2,7,2,4,3,4,3,3,5,0,3,2,6,6,2,5,1,4,4,3,2,3,5,9,2,3,2,7,2,13,4,3,4,1,2,2,9,2,4,4,5,2,8,3,3,3,2,7,1,2,2,7,3,6,3,3,6,6,2,4,2,3,5,6,2,2,0,1,4,2,3,3,2,6
6,3,3,1,3,7,4,2,2,3,3,3,5,4,19,6,4,3,4,2,2,1,3,2,6,4,3,6,3,3,4,3,6,1,4,3,6,0,5,5,2,2,1,3,1,4,8,3,4,5,5,2,2,3,4,3,5,4,3,5,2,5,4,6,2,8,3,1,3,9,6,0,2,5,2,3,5,9,2,3,2,7,2,13,4,3,4,1,2,2,9,2,4,4,5,2,8,3,3,3,2,7,1,2,2,7,3,6,3,3,6,6,2,4,2,3,5,6,2,2,0,1,4,2,3,3,2,6
6,3,3,1,3,7,4,2,2,3,3,3,5,4,19,6,4,3,4,2,2,1,3,2,6,4,3,6,3,3,4,3,6,1,4,3,6,0,5,5,2,2,1,3,1,4,8,3,4,5,5,2,2,3,4,3,5,4,3,5,2,5,4,6,2,8,3,1,3,9,6,0,2,5,1,3,8,2,3,5,11,3,2,2,5,3,4,3,7,3,1,6,7,3,4,2,2,6,4,3,1,2,8,5,2,6,4,6,2,3,3,3,2,10,2,2,4,9,8,5,2,1,3,6,3,2,4,3
1,2,4,4,2,7,2,4,1,2,4,4,2,1,2,2,25,1,2,1,4,2,5,6,7,1,5,2,3,3,2,11,1,1,4,4,7,0,2,5,4,9,3,2,3,3,6,4,3,5,2,1,11,1,3,3,4,9,3,3,4,1,9,3,4,5,13,4,1,5,2,5,4,3,1,3,8,2,3,5,11,3,2,2,5,3,4,3,7,3,1,6,7,3,4,2,2,6,4,3,1,2,8,5,2,6,4,6,2,3,3,3,2,10,2,2,4,9,8,5,2,1,3,6,3,2,4,3
1,2,4,4,2,7,2,4,1,2,4,4,2,1,2,2,25,1,2,1,4,2,5,6,7,1,5,2,3,3,2,11,1,1,4,4,7,0,2,5,4,9,3,2,3,3,6,4,3,5,2,1,11,1,3,3,4,9,3,3,4,1,9,3,4,5,13,4,1,5,2,5,4,3,1,4,5,2,3,2,2,4,20,4,2,1,4,5,4,3,1,5,3,5,2,9,3,1,4,9,6,3,2,16,7,2,2,4,9,2,3,3,12,4,3,2,1,12,3,3,5,13,11,6,2,1,3,5
5,3,3,2,2,3,2,1,2,4,5,2,4,6,3,1,3,2,9,4,3,6,6,5,4,6,5,3,4,3,3,3,2,2,2,6,4,3,2,3,4,5,2,5,1,5,2,4,2,1,5,7,3,2,4,3,6,3,3,1,5,3,1,4,6,2,3,1,4,2,3,2,2,3,2,4,5,2,3,2,2,4,20,4,2,1,4,5,4,3,1,5,3,5,2,9,3,1,4,9,6,3,2,16,7,2,2,4,9,2,3,3,12,4,3,2,1,12,3,3,5,13,11,6,2,1,3,5
5,3,3,2,2,3,2,1,2,4,5,2,4,6,3,1,3,2,9,4,3,6,6,5,4,6,5,3,4,3,3,3,2,2,2,6,4,3,2,3,4,5,2,5,1,5,2,4,2,1,5,7,3,2,4,3,6,3,3,1,5,3,1,4,6,2,3,1,4,2,3,2,2,3,2,2,4,2,2,5,5,3,5,7,3,2,3,4,5,3,6,1,4,2,19,4,4,1,3,1,5,4,5,3,7,4,1,1,2,2,3,2,4,1,3,3,8,7,2,5,4,5,4,5,3,1,6,2
5,3,4,6,2,4,3,1,5,3,6,1,2,6,6,19,4,3,1,1,1,4,5,3,2,6,3,1,7,3,3,2,3,3,3,7,4,1,3,5,7,3,6,5,3,4,5,2,5,8,3,2,2,2,5,3,6,5,3,8,1,2,3,3,4,6,5,1,2,3,5,2,3,1,4,2,4,2,2,5,5,3,5,7,3,2,3,4,5,3,6,1,4,2,19,4,4,1,3,1,5,4,5,3,7,4,1,1,2,2,3,2,4,1,3,3,8,7,2,5,4,5,4,5,3,1,6,2
5,3,4,6,2,4,3,1,5,3,6,1,2,6,6,19,4,3,1,1,1,4,5,3,2,6,3,1,7,3,3,2,3,3,3,7,4,1,3,5,7,3,6,5,3,4,5,2,5,8,3,2,2,2,5,3,6,5,3,8,1,2,3,3,4,6,5,1,2,3,5,2,3,1,12,16,4,4,1,6,9,0,2,20,7,3,1,2,6,3,1,6,3,2,5,2,3,5,3,8,1,3,4,4,5,2,3,5,4,4,1,6,3,8,3,3,4,4,0,1,8,7,1,2,1,4,3,2
7,2,1,3,1,4,3,5,3,2,3,1,3,6,13,6,2,3,8,2,5,4,4,2,5,5,2,6,5,3,2,2,4,4,4,1,4,3,3,5,3,2,8,3,4,8,6,4,4,3,6,2,3,3,9,8,4,4,2,10,1,4,1,2,5,5,4,0,1,4,1,1,1,1,4,16,4,4,1,6,9,0,2,20,7,3,1,2,6,3,1,6,3,2,5,2,3,5,3,8,1,3,4,4,5,2,3,5,4,4,1,6,3,8,3,3,4,4,0,1,8,7,1,2,1,4,3,2
7,2,1,3,1,4,3,5,3,2,3,1,3,6,13,6,2,3,8,2,5,4,4,2,5,5,2,6,5,3,2,2,4,4,4,1,4,3,3,5,3,2,8,3,4,8,6,4,4,3,6,2,3,3,9,8,4,4,2,10,1,4,1,2,5,5,4,0,1,4,1,1,1,1,3,9,3,6,0,2,5,5,3,6,5,1,2,19,3,4,3,1,4,6,1,5,1,4,4,5,2,2,4,2,5,4,4,4,4,2,5,4,3,5,3,2,2,1,3,1,5,2,7,1,4,3,4,6
3,7,6,1,5,4,3,1,2,3,3,3,7,4,3,2,6,5,1,5,1,3,1,20,1,2,2,3,4,1,3,2,5,7,6,2,3,3,1,3,3,2,4,2,4,3,3,4,3,6,1,2,4,2,4,2,6,4,1,4,3,3,5,7,3,1,2,3,1,2,4,1,2,9,1,9,3,6,0,2,5,5,3,6,5,1,2,19,3,4,3,1,4,6,1,5,1,4,4,5,2,2,4,2,5,4,4,4,4,2,5,4,3,5,3,2,2,1,3,1,5,2,7,1,4,3,4,6
3,7,6,1,5,4,3,1,2,3,3,3,7,4,3,2,6,5,1,5,1,3,1,20,1,2,2,3,4,1,3,2,5,7,6,2,3,3,1,3,3,2,4,2,4,3,3,4,3,6,1,2,4,2,4,2,6,4,1,4,3,3,5,7,3,1,2,3,1,2,4,1,2,9,2,5,6,6,4,2,4,4,2,6,2,3,1,5,33,2,0,2,0,3,4,3,1,6,5,5,8,2,2,2,4,2,5,3,3,4,2,5,3,4,5,5,2,1,7,3,1,6,5,6,7,2,2,4
3,2,4,4,7,3,5,1,8,5,1,2,1,9,2,6,3,2,3,6,4,4,1,9,2,3,7,4,7,1,4,4,3,1,4,4,6,3,4,3,4,3,5,2,3,3,4,2,2,4,3,5,5,9,2,2,4,1,3,5,2,3,1,4,2,1,3,4,3,3,4,5,1,5,8,5,6,6,4,2,4,4,2,6,2,3,1,5,33,2,0,2,0,3,4,3,1,6,5,5,8,2,2,2,4,2,5,3,3,4,2,5,3,4,5,5,2,1,7,3,1,6,5,6,7,2,2,4
3,2,4,4,7,3,5,1,8,5,1,2,1,9,2,6,3,2,3,6,4,4,1,9,2,3,7,4,7,1,4,4,3,1,4,4,6,3,4,3,4,3,5,2,3,3,4,2,2,4,3,5,5,9,2,2,4,1,3,5,2,3,1,4,2,1,3,4,3,3,4,5,1,5,8,0,1,1,2,4,5,2,5,6,2,2,3,1,19,1,2,0,3,5,3,7,0,2,0,3,2,4,3,4,2,4,6,1,3,2,4,4,4,4,6,2,3,3,5,2,2,3,5,2,3,3,2,4
5,4,1,8,5,4,2,5,7,1,2,6,0,4,0,7,2,29,1,2,2,1,2,1,3,6,3,4,3,7,4,1,2,7,2,3,4,7,2,5,1,5,1,2,5,3,7,4,4,2,1,2,4,4,2,4,2,3,2,4,9,1,1,2,4,3,2,3,2,2,4,6,4,6,5,0,1,1,2,4,5,2,5,6,2,2,3,1,19,1,2,0,3,5,3,7,0,2,0,3,2,4,3,4,2,4,6,1,3,2,4,4,4,4,6,2,3,3,5,2,2,3,5,2,3,3,2,4
5,4,1,8,5,4,2,5,7,1,2,6,0,4,0,7,2,29,1,2,2,1,2,1,3,6,3,4,3,7,4,1,2,7,2,3,4,7,2,5,1,5,1,2,5,3,7,4,4,2,1,2,4,4,2,4,2,3,2,4,9,1,1,2,4,3,2,3,2,2,4,6,4,6,3,5,1,5,13,1,12,2,1,3,2,4,3,3,3,5,1,2,1,3,6,3,3,5,3,4,4,4,1,3,5,1,4,2,4,5,3,4,1,7,3,5,4,1,3,5,6,5,3,2,2,2,4,4
3,2,2,3,7,5,3,1,3,2,2,6,3,3,2,3,2,8,5,2,2,2,1,5,5,2,3,1,3,6,1,2,4,7,2,3,6,2,2,3,2,7,4,2,10,3,3,5,3,4,3,2,3,3,8,1,1,5,4,1,3,2,5,4,3,9,3,5,1,3,2,1,3,2,5,5,1,5,13,1,12,2,1,3,2,4,3,3,3,5,1,2,1,3,6,3,3,5,3,4,4,4,1,3,5,1,4,2,4,5,3,4,1,7,3,5,4,1,3,5,6,5,3,2,2,2,4,4
5,2,2,3,7,5,3,1,3,2,2,6,3,3,2,3,2,8,5,2,2,2,1,5,5,2,3,1,3,6,1,2,4,7,2,3,6,2,2,3,2,7,4,2,10,3,3,5,3,4,3,2,3,3,8,1,1,5,4,1,3,2,5,4,3,9,3,5,1,3,2,1,3,2,5,1,2,2,3,4,2,4,3,1,2,6,2,2,3,2,5,4,2,3,21,4,1,5,1,4,3,1,3,6,3,2,3,4,3,2,5,2,3,4,5,2,3,1,3,0,1,4,3,2,3,8,3,4
5,1,1,2,5,4,0,3,10,2,3,2,4,0,5,4,6,4,27,7,3,4,3,3,8,4,1,4,2,1,1,3,2,5,3,6,5,7,1,7,3,5,2,2,5,2,1,2,4,2,9,3,2,8,6,5,3,3,3,1,5,3,4,1,3,4,1,3,3,4,8,3,3,7,6,1,2,2,3,4,2,4,3,1,2,6,2,2,3,2,5,4,2,3,21,4,1,5,1,4,3,1,3,6,3,2,3,4,3,2,5,2,3,4,5,2,3,1,3,0,1,4,3,2,3,8,3,4
4,1,1,2,5,4,0,3,10,2,3,2,4,0,5,4,6,4,27,7,3,4,3,3,8,4,1,4,2,1,1,3,2,5,3,6,5,7,1,7,3,5,2,2,5,2,1,2,4,2,9,3,2,8,6,5,3,3,3,1,5,3,4,1,3,4,1,3,3,4,8,3,3,7,6,2,3,4,5,2,4,3,3,5,2,2,1,3,4,2,4,22,0,5,5,3,1,2,1,5,3,4,3,2,4,2,3,2,6,5,0,2,6,6,5,5,4,2,7,2,2,8,2,2,7,6,4,7
3,5,5,2,2,6,2,5,5,3,2,5,1,2,2,2,2,3,4,5,5,1,5,3,4,4,8,2,7,6,5,2,2,6,2,1,7,2,2,2,1,2,1,8,4,6,7,0,4,7,2,6,3,7,0,3,0,4,4,2,2,5,4,2,5,2,2,7,6,1,2,2,4,3,4,2,3,4,5,2,4,3,3,5,2,2,1,3,4,2,4,22,0,5,5,3,1,2,1,5,3,4,3,2,4,2,3,2,6,5,0,2,6,6,5,5,4,2,7,2,2,8,2,2,7,6,4,7
2,5,5,2,2,6,2,5,5,3,2,5,1,2,2,2,2,3,4,5,5,1,5,3,4,4,8,2,7,6,5,2,2,6,2,1,7,2,2,2,1,2,1,8,4,6,7,0,4,7,2,6,3,7,0,3,0,4,4,2,2,5,4,2,5,2,2,7,6,1,2,2,4,3,4,2,3,6,2,16,4,4,4,6,3,4,4,3,2,4,2,3,5,2,3,6,3,5,2,5,4,1,2,1,4,5,6,4,3,8,0,1,3,3,4,2,2,2,2,2,6,2,7,8,2,4,2,2
2,3,3,0,4,4,4,3,5,4,2,2,1,3,2,2,3,3,4,4,6,1,5,6,6,1,6,1,1,5,1,5,1,2,2,1,2,3,2,2,7,1,1,3,6,7,1,2,4,2,3,3,2,2,3,2,2,1,3,2,9,2,3,3,9,4,2,3,3,1,6,2,2,3,5,10,2,2,7,1,2,1,2,2,2,4,3,3,14,5,2,1,4,2,2,3,3,2,2,2,3,2,3,6,2,1,3,4,7,4,4,4,0,2,4,6,2,2,2,1,5,3,3,3,1,5,2,3
2,3,3,0,4,4,4,3,5,4,2,2,1,3,2,2,3,3,4,4,6,1,5,6,6,1,6,1,1,5,1,5,1,2,2,1,2,3,2,2,7,1,1,3,6,7,1,2,4,2,3,3,2,2,3,2,2,1,3,2,9,2,3,3,9,4,2,3,3,1,6,2,2,3,6,7,3,3,3,1,5,3,4,9,2,4,5,8,4,2,28,2,1,1,2,4,2,5,3,4,3,5,1,7,3,4,5,6,4,2,5,2,1,4,1,2,2,4,5,3,5,8,7,2,7,5,1,3
2,5,6,2,2,11,2,2,3,3,4,4,4,2,1,16,1,8,1,2,3,3,3,6,3,3,0,2,6,2,5,3,3,2,3,6,0,3,4,1,5,2,4,2,3,6,3,4,4,3,4,2,4,3,6,1,3,5,64,0,0,3,0,0,1,2,6,2,3,0,3,3,2,4,3,7,3,3,3,1,5,3,4,9,2,4,5,8,4,2,28,2,1,1,2,4,2,5,3,4,3,5,1,7,3,4,5,6,4,2,5,2,1,4,1,2,2,4,5,3,5,8,7,2,7,5,1,3
2,5,6,2,2,11,2,2,3,3,4,4,4,2,1,16,1,8,1,2,3,3,3,6,3,3,0,2,6,2,5,3,3,2,3,6,0,3,4,1,5,2,4,2,3,6,3,4,4,3,4,2,4,3,6,1,3,5,64,0,0,3,0,0,1,2,6,2,3,0,3,3,2,4,3,2,3,2,2,3,3,4,4,0,8,2,1,3,2,3,5,3,1,1,2,6,1,5,5,3,3,3,2,5,7,7,4,2,3,4,3,2,2,4,6,3,5,5,6,1,2,1,8,4,3,2,2,4
3,6,5,4,2,1,7,5,3,1,5,2,3,3,1,3,3,5,2,3,2,3,4,3,3,4,4,3,1,0,3,2,2,9,5,7,1,1,3,2,4,7,5,2,5,1,3,1,5,4,5,0,3,1,3,4,5,6,5,6,5,3,0,3,7,5,1,2,7,4,3,0,2,4,6,2,3,2,2,3,3,4,4,0,8,2,1,3,2,3,5,3,1,1,2,6,1,5,5,3,3,3,2,5,7,7,4,2,3,4,3,2,2,4,6,3,5,5,6,1,2,1,8,4,3,2,2,4
3,6,5,4,2,1,7,5,3,1,5,2,3,3,1,3,3,5,2,3,2,3,4,3,3,4,4,3,1,0,3,2,2,9,5,7,1,1,3,2,4,7,5,2,5,1,3,1,5,4,5,0,3,1,3,4,5,6,5,6,5,3,0,3,7,5,1,2,7,4,3,0,2,4,6,2,4,4,9,1,2,6,5,2,0,1,5,3,3,1,3,4,2,3,4,1,3,4,3,3,2,9,5,4,6,10,7,4,4,4,1,5,4,2,7,3,2,2,2,6,3,1,2,1,3,5,4,1
6,3,5,0,3,2,6,2,3,2,2,2,5,4,4,4,2,2,4,4,5,7,2,1,2,3,6,3,5,5,2,3,3,6,1,5,5,2,2,0,4,1,1,3,2,3,4,2,2,10,2,4,1,4,9,4,4,1,2,7,3,3,2,3,2,5,2,4,3,5,2,4,2,5,3,2,4,4,9,1,2,6,5,2,0,1,5,3,3,1,3,4,2,3,4,1,3,4,3,3,2,9,5,4,6,10,7,4,4,4,1,5,4,2,7,3,2,2,2,6,3,1,2,1,3,5,4,1
6,3,5,0,3,2,6,2,3,2,2,2,5,4,4,4,2,2,4,4,5,7,2,1,2,3,6,3,5,5,2,3,3,6,1,5,5,2,2,0,4,1,1,3,2,3,4,2,2,10,2,4,1,4,9,4,4,1,2,7,3,3,2,3,2,5,2,4,3,5,2,4,2,5,3,4,5,4,3,2,2,0,3,2,5,5,3,6,3,5,4,5,2,2,2,0,2,7,2,6,8,5,1,1,2,2,8,5,2,5,3,2,1,7,2,2,2,10,1,2,3,5,5,2,2,4,3,6
6,1,3,3,9,4,4,1,7,2,6,2,4,6,7,5,1,5,3,3,3,4,4,1,2,4,4,2,1,7,1,7,5,3,6,4,3,2,2,4,2,5,2,2,3,1,1,4,5,5,2,6,1,4,4,2,2,1,7,3,2,2,4,3,2,7,4,2,3,5,3,2,5,4,0,4,5,4,3,2,2,0,3,2,5,5,3,6,3,5,4,5,2,2,2,0,2,7,2,6,8,5,1,1,2,2,8,5,2,5,3,2,1,7,2,2,2,10,1,2,3,5,5,2,2,4,3,6
6,1,3,3,9,4,4,1,7,2,6,2,4,6,7,5,1,5,3,3,3,4,4,1,2,4,4,2,1,7,1,7,5,3,6,4,3,2,2,4,2,5,2,2,3,1,1,4,5,5,2,6,1,4,4,2,2,1,7,3,2,2,4,3,2,7,4,2,3,5,3,2,5,4,1,4,2,1,1,4,3,2,2,3,1,2,5,4,2,4,2,3,2,1,2,9,5,1,1,5,2,3,2,2,5,2,4,2,3,4,3,4,2,3,2,4,4,1,5,8,2,2,1,6,3,7,4,3
5,4,3,2,6,2,4,5,2,3,2,3,3,2,3,2,9,4,2,1,2,2,3,1,5,7,2,3,4,7,4,4,5,1,5,3,1,4,5,2,3,1,2,10,3,2,2,5,9,2,5,6,3,1,0,2,1,2,6,2,2,2,6,1,2,3,3,2,1,5,5,6,5,3,4,4,2,1,1,4,3,2,2,3,1,2,5,4,2,4,2,3,2,1,2,9,5,1,1,5,2,3,2,2,5,2,4,2,3,4,3,4,2,3,2,4,4,1,5,8,2,2,1,6,3,7,4,3
5,4,3,2,6,2,4,5,2,3,2,3,3,2,3,2,9,4,2,1,2,2,3,1,5,7,2,3,4,7,4,4,5,1,5,3,1,4,5,2,3,1,2,10,3,2,2,5,9,2,5,6,3,1,0,2,1,2,6,2,2,2,6,1,2,3,3,2,1,5,5,6,5,3,4,3,12,2,2,2,5,3,7,16,5,6,4,9,3,4,2,0,7,2,3,5,2,1,3,2,5,4,5,1,6,2,4,4,4,4,6,2,3,4,2,0,2,5,7,1,5,3,2,3,3,2,3,4
3,2,3,3,3,8,2,1,1,2,3,3,5,2,3,3,5,1,4,4,6,2,3,3,4,3,2,6,4,2,4,7,4,3,2,2,6,4,5,3,2,2,4,3,8,6,1,4,2,2,6,1,5,5,5,1,7,1,6,6,1,2,3,2,4,0,3,2,3,4,3,2,1,3,3,3,12,2,2,2,5,3,7,16,5,6,4,9,3,4,2,0,7,2,3,5,2,1,3,2,5,4,5,1,6,2,4,4,4,4,6,2,3,4,2,0,2,5,7,1,5,3,2,3,3,2,3,4
3,2,3,3,3,8,2,1,1,2,3,3,5,2,3,3,5,1,4,4,6,2,3,3,4,3,2,6,4,2,4,7,4,3,2,2,6,4,5,3,2,2,4,3,8,6,1,4,2,2,6,1,5,5,5,1,7,1,6,6,1,2,3,2,4,0,3,2,3,4,3,2,1,3,3,4,3,3,4,3,3,5,3,5,3,2,2,3,3,7,26,2,5,1,1,3,1,2,3,4,4,3,8,4,6,9,2,5,3,1,1,4,7,5,5,4,3,5,2,1,7,4,1,2,5,0,3,5
0,2,4,4,4,5,4,1,3,2,3,5,2,3,3,1,2,4,3,3,7,6,5,3,2,1,7,3,3,1,2,8,2,6,6,3,3,5,2,4,5,2,5,4,2,5,3,5,3,2,3,3,3,3,0,5,2,1,1,5,1,3,3,6,4,1,6,4,2,7,2,8,1,5,3,4,3,3,4,3,3,5,3,5,3,2,2,3,3,7,26,2,5,1,1,3,1,2,3,4,4,3,8,4,6,9,2,5,3,1,1,4,7,5,5,4,3,5,2,1,7,4,1,2,5,0,3,5
4,2,4,4,4,5,4,1,3,2,3,5,2,3,3,1,2,4,3,3,7,6,5,3,2,1,7,3,3,1,2,8,2,6,6,3,3,5,2,4,5,2,5,4,2,5,3,5,3,2,3,3,3,3,0,5,2,1,1,5,1,3,3,6,4,1,6,4,2,7,2,8,1,5,3,2,2,3,11,2,3,22,1,1,3,3,4,4,2,7,2,2,2,3,9,3,2,2,2,2,6,4,4,2,6,3,2,3,3,3,7,3,2,6,5,3,3,2,5,2,3,1,5,1,1,3,7,5
4,2,3,5,5,5,4,3,2,4,4,1,3,2,4,5,4,5,6,3,3,2,2,3,2,2,4,5,3,5,4,2,4,3,3,1,2,1,1,6,2,3,3,5,2,5,3,3,2,2,0,4,6,5,4,5,4,1,2,3,6,5,4,1,6,2,1,2,5,4,4,2,2,2,1,2,2,3,11,2,3,22,1,1,3,3,4,4,2,7,2,2,2,3,9,3,2,2,2,2,6,4,4,2,6,3,2,3,3,3,7,3,2,6,5,3,3,2,5,2,3,1,5,1,1,3,7,5
4,2,3,5,5,5,4,3,2,4,4,1,3,2,4,5,4,5,6,3,3,2,2,3,2,2,4,5,3,5,4,2,4,3,3,1,2,1,1,6,2,3,3,5,2,5,3,3,2,2,0,4,6,5,4,5,4,1,2,3,6,5,4,1,6,2,1,2,5,4,4,2,2,2,1,3,2,2,2,9,4,3,3,4,2,5,3,7,38,41,0,5,2,0,6,0,1,2,5,4,4,0,3,1,2,3,3,2,5,4,2,1,4,5,3,9,6,4,5,3,1,3,6,4,2,2,4,2
7,5,3,1,4,3,5,1,0,2,4,17,2,3,4,8,4,4,2,1,2,4,4,3,3,3,5,3,5,5,5,3,1,3,6,2,2,2,1,4,6,3,7,5,4,2,3,6,6,1,3,3,3,5,3,4,4,1,5,0,4,3,6,4,4,4,4,2,3,3,4,6,3,3,3,3,2,2,2,9,4,3,3,4,2,5,3,7,38,41,0,5,2,0,6,0,1,2,5,4,4,0,3,1,2,3,3,2,5,4,2,1,4,5,3,9,6,4,5,3,1,3,6,4,2,2,4,2
7,5,3,1,4,3,5,1,0,2,4,17,2,3,4,8,4,4,2,1,2,4,4,3,3,3,5,3,5,5,5,3,1,3,6,2,2,2,1,4,6,3,7,5,4,2,3,6,6,1,3,3,3,5,3,4,4,1,5,0,4,3,6,4,4,4,4,2,3,3,4,6,3,3,3,3,4,3,3,2,1,6,4,4,4,2,4,15,3,5,1,4,3,9,1,8,2,0,3,5,4,0,9,5,4,4,3,4,4,4,2,2,5,5,3,3,5,8,2,8,8,2,8,3,5,1,5,2
3,3,3,9,4,3,2,2,3,7,4,3,2,4,6,1,1,2,2,3,3,5,2,3,7,4,3,3,1,5,3,3,2,2,5,6,4,4,2,4,3,3,1,3,5,7,1,1,1,5,2,6,3,6,5,5,3,7,2,3,5,5,4,2,2,4,4,1,1,5,3,4,6,4,6,3,4,3,3,2,1,6,4,4,4,2,4,15,3,5,1,4,3,9,1,8,2,0,3,5,4,0,9,5,4,4,3,4,4,4,2,2,5,5,3,3,5,8,2,8,8,2,8,3,5,1,5,2
3,3,3,9,4,3,2,2,3,7,4,3,2,4,6,1,1,2,2,3,3,5,2,3,7,4,3,3,1,5,3,3,2,2,5,6,4,4,2,4,3,3,1,3,5,7,1,1,1,5,2,6,3,6,5,5,3,7,2,3,5,5,4,2,2,4,4,1,1,5,3,4,6,4,6,1,8,3,2,1,3,3,4,4,1,1,4,2,36,2,3,4,1,1,2,1,4,5,2,6,1,3,2,3,2,6,5,5,4,5,0,0,5,2,7,2,3,5,2,3,5,6,1,3,3,2,1,1
3,1,3,5,4,2,5,3,3,6,1,2,6,4,3,2,4,2,3,3,4,4,5,5,1,1,4,9,2,4,1,4,2,7,6,2,4,3,3,6,1,6,5,3,6,3,4,5,1,1,3,1,4,4,1,4,3,5,2,4,4,3,1,2,3,4,5,4,4,4,1,1,7,2,2,1,8,3,2,1,3,3,4,4,1,1,4,2,36,2,3,4,1,1,2,1,4,5,2,6,1,3,2,3,2,6,5,5,4,5,0,0,5,2,7,2,3,5,2,3,5,6,1,3,3,2,1,1
3,1,3,5,4,2,5,3,3,6,1,2,6,4,3,2,4,2,3,3,4,4,5,5,1,1,4,9,2,4,1,4,2,7,6,2,4,3,3,6,1,6,5,3,6,3,4,5,1,1,3,1,4,4,1,4,3,5,2,4,4,3,1,2,3,4,5,4,4,4,1,1,7,2,2,4,8,2,4,3,2,6,1,3,2,11,3,2,1,4,7,1,3,2,2,3,3,2,3,7,5,7,7,4,2,1,3,3,2,5,7,4,2,3,2,4,3,10,2,2,1,4,4,4,3,4,3,2
4,2,3,2,1,1,3,3,1,5,2,4,2,1,5,3,5,4,1,2,3,4,4,3,2,2,4,2,1,1,7,2,4,2,5,7,5,3,5,3,5,1,4,2,3,3,7,1,7,3,2,3,3,4,1,5,2,1,5,2,6,2,0,5,3,2,3,5,3,3,2,2,2,5,3,4,8,2,4,3,2,6,1,3,2,11,3,2,1,4,7,1,3,2,2,3,3,2,3,7,5,7,7,4,2,1,3,3,2,5,7,4,2,3,2,4,3,10,2,2,1,4,4,4,3,4,3,2
4,2,3,2,1,1,3,3,1,5,2,4,2,1,5,3,5,4,1,2,3,4,4,3,2,2,4,2,1,1,7,2,4,2,5,7,5,3,5,3,5,1,4,2,3,3,7,1,7,3,2,3,3,4,1,5,2,1,5,2,6,2,0,5,3,2,3,5,3,3,2,2,2,5,3,3,5,3,3,4,2,2,1,3,5,2,4,16,3,3,1,6,8,2,4,4,3,4,1,3,4,1,2,3,4,3,2,2,4,5,4,5,7,0,4,6,1,4,6,2,3,2,1,6,0,4,4,4
2,1,4,7,1,5,4,1,9,6,3,4,2,5,1,4,6,7,6,4,6,2,4,4,1,3,3,3,2,2,2,3,4,5,3,3,6,7,4,5,4,4,5,3,3,5,3,3,2,2,0,7,4,6,1,0,1,2,3,3,3,3,4,2,3,6,4,3,2,2,5,5,3,2,4,3,5,3,3,4,2,2,1,3,5,2,4,16,3,3,1,6,8,2,4,4,3,4,1,3,4,1,2,3,4,3,2,2,4,5,4,5,7,0,4,6,1,4,6,2,3,2,1,6,0,4,4,4
1,1,4,7,1,5,4,1,9,6,3,4,2,5,1,4,6,7,6,4,6,2,4,4,1,3,3,3,2,2,2,3,4,5,3,3,6,7,4,5,4,4,5,3,3,5,3,3,2,2,0,7,4,6,1,0,1,2,3,3,3,3,4,2,3,6,4,3,2,2,5,5,3,2,4,5,2,3,2,3,2,4,2,2,3,2,12,4,7,0,2,11,1,5,1,1,5,2,2,6,1,3,4,10,3,3,6,2,2,3,2,4,2,3,6,4,2,2,3,7,1,2,2,5,1,3,1,2
2,3,4,4,1,3,6,3,2,1,3,7,3,4,1,5,4,4,5,4,2,2,3,4,6,1,4,2,3,3,4,1,4,2,1,2,3,1,3,5,4,5,5,1,4,2,1,5,5,1,1,7,7,5,1,6,3,3,4,7,3,8,4,2,4,5,1,2,3,8,2,3,5,2,1,5,2,3,2,3,2,4,2,2,3,2,12,4,7,0,2,11,1,5,1,1,5,2,2,6,1,3,4,10,3,3,6,2,2,3,2,4,2,3,6,4,2,2,3,7,1,2,2,5,1,3,1,2
2,3,4,4,1,3,6,3,2,1,3,7,3,4,1,5,4,4,5,4,2,2,3,4,6,1,4,2,3,3,4,1,4,2,1,2,3,1,3,5,4,5,5,1,4,2,1,5,5,1,1,7,7,5,1,6,3,3,4,7,3,8,4,2,4,5,1,2,3,8,2,3,5,2,1,2,4,2,5,3,2,4,2,3,1,3,22,3,3,2,1,0,6,3,1,3,2,2,3,2,2,4,2,6,3,2,6,2,6,3,3,2,0,4,4,1,3,4,2,2,4,3,5,8,4,5,3,1
1,5,6,5,1,4,2,3,3,2,7,4,5,5,4,3,2,3,5,34,1,2,1,3,4,5,6,5,1,3,6,5,3,2,2,2,1,4,6,4,4,8,6,7,4,7,2,3,3,5,5,3,1,2,2,4,2,3,4,5,2,3,0,3,3,3,4,7,2,2,3,1,6,4,3,2,4,2,5,3,2,4,2,3,1,3,22,3,3,2,1,0,6,3,1,3,2,2,3,2,2,4,2,6,3,2,6,2,6,3,3,2,0,4,4,1,3,4,2,2,4,3,5,8,4,5,3,1
1,5,6,5,1,4,2,3,3,2,7,4,5,5,4,3,2,3,5,34,1,2,1,3,4,5,6,5,1,3,6,5,3,2,2,2,1,4,6,4,4,8,6,7,4,7,2,3,3,5,5,3,1,2,2,4,2,3,4,5,2,3,0,3,3,3,4,7,2,2,3,1,6,4,3,4,5,1,7,6,4,2,4,1,5,5,28,1,3,2,6,3,1,5,4,3,5,4,4,2,1,4,3,4,1,1,2,3,1,3,3,4,5,4,4,2,3,1,3,5,5,4,3,2,5,4,3,1
2,1,3,3,4,5,4,3,4,1,4,5,3,3,5,7,2,1,3,3,2,3,2,4,4,2,9,1,3,2,1,4,1,3,3,1,5,2,5,4,4,2,4,2,3,4,9,4,4,2,3,2,5,1,2,4,4,4,1,2,1,3,3,3,1,2,5,1,1,1,3,2,8,6,4,4,5,1,7,6,4,2,4,1,5,5,28,1,3,2,6,3,1,5,4,3,5,4,4,2,1,4,3,4,1,1,2,3,1,3,3,4,5,4,4,2,3,1,3,5,5,4,3,2,5,4,3,1
2,1,3,3,4,5,4,3,4,1,4,5,3,3,5,7,2,1,3,3,2,3,2,4,4,2,9,1,3,2,1,4,1,3,3,1,5,2,5,4,4,2,4,2,3,4,9,4,4,2,3,2,5,1,2,4,4,4,1,2,1,3,3,3,1,2,5,1,1,1,3,2,8,6,4,5,8,8,1,3,8,0,3,3,5,1,10,2,4,1,3,3,2,6,1,2,5,2,7,1,5,4,4,5,2,5,6,5,4,4,4,4,5,6,1,3,2,4,2,3,2,2,8,4,4,2,2,6
3,5,3,4,4,2,2,1,3,6,6,2,1,3,6,4,3,1,5,3,4,1,2,4,5,3,5,3,5,4,3,4,3,3,2,4,3,1,4,2,1,1,2,1,6,4,2,5,1,3,5,5,5,1,1,6,4,2,4,4,2,5,4,1,4,3,3,2,7,6,3,5,1,3,3,5,8,8,1,3,8,0,3,3,5,1,10,2,4,1,3,3,2,6,1,2,5,2,7,1,5,4,4,5,2,5,6,5,4,4,4,4,5,6,1,3,2,4,2,3,2,2,8,4,4,2,2,6
3,5,3,4,4,2,2,1,3,6,6,2,1,3,6,4,3,1,5,3,4,1,2,4,5,3,5,3,5,4,3,4,3,3,2,4,3,1,4,2,1,1,2,1,6,4,2,5,1,3,5,5,5,1,1,6,4,2,4,4,2,5,4,1,4,3,3,2,7,6,3,5,1,3,3,2,10,3,3,3,2,1,6,3,1,4,4,5,3,1,31,17,3,2,1,3,3,1,3,3,3,4,3,5,2,1,8,2,4,6,5,3,5,5,1,2,3,3,4,1,6,3,3,3,2,10,4,2
2,4,4,2,1,2,2,1,5,1,2,5,17,2,4,4,13,7,2,2,3,4,2,1,6,6,3,1,9,6,5,2,2,2,3,3,8,5,1,1,8,4,6,7,7,2,9,2,5,1,6,6,3,8,4,2,6,2,2,2,3,3,6,2,9,2,4,5,3,8,7,2,5,3,1,2,10,3,3,3,2,1,6,3,1,4,4,5,3,1,31,17,3,2,1,3,3,1,3,3,3,4,3,5,2,1,8,2,4,6,5,3,5,5,1,2,3,3,4,1,6,3,3,3,2,10,4,2
4,4,4,2,1,2,2,1,5,1,2,5,17,2,4,4,13,7,2,2,3,4,2,1,6,6,3,1,9,6,5,2,2,2,3,3,8,5,1,1,8,4,6,7,7,2,9,2,5,1,6,6,3,8,4,2,6,2,2,2,3,3,6,2,9,2,4,5,3,8,7,2,5,3,1,4,3,3,32,0,4,4,4,5,3,0,8,3,33,28,2,0,0,2,1,4,3,4,6,4,6,1,3,5,0,6,5,5,1,3,6,6,3,6,7,2,2,5,3,3,3,3,6,4,3,9,4,1
4,4,5,2,3,3,6,2,7,5,2,2,3,7,2,6,3,2,2,4,4,3,5,2,2,3,5,5,7,2,2,3,2,4,3,6,4,6,1,1,1,3,4,5,3,1,3,10,7,7,5,3,1,4,4,3,3,5,2,5,4,4,3,2,4,6,6,5,3,5,5,5,2,5,0,4,3,3,32,0,4,4,4,5,3,0,8,3,33,28,2,0,0,2,1,4,3,4,6,4,6,1,3,5,0,6,5,5,1,3,6,6,3,6,7,2,2,5,3,3,3,3,6,4,3,9,4,1
2,4,5,2,3,3,6,2,7,5,2,2,3,7,2,6,3,2,2,4,4,3,5,2,2,3,5,5,7,2,2,3,2,4,3,6,4,6,1,1,1,3,4,5,3,1,3,10,7,7,5,3,1,4,4,3,3,5,2,5,4,4,3,2,4,6,6,5,3,5,5,5,2,5,0,4,3,3,5,3,5,4,3,3,4,5,2,2,4,6,4,3,4,5,24,1,1,6,8,0,5,4,2,5,3,2,4,6,2,2,6,1,3,2,1,3,2,2,4,4,3,4,4,0,4,3,4,4
3,5,6,6,5,4,1,4,2,4,3,5,6,2,5,2,2,2,2,6,2,5,8,4,2,4,1,5,6,1,4,4,3,4,4,3,4,4,2,4,2,9,6,1,2,3,5,4,6,2,3,4,3,3,7,1,6,3,2,4,5,2,3,2,10,3,4,2,6,4,4,1,3,5,1,4,3,3,5,3,5,4,3,3,4,5,2,2,4,6,4,3,4,5,24,1,1,6,8,0,5,4,2,5,3,2,4,6,2,2,6,1,3,2,1,3,2,2,4,4,3,4,4,0,4,3,4,4
3,5,6,6,5,4,1,4,2,4,3,5,6,2,5,2,2,2,2,6,2,5,8,4,2,4,1,5,6,1,4,4,3,4,4,3,4,4,2,4,2,9,6,1,2,3,5,4,6,2,3,4,3,3,7,1,6,3,2,4,5,2,3,2,10,3,4,2,6,4,4,1,3,5,1,5,2,0,2,2,2,3,4,2,3,1,3,2,6,1,5,8,1,3,1,2,4,6,3,1,6,2,8,2,4,6,1,1,0,5,3,4,3,5,4,1,3,2,1,7,6,6,2,9,3,2,5,1
4,5,1,2,1,4,3,3,4,6,2,4,5,4,1,5,3,4,3,5,2,3,2,3,1,4,2,5,8,1,4,2,1,1,2,2,2,2,4,2,3,5,1,4,1,2,1,5,3,3,4,2,3,4,6,11,4,9,0,8,3,4,5,6,2,1,3,12,3,5,4,1,3,0,1,5,2,0,2,2,2,3,4,2,3,1,3,2,6,1,5,8,1,3,1,2,4,6,3,1,6,2,8,2,4,6,1,1,0,5,3,4,3,5,4,1,3,2,1,7,6,6,2,9,3,2,5,1
4,5,1,2,1,4,3,3,4,6,2,4,5,4,1,5,3,4,3,5,2,3,2,3,1,4,2,5,8,1,4,2,1,1,2,2,2,2,4,2,3,5,1,4,1,2,1,5,3,3,4,2,3,4,6,11,4,9,0,8,3,4,5,6,2,1,3,12,3,5,4,1,3,0,1,0,3,3,5,2,4,4,5,4,1,2,3,5,4,29,18,0,0,1,3,5,2,7,2,5,6,4,3,4,1,1,4,1,3,2,4,4,6,5,2,5,8,3,4,4,3,5,2,2,2,2,2,3
2,8,4,2,2,4,2,1,4,8,1,5,5,5,0,5,3,5,4,2,2,2,2,4,4,2,2,3,5,3,2,6,6,3,6,4,4,4,3,7,6,8,7,3,3,5,3,3,4,2,3,3,5,2,2,6,4,6,3,6,4,8,3,2,4,2,4,4,4,1,3,8,5,7,4,0,3,3,5,2,4,4,5,4,1,2,3,5,4,29,18,0,0,1,3,5,2,7,2,5,6,4,3,4,1,1,4,1,3,2,4,4,6,5,2,5,8,3,4,4,3,5,2,2,2,2,2,3
2,8,4,2,2,4,2,1,4,8,1,5,5,5,0,5,3,5,4,2,2,2,2,4,4,2,2,3,5,3,2,6,6,3,6,4,4,4,3,7,6,8,7,3,3,5,3,3,4,2,3,3,5,2,2,6,4,6,3,6,4,8,3,2,4,2,4,4,4,1,3,8,5,7,4,2,0,3,2,1,3,7,3,4,1,2,5,3,2,5,3,4,4,1,3,4,4,5,4,3,8,2,3,3,2,2,3,3,3,3,1,4,4,4,3,3,3,3,2,5,2,1,2,4,3,2,5,7
2,4,1,1,3,2,4,3,3,4,0,5,8,3,8,0,4,1,3,4,3,8,1,3,7,3,6,1,4,3,6,0,4,2,3,3,5,2,5,3,5,2,6,4,4,6,3,2,2,3,5,3,2,2,4,2,3,5,4,2,6,2,7,4,3,21,1,3,3,2,0,0,4,5,4,2,0,3,2,1,3,7,3,4,1,2,5,3,2,5,3,4,4,1,3,4,4,5,4,3,8,2,3,3,2,2,3,3,3,3,1,4,4,4,3,3,3,3,2,5,2,1,2,4,3,2,5,7
2,4,1,1,3,2,4,3,3,4,0,5,8,3,8,0,4,1,3,4,3,8,1,3,7,3,6,1,4,3,6,0,4,2,3,3,5,2,5,3,5,2,6,4,4,6,3,2,2,3,5,3,2,2,4,2,3,5,4,2,6,2,7,4,3,21,1,3,3,2,0,0,4,5,2,2,4,3,2,4,5,2,3,2,5,5,13,7,2,4,27,6,4,2,1,6,0,1,2,3,2,3,2,3,3,6,4,3,3,4,3,5,2,2,3,1,4,2,5,2,2,3,5,6,5,4,1,21
3,3,5,0,3,6,6,2,3,8,2,3,3,2,3,3,4,6,4,6,3,2,1,6,2,2,4,2,3,5,3,4,2,2,3,5,2,1,5,3,4,4,5,2,3,5,1,2,2,3,5,2,2,3,3,1,2,3,2,7,0,3,8,1,2,3,2,3,3,8,2,3,2,5,3,2,4,3,2,4,5,2,3,2,5,5,13,7,2,4,27,6,4,2,1,6,0,1,2,3,2,3,2,3,3,6,4,3,3,4,3,5,2,2,3,1,4,2,5,2,2,3,5,6,5,4,1,21
3,3,5,0,3,6,6,2,3,8,2,3,3,2,3,3,4,6,4,6,3,2,1,6,2,2,4,2,3,5,3,4,2,2,3,5,2,1,5,3,4,4,5,2,3,5,1,2,2,3,5,2,2,3,3,1,2,3,2,7,0,3,8,1,2,3,2,3,3,8,2,3,2,5,3,6,4,4,8,2,4,4,5,5,3,1,3,39,28,5,0,1,1,2,5,0,3,2,5,6,3,2,4,3,7,1,2,1,3,4,6,3,4,2,2,2,4,4,1,2,5,0,1,4,4,2,2,5
6,1,2,1,1,1,0,7,2,3,4,3,1,5,2,1,3,8,2,2,6,7,7,1,4,2,3,5,1,4,7,0,3,5,5,2,3,6,4,4,4,1,2,1,6,6,5,8,0,3,3,3,7,3,3,3,3,3,5,2,2,1,2,4,4,2,1,3,6,2,3,2,3,1,5,6,4,4,8,2,4,4,5,5,3,1,3,39,28,5,0,1,1,2,5,0,3,2,5,6,3,2,4,3,7,1,2,1,3,4,6,3,4,2,2,2,4,4,1,2,5,0,1,4,4,2,2,5
6,1,2,1,1,1,0,7,2,3,4,3,1,5,2,1,3,8,2,2,6,7,7,1,4,2,3,5,1,4,7,0,3,5,5,2,3,6,4,4,4,1,2,1,6,6,5,8,0,3,3,3,7,3,3,3,3,3,5,2,2,1,2,4,4,2,1,3,6,2,3,2,3,1,5,3,6,1,3,3,1,2,4,2,8,6,2,2,28,17,0,1,3,3,1,5,5,4,1,4,3,3,1,2,3,6,2,9,0,3,1,3,3,3,3,9,5,7,7,4,0,2,4,5,4,5,3,4
5,7,3,5,7,5,3,1,3,3,2,2,2,4,6,1,1,3,4,3,3,4,2,3,2,1,1,3,4,2,4,3,3,5,3,2,4,3,2,4,2,4,3,3,5,3,5,3,4,6,5,4,4,1,3,4,2,4,3,1,2,5,3,4,4,5,3,2,1,3,4,4,2,3,3,3,6,1,3,3,1,2,4,2,8,6,2,2,28,17,0,1,3,3,1,5,5,4,1,4,3,3,1,2,3,6,2,9,0,3,1,3,3,3,3,9,5,7,7,4,0,2,4,5,4,5,3,4
5,7,3,5,7,5,3,1,3,3,2,2,2,4,6,1,1,3,4,3,3,4,2,3,2,1,1,3,4,2,4,3,3,5,3,2,4,3,2,4,2,4,3,3,5,3,5,3,4,6,5,4,4,1,3,4,2,4,3,1,2,5,3,4,4,5,3,2,1,3,4,4,2,3,3,4,6,2,2,3,6,3,5,5,6,2,6,5,4,38,15,1,4,2,1,6,1,7,4,2,2,7,8,3,2,5,3,3,3,3,1,3,2,8,3,2,3,4,1,8,5,3,1,2,7,2,11,1
1,4,6,2,2,3,3,4,2,2,4,4,7,4,10,3,2,3,5,2,3,0,5,3,1,1,3,4,1,1,6,3,3,2,2,5,3,3,4,5,5,2,6,7,4,4,4,5,2,2,5,4,5,4,5,0,2,1,10,4,3,8,4,4,1,4,2,5,3,2,6,5,5,2,6,4,6,2,2,3,6,3,5,5,6,2,6,5,4,38,15,1,4,2,1,6,1,7,4,2,2,7,8,3,2,5,3,3,3,3,1,3,2,8,3,2,3,4,1,8,5,3,1,2,7,2,11,1
1,4,6,2,2,3,3,4,2,2,4,4,7,4,10,3,2,3,5,2,3,0,5,3,1,1,3,4,1,1,6,3,3,2,2,5,3,3,4,5,5,2,6,7,4,4,4,5,2,2,5,4,5,4,5,0,2,1,10,4,3,8,4,4,1,4,2,5,3,2,6,5,5,2,6,2,2,3,3,2,7,4,1,4,6,4,6,2,3,25,4,2,1,3,3,2,2,3,4,2,2,5,2,1,4,4,5,5,2,4,4,4,1,5,7,5,4,3,2,5,3,3,7,1,5,2,10,5
3,2,3,2,5,1,2,2,2,2,6,6,4,6,1,1,1,6,4,3,3,4,4,3,2,3,2,2,4,4,4,5,2,9,2,4,3,5,5,2,5,5,9,3,3,3,3,2,2,5,4,4,4,6,4,9,7,1,4,2,6,2,4,4,3,6,4,1,2,3,6,2,8,2,4,2,2,3,3,2,7,4,1,4,6,4,6,2,3,25,4,2,1,3,3,2,2,3,4,2,2,5,2,1,4,4,5,5,2,4,4,4,1,5,7,5,4,3,2,5,3,3,7,1,5,2,10,5
3,2,3,2,5,1,2,2,2,2,6,6,4,6,1,1,1,6,4,3,3,4,4,3,2,3,2,2,4,4,4,5,2,9,2,4,3,5,5,2,5,5,9,3,3,3,3,2,2,5,4,4,4,6,4,9,7,1,4,2,6,2,4,4,3,6,4,1,2,3,6,2,8,2,4,8,2,2,2,4,7,3,3,1,2,2,4,3,27,6,4,2,2,3,2,6,5,1,2,5,2,3,2,1,10,5,5,3,1,4,5,4,4,1,6,3,2,0,10,2,1,3,5,2,4,2,2,2
6,3,4,4,5,3,4,8,4,1,0,6,2,4,2,4,2,2,5,6,5,4,1,3,4,1,5,4,3,3,1,3,3,5,7,2,2,4,3,9,5,5,1,0,5,2,4,5,2,3,4,1,1,6,3,5,3,5,3,9,4,2,3,6,4,2,3,3,1,2,2,2,3,3,4,8,2,2,2,4,7,3,3,1,2,2,4,3,27,6,4,2,2,3,2,6,5,1,2,5,2,3,2,1,10,5,5,3,1,4,5,4,4,1,6,3,2,0,10,2,1,3,5,2,4,2,2,2
6,3,4,4,5,3,4,8,4,1,0,6,2,4,2,4,2,2,5,6,5,4,1,3,4,1,5,4,3,3,1,3,3,5,7,2,2,4,3,9,5,5,1,0,5,2,4,5,2,3,4,1,1,6,3,5,3,5,3,9,4,2,3,6,4,2,3,3,1,2,2,2,3,3,4,5,8,3,5,5,3,5,2,2,1,0,3,3,1,4,30,4,1,4,1,4,1,3,6,5,4,2,2,5,3,7,2,1,3,4,5,4,2,2,5,6,3,1,2,3,7,2,4,3,4,2,4,5
3,2,5,4,3,3,5,4,9,3,9,4,4,2,4,2,2,1,3,3,5,4,3,1,7,2,2,2,6,2,3,3,4,2,2,5,4,6,2,6,2,7,2,7,3,3,3,1,4,4,4,2,5,4,3,7,1,5,3,2,6,0,5,4,1,3,3,0,1,2,4,1,3,4,2,4,2,10,2,4,3,1,1,1,4,11,0,4,0,4,3,1,12,3,3,5,4,4,2,2,1,5,3,6,1,4,4,3,6,1,2,5,7,3,10,1,3,2,2,4,2,1,10,3,1,2,3,6
3,2,5,4,3,3,5,4,9,3,9,4,4,2,4,2,2,1,3,3,5,4,3,1,7,2,2,2,6,2,3,3,4,2,2,5,4,6,2,6,2,7,2,7,3,3,3,1,4,4,4,2,5,4,3,7,1,5,3,2,6,0,5,4,1,3,3,0,1,2,4,1,3,4,3,4,2,5,4,1,4,2,3,1,4,3,4,3,7,5,2,7,4,1,22,5,1,0,4,1,4,1,4,5,5,5,2,2,0,3,3,7,6,2,5,5,7,3,4,2,2,3,3,8,1,8,6,3
6,5,2,6,4,4,1,1,1,1,5,2,3,2,6,3,6,5,3,3,3,2,3,4,6,6,5,2,5,3,2,5,4,3,0,8,4,6,3,0,2,2,3,6,5,1,0,5,2,4,3,3,3,4,2,6,1,4,2,4,3,2,1,2,4,2,3,6,4,4,2,7,2,4,2,4,2,5,4,1,4,2,3,1,4,3,4,3,7,5,2,7,4,1,22,5,1,0,4,1,4,1,4,5,5,5,2,2,0,3,3,7,6,2,5,5,7,3,4,2,2,3,3,8,1,8,6,3
6,5,2,6,4,4,1,1,1,1,5,2,3,2,6,3,6,5,3,3,3,2,3,4,6,6,5,2,5,3,2,5,4,3,0,8,4,6,3,0,2,2,3,6,5,1,0,5,2,4,3,3,3,4,2,6,1,4,2,4,3,2,1,2,4,2,3,6,4,4,2,7,2,4,2,0,1,6,14,4,4,5,3,2,4,4,6,1,9,1,2,6,1,6,4,4,0,2,6,12,4,4,4,1,2,3,5,4,2,4,2,8,4,5,7,3,2,2,4,4,2,4,1,6,4,3,6,2
2,2,2,3,3,5,5,4,1,2,7,2,8,1,1,4,3,3,2,30,1,5,3,1,2,6,1,3,4,4,4,3,6,4,3,4,4,4,2,3,3,7,5,2,2,4,3,5,4,2,2,2,3,4,2,2,3,3,7,3,6,2,2,2,2,3,4,7,3,7,2,4,2,4,2,0,1,6,14,4,4,5,3,2,4,4,6,1,9,1,2,6,1,6,4,4,0,2,6,12,4,4,4,1,2,3,5,4,2,4,2,8,4,5,7,3,2,2,4,4,2,4,1,6,4,3,6,2
4,2,2,3,3,5,5,4,1,2,7,2,8,1,1,4,3,3,2,30,1,5,3,1,2,6,1,3,4,4,4,3,6,4,3,4,4,4,2,3,3,7,5,2,2,4,3,5,4,2,2,2,3,4,2,2,3,3,7,3,6,2,2,2,2,3,4,7,3,7,2,4,2,4,2,3,5,5,2,1,1,2,0,4,6,1,3,4,4,2,7,5,3,20,1,1,3,8,2,6,6,1,3,3,1,1,5,0,6,2,4,5,5,0,8,2,1,2,1,6,6,4,5,0,4,1,2,2
4,1,3,2,4,2,3,3,1,1,3,4,5,1,1,7,2,7,1,3,3,1,1,4,5,5,6,4,4,3,0,4,7,5,4,6,1,6,3,3,3,2,2,1,1,5,3,3,1,3,9,1,6,2,4,4,5,1,7,1,2,3,6,4,4,6,1,2,2,5,5,2,7,5,2,3,5,5,2,1,1,2,0,4,6,1,3,4,4,2,7,5,3,20,1,1,3,8,2,6,6,1,3,3,1,1,5,0,6,2,4,5,5,0,8,2,1,2,1,6,6,4,5,0,4,1,2,2
3,1,3,2,4,2,3,3,1,1,3,4,5,1,1,7,2,7,1,3,3,1,1,4,5,5,6,4,4,3,0,4,7,5,4,6,1,6,3,3,3,2,2,1,1,5,3,3,1,3,9,1,6,2,4,4,5,1,7,1,2,3,6,4,4,6,1,2,2,5,5,2,7,5,2,4,5,3,3,2,1,5,3,5,6,4,4,4,4,6,1,6,2,6,2,1,4,8,1,6,4,3,7,2,3,1,7,4,2,3,8,5,3,3,3,12,2,3,3,2,3,2,5,4,3,2,4,5
1,1,4,10,3,2,6,4,5,4,1,5,2,4,4,3,5,4,7,2,3,7,4,7,2,1,3,4,0,4,1,5,4,2,4,2,4,2,3,6,7,2,4,1,4,6,3,2,6,2,2,3,4,2,6,3,3,2,1,4,1,4,9,1,3,3,2,3,4,2,4,4,1,4,3,4,5,3,3,2,1,5,3,5,6,4,4,4,4,6,1,6,2,6,2,1,4,8,1,6,4,3,7,2,3,1,7,4,2,3,8,5,3,3,3,12,2,3,3,2,3,2,5,4,3,2,4,5
1,1,4,10,3,2,6,4,5,4,1,5,2,4,4,3,5,4,7,2,3,7,4,7,2,1,3,4,0,4,1,5,4,2,4,2,4,2,3,6,7,2,4,1,4,6,3,2,6,2,2,3,4,2,6,3,3,2,1,4,1,4,9,1,3,3,2,3,4,2,4,4,1,4,3,7,4,6,5,3,17,7,4,2,5,2,0,3,3,3,3,3,2,3,4,3,2,4,7,2,7,7,1,3,4,5,5,5,4,5,3,3,3,3,3,4,8,3,3,2,2,3,2,5,10,6,7,1
5,2,4,6,1,7,4,0,4,5,5,1,5,2,4,3,2,5,1,4,3,2,10,4,4,3,2,5,3,1,3,4,2,5,4,0,5,4,1,4,2,5,3,4,2,2,7,3,4,2,3,4,2,3,6,2,6,4,5,1,2,2,4,7,2,2,8,4,7,2,3,3,5,0,5,7,4,6,5,3,17,7,4,2,5,2,0,3,3,3,3,3,2,3,4,3,2,4,7,2,7,7,1,3,4,5,5,5,4,5,3,3,3,3,3,4,8,3,3,2,2,3,2,5,10,6,7,1
5,2,4,6,1,7,4,0,4,5,5,1,5,2,4,3,2,5,1,4,3,2,10,4,4,3,2,5,3,1,3,4,2,5,4,0,5,4,1,4,2,5,3,4,2,2,7,3,4,2,3,4,2,3,6,2,6,4,5,1,2,2,4,7,2,2,8,4,7,2,3,3,5,0,5,8,6,2,2,3,2,2,2,3,4,3,5,2,5,2,5,5,6,2,25,1,1,2,8,2,2,3,5,4,2,2,1,4,1,6,4,2,4,2,2,4,4,7,5,3,7,6,1,3,4,2,2,2
2,2,2,1,4,4,3,4,3,5,2,4,7,6,2,2,4,4,4,2,5,1,0,3,5,4,3,1,5,3,1,3,3,3,4,1,7,4,3,2,4,2,4,4,3,4,5,5,2,6,4,1,1,6,4,2,2,5,3,2,5,3,5,3,1,1,3,8,4,4,4,2,1,5,1,8,6,2,2,3,2,2,2,3,4,3,5,2,5,2,5,5,6,2,25,1,1,2,8,2,2,3,5,4,2,2,1,4,1,6,4,2,4,2,2,4,4,7,5,3,7,6,1,3,4,2,2,2
2,2,2,1,4,4,3,4,3,5,2,4,7,6,2,2,4,4,4,2,5,1,0,3,5,4,3,1,5,3,1,3,3,3,4,1,7,4,3,2,4,2,4,4,3,4,5,5,2,6,4,1,1,6,4,2,2,5,3,2,5,3,5,3,1,1,3,8,4,4,4,2,1,5,1,2,11,8,2,5,2,8,27,1,2,0,3,2,1,4,3,2,4,4,6,4,4,9,3,1,4,5,4,3,2,2,1,2,6,1,3,2,3,3,3,3,2,3,1,7,5,3,2,2,1,6,2,2
4,3,4,2,5,4,3,4,6,5,5,8,5,1,5,3,4,2,4,5,2,3,4,4,1,4,3,3,9,3,7,1,1,3,5,1,6,8,3,0,2,3,5,4,9,3,2,2,2,6,3,5,1,5,2,2,3,4,2,5,4,7,2,6,7,3,2,3,3,1,5,2,2,6,2,2,11,8,2,5,2,8,27,1,2,0,3,2,1,4,3,2,4,4,6,4,4,9,3,1,4,5,4,3,2,2,1,2,6,1,3,2,3,3,3,3,2,3,1,7,5,3,2,2,1,6,2,2
4,3,4,2,5,4,3,4,6,5,5,8,5,1,5,3,4,2,4,5,2,3,4,4,1,4,3,3,9,3,7,1,1,3,5,1,6,8,3,0,2,3,5,4,9,3,2,2,2,6,3,5,1,5,2,2,3,4,2,5,4,7,2,6,7,3,2,3,3,1,5,2,2,6,2,2,2,4,11,9,3,4,1,4,5,2,4,5,6,3,3,6,3,9,5,3,4,2,3,7,7,4,0,4,0,3,3,3,6,2,6,3,0,2,4,5,2,4,2,4,1,2,7,3,6,2,2,2
1,2,5,2,1,1,5,2,3,2,2,3,1,3,4,2,4,2,1,5,2,6,5,4,2,2,8,4,3,3,8,2,4,5,2,4,3,2,3,4,5,1,2,4,2,3,6,7,2,1,2,9,2,5,3,3,2,6,2,1,2,5,1,2,4,3,4,2,6,4,2,2,3,3,4,2,2,4,11,9,3,4,1,4,5,2,4,5,6,3,3,6,3,9,5,3,4,2,3,7,7,4,0,4,0,3,3,3,6,2,6,3,0,2,4,5,2,4,2,4,1,2,7,3,6,2,2,2
1,2,5,2,1,1,5,2,3,2,2,3,1,3,4,2,4,2,1,5,2,6,5,4,2,2,8,4,3,3,8,2,4,5,2,4,3,2,3,4,5,1,2,4,2,3,6,7,2,1,2,9,2,5,3,3,2,6,2,1,2,5,1,2,4,3,4,2,6,4,2,2,3,3,4,2,2,4,0,3,3,2,7,1,4,3,4,7,4,3,1,3,5,2,2,19,4,4,3,5,2,3,3,6,9,3,1,2,5,4,2,3,7,3,4,1,1,3,6,3,2,4,5,3,5,3,3,3
5,3,2,2,2,4,7,2,3,3,3,3,5,2,3,2,6,3,4,2,6,2,2,4,3,3,2,1,2,2,1,4,6,3,3,5,2,3,1,6,4,4,2,3,2,2,1,4,5,3,2,7,2,3,2,1,3,5,3,3,5,7,4,2,3,5,4,2,3,4,5,7,1,3,1,2,2,4,0,3,3,2,7,1,4,3,4,7,4,3,1,3,5,2,2,19,4,4,3,5,2,3,3,6,9,3,1,2,5,4,2,3,7,3,4,1,1,3,6,3,2,4,5,3,5,3,3,3
5,3,2,2,2,4,7,2,3,3,3,3,5,2,3,2,6,3,4,2,6,2,2,4,3,3,2,1,2,2,1,4,6,3,3,5,2,3,1,6,4,4,2,3,2,2,1,4,5,3,2,7,2,3,2,1,3,5,3,3,5,7,4,2,3,5,4,2,3,4,5,7,1,3,1,4,1,2,2,7,15,1,6,3,7,3,3,2,2,2,6,6,2,4,1,5,2,6,2,5,3,4,3,3,6,4,6,2,2,3,4,3,4,2,1,2,3,3,4,5,4,3,8,5,1,4,3,5
0,5,1,4,3,7,5,6,7,2,3,2,1,4,2,3,4,3,2,4,7,3,3,3,1,3,2,3,3,3,4,3,3,3,5,1,4,5,2,1,5,1,4,3,6,1,2,1,2,4,2,1,3,2,1,6,6,7,4,3,4,7,4,4,4,4,3,4,2,5,2,4,2,3,2,4,1,2,2,7,15,1,6,3,7,3,3,2,2,2,6,6,2,4,1,5,2,6,2,5,3,4,3,3,6,4,6,2,2,3,4,3,4,2,1,2,3,3,4,5,4,3,8,5,1,4,3,5
0,5,1,4,3,7,5,6,7,2,3,2,1,4,2,3,4,3,2,4,7,3,3,3,1,3,2,3,3,3,4,3,3,3,5,1,4,5,2,1,5,1,4,3,6,1,2,1,2,4,2,1,3,2,1,6,6,7,4,3,4,7,4,4,4,4,3,4,2,5,2,4,2,3,2,1,1,3,5,5,2,3,3,2,1,5,8,3,7,2,3,3,2,5,6,3,4,5,2,7,1,2,3,4,3,3,3,2,2,4,1,5,4,3,4,1,2,4,6,6,9,2,8,4,0,4,2,3
2,6,2,4,8,3,1,4,6,1,2,4,4,6,5,2,2,3,3,1,2,2,1,7,2,2,2,2,2,3,2,4,3,3,1,4,3,4,3,2,1,1,3,2,3,3,3,2,5,4,5,1,3,4,3,4,3,2,4,3,1,3,8,2,2,2,5,4,2,4,3,10,3,2,1,1,1,3,5,5,2,3,3,2,1,5,8,3,7,2,3,3,2,5,6,3,4,5,2,7,1,2,3,4,3,3,3,2,2,4,1,5,4,3,4,1,2,4,6,6,9,2,8,4,0,4,2,3
2,6,2,4,8,3,1,4,6,1,2,4,4,6,5,2,2,3,3,1,2,2,1,7,2,2,2,2,2,3,2,4,3,3,1,4,3,4,3,2,1,1,3,2,3,3,3,2,5,4,5,1,3,4,3,4,3,2,4,3,1,3,8,2,2,2,5,4,2,4,3,10,3,2,1,2,4,2,7,3,2,3,8,20,3,5,0,3,3,6,3,3,3,2,3,0,2,7,3,3,2,3,8,6,3,5,4,8,7,2,3,3,6,5,4,1,1,6,3,4,1,6,5,2,5,3,1,2
5,6,1,5,2,3,5,5,1,4,4,9,4,3,7,6,5,4,2,2,3,3,1,3,2,2,4,4,2,2,5,8,4,3,9,3,1,8,4,2,2,4,6,4,6,1,2,4,4,3,3,5,3,4,4,4,5,5,2,3,2,3,7,4,6,1,8,3,3,1,2,1,8,2,3,2,4,2,7,3,2,3,8,20,3,5,0,3,3,6,3,3,3,2,3,0,2,7,3,3,2,3,8,6,3,5,4,8,7,2,3,3,6,5,4,1,1,6,3,4,1,6,5,2,5,3,1,2
5,6,1,5,2,3,5,5,1,4,4,9,4,3,7,6,5,4,2,2,3,3,1,3,2,2,4,4,2,2,5,8,4,3,9,3,1,8,4,2,2,4,6,4,6,1,2,4,4,3,3,5,3,4,4,4,5,5,2,3,2,3,7,4,6,1,8,3,3,1,2,1,8,2,3,4,2,1,9,5,5,2,4,2,4,6,1,5,3,3,3,3,3,6,2,1,1,3,2,3,2,2,1,4,2,3,3,3,3,4,2,3,3,4,2,0,2,6,3,6,2,2,2,5,5,1,3,3
1,1,4,3,2,2,2,3,4,2,8,4,2,2,5,4,2,5,3,4,2,6,4,1,5,4,1,3,5,5,4,2,2,4,2,5,3,1,4,4,8,4,3,3,0,5,1,3,4,8,10,4,3,2,4,9,5,9,3,3,3,3,6,5,3,6,5,3,8,0,0,3,5,5,5,4,2,1,9,5,5,2,4,2,4,6,1,5,3,3,3,3,3,6,2,1,1,3,2,3,2,2,1,4,2,3,3,3,3,4,2,3,3,4,2,0,2,6,3,6,2,2,2,5,5,1,3,3
1,1,4,3,2,2,2,3,4,2,8,4,2,2,5,4,2,5,3,4,2,6,4,1,5,4,1,3,5,5,4,2,2,4,2,5,3,1,4,4,8,4,3,3,0,5,1,3,4,8,10,4,3,2,4,9,5,9,3,3,3,3,6,5,3,6,5,3,8,0,0,3,5,5,5,5,6,1,5,3,11,6,2,1,1,4,2,4,5,7,1,4,2,5,8,4,3,0,6,5,2,3,2,4,5,4,7,2,1,3,2,2,6,2,4,2,1,6,2,3,6,1,3,1,4,11,3,3
2,4,4,1,2,1,6,3,3,4,2,7,3,1,2,3,3,3,5,4,5,2,4,3,6,4,3,5,3,1,4,3,4,1,3,3,6,4,4,3,3,4,6,2,1,4,2,4,4,3,4,5,2,5,1,6,3,3,1,4,4,5,4,2,5,1,2,3,7,2,3,1,3,4,5,5,6,1,5,3,11,6,2,1,1,4,2,4,5,7,1,4,2,5,8,4,3,0,6,5,2,3,2,4,5,4,7,2,1,3,2,2,6,2,4,2,1,6,2,3,6,1,3,1,4,11,3,3
2,4,4,1,2,1,6,3,3,4,2,7,3,1,2,3,3,3,5,4,5,2,4,3,6,4,3,5,3,1,4,3,4,1,3,3,6,4,4,3,3,4,6,2,1,4,2,4,4,3,4,5,2,5,1,6,3,3,1,4,4,5,4,2,5,1,2,3,7,2,3,1,3,4,5,5,4,2,5,2,3,3,2,2,1,4,9,2,4,33,0,1,3,4,1,2,1,1,5,6,3,3,3,6,4,4,4,1,3,2,0,2,2,1,2,5,3,1,4,0,2,4,6,3,2,2,7,7
6,1,2,4,5,7,1,4,3,2,2,3,3,4,3,3,3,3,1,3,5,5,2,1,3,1,4,4,4,2,1,2,3,3,4,5,5,3,6,5,2,4,1,3,4,3,3,2,2,7,4,5,7,4,4,3,3,3,6,6,5,3,3,10,6,2,2,5,1,3,2,2,3,2,5,5,4,2,5,2,3,3,2,2,1,4,9,2,4,33,0,1,3,4,1,2,1,1,5,6,3,3,3,6,4,4,4,1,3,2,0,2,2,1,2,5,3,1,4,0,2,4,6,3,2,2,7,7
6,1,2,4,5,7,1,4,3,2,2,3,3,4,3,3,3,3,1,3,5,5,2,1,3,1,4,4,4,2,1,2,3,3,4,5,5,3,6,5,2,4,1,3,4,3,3,2,2,7,4,5,7,4,4,3,3,3,6,6,5,3,3,10,6,2,2,5,1,3,2,2,3,2,5,2,2,1,3,5,2,3,3,4,5,2,35,16,0,1,7,2,0,1,1,2,3,1,2,4,3,3,5,3,4,2,5,3,3,4,3,5,6,1,5,5,5,3,3,2,2,3,7,4,2,2,3,2
8,5,4,6,7,4,3,5,6,3,1,6,2,1,4,6,3,2,7,6,4,6,4,5,2,3,2,2,6,3,5,2,3,5,3,4,4,8,2,1,2,3,2,3,5,3,3,2,9,4,2,4,1,3,1,6,2,3,6,2,2,4,3,2,3,1,1,3,6,4,2,4,1,3,6,2,2,1,3,5,2,3,3,4,5,2,35,16,0,1,7,2,0,1,1,2,3,1,2,4,3,3,5,3,4,2,5,3,3,4,3,5,6,1,5,5,5,3,3,2,2,3,7,4,2,2,3,2
8,5,4,6,7,4,3,5,6,3,1,6,2,1,4,6,3,2,7,6,4,6,4,5,2,3,2,2,6,3,5,2,3,5,3,4,4,8,2,1,2,3,2,3,5,3,3,2,9,4,2,4,1,3,1,6,2,3,6,2,2,4,3,2,3,1,1,3,6,4,2,4,1,3,6,4,2,0,3,2,2,2,2,4,6,4,19,2,4,3,1,4,2,3,3,3,6,2,5,3,4,6,5,5,3,1,2,3,2,2,4,2,4,5,3,1,5,4,3,3,6,4,1,2,4,2,3,6
2,3,5,3,3,5,5,3,5,2,4,0,2,3,7,4,3,2,2,6,5,1,5,6,3,6,2,4,6,3,4,4,1,5,4,2,2,4,2,3,7,2,6,2,2,11,1,7,3,1,3,1,3,4,3,5,4,1,2,2,5,0,4,3,9,3,6,3,3,1,3,3,5,5,2,4,2,0,3,2,2,2,2,4,6,4,19,2,4,3,1,4,2,3,3,3,6,2,5,3,4,6,5,5,3,1,2,3,2,2,4,2,4,5,3,1,5,4,3,3,6,4,1,2,4,2,3,6
2,3,5,3,3,5,5,3,5,2,4,0,2,3,7,4,3,2,2,6,5,1,5,6,3,6,2,4,6,3,4,4,1,5,4,2,2,4,2,3,7,2,6,2,2,11,1,7,3,1,3,1,3,4,3,5,4,1,2,2,5,0,4,3,9,3,6,3,3,1,3,3,5,5,2,4,4,4,3,2,3,4,2,2,3,1,43,29,1,1,6,4,1,4,6,3,7,5,1,2,3,8,1,3,4,3,4,3,3,5,4,6,2,3,6,4,2,4,5,3,1,3,2,5,5,7,5,2
6,4,5,2,8,3,2,4,4,2,3,1,3,5,4,2,8,2,12,4,1,1,5,5,6,1,4,4,6,1,3,3,3,11,9,4,2,3,4,3,3,1,3,6,5,4,3,2,4,8,3,5,3,3,2,1,4,3,4,5,5,4,3,8,4,3,1,2,1,1,3,6,1,6,2,4,4,4,3,2,3,4,2,2,3,1,43,29,1,1,6,4,1,4,6,3,7,5,1,2,3,8,1,3,4,3,4,3,3,5,4,6,2,3,6,4,2,4,5,3,1,3,2,5,5,7,5,2
6,4,5,2,8,3,2,4,4,2,3,1,3,5,4,2,8,2,12,4,1,1,5,5,6,1,4,4,6,1,3,3,3,11,9,4,2,3,4,3,3,1,3,6,5,4,3,2,4,8,3,5,3,3,2,1,4,3,4,5,5,4,3,8,4,3,1,2,1,1,3,6,1,6,1,3,5,4,3,2,4,2,3,7,7,4,27,18,9,1,3,3,3,4,4,0,1,1,4,4,0,3,1,2,2,4,5,1,1,8,1,5,6,4,2,3,3,7,2,4,2,6,6,2,6,5,3,1
2,3,3,4,1,5,5,3,1,5,1,3,3,2,4,4,2,3,3,3,1,5,2,2,4,4,5,1,2,3,2,2,1,3,6,7,2,3,4,9,2,1,3,1,3,1,1,2,5,3,1,2,5,6,0,3,1,4,2,8,5,8,1,2,5,5,1,2,1,1,4,6,2,4,4,3,5,4,3,2,4,2,3,7,7,4,27,18,9,1,3,3,3,4,4,0,1,1,4,4,0,3,1,2,2,4,5,1,1,8,1,5,6,4,2,3,3,7,2,4,2,6,6,2,6,5,3,1
2,3,3,4,1,5,5,3,1,5,1,3,3,2,4,4,2,3,3,3,1,5,2,2,4,4,5,1,2,3,2,2,1,3,6,7,2,3,4,9,2,1,3,1,3,1,1,2,5,3,1,2,5,6,0,3,1,4,2,8,5,8,1,2,5,5,1,2,1,1,4,6,2,4,4,5,4,5,4,1,6,4,4,3,3,0,1,23,2,2,3,2,2,2,3,9,3,0,2,8,2,1,3,3,4,6,3,2,3,3,4,4,1,1,1,4,2,4,2,5,4,5,5,2,4,2,2,1
2,7,3,3,4,1,4,3,6,2,3,1,4,5,2,4,4,3,2,6,5,5,5,2,4,2,4,2,4,1,3,2,6,4,1,4,3,3,4,2,2,5,3,4,3,3,2,4,4,3,1,2,3,3,3,1,3,3,4,6,2,2,1,3,3,5,1,4,3,3,5,3,2,2,5,5,4,5,4,1,6,4,4,3,3,0,1,23,2,2,3,2,2,2,3,9,3,0,2,8,2,1,3,3,4,6,3,2,3,3,4,4,1,1,1,4,2,4,2,5,4,5,5,2,4,2,2,1
3,7,3,3,4,1,4,3,6,2,3,1,4,5,2,4,4,3,2,6,5,5,5,2,4,2,4,2,4,1,3,2,6,4,1,4,3,3,4,2,2,5,3,4,3,3,2,4,4,3,1,2,3,3,3,1,3,3,4,6,2,2,1,3,3,5,1,4,3,3,5,3,2,2,5,1,1,3,3,3,6,4,3,3,6,5,3,4,1,4,2,3,1,5,2,7,6,4,3,2,4,2,2,6,4,3,2,2,8,5,5,4,6,3,4,2,3,4,8,3,2,3,2,6,3,3,3,2
6,0,5,4,1,4,4,3,4,1,4,2,2,1,4,2,4,7,6,3,2,4,3,3,2,3,2,5,4,4,4,6,1,1,5,7,7,3,2,9,4,4,2,2,3,3,4,2,1,7,3,8,7,2,3,1,3,3,6,3,5,1,4,3,6,5,3,5,1,3,3,5,8,3,3,1,1,3,3,3,6,4,3,3,6,5,3,4,1,4,2,3,1,5,2,7,6,4,3,2,4,2,2,6,4,3,2,2,8,5,5,4,6,3,4,2,3,4,8,3,2,3,2,6,3,3,3,2
6,0,5,4,1,4,4,3,4,1,4,2,2,1,4,2,4,7,6,3,2,4,3,3,2,3,2,5,4,4,4,6,1,1,5,7,7,3,2,9,4,4,2,2,3,3,4,2,1,7,3,8,7,2,3,1,3,3,6,3,5,1,4,3,6,5,3,5,1,3,3,5,8,3,3,2,0,6,3,3,2,5,1,2,4,4,2,3,3,21,11,2,3,0,5,3,3,3,3,2,2,5,1,1,3,2,5,2,2,2,5,4,2,4,4,2,4,5,4,5,4,6,1,2,3,3,2,2
2,2,2,3,5,4,2,1,2,4,10,6,6,9,2,4,3,3,3,3,3,4,5,3,4,2,3,4,2,1,9,3,4,4,6,6,3,2,2,2,4,1,3,6,7,4,6,2,3,4,6,3,3,2,3,2,4,4,4,2,1,2,1,1,7,2,4,1,4,1,4,6,3,5,2,2,0,6,3,3,2,5,1,2,4,4,2,3,3,21,11,2,3,0,5,3,3,3,3,2,2,5,1,1,3,2,5,2,2,2,5,4,2,4,4,2,4,5,4,5,4,6,1,2,3,3,2,2
2,2,2,3,5,4,2,1,2,4,10,6,6,9,2,4,3,3,3,3,3,4,5,3,4,2,3,4,2,1,9,3,4,4,6,6,3,2,2,2,4,1,3,6,7,4,6,2,3,4,6,3,3,2,3,2,4,4,4,2,1,2,1,1,7,2,4,1,4,1,4,6,3,5,2,6,3,3,2,3,7,6,3,3,2,7,3,12,3,3,4,4,19,1,7,4,3,6,4,3,2,4,4,1,1,2,5,3,4,5,5,2,6,3,2,3,4,4,2,5,5,4,5,6,1,2,2,12
5,3,3,2,3,3,1,3,5,4,3,2,1,3,1,4,1,2,6,2,4,1,6,2,2,4,3,1,2,1,2,4,1,3,4,4,6,5,1,4,6,3,3,5,3,1,3,4,3,3,4,4,1,4,5,2,2,4,8,3,4,2,5,5,2,8,2,4,3,6,7,5,5,3,3,6,3,3,2,3,7,6,3,3,2,7,3,12,3,3,4,4,19,1,7,4,3,6,4,3,2,4,4,1,1,2,5,3,4,5,5,2,6,3,2,3,4,4,2,5,5,4,5,6,1,2,2,12
5,3,3,2,3,3,1,3,5,4,3,2,1,3,1,4,1,2,6,2,4,1,6,2,2,4,3,1,2,1,2,4,1,3,4,4,6,5,1,4,6,3,3,5,3,1,3,4,3,3,4,4,1,4,5,2,2,4,8,3,4,2,5,5,2,8,2,4,3,6,7,5,5,3,3,1,2,2,2,6,2,3,4,7,1,3,2,2,6,2,10,6,20,2,4,4,4,3,4,2,5,2,3,2,4,5,3,3,3,4,1,4,3,1,1,4,6,2,3,3,4,4,2,3,9,4,1,6
1,2,3,4,5,4,2,3,6,5,5,2,2,2,5,2,4,3,3,6,3,8,2,4,1,2,5,8,4,3,2,4,4,8,3,5,2,1,1,2,1,8,2,1,3,2,2,6,1,2,1,5,3,4,2,5,2,4,8,3,1,6,7,5,3,2,4,2,9,5,2,2,4,6,3,1,2,2,2,6,2,3,4,7,1,3,2,2,6,2,10,6,20,2,4,4,4,3,4,2,5,2,3,2,4,5,3,3,3,4,1,4,3,1,1,4,6,2,3,3,4,4,2,3,9,4,1,6
1,2,3,4,5,4,2,3,6,5,5,2,2,2,5,2,4,3,3,6,3,8,2,4,1,2,5,8,4,3,2,4,4,8,3,5,2,1,1,2,1,8,2,1,3,2,2,6,1,2,1,5,3,4,2,5,2,4,8,3,1,6,7,5,3,2,4,2,9,5,2,2,4,6,3,2,2,4,10,3,8,5,1,2,2,5,3,2,25,3,5,3,4,4,8,1,2,3,5,5,4,2,4,3,4,2,4,2,2,3,2,2,4,1,3,2,5,6,5,5,4,3,2,8,2,2,2,1
3,7,3,5,2,2,5,4,4,2,2,1,3,2,3,7,6,4,1,2,1,2,5,3,5,4,7,0,5,5,3,4,3,2,2,4,2,4,3,3,4,2,4,7,5,3,4,6,3,4,3,4,3,2,4,0,2,4,5,4,2,3,6,6,1,5,1,3,3,9,9,5,4,1,3,2,2,4,10,3,8,5,1,2,2,5,3,2,25,3,5,3,4,4,8,1,2,3,5,5,4,2,4,3,4,2,4,2,2,3,2,2,4,1,3,2,5,6,5,5,4,3,2,8,2,2,2,1
3,7,3,5,2,2,5,4,4,2,2,1,3,2,3,7,6,4,1,2,1,2,5,3,5,4,7,0,5,5,3,4,3,2,2,4,2,4,3,3,4,2,4,7,5,3,4,6,3,4,3,4,3,2,4,0,2,4,5,4,2,3,6,6,1,5,1,3,3,9,9,5,4,1,3,6,3,3,1,5,1,5,3,4,2,2,1,32,0,0,2,3,4,7,2,4,1,5,5,4,1,4,3,2,4,5,3,6,2,5,7,6,4,2,2,8,2,7,2,1,3,1,5,1,2,4,6,4
2,5,1,4,1,4,5,2,5,2,2,3,5,4,4,4,4,1,3,6,6,4,10,1,3,2,2,3,3,3,6,5,4,2,6,4,3,5,7,3,1,3,1,3,6,5,4,10,3,5,3,5,4,6,3,1,2,2,1,2,3,2,2,3,3,6,1,1,7,3,3,3,8,4,2,6,3,3,1,5,1,5,3,4,2,2,1,32,0,0,2,3,4,7,2,4,1,5,5,4,1,4,3,2,4,5,3,6,2,5,7,6,4,2,2,8,2,7,2,1,3,1,5,1,2,4,6,4
2,5,1,4,1,4,5,2,5,2,2,3,5,4,4,4,4,1,3,6,6,4,10,1,3,2,2,3,3,3,6,5,4,2,6,4,3,5,7,3,1,3,1,3,6,5,4,10,3,5,3,5,4,6,3,1,2,2,1,2,3,2,2,3,3,6,1,1,7,3,3,3,8,4,2,3,1,5,7,14,4,2,3,3,4,5,8,20,3,1,9,3,4,1,4,3,1,1,5,3,6,0,2,4,2,2,3,3,2,4,4,2,3,3,1,2,7,4,2,2,2,2,5,4,5,6,2,3
1,5,5,3,1,4,4,3,12,2,3,5,3,5,2,2,2,2,2,3,2,4,4,1,2,2,5,4,2,3,4,8,2,3,2,3,4,3,6,4,7,6,6,6,2,2,2,3,5,4,3,1,4,9,2,2,4,3,3,6,2,4,4,2,2,1,3,2,3,5,10,5,3,3,2,3,1,5,7,14,4,2,3,3,4,5,8,20,3,1,9,3,4,1,4,3,1,1,5,3,6,0,2,4,2,2,3,3,2,4,4,2,3,3,1,2,7,4,2,2,2,2,5,4,5,6,2,3
1,5,5,3,1,4,4,3,12,2,3,5,3,5,2,2,2,2,2,3,2,4,4,1,2,2,5,4,2,3,4,8,2,3,2,3,4,3,6,4,7,6,6,6,2,2,2,3,5,4,3,1,4,9,2,2,4,3,3,6,2,4,4,2,2,1,3,2,3,5,10,5,3,3,2,3,2,4,1,7,2,3,3,2,3,4,3,27,3,2,3,3,8,5,0,4,3,8,1,6,4,4,2,1,5,4,2,3,4,2,2,5,1,7,2,6,7,1,3,5,2,3,3,5,3,2,3,4
5,4,3,4,3,9,3,4,1,7,4,1,1,1,2,4,4,1,1,5,4,3,6,2,4,0,7,4,2,6,3,6,3,4,5,1,2,5,3,2,11,6,2,5,2,3,4,3,3,2,1,0,4,3,4,3,6,2,2,2,7,7,2,2,2,2,4,2,5,6,0,3,4,4,3,3,2,4,1,7,2,3,3,2,3,4,3,27,3,2,3,3,8,5,0,4,3,8,1,6,4,4,2,1,5,4,2,3,4,2,2,5,1,7,2,6,7,1,3,5,2,3,3,5,3,2,3,4
5,4,3,4,3,9,3,4,1,7,4,1,1,1,2,4,4,1,1,5,4,3,6,2,4,0,7,4,2,6,3,6,3,4,5,1,2,5,3,2,11,6,2,5,2,3,4,3,3,2,1,0,4,3,4,3,6,2,2,2,7,7,2,2,2,2,4,2,5,6,0,3,4,4,3,2,3,5,3,3,3,3,3,3,2,2,3,38,8,2,3,3,6,5,3,1,3,2,3,3,2,2,4,2,2,2,2,3,2,5,6,1,5,7,1,3,5,2,1,4,2,2,4,6,3,1,2,4
4,5,3,4,1,4,3,3,4,2,2,3,2,2,2,1,1,3,1,6,4,4,9,2,2,8,2,5,4,3,4,2,4,5,6,8,5,3,3,3,5,4,2,4,2,3,3,4,2,2,3,1,5,0,2,3,3,3,3,1,3,3,5,2,2,3,3,3,4,4,4,6,3,5,4,2,3,5,3,3,3,3,3,3,2,2,3,38,8,2,3,3,6,5,3,1,3,2,3,3,2,2,4,2,2,2,2,3,2,5,6,1,5,7,1,3,5,2,1,4,2,2,4,6,3,1,2,4
4,5,3,4,1,4,3,3,4,2,2,3,2,2,2,1,1,3,1,6,4,4,9,2,2,8,2,5,4,3,4,2,4,5,6,8,5,3,3,3,5,4,2,4,2,3,3,4,2,2,3,1,5,0,2,3,3,3,3,1,3,3,5,2,2,3,3,3,4,4,4,6,3,5,4,5,9,4,2,5,3,5,2,4,5,2,3,36,9,1,1,2,4,3,1,5,10,3,1,1,2,8,2,4,3,5,1,2,3,2,4,2,5,3,3,2,1,6,9,4,5,3,9,3,1,3,6,5
3,2,2,7,3,2,4,5,3,1,6,2,1,7,1,1,4,2,3,3,2,1,7,6,5,4,5,3,2,2,6,4,2,5,6,2,7,2,7,5,6,3,4,3,3,7,3,3,3,2,3,2,2,6,6,5,2,6,2,4,3,2,2,4,4,8,5,1,4,3,6,2,5,8,9,4,3,2,8,1,2,6,7,4,5,3,7,6,32,3,1,2,3,4,0,1,6,3,3,2,6,5,4,3,8,3,3,1,6,0,2,4,4,3,3,3,9,12,1,2,4,3,4,2,5,4,5,2
3,2,2,7,3,2,4,5,3,1,6,2,1,7,1,1,4,2,3,3,2,1,7,6,5,4,5,3,2,2,6,4,2,5,6,2,7,2,7,5,6,3,4,3,3,7,3,3,3,2,3,2,2,6,6,5,2,6,2,4,3,2,2,4,4,8,5,1,4,3,6,2,5,8,9,3,3,6,1,7,3,2,5,6,2,5,1,4,1,7,2,15,2,4,2,1,4,4,7,2,1,5,2,3,2,2,2,4,1,5,4,8,2,1,1,4,2,12,3,6,4,3,2,2,2,1,6,3
3,9,2,6,4,8,3,1,4,5,3,3,6,3,13,0,5,1,3,6,6,2,3,5,2,2,4,3,4,4,2,4,1,3,3,5,7,1,1,1,2,7,3,5,1,2,1,4,5,2,4,2,2,2,7,3,6,6,3,3,2,4,2,6,3,5,3,6,1,3,4,5,5,2,2,3,3,6,1,7,3,2,5,6,2,5,1,4,1,7,2,15,2,4,2,1,4,4,7,2,1,5,2,3,2,2,2,4,1,5,4,8,2,1,1,4,2,12,3,6,4,3,2,2,2,1,6,3
3,9,2,6,4,8,3,1,4,5,3,3,6,3,13,0,5,1,3,6,6,2,3,5,2,2,4,3,4,4,2,4,1,3,3,5,7,1,1,1,2,7,3,5,1,2,1,4,5,2,4,2,2,2,7,3,6,6,3,3,2,4,2,6,3,5,3,6,1,3,4,5,5,2,2,3,2,4,6,2,3,4,1,3,5,1,3,3,7,5,24,10,0,2,3,3,3,6,2,4,3,4,2,5,3,2,4,5,2,2,2,5,3,1,3,3,5,1,4,6,5,4,2,4,4,3,7,4
1,5,5,3,2,6,3,3,2,8,2,3,3,2,3,2,6,4,6,23,0,4,0,1,0,2,5,3,3,3,7,4,4,4,5,4,7,5,3,1,5,2,5,3,1,3,2,6,6,3,6,6,2,1,1,1,1,1,2,3,8,6,7,2,2,0,4,5,2,3,5,3,9,7,9,3,2,4,6,2,3,4,1,3,5,1,3,3,7,5,24,10,0,2,3,3,3,6,2,4,3,4,2,5,3,2,4,5,2,2,2,5,3,1,3,3,5,1,4,6,5,4,2,4,4,3,7,4
1,5,5,3,2,6,3,3,2,8,2,3,3,2,3,2,6,4,6,23,0,4,0,1,0,2,5,3,3,3,7,4,4,4,5,4,7,5,3,1,5,2,5,3,1,3,2,6,6,3,6,6,2,1,1,1,1,1,2,3,8,6,7,2,2,0,4,5,2,3,5,3,9,7,9,2,4,4,4,8,5,1,2,4,1,9,1,6,22,2,5,5,2,5,1,6,0,2,2,2,5,6,8,0,4,2,8,4,6,2,3,4,3,1,1,4,6,2,3,3,3,1,3,3,3,3,9,3
4,2,3,4,3,3,2,2,3,2,2,2,3,7,4,2,3,1,5,4,3,2,2,1,4,0,2,3,3,3,7,0,3,3,5,5,4,4,1,1,3,5,7,6,2,2,6,3,4,2,4,6,1,2,4,5,2,5,1,7,2,2,3,2,5,4,6,6,1,5,5,1,3,3,4,2,4,4,4,8,5,1,2,4,1,9,1,6,22,2,5,5,2,5,1,6,0,2,2,2,5,6,8,0,4,2,8,4,6,2,3,4,3,1,1,4,6,2,3,3,3,1,3,3,3,3,9,3
4,2,3,4,3,3,2,2,3,2,2,2,3,7,4,2,3,1,5,4,3,2,2,1,4,0,2,3,3,3,7,0,3,3,5,5,4,4,1,1,3,5,7,6,2,2,6,3,4,2,4,6,1,2,4,5,2,5,1,7,2,2,3,2,5,4,6,6,1,5,5,1,3,3,4,0,1,3,2,2,5,3,2,2,2,2,7,2,19,28,4,3,0,5,3,5,1,3,4,2,2,4,2,5,5,1,5,3,1,7,2,4,4,2,4,3,3,3,3,7,2,4,6,5,5,4,1,2
3,2,3,2,3,2,7,3,2,1,1,2,3,5,5,2,11,6,7,5,8,0,4,3,5,6,1,3,10,3,0,7,2,3,5,4,1,1,7,4,4,3,4,6,1,5,4,3,4,4,5,0,3,4,4,2,6,5,2,2,4,1,2,7,2,8,6,4,5,4,3,3,6,6,4,0,1,3,2,2,5,3,2,2,2,2,7,2,19,28,4,3,0,5,3,5,1,3,4,2,2,4,2,5,5,1,5,3,1,7,2,4,4,2,4,3,3,3,3,7,2,4,6,5,5,4,1,2
3,2,3,2,3,2,7,3,2,1,1,2,3,5,5,2,11,6,7,5,8,0,4,3,5,6,1,3,10,3,0,7,2,3,5,4,1,1,7,4,4,3,4,6,1,5,4,3,4,4,5,0,3,4,4,2,6,5,2,2,4,1,2,7,2,8,6,4,5,4,3,3,6,6,4,3,6,4,4,5,3,2,5,1,2,2,2,4,4,29,17,4,3,7,3,1,8,1,4,2,1,4,3,3,3,3,6,5,4,4,7,2,3,3,3,2,7,2,3,7,2,4,4,2,4,2,4,1
4,2,4,5,2,1,2,6,2,3,3,2,3,10,5,3,9,4,0,3,3,3,3,4,0,1,4,3,4,5,4,6,6,2,4,9,5,1,5,5,10,1,0,4,2,7,0,1,3,4,4,3,6,2,4,3,3,4,1,1,4,8,5,3,4,2,2,4,8,5,3,2,4,2,6,3,6,4,4,5,3,2,5,1,2,2,2,4,4,29,17,4,3,7,3,1,8,1,4,2,1,4,3,3,3,3,6,5,4,4,7,2,3,3,3,2,7,2,3,7,2,4,4,2,4,2,4,1
4,2,4,5,2,1,2,6,2,3,3,2,3,10,5,3,9,4,0,3,3,3,3,4,0,1,4,3,4,5,4,6,6,2,4,9,5,1,5,5,10,1,0,4,2,7,0,1,3,4,4,3,6,2,4,3,3,4,1,1,4,8,5,3,4,2,2,4,8,5,3,2,4,2,6,8,5,2,4,4,4,5,1,4,3,2,6,2,3,37,0,0,4,3,5,3,4,3,0,2,7,2,2,2,1,5,3,5,6,3,6,5,4,4,9,2,5,5,3,5,6,7,2,0,2,6,1,4
2,3,3,9,5,3,2,1,7,1,4,5,7,2,2,5,2,4,3,1,4,4,3,8,2,4,5,4,5,2,4,2,2,2,4,2,3,2,5,3,1,1,5,3,3,10,1,3,5,3,5,3,3,1,2,2,4,3,0,3,2,3,3,3,6,2,3,6,1,4,3,4,4,2,6,8,5,2,4,4,4,5,1,4,3,2,6,2,3,37,0,0,4,3,5,3,4,3,0,2,7,2,2,2,1,5,3,5,6,3,6,5,4,4,9,2,5,5,3,5,6,7,2,0,2,6,1,4
2,3,3,9,5,3,2,1,7,1,4,5,7,2,2,5,2,4,3,1,4,4,3,8,2,4,5,4,5,2,4,2,2,2,4,2,3,2,5,3,1,1,5,3,3,10,1,3,5,3,5,3,3,1,2,2,4,3,0,3,2,3,3,3,6,2,3,6,1,4,3,4,4,2,6,4,6,0,2,2,4,4,2,3,6,1,4,3,23,4,4,5,4,1,3,1,5,3,9,4,5,0,5,3,2,2,3,4,8,4,3,1,1,3,4,5,3,2,5,3,2,3,6,1,2,0,4,2
3,2,3,4,5,6,4,5,2,4,4,2,1,3,2,2,4,1,2,2,4,7,1,4,5,9,1,2,3,3,0,1,7,2,6,2,1,5,2,4,3,5,5,5,3,5,6,3,5,5,4,0,7,4,4,1,2,2,6,4,4,3,3,3,8,3,1,3,8,0,5,1,3,6,4,4,6,0,2,2,4,4,2,3,6,1,4,3,23,4,4,5,4,1,3,1,5,3,9,4,5,0,5,3,2,2,3,4,8,4,3,1,1,3,4,5,3,2,5,3,2,3,6,1,2,0,4,2
3,2,3,4,5,6,4,5,2,4,4,2,1,3,2,2,4,1,2,2,4,7,1,4,5,9,1,2,3,3,0,1,7,2,6,2,1,5,2,4,3,5,5,5,3,5,6,3,5,5,4,0,7,4,4,1,2,2,6,4,4,3,3,3,8,3,1,3,8,0,5,1,3,6,4,3,5,8,1,1,6,1,1,2,6,3,6,3,2,5,33,4,2,0,1,2,3,4,3,3,6,3,1,0,5,4,0,3,2,4,3,5,3,3,4,2,1,6,4,3,3,7,2,3,3,2,4,2
2,3,4,2,2,1,2,1,2,4,4,3,6,7,3,9,2,4,3,3,2,5,3,2,6,3,4,2,9,6,6,6,4,6,5,4,5,2,4,4,4,7,3,3,3,3,4,7,3,3,7,3,5,6,3,2,2,3,2,5,5,1,4,2,4,3,3,2,7,1,4,6,4,3,6,3,5,8,1,1,6,1,1,2,6,3,6,3,2,5,33,4,2,0,1,2,3,4,3,3,6,3,1,0,5,4,0,3,2,4,3,5,3,3,4,2,1,6,4,3,3,7,2,3,3,2,4,2
2,3,4,2,2,1,2,1,2,4,4,3,6,7,3,9,2,4,3,3,2,5,3,2,6,3,4,2,9,6,6,6,4,6,5,4,5,2,4,4,4,7,3,3,3,3,4,7,3,3,7,3,5,6,3,2,2,3,2,5,5,1,4,2,4,3,3,2,7,1,4,6,4,3,6,4,5,4,4,7,4,2,2,2,4,3,2,6,6,34,0,0,3,6,4,3,1,7,2,3,7,4,6,3,5,2,1,3,4,3,1,5,4,6,4,2,2,1,2,3,2,4,2,5,2,4,2,7
2,5,7,5,2,4,2,11,2,4,3,8,2,1,3,3,3,3,2,4,2,3,2,2,2,1,4,3,3,8,4,3,11,4,1,2,4,4,3,2,1,3,4,3,2,4,3,5,5,4,2,1,3,4,7,5,2,4,4,6,1,4,6,2,2,4,6,2,4,6,7,2,3,4,2,4,5,4,4,7,4,2,2,2,4,3,2,6,6,34,0,0,3,6,4,3,1,7,2,3,7,4,6,3,5,2,1,3,4,3,1,5,4,6,4,2,2,1,2,3,2,4,2,5,2,4,2,7
2,5,7,5,2,4,2,11,2,4,3,8,2,1,3,3,3,3,2,4,2,3,2,2,2,1,4,3,3,8,4,3,11,4,1,2,4,4,3,2,1,3,4,3,2,4,3,5,5,4,2,1,3,4,7,5,2,4,4,6,1,4,6,2,2,4,6,2,4,6,7,2,3,4,2,6,3,6,4,6,2,5,2,3,4,2,3,0,3,30,0,4,0,5,4,1,6,8,1,2,2,1,10,3,3,4,2,5,5,2,8,1,0,6,8,2,5,2,2,4,4,1,2,3,3,5,4,1
4,3,4,2,2,5,1,6,1,2,1,5,2,4,2,6,2,5,3,3,1,5,7,4,5,4,4,1,1,7,3,2,5,5,4,7,3,2,1,2,3,6,4,3,2,8,1,6,2,0,4,4,3,4,2,2,9,3,2,3,6,1,5,1,1,4,1,8,4,4,3,4,3,2,3,6,3,6,4,6,2,5,2,3,4,2,3,0,3,30,0,4,0,5,4,1,6,8,1,2,2,1,10,3,3,4,2,5,5,2,8,1,0,6,8,2,5,2,2,4,4,1,2,3,3,5,4,1
4,3,4,2,2,5,1,6,1,2,1,5,2,4,2,6,2,5,3,3,1,5,7,4,5,4,4,1,1,7,3,2,5,5,4,7,3,2,1,2,3,6,4,3,2,8,1,6,2,0,4,4,3,4,2,2,9,3,2,3,6,1,5,1,1,4,1,8,4,4,3,4,3,2,3,7,5,1,3,1,4,5,3,2,4,4,4,2,3,6,21,5,1,3,2,3,5,2,5,7,7,6,3,3,4,6,5,1,5,4,2,3,3,5,3,3,2,3,6,2,4,1,5,2,3,2,6,8
4,6,7,1,5,2,2,8,1,5,5,3,0,2,2,5,3,7,2,3,4,3,1,6,3,5,4,5,2,3,3,4,3,1,3,3,4,3,2,4,5,3,3,5,2,4,2,4,3,1,1,11,3,4,3,3,5,9,3,2,3,4,3,4,5,4,1,8,1,3,2,5,2,2,2,7,5,1,3,1,4,5,3,2,4,4,4,2,3,6,21,5,1,3,2,3,5,2,5,7,7,6,3,3,4,6,5,1,5,4,2,3,3,5,3,3,2,3,6,2,4,1,5,2,3,2,6,8
4,6,7,1,5,2,2,8,1,5,5,3,0,2,2,5,3,7,2,3,4,3,1,6,3,5,4,5,2,3,3,4,3,1,3,3,4,3,2,4,5,3,3,5,2,4,2,4,3,1,1,11,3,4,3,3,5,9,3,2,3,4,3,4,5,4,1,8,1,3,2,5,2,2,2,1,4,8,2,7,1,6,6,4,0,3,6,5,8,2,2,3,26,1,4,3,2,2,3,2,3,3,2,3,2,6,4,3,8,2,3,6,3,5,8,1,6,0,4,5,1,2,5,4,1,3,4,5
7,0,4,4,5,2,8,0,4,3,3,8,4,2,3,3,2,3,2,7,2,3,0,3,0,7,1,3,11,2,2,1,4,3,3,3,3,2,6,4,3,4,7,3,2,1,9,2,1,4,2,1,3,3,1,6,3,2,3,3,10,6,3,3,3,5,3,6,3,7,1,2,3,1,2,1,4,8,2,7,1,6,6,4,0,3,6,5,8,2,2,3,26,1,4,3,2,2,3,2,3,3,2,3,2,6,4,3,8,2,3,6,3,5,8,1,6,0,4,5,1,2,5,4,1,3,4,5
7,0,4,4,5,2,8,0,4,3,3,8,4,2,3,3,2,3,2,7,2,3,0,3,0,7,1,3,11,2,2,1,4,3,3,3,3,2,6,4,3,4,7,3,2,1,9,2,1,4,2,1,3,3,1,6,3,2,3,3,10,6,3,3,3,5,3,6,3,7,1,2,3,1,2,4,3,3,1,2,3,5,3,6,4,2,3,5,27,2,0,3,2,3,3,7,3,3,3,1,3,2,7,2,7,6,0,2,4,7,4,3,3,4,5,3,3,4,6,3,2,2,2,3,4,2,3,3
2,5,4,2,2,5,2,3,2,2,3,2,2,2,3,4,2,3,3,1,6,5,3,2,2,9,0,1,5,4,3,2,2,3,3,2,1,6,5,1,5,3,3,4,2,2,4,4,4,5,2,1,3,2,5,1,6,0,4,3,1,7,1,3,4,1,5,1,4,3,3,3,1,2,3,4,3,3,1,2,3,5,3,6,4,2,3,5,27,2,0,3,2,3,3,7,3,3,3,1,3,2,7,2,7,6,0,2,4,7,4,3,3,4,5,3,3,4,6,3,2,2,2,3,4,2,3,3
5,5,4,2,2,5,2,3,2,2,3,2,2,2,3,4,2,3,3,1,6,5,3,2,2,9,0,1,5,4,3,2,2,3,3,2,1,6,5,1,5,3,3,4,2,2,4,4,4,5,2,1,3,2,5,1,6,0,4,3,1,7,1,3,4,1,5,1,4,3,3,3,1,2,3,5,5,5,3,3,1,3,1,5,4,4,3,2,3,30,9,2,4,2,2,5,3,3,7,2,4,3,2,2,1,8,5,6,2,2,1,4,4,5,6,4,2,7,3,1,5,3,2,3,6,3,4,2
5,5,6,2,2,7,5,3,1,2,4,4,5,1,3,1,4,6,3,6,2,2,5,5,6,7,3,2,4,3,2,2,2,5,5,4,2,3,2,4,4,5,1,2,3,3,2,4,3,1,1,1,5,2,4,2,5,6,4,5,1,4,2,5,3,2,3,5,0,1,3,10,5,6,4,5,5,5,3,3,1,3,1,5,4,4,3,2,3,30,9,2,4,2,2,5,3,3,7,2,4,3,2,2,1,8,5,6,2,2,1,4,4,5,6,4,2,7,3,1,5,3,2,3,6,3,4,2
0,5,6,2,2,7,5,3,1,2,4,4,5,1,3,1,4,6,3,6,2,2,5,5,6,7,3,2,4,3,2,2,2,5,5,4,2,3,2,4,4,5,1,2,3,3,2,4,3,1,1,1,5,2,4,2,5,6,4,5,1,4,2,5,3,2,3,5,0,1,3,10,5,6,4,2,7,3,5,4,2,4,2,1,4,3,2,31,10,2,1,1,4,6,0,1,3,3,7,6,3,1,1,5,5,4,2,1,2,2,2,2,3,10,5,5,2,1,2,3,4,2,4,2,3,3,4,3
2,1,3,3,6,4,2,4,1,7,5,5,2,5,2,5,2,2,3,5,4,5,0,3,2,4,4,3,5,5,1,2,3,6,2,4,7,2,4,5,3,8,5,3,5,1,2,3,4,2,6,6,4,2,4,2,4,4,4,4,5,3,4,1,3,3,6,4,2,6,3,5,3,3,4,2,7,3,5,4,2,4,2,1,4,3,2,31,10,2,1,1,4,6,0,1,3,3,7,6,3,1,1,5,5,4,2,1,2,2,2,2,3,10,5,5,2,1,2,3,4,2,4,2,3,3,4,3
2,1,3,3,6,4,2,4,1,7,5,5,2,5,2,5,2,2,3,5,4,5,0,3,2,4,4,3,5,5,1,2,3,6,2,4,7,2,4,5,3,8,5,3,5,1,2,3,4,2,6,6,4,2,4,2,4,4,4,4,5,3,4,1,3,3,6,4,2,6,3,5,3,3,4,4,1,3,7,2,6,4,8,4,5,33,5,0,5,2,1,4,4,6,4,9,3,4,2,3,5,2,4,3,3,3,3,6,3,4,3,3,6,4,3,8,6,3,4,2,2,3,4,2,4,1,4,4
7,3,1,2,1,5,7,4,6,3,2,5,4,0,4,3,2,2,2,3,4,6,2,4,4,1,1,3,5,3,5,3,5,3,4,3,3,2,5,2,1,4,3,7,3,4,5,3,2,3,1,2,3,2,1,5,5,7,1,2,4,9,6,3,4,3,3,2,1,5,3,6,2,4,4,4,1,3,7,2,6,4,8,4,5,33,5,0,5,2,1,4,4,6,4,9,3,4,2,3,5,2,4,3,3,3,3,6,3,4,3,3,6,4,3,8,6,3,4,2,2,3,4,2,4,1,4,4
7,3,1,2,1,5,7,4,6,3,2,5,4,0,4,3,2,2,2,3,4,6,2,4,4,1,1,3,5,3,5,3,5,3,4,3,3,2,5,2,1,4,3,7,3,4,5,3,2,3,1,2,3,2,1,5,5,7,1,2,4,9,6,3,4,3,3,2,1,5,3,6,2,4,4,5,1,4,4,4,4,3,1,4,4,2,3,5,5,3,3,2,4,4,4,3,5,5,4,1,3,4,3,6,4,1,4,8,3,8,4,4,3,1,2,0,3,5,6,3,5,3,3,2,4,5,4,2
2,3,4,0,5,2,3,4,1,5,2,5,2,5,3,2,6,1,2,4,2,5,5,4,2,2,6,4,3,4,4,6,1,7,1,2,2,4,2,1,7,1,9,4,2,2,4,3,4,4,2,2,3,6,1,2,3,2,5,3,1,7,1,4,1,1,3,5,8,2,8,4,2,3,1,5,1,4,4,4,4,3,1,4,4,2,3,5,5,3,3,2,4,4,4,3,5,5,4,1,3,4,3,6,4,1,4,8,3,8,4,4,3,1,2,0,3,5,6,3,5,3,3,2,4,5,4,2
2,3,4,0,5,2,3,4,1,5,2,5,2,5,3,2,6,1,2,4,2,5,5,4,2,2,6,4,3,4,4,6,1,7,1,2,2,4,2,1,7,1,9,4,2,2,4,3,4,4,2,2,3,6,1,2,3,2,5,3,1,7,1,4,1,1,3,5,8,2,8,4,2,3,1,5,2,1,5,4,2,4,3,4,2,7,3,3,6,0,3,2,4,1,1,3,4,1,3,2,4,2,7,1,6,7,4,3,2,5,1,2,7,6,7,5,2,3,5,3,2,0,3,4,4,6,3,5
3,4,1,6,1,4,6,2,5,1,2,5,3,3,1,2,6,4,3,4,3,1,2,3,3,2,10,5,0,3,4,5,2,5,1,1,8,3,0,5,3,6,6,1,4,2,7,6,2,3,2,3,3,2,7,6,5,5,8,3,5,1,2,3,3,4,4,2,2,4,7,6,2,7,5,5,2,1,5,4,2,4,3,4,2,7,3,3,6,0,3,2,4,1,1,3,4,1,3,2,4,2,7,1,6,7,4,3,2,5,1,2,7,6,7,5,2,3,5,3,2,0,3,4,4,6,3,5
3,4,1,6,1,4,6,2,5,1,2,5,3,3,1,2,6,4,3,4,3,1,2,3,3,2,10,5,0,3,4,5,2,5,1,1,8,3,0,5,3,6,6,1,4,2,7,6,2,3,2,3,3,2,7,6,5,5,8,3,5,1,2,3,3,4,4,2,2,4,7,6,2,7,5,3,3,2,2,6,7,2,3,1,6,6,3,6,7,3,2,7,25,1,3,1,1,7,3,0,3,2,2,2,6,3,4,4,4,2,3,8,1,6,2,1,3,2,6,4,4,3,3,4,6,8,4,3
3,3,7,3,3,2,1,2,2,9,2,2,2,2,4,9,3,5,4,2,1,2,1,5,4,3,5,4,3,4,1,3,2,3,2,4,3,3,7,5,3,4,2,1,11,2,2,5,1,5,1,3,3,3,1,4,4,4,3,5,3,4,1,3,2,5,2,6,3,2,8,2,2,7,3,3,3,2,2,6,7,2,3,1,6,6,3,6,7,3,2,7,25,1,3,1,1,7,3,0,3,2,2,2,6,3,4,4,4,2,3,8,1,6,2,1,3,2,6,4,4,3,3,4,6,8,4,3
3,3,7,3,3,2,1,2,2,9,2,2,2,2,4,9,3,5,4,2,1,2,1,5,4,3,5,4,3,4,1,3,2,3,2,4,3,3,7,5,3,4,2,1,11,2,2,5,1,5,1,3,3,3,1,4,4,4,3,5,3,4,1,3,2,5,2,6,3,2,8,2,2,7,3,4,2,4,6,5,4,4,4,6,4,5,3,4,8,3,1,19,3,3,2,4,4,6,4,4,4,2,5,4,4,3,2,5,6,3,5,6,5,0,10,6,1,7,4,4,2,3,6,6,4,2,2,3
2,5,1,4,2,5,2,1,3,6,4,2,3,1,2,4,3,2,8,2,1,5,1,1,4,4,4,0,3,4,2,3,5,1,3,3,2,1,0,5,4,5,2,6,10,4,5,7,4,3,4,4,3,2,2,4,7,1,2,5,7,2,4,0,5,4,4,3,4,3,2,4,6,2,3,4,2,4,6,5,4,4,4,6,4,5,3,4,8,3,1,19,3,3,2,4,4,6,4,4,4,2,5,4,4,3,2,5,6,3,5,6,5,0,10,6,1,7,4,4,2,3,6,6,4,2,2,3
1,5,1,4,2,5,2,1,3,6,4,2,3,1,2,4,3,2,8,2,1,5,1,1,4,4,4,0,3,4,2,3,5,1,3,3,2,1,0,5,4,5,2,6,10,4,5,7,4,3,4,4,3,2,2,4,7,1,2,5,7,2,4,0,5,4,4,3,4,3,2,4,6,2,3,2,2,5,5,2,2,7,4,2,7,1,5,2,2,4,4,29,4,0,0,2,2,7,5,3,3,7,0,5,9,1,3,9,3,4,1,6,1,8,3,3,7,5,3,1,4,4,3,5,3,4,5,8
5,3,4,9,2,3,6,1,5,2,2,3,7,2,5,1,7,7,4,4,4,2,10,3,1,1,5,7,2,1,4,1,3,3,3,4,4,4,4,7,3,3,5,4,3,4,2,3,1,8,4,3,1,2,4,9,3,3,1,2,2,2,3,6,5,4,7,6,3,3,3,5,4,4,3,2,2,5,5,2,2,7,4,2,7,1,5,2,2,4,4,29,4,0,0,2,2,7,5,3,3,7,0,5,9,1,3,9,3,4,1,6,1,8,3,3,7,5,3,1,4,4,3,5,3,4,5,8
5,3,4,9,2,3,6,1,5,2,2,3,7,2,5,1,7,7,4,4,4,2,10,3,1,1,5,7,2,1,4,1,3,3,3,4,4,4,4,7,3,3,5,4,3,4,2,3,1,8,4,3,1,2,4,9,3,3,1,2,2,2,3,6,5,4,7,6,3,3,3,5,4,4,3,3,1,4,4,3,3,2,3,1,2,4,3,1,9,2,2,2,3,3,2,31,2,3,1,1,8,3,2,2,4,2,5,4,12,0,1,2,6,2,6,2,12,4,4,1,4,2,4,3,2,3,1,4
2,2,4,2,2,7,7,5,4,6,2,4,2,3,6,1,3,7,2,1,3,4,2,4,3,5,5,6,0,3,5,2,2,4,5,6,5,5,2,6,2,3,1,3,6,3,3,1,8,6,3,4,1,3,7,6,2,5,1,3,7,6,6,6,4,1,9,4,11,3,3,2,5,5,1,3,1,4,4,3,3,2,3,1,2,4,3,1,9,2,2,2,3,3,2,31,2,3,1,1,8,3,2,2,4,2,5,4,12,0,1,2,6,2,6,2,12,4,4,1,4,2,4,3,2,3,1,4
2,2,4,2,2,7,7,5,4,6,2,4,2,3,6,1,3,7,2,1,3,4,2,4,3,5,5,6,0,3,5,2,2,4,5,6,5,5,2,6,2,3,1,3,6,3,3,1,8,6,3,4,1,3,7,6,2,5,1,3,7,6,6,6,4,1,9,4,11,3,3,2,5,5,1,4,3,1,3,2,2,6,2,3,4,7,3,4,1,5,6,3,4,3,4,2,4,3,2,5,5,5,4,4,1,6,3,2,5,2,6,4,4,3,0,4,6,4,2,2,2,5,3,3,7,2,4,4
2,2,2,2,3,2,3,1,3,5,1,5,5,3,7,2,2,2,3,3,3,5,6,8,3,1,2,4,3,2,3,2,5,2,2,5,8,8,5,1,6,3,2,6,3,1,2,3,6,6,3,2,4,5,2,2,2,7,4,2,5,3,1,2,3,5,3,3,3,3,4,3,5,1,2,4,3,1,3,2,2,6,2,3,4,7,3,4,1,5,6,3,4,3,4,2,4,3,2,5,5,5,4,4,1,6,3,2,5,2,6,4,4,3,0,4,6,4,2,2,2,5,3,3,7,2,4,4
2,2,2,2,3,2,3,1,3,5,1,5,5,3,7,2,2,2,3,3,3,5,6,8,3,1,2,4,3,2,3,2,5,2,2,5,8,8,5,1,6,3,2,6,3,1,2,3,6,6,3,2,4,5,2,2,2,7,4,2,5,3,1,2,3,5,3,3,3,3,4,3,5,1,2,3,4,2,2,8,5,3,2,1,6,8,4,3,1,2,3,7,3,2,29,4,2,1,2,6,1,1,2,8,2,3,3,2,2,2,1,3,3,2,3,4,2,3,2,3,5,1,2,7,3,5,7,2
3,3,6,2,4,2,4,3,2,4,4,5,1,7,3,4,2,4,3,5,1,5,3,4,2,5,4,3,2,8,2,5,1,3,3,4,1,6,2,8,3,2,1,5,4,5,3,1,3,5,5,2,6,2,1,1,4,5,3,5,4,7,5,2,2,5,2,5,0,1,7,4,3,1,5,3,4,2,2,8,5,3,2,1,6,8,4,3,1,2,3,7,3,2,29,4,2,1,2,6,1,1,2,8,2,3,3,2,2,2,1,3,3,2,3,4,2,3,2,3,5,1,2,7,3,5,7,2
3,3,6,2,4,2,4,3,2,4,4,5,1,7,3,4,2,4,3,5,1,5,3,4,2,5,4,3,2,8,2,5,1,3,3,4,1,6,2,8,3,2,1,5,4,5,3,1,3,5,5,2,6,2,1,1,4,5,3,5,4,7,5,2,2,5,2,5,0,1,7,4,3,1,5,4,2,2,3,2,7,5,1,3,4,1,3,2,5,4,5,3,2,19,3,7,5,5,1,4,2,2,0,3,3,5,3,1,5,4,4,2,7,4,2,7,8,3,6,3,2,2,2,1,4,4,6,2
3,6,4,4,4,3,2,6,2,1,1,5,6,2,3,3,4,6,1,3,3,1,2,2,7,4,6,3,7,1,7,1,2,4,4,2,3,1,7,2,1,0,4,1,3,3,6,6,4,2,3,3,6,1,4,4,5,0,5,3,2,4,2,2,3,4,4,2,2,5,5,3,3,2,5,4,2,2,3,2,7,5,1,3,4,1,3,2,5,4,5,3,2,19,3,7,5,5,1,4,2,2,0,3,3,5,3,1,5,4,4,2,7,4,2,7,8,3,6,3,2,2,2,1,4,4,6,2
3,6,4,4,4,3,2,6,2,1,1,5,6,2,3,3,4,6,1,3,3,1,2,2,7,4,6,3,7,1,7,1,2,4,4,2,3,1,7,2,1,0,4,1,3,3,6,6,4,2,3,3,6,1,4,4,5,0,5,3,2,4,2,2,3,4,4,2,2,5,5,3,3,2,5,6,5,3,1,3,5,4,3,3,6,4,3,5,2,7,1,4,3,6,1,3,2,5,6,4,4,4,3,0,3,4,5,4,2,5,2,1,2,2,2,7,2,3,5,3,1,3,1,1,4,4,1,3
3,2,3,1,4,6,5,5,3,3,7,1,5,4,2,3,1,1,2,6,0,2,3,4,3,5,3,6,2,6,1,3,2,4,3,4,4,3,4,3,3,1,4,4,4,2,11,5,2,2,1,6,2,3,2,4,4,6,1,5,4,3,8,3,2,5,6,2,1,9,5,6,0,4,2,6,5,3,1,3,5,4,3,3,6,4,3,5,2,7,1,4,3,6,1,3,2,5,6,4,4,4,3,0,3,4,5,4,2,5,2,1,2,2,2,7,2,3,5,3,1,3,1,1,4,4,1,3
1,2,3,1,4,6,5,5,3,3,7,1,5,4,2,3,1,1,2,6,0,2,3,4,3,5,3,6,2,6,1,3,2,4,3,4,4,3,4,3,3,1,4,4,4,2,11,5,2,2,1,6,2,3,2,4,4,6,1,5,4,3,8,3,2,5,6,2,1,9,5,6,0,4,2,6,9,2,3,8,4,3,2,7,1,2,4,2,2,5,1,4,3,4,4,8,10,4,7,3,2,2,1,2,5,6,4,5,2,5,4,4,1,2,11,6,3,3,2,4,4,6,6,2,3,3,2,3
7,2,1,4,2,3,2,4,6,2,1,2,6,4,3,5,5,2,4,8,2,3,4,4,3,1,4,7,5,4,4,3,4,4,6,4,3,7,2,5,11,3,3,3,3,5,3,9,3,2,3,5,3,3,3,2,3,3,4,4,5,2,2,6,2,3,2,5,1,3,3,1,3,4,2,6,9,2,3,8,4,3,2,7,1,2,4,2,2,5,1,4,3,4,4,8,10,4,7,3,2,2,1,2,5,6,4,5,2,5,4,4,1,2,11,6,3,3,2,4,4,6,6,2,3,3,2,3
7,2,1,4,2,3,2,4,6,2,1,2,6,4,3,5,5,2,4,8,2,3,4,4,3,1,4,7,5,4,4,3,4,4,6,4,3,7,2,5,11,3,3,3,3,5,3,9,3,2,3,5,3,3,3,2,3,3,4,4,5,2,2,6,2,3,2,5,1,3,3,1,3,4,2,6,3,2,5,6,4,6,4,1,3,1,2,6,5,26,7,2,3,4,2,4,1,4,4,3,2,4,0,7,2,4,2,3,4,2,5,2,2,3,2,3,5,2,3,3,2,5,1,3,3,2,4,2
4,1,3,2,2,4,5,5,6,3,6,1,4,1,2,4,4,2,1,5,3,5,1,3,3,4,2,4,4,3,1,2,3,5,3,1,3,5,2,8,2,4,5,3,4,2,3,6,3,4,1,2,3,4,6,4,4,5,3,4,3,4,3,3,4,4,2,4,2,5,2,3,6,4,3,6,3,2,5,6,4,6,4,1,3,1,2,6,5,26,7,2,3,4,2,4,1,4,4,3,2,4,0,7,2,4,2,3,4,2,5,2,2,3,2,3,5,2,3,3,2,5,1,3,3,2,4,2
4,1,3,2,2,4,5,5,6,3,6,1,4,1,2,4,4,2,1,5,3,5,1,3,3,4,2,4,4,3,1,2,3,5,3,1,3,5,2,8,2,4,5,3,4,2,3,6,3,4,1,2,3,4,6,4,4,5,3,4,3,4,3,3,4,4,2,4,2,5,2,3,6,4,3,2,2,4,4,3,3,4,4,3,3,1,4,5,25,1,5,2,3,4,0,2,8,7,2,3,3,4,3,5,1,2,3,2,4,4,5,4,1,4,7,4,3,6,3,3,4,6,3,3,7,4,1,4
1,1,5,3,5,5,3,6,3,4,5,4,3,3,2,3,5,1,1,2,4,3,1,1,4,6,4,2,3,3,4,2,3,4,6,2,1,2,3,1,3,3,2,4,3,1,3,1,5,2,4,5,6,3,4,3,3,0,2,6,6,2,5,1,4,2,0,5,3,7,5,4,2,1,2,2,2,4,4,3,3,4,4,3,3,1,4,5,25,1,5,2,3,4,0,2,8,7,2,3,3,4,3,5,1,2,3,2,4,4,5,4,1,4,7,4,3,6,3,3,4,6,3,3,7,4,1,4
1,1,5,3,5,5,3,6,3,4,5,4,3,3,2,3,5,1,1,2,4,3,1,1,4,6,4,2,3,3,4,2,3,4,6,2,1,2,3,1,3,3,2,4,3,1,3,1,5,2,4,5,6,3,4,3,3,0,2,6,6,2,5,1,4,2,0,5,3,7,5,4,2,1,2,3,5,5,2,8,4,4,2,4,5,7,2,25,3,0,2,2,2,4,1,0,2,2,6,4,7,1,1,3,5,2,4,9,3,2,4,1,3,1,2,10,3,2,4,3,6,3,3,5,3,2,4,4
1,2,5,8,2,6,2,4,3,2,3,2,3,4,3,3,5,3,2,5,1,3,6,2,6,4,2,2,7,11,1,1,3,7,9,6,3,4,5,1,1,2,1,7,7,3,1,3,2,9,3,2,5,6,4,6,3,5,5,2,5,2,8,2,6,5,2,3,3,4,3,4,6,6,3,2,1,3,1,3,3,6,1,1,2,2,3,3,30,3,2,1,3,1,1,2,3,2,2,0,4,1,2,5,2,2,5,2,2,4,4,3,2,2,4,1,6,2,2,1,2,1,3,2,2,5,3,4
0,2,5,8,2,6,2,4,3,2,3,2,3,4,3,3,5,3,2,5,1,3,6,2,6,4,2,2,7,11,1,1,3,7,9,6,3,4,5,1,1,2,1,7,7,3,1,3,2,9,3,2,5,6,4,6,3,5,5,2,5,2,8,2,6,5,2,3,3,4,3,4,6,6,3,5,1,10,8,3,2,4,2,2,5,3,7,17,2,5,5,6,1,4,3,2,1,2,5,5,1,8,2,2,3,5,2,4,3,3,4,10,4,3,2,6,6,2,2,4,2,6,4,4,1,7,4,2
4,4,3,3,2,4,5,7,3,5,3,5,4,5,2,5,8,2,3,4,4,4,1,1,3,3,2,1,5,4,4,5,6,6,4,2,7,3,5,3,2,3,1,6,2,3,6,3,2,5,2,1,2,7,5,5,2,5,1,4,2,3,4,5,1,2,1,2,3,2,2,5,2,4,2,5,1,10,8,3,2,4,2,2,5,3,7,17,2,5,5,6,1,4,3,2,1,2,5,5,1,8,2,2,3,5,2,4,3,3,4,10,4,3,2,6,6,2,2,4,2,6,4,4,1,7,4,2
4,4,3,3,2,4,5,7,3,5,3,5,4,5,2,5,8,2,3,4,4,4,1,1,3,3,2,1,5,4,4,5,6,6,4,2,7,3,5,3,2,3,1,6,2,3,6,3,2,5,2,1,2,7,5,5,2,5,1,4,2,3,4,5,1,2,1,2,3,2,2,5,2,4,2,4,3,3,5,8,2,4,2,5,2,3,1,6,3,3,6,6,1,6,3,3,3,3,3,1,3,4,3,5,3,4,4,1,5,6,3,2,6,2,1,5,8,5,3,3,1,2,2,4,5,1,2,6
2,1,2,3,6,5,2,3,4,2,3,3,2,2,3,4,2,5,1,3,4,3,3,5,7,3,4,3,7,2,3,6,6,4,1,6,3,3,6,4,2,3,4,3,5,1,5,4,3,4,0,3,2,1,5,2,4,6,6,3,2,5,6,1,2,5,5,2,3,4,3,2,3,1,3,4,3,3,5,8,2,4,2,5,2,3,1,6,3,3,6,6,1,6,3,3,3,3,3,1,3,4,3,5,3,4,4,1,5,6,3,2,6,2,1,5,8,5,3,3,1,2,2,4,5,1,2,6
2,1,2,3,6,5,2,3,4,2,3,3,2,2,3,4,2,5,1,3,4,3,3,5,7,3,4,3,7,2,3,6,6,4,1,6,3,3,6,4,2,3,4,3,5,1,5,4,3,4,0,3,2,1,5,2,4,6,6,3,2,5,6,1,2,5,5,2,3,4,3,2,3,1,3,5,5,4,3,5,1,3,2,1,6,1,4,1,3,3,44,0,0,1,2,4,8,3,1,6,2,4,3,1,4,1,2,3,5,5,2,2,8,3,4,0,2,7,7,5,3,1,4,2,2,2,5,5
4,4,5,4,1,3,4,5,2,3,9,10,4,3,4,3,3,2,4,1,6,2,3,5,3,2,2,3,3,3,11,2,8,2,4,2,2,6,3,3,5,4,1,8,4,4,1,3,1,6,2,3,5,8,4,2,8,2,3,3,3,5,4,2,1,4,5,4,10,2,3,6,4,3,7,5,5,4,3,5,1,3,2,1,6,1,4,1,3,3,44,0,0,1,2,4,8,3,1,6,2,4,3,1,4,1,2,3,5,5,2,2,8,3,4,0,2,7,7,5,3,1,4,2,2,2,5,5
4,4,5,4,1,3,4,5,2,3,9,10,4,3,4,3,3,2,4,1,6,2,3,5,3,2,2,3,3,3,11,2,8,2,4,2,2,6,3,3,5,4,1,8,4,4,1,3,1,6,2,3,5,8,4,2,8,2,3,3,3,5,4,2,1,4,5,4,10,2,3,6,4,3,7,1,3,3,2,1,4,5,1,3,4,4,5,3,4,32,6,0,1,2,4,10,4,2,0,6,0,1,1,9,2,4,2,5,1,2,2,3,3,4,4,2,2,5,1,5,5,2,5,2,4,3,3,5
6,6,3,2,3,7,2,5,0,6,3,2,6,2,4,6,3,3,6,4,1,1,2,4,2,2,3,4,2,1,7,2,3,1,3,3,1,1,4,3,1,6,4,8,7,3,1,3,6,2,1,6,2,1,5,2,2,4,1,4,7,2,4,5,3,2,5,2,3,5,4,1,2,3,6,1,3,3,2,1,4,5,1,3,4,4,5,3,4,32,6,0,1,2,4,10,4,2,0,6,0,1,1,9,2,4,2,5,1,2,2,3,3,4,4,2,2,5,1,5,5,2,5,2,4,3,3,5
6,6,3,2,3,7,2,5,0,6,3,2,6,2,4,6,3,3,6,4,1,1,2,4,2,2,3,4,2,1,7,2,3,1,3,3,1,1,4,3,1,6,4,8,7,3,1,3,6,2,1,6,2,1,5,2,2,4,1,4,7,2,4,5,3,2,5,2,3,5,4,1,2,3,6,3,4,1,7,7,1,3,2,6,2,4,5,20,3,4,1,4,4,5,6,2,3,2,2,7,1,4,3,2,5,6,1,2,2,3,5,2,7,4,2,1,7,1,6,2,2,1,3,4,4,7,2,1
4,5,7,5,3,2,5,4,8,4,2,6,4,3,2,2,1,7,2,4,3,2,4,6,4,4,4,4,6,4,0,7,3,4,9,3,0,6,1,1,4,2,0,2,2,2,4,2,5,7,3,4,3,6,3,4,1,6,6,3,2,2,1,6,6,1,4,5,2,3,8,6,2,3,6,3,4,1,7,7,1,3,2,6,2,4,5,20,3,4,1,4,4,5,6,2,3,2,2,7,1,4,3,2,5,6,1,2,2,3,5,2,7,4,2,1,7,1,6,2,2,1,3,4,4,7,2,1
4,5,7,5,3,2,5,4,8,4,2,6,4,3,2,2,1,7,2,4,3,2,4,6,4,4,4,4,6,4,0,7,3,4,9,3,0,6,1,1,4,2,0,2,2,2,4,2,5,7,3,4,3,6,3,4,1,6,6,3,2,2,1,6,6,1,4,5,2,3,8,6,2,3,6,5,2,1,4,4,3,3,3,3,3,2,2,1,1,42,17,6,0,4,5,1,3,4,1,2,3,4,1,1,5,1,2,4,1,4,3,2,4,3,5,3,5,1,2,4,1,4,6,1,5,2,2,2
1,5,3,3,3,2,1,1,3,2,7,2,4,5,4,8,5,9,6,4,1,3,0,2,3,4,4,8,2,4,9,5,4,4,8,1,0,5,3,2,3,3,7,2,3,2,4,3,3,7,5,5,3,5,6,4,3,3,11,1,6,1,3,2,3,2,2,3,5,2,1,6,3,3,2,4,2,1,4,4,3,3,3,3,3,2,2,1,1,42,17,6,0,4,5,1,3,4,1,2,3,4,1,1,5,1,2,4,1,4,3,2,4,3,5,3,5,1,2,4,1,4,6,1,5,2,2,2
1,5,3,3,3,2,1,1,3,2,7,2,4,5,4,8,5,9,6,4,1,3,0,2,3,4,4,8,2,4,9,5,4,4,8,1,0,5,3,2,3,3,7,2,3,2,4,3,3,7,5,5,3,5,6,4,3,3,11,1,6,1,3,2,3,2,2,3,5,2,1,6,3,3,2,4,5,2,3,6,3,2,7,2,3,5,10,2,3,6,4,3,6,7,2,5,1,3,3,2,2,3,4,4,3,8,1,3,2,2,2,4,8,1,2,3,3,2,4,3,4,2,5,4,5,2,4,3
5,1,8,6,3,2,3,1,3,3,4,5,2,4,6,2,3,1,4,5,2,3,1,4,3,2,5,3,2,5,4,3,2,2,4,6,3,7,1,6,3,6,5,4,1,2,2,5,2,4,4,2,6,5,1,7,2,0,2,2,2,10,2,3,3,2,3,4,1,2,5,6,4,2,3,4,5,2,3,6,3,2,7,2,3,5,10,2,3,6,4,3,6,7,2,5,1,3,3,2,2,3,4,4,3,8,1,3,2,2,2,4,8,1,2,3,3,2,4,3,4,2,5,4,5,2,4,3
5,1,8,6,3,2,3,1,3,3,4,5,2,4,6,2,3,1,4,5,2,3,1,4,3,2,5,3,2,5,4,3,2,2,4,6,3,7,1,6,3,6,5,4,1,2,2,5,2,4,4,2,6,5,1,7,2,0,2,2,2,10,2,3,3,2,3,4,1,2,5,6,4,2,3,1,2,6,3,4,2,6,6,4,2,5,4,0,3,5,3,5,2,3,3,27,14,2,1,4,7,3,3,5,0,5,3,1,3,7,2,6,4,2,7,3,2,8,2,4,3,4,1,3,3,1,3,5
2,3,2,3,4,3,5,4,2,4,13,4,4,3,4,3,3,3,3,5,7,0,4,1,1,3,0,3,2,3,5,3,2,7,4,3,3,3,5,3,2,6,4,2,2,6,7,0,5,2,3,2,7,1,5,3,4,4,1,3,1,4,4,6,8,3,7,2,3,3,4,3,6,1,2,1,2,6,3,4,2,6,6,4,2,5,4,0,3,5,3,5,2,3,3,27,14,2,1,4,7,3,3,5,0,5,3,1,3,7,2,6,4,2,7,3,2,8,2,4,3,4,1,3,3,1,3,5
2,3,2,3,4,3,5,4,2,4,13,4,4,3,4,3,3,3,3,5,7,0,4,1,1,3,0,3,2,3,5,3,2,7,4,3,3,3,5,3,2,6,4,2,2,6,7,0,5,2,3,2,7,1,5,3,4,4,1,3,1,4,4,6,8,3,7,2,3,3,4,3,6,1,2,3,1,2,5,2,4,5,3,5,5,4,2,5,10,1,3,4,2,4,9,1,5,3,3,3,3,3,2,2,7,5,4,4,3,2,3,3,4,4,4,1,3,7,5,3,7,2,4,4,1,1,3,1
2,2,3,2,5,5,1,6,9,3,3,3,4,8,4,5,5,2,3,5,5,3,3,1,8,3,3,2,6,4,3,3,2,1,3,1,8,3,6,3,1,3,3,5,5,2,3,4,4,4,1,3,3,3,3,2,4,2,6,5,2,6,1,6,3,7,1,3,5,3,3,5,3,2,5,3,1,2,5,2,4,5,3,5,5,4,2,5,10,1,3,4,2,4,9,1,5,3,3,3,3,3,2,2,7,5,4,4,3,2,3,3,4,4,4,1,3,7,5,3,7,2,4,4,1,1,3,1
2,2,3,2,5,5,1,6,9,3,3,3,4,8,4,5,5,2,3,5,5,3,3,1,8,3,3,2,6,4,3,3,2,1,3,1,8,3,6,3,1,3,3,5,5,2,3,4,4,4,1,3,3,3,3,2,4,2,6,5,2,6,1,6,3,7,1,3,5,3,3,5,3,2,5,3,1,1,5,5,2,2,4,5,1,2,4,2,3,6,1,1,3,4,7,4,2,24,1,7,1,4,2,4,3,3,1,4,2,2,3,2,0,4,1,4,5,2,6,5,5,5,2,4,3,5,2,3
3,3,2,3,4,4,6,2,5,1,3,4,5,2,6,1,4,3,5,3,2,6,1,8,3,4,2,4,2,2,4,2,3,4,5,4,4,7,4,7,5,5,3,4,3,4,4,3,3,1,4,7,4,2,4,3,3,4,4,4,3,1,8,2,2,3,6,1,1,2,3,2,2,4,2,3,1,1,5,5,2,2,4,5,1,2,4,2,3,6,1,1,3,4,7,4,2,24,1,7,1,4,2,4,3,3,1,4,2,2,3,2,0,4,1,4,5,2,6,5,5,5,2,4,3,5,2,3
3,3,2,3,4,4,6,2,5,1,3,4,5,2,6,1,4,3,5,3,2,6,1,8,3,4,2,4,2,2,4,2,3,4,5,4,4,7,4,7,5,5,3,4,3,4,4,3,3,1,4,7,4,2,4,3,3,4,4,4,3,1,8,2,2,3,6,1,1,2,3,2,2,4,2,4,2,3,4,3,3,2,4,4,0,5,8,3,2,1,3,4,30,2,0,3,2,6,2,7,1,4,3,3,2,2,1,2,3,4,2,4,1,5,2,3,5,4,1,5,1,2,7,5,3,3,5,5
3,4,2,2,1,5,3,6,1,3,1,1,6,9,4,3,1,1,4,2,2,4,5,2,6,2,7,7,6,3,5,5,3,4,2,3,6,2,6,2,1,5,2,4,4,4,5,6,3,3,4,5,8,3,4,4,3,5,4,2,0,1,2,4,2,1,1,2,6,3,6,2,7,2,3,4,2,3,4,3,3,2,4,4,0,5,8,3,2,1,3,4,30,2,0,3,2,6,2,7,1,4,3,3,2,2,1,2,3,4,2,4,1,5,2,3,5,4,1,5,1,2,7,5,3,3,5,5
3,4,2,2,1,5,3,6,1,3,1,1,6,9,4,3,1,1,4,2,2,4,5,2,6,2,7,7,6,3,5,5,3,4,2,3,6,2,6,2,1,5,2,4,4,4,5,6,3,3,4,5,8,3,4,4,3,5,4,2,0,1,2,4,2,1,1,2,6,3,6,2,7,2,3,5,1,2,3,3,3,2,2,2,4,1,4,2,4,4,8,3,3,23,5,1,5,3,1,4,1,6,4,1,4,4,4,4,5,1,4,6,5,1,2,3,5,4,2,2,4,6,1,1,4,4,2,3
2,0,4,3,1,7,1,5,1,4,2,3,1,2,4,3,5,4,3,0,3,2,4,4,7,7,4,3,2,1,4,5,2,5,6,3,5,9,5,1,3,2,3,4,2,2,5,3,4,7,3,3,2,4,8,4,4,8,4,3,2,2,4,1,2,5,2,7,2,3,3,1,4,7,1,5,1,2,3,3,3,2,2,2,4,1,4,2,4,4,8,3,3,23,5,1,5,3,1,4,1,6,4,1,4,4,4,4,5,1,4,6,5,1,2,3,5,4,2,2,4,6,1,1,4,4,2,3
2,0,4,3,1,7,1,5,1,4,2,3,1,2,4,3,5,4,3,0,3,2,4,4,7,7,4,3,2,1,4,5,2,5,6,3,5,9,5,1,3,2,3,4,2,2,5,3,4,7,3,3,2,4,8,4,4,8,4,3,2,2,4,1,2,5,2,7,2,3,3,1,4,7,1,7,2,7,4,1,2,5,4,5,0,3,5,2,6,31,3,2,0,0,3,2,2,3,5,3,3,4,3,6,1,5,2,2,4,5,4,2,9,4,4,1,3,4,2,6,4,4,2,3,2,2,6,3
1,2,3,7,2,1,2,5,4,4,5,4,2,5,1,5,6,4,2,0,1,4,6,8,3,2,2,5,2,6,4,2,2,4,1,5,1,3,2,3,2,2,2,6,3,5,1,7,2,2,1,1,4,4,3,3,4,1,3,4,6,3,1,1,3,1,1,1,2,6,3,6,3,3,3,0,2,7,4,1,2,5,4,5,0,3,5,2,6,31,3,2,0,0,3,2,2,3,5,3,3,4,3,6,1,5,2,2,4,5,4,2,9,4,4,1,3,4,2,6,4,4,2,3,2,2,6,3
1,2,3,7,2,1,2,5,4,4,5,4,2,5,1,5,6,4,2,0,1,4,6,8,3,2,2,5,2,6,4,2,2,4,1,5,1,3,2,3,2,2,2,6,3,5,1,7,2,2,1,1,4,4,3,3,4,1,3,4,6,3,1,1,3,1,1,1,2,6,3,6,3,3,3,4,3,8,4,1,2,3,3,3,3,5,2,2,1,1,3,2,3,2,8,10,1,10,10,2,2,6,3,1,5,3,2,6,5,2,4,3,5,2,1,3,4,2,1,5,4,1,3,2,1,2,7,3
4,2,5,6,3,3,1,2,1,2,2,3,6,1,2,4,4,3,7,5,5,2,3,1,3,4,1,2,2,4,8,1,12,4,5,4,5,3,2,3,4,4,3,4,3,2,3,2,2,2,5,4,4,2,2,3,5,6,2,5,2,2,1,2,1,0,3,1,3,3,2,4,0,2,1,4,3,8,4,1,2,3,3,3,3,5,2,2,1,1,3,2,3,2,8,10,1,10,10,2,2,6,3,1,5,3,2,6,5,2,4,3,5,2,1,3,4,2,1,5,4,1,3,2,1,2,7,3
4,2,5,6,3,3,1,2,1,2,2,3,6,1,2,4,4,3,7,5,5,2,3,1,3,4,1,2,2,4,8,1,12,4,5,4,5,3,2,3,4,4,3,4,3,2,3,2,2,2,5,4,4,2,2,3,5,6,2,5,2,2,1,2,1,0,3,1,3,3,2,4,0,2,6,1,8,3,2,3,2,4,6,7,1,3,1,1,2,3,1,32,4,6,3,3,0,1,3,4,3,3,2,2,4,8,3,4,5,1,2,4,3,3,4,7,3,4,3,0,4,2,5,3,3,2,3,5
4,5,4,4,4,3,3,3,3,3,2,3,4,3,4,5,5,2,3,4,6,3,4,1,4,5,1,2,8,1,2,2,1,3,3,6,4,2,1,2,4,4,2,0,5,1,6,4,1,1,5,4,4,3,1,8,2,8,7,3,2,4,4,2,2,4,2,7,6,0,4,5,4,3,1,1,8,3,2,3,2,4,6,7,1,3,1,1,2,3,1,32,4,6,3,3,0,1,3,4,3,3,2,2,4,8,3,4,5,1,2,4,3,3,4,7,3,4,3,0,4,2,5,3,3,2,3,5
4,5,4,4,4,3,3,3,3,3,2,3,4,3,4,5,5,2,3,4,6,3,4,1,4,5,1,2,8,1,2,2,1,3,3,6,4,2,1,2,4,4,2,0,5,1,6,4,1,1,5,4,4,3,1,8,2,8,7,3,2,4,4,2,2,4,2,7,6,0,4,5,4,3,1,6,4,2,3,8,7,2,2,4,2,2,4,4,5,3,7,1,3,2,2,4,4,2,11,4,4,2,1,1,5,5,5,1,3,1,3,3,2,2,4,8,3,2,3,3,3,7,3,1,2,2,2,4
2,4,5,4,2,1,2,6,5,4,2,1,3,5,4,4,2,3,6,4,4,3,8,1,5,6,4,0,4,4,5,3,2,3,4,1,7,2,1,2,6,2,4,4,8,3,5,2,4,6,6,1,2,3,4,3,5,3,4,3,4,2,3,5,4,2,3,3,1,2,5,1,4,1,3,6,4,2,3,8,7,2,2,4,2,2,4,4,5,3,7,1,3,2,2,4,4,2,11,4,4,2,1,1,5,5,5,1,3,1,3,3,2,2,4,8,3,2,3,3,3,7,3,1,2,2,2,4
1,4,5,4,2,1,2,6,5,4,2,1,3,5,4,4,2,3,6,4,4,3,8,1,5,6,4,0,4,4,5,3,2,3,4,1,7,2,1,2,6,2,4,4,8,3,5,2,4,6,6,1,2,3,4,3,5,3,4,3,4,2,3,5,4,2,3,3,1,2,5,1,4,1,3,2,2,2,4,4,5,5,1,19,2,3,2,4,2,4,3,6,2,2,9,7,2,2,3,3,2,3,3,3,1,3,3,2,4,5,2,2,3,2,3,1,1,5,8,3,1,4,5,3,4,1,2,3
2,5,1,1,1,2,5,4,4,7,4,2,7,2,2,4,6,3,0,1,5,3,4,5,3,4,3,3,1,3,3,4,8,2,4,4,4,3,2,2,4,3,3,4,3,3,5,2,5,4,2,2,1,3,1,2,6,3,6,2,1,5,3,3,3,2,3,3,3,4,3,1,2,3,3,2,2,2,4,4,5,5,1,19,2,3,2,4,2,4,3,6,2,2,9,7,2,2,3,3,2,3,3,3,1,3,3,2,4,5,2,2,3,2,3,1,1,5,8,3,1,4,5,3,4,1,2,3
2,5,1,1,1,2,5,4,4,7,4,2,7,2,2,4,6,3,0,1,5,3,4,5,3,4,3,3,1,3,3,4,8,2,4,4,4,3,2,2,4,3,3,4,3,3,5,2,5,4,2,2,1,3,1,2,6,3,6,2,1,5,3,3,3,2,3,3,3,4,3,1,2,3,3,1,2,3,2,3,5,2,3,5,5,2,2,3,4,3,3,36,0,0,2,3,5,1,7,3,8,2,1,3,3,3,5,3,2,3,7,5,4,3,1,2,2,3,2,5,2,2,1,4,3,3,7,2
5,5,5,5,3,4,3,2,2,5,2,4,4,3,1,2,5,3,3,2,1,3,2,1,3,4,3,2,5,4,4,1,3,8,1,3,7,3,2,5,2,2,2,3,7,7,4,5,5,1,4,3,4,4,2,6,3,2,2,3,6,1,3,3,3,2,6,4,4,5,2,6,4,4,1,1,2,3,2,3,5,2,3,5,5,2,2,3,4,3,3,36,0,0,2,3,5,1,7,3,8,2,1,3,3,3,5,3,2,3,7,5,4,3,1,2,2,3,2,5,2,2,1,4,3,3,7,2
5,5,5,5,3,4,3,2,2,5,2,4,4,3,1,2,5,3,3,2,1,3,2,1,3,4,3,2,5,4,4,1,3,8,1,3,7,3,2,5,2,2,2,3,7,7,4,5,5,1,4,3,4,4,2,6,3,2,2,3,6,1,3,3,3,2,6,4,4,5,2,6,4,4,0,2,4,3,3,4,5,3,7,2,2,3,3,1,22,7,0,0,4,4,3,4,6,6,6,8,3,1,5,5,2,3,4,6,2,3,4,0,7,4,2,4,3,2,1,5,5,5,1,4,1,3,2,3
5,0,2,2,2,5,2,29,2,5,3,1,2,0,0,3,3,1,3,3,2,3,3,5,2,7,2,2,5,6,3,4,4,5,27,2,3,2,1,2,2,3,9,2,6,3,7,0,6,7,2,3,2,2,3,2,17,8,20,3,3,4,3,2,22,16,1,2,4,3,7,17,1,2,3,2,4,3,3,4,5,3,7,2,2,3,3,1,22,7,0,0,4,4,3,4,6,6,6,8,3,1,5,5,2,3,4,6,2,3,4,0,7,4,2,4,3,2,1,5,5,5,1,4,1,3,2,3
5,0,2,2,2,5,2,29,2,5,3,1,2,0,0,3,3,1,3,3,2,3,3,5,2,7,2,2,5,6,3,4,4,5,27,2,3,2,1,2,2,3,9,2,6,3,7,0,6,7,2,3,2,2,3,2,17,8,20,3,3,4,3,2,22,16,1,2,4,3,7,17,1,2,23,12,4,2,4,5,2,1,1,1,4,6,9,27,2,2,1,4,3,2,4,1,2,2,2,40,17,3,3,32,0,10,1,3,0,3,3,4,3,9,1,3,3,3,2,2,6,2,2,7,2,3,5,0
0,6,2,3,4,1,4,5,6,4,2,5,0,3,3,4,1,4,5,1,3,5,1,4,3,7,1,5,4,2,2,3,2,3,3,11,5,2,10,2,4,4,7,4,3,4,6,5,9,5,3,6,4,1,1,2,2,3,4,4,1,5,1,2,5,5,3,1,3,3,2,2,2,3,23,12,4,2,4,5,2,1,1,1,4,6,9,27,2,2,1,4,3,2,4,1,2,2,2,40,17,3,3,32,0,10,1,3,0,3,3,4,3,9,1,3,3,3,2,2,6,2,2,7,2,3,5,0
2,6,2,3,4,1,4,5,6,4,2,5,0,3,3,4,1,4,5,1,3,5,1,4,3,7,1,5,4,2,2,3,2,3,3,11,5,2,10,2,4,4,7,4,3,4,6,5,9,5,3,6,4,1,1,2,2,3,4,4,1,5,1,2,5,5,3,1,3,3,2,2,2,3,6,10,4,2,5,3,1,6,6,2,2,40,28,0,4,0,0,4,5,0,0,2,5,4,3,3,3,5,3,3,4,4,1,3,3,2,4,3,5,4,3,5,6,1,1,3,4,2,6,3,1,7,3,2
4,4,2,6,4,5,1,3,3,3,4,4,2,1,5,3,6,3,4,5,3,2,7,1,2,3,1,3,4,3,2,1,3,3,5,3,2,2,8,1,8,2,4,8,1,4,5,3,3,2,4,5,7,4,2,2,3,2,5,5,3,5,1,3,6,2,1,5,2,5,2,3,4,1,2,10,4,2,5,3,1,6,6,2,2,40,28,0,4,0,0,4,5,0,0,2,5,4,3,3,3,5,3,3,4,4,1,3,3,2,4,3,5,4,3,5,6,1,1,3,4,2,6,3,1,7,3,2
4,4,2,6,4,5,1,3,3,3,4,4,2,1,5,3,6,3,4,5,3,2,7,1,2,3,1,3,4,3,2,1,3,3,5,3,2,2,8,1,8,2,4,8,1,4,5,3,3,2,4,5,7,4,2,2,3,2,5,5,3,5,1,3,6,2,1,5,2,5,2,3,4,1,2,3,6,5,3,5,3,3,3,5,5,5,30,0,1,6,5,3,5,1,5,4,3,7,2,5,3,3,5,3,4,4,3,2,2,10,6,4,4,7,4,4,3,2,6,1,2,6,3,3,5,7,1,3
3,4,2,5,3,4,5,3,3,6,1,5,4,2,5,2,5,3,1,1,1,4,1,4,4,2,2,1,3,5,5,2,2,1,2,3,4,3,2,5,1,2,3,2,5,1,4,1,2,2,4,3,1,2,0,4,3,3,4,3,1,8,3,2,3,2,10,1,2,3,4,3,5,4,8,3,6,5,3,5,3,3,3,5,5,5,30,0,1,6,5,3,5,1,5,4,3,7,2,5,3,3,5,3,4,4,3,2,2,10,6,4,4,7,4,4,3,2,6,1,2,6,3,3,5,7,1,3
3,4,2,5,3,4,5,3,3,6,1,5,4,2,5,2,5,3,1,1,1,4,1,4,4,2,2,1,3,5,5,2,2,1,2,3,4,3,2,5,1,2,3,2,5,1,4,1,2,2,4,3,1,2,0,4,3,3,4,3,1,8,3,2,3,2,10,1,2,3,4,3,5,4,8,1,3,2,2,1,2,6,3,1,3,6,31,0,3,3,3,4,1,2,6,5,7,7,2,4,9,2,7,7,4,3,3,6,5,2,4,3,5,2,2,2,3,2,3,2,1,3,5,6,3,3,4,1
1,2,4,3,4,5,3,3,7,1,2,4,9,1,2,2,4,2,8,4,7,7,0,7,1,3,3,3,1,4,2,4,1,5,3,8,3,3,2,4,3,3,6,3,2,9,2,1,3,2,2,3,4,1,3,3,2,2,5,2,4,2,2,2,5,1,2,3,4,3,3,3,3,2,5,1,3,2,2,1,2,6,3,1,3,6,31,0,3,3,3,4,1,2,6,5,7,7,2,4,9,2,7,7,4,3,3,6,5,2,4,3,5,2,2,2,3,2,3,2,1,3,5,6,3,3,4,1
1,2,4,3,4,5,3,3,7,1,2,4,9,1,2,2,4,2,8,4,7,7,0,7,1,3,3,3,1,4,2,4,1,5,3,8,3,3,2,4,3,3,6,3,2,9,2,1,3,2,2,3,4,1,3,3,2,2,5,2,4,2,2,2,5,1,2,3,4,3,3,3,3,2,5,2,4,4,1,6,1,3,5,3,0,0,3,3,4,3,4,11,2,3,2,2,3,10,1,3,3,5,4,2,2,5,1,5,3,4,1,1,2,3,3,3,2,8,1,1,3,3,5,4,3,2,1,2
4,3,5,5,1,2,3,3,4,5,3,2,1,2,1,5,2,2,4,6,3,3,3,1,4,2,5,4,2,10,2,3,3,2,4,6,1,2,5,2,4,6,3,2,3,2,6,4,7,4,4,0,10,2,2,4,5,1,6,8,3,2,1,2,3,2,2,4,3,4,2,5,2,5,2,2,4,4,1,6,1,3,5,3,0,0,3,3,4,3,4,11,2,3,2,2,3,10,1,3,3,5,4,2,2,5,1,5,3,4,1,1,2,3,3,3,2,8,1,1,3,3,5,4,3,2,1,2
6,3,5,5,1,2,3,3,4,5,3,2,1,2,1,5,2,2,4,6,3,3,3,1,4,2,5,4,2,10,2,3,3,2,4,6,1,2,5,2,4,6,3,2,3,2,6,4,7,4,4,0,10,2,2,4,5,1,6,8,3,2,1,2,3,2,2,4,3,4,2,5,2,5,2,3,1,1,4,4,5,2,3,1,0,5,2,5,5,4,4,17,1,1,2,5,3,3,2,3,2,0,2,3,2,1,4,3,2,3,4,3,7,2,2,2,3,4,3,2,4,3,4,3,2,5,2,7
6,2,3,4,4,1,3,4,1,3,4,6,2,2,3,2,3,6,4,3,5,2,3,2,3,4,3,3,5,5,1,2,2,3,3,9,3,6,2,3,6,4,5,2,1,3,4,1,7,7,3,2,1,2,4,8,6,1,3,2,4,2,3,1,4,3,3,5,7,4,3,3,2,3,2,4,1,1,4,4,5,2,3,1,0,5,2,5,5,4,4,17,1,1,2,5,3,3,2,3,2,0,2,3,2,1,4,3,2,3,4,3,7,2,2,2,3,4,3,2,4,3,4,3,2,5,2,7
2,2,3,4,4,1,3,4,1,3,4,6,2,2,3,2,3,6,4,3,5,2,3,2,3,4,3,3,5,5,1,2,2,3,3,9,3,6,2,3,6,4,5,2,1,3,4,1,7,7,3,2,1,2,4,8,6,1,3,2,4,2,3,1,4,3,3,5,7,4,3,3,2,3,2,4,1,1,2,5,2,36,0,0,2,2,1,3,4,2,3,3,5,2,5,0,3,5,11,4,4,4,0,4,1,4,3,2,4,1,2,1,6,7,2,2,4,9,3,2,2,4,4,2,1,1,5,3
2,7,2,3,7,2,3,4,2,3,4,3,3,2,6,1,2,5,3,5,2,2,7,4,3,4,6,4,2,2,4,4,5,4,1,2,6,2,5,3,3,4,4,4,8,3,6,6,2,1,3,1,4,2,3,2,3,4,1,5,8,4,4,1,3,3,4,1,6,5,3,3,3,2,2,4,1,1,2,5,2,36,0,0,2,2,1,3,4,2,3,3,5,2,5,0,3,5,11,4,4,4,0,4,1,4,3,2,4,1,2,1,6,7,2,2,4,9,3,2,2,4,4,2,1,1,5,3
0,7,2,3,7,2,3,4,2,3,4,3,3,2,6,1,2,5,3,5,2,2,7,4,3,4,6,4,2,2,4,4,5,4,1,2,6,2,5,3,3,4,4,4,8,3,6,6,2,1,3,1,4,2,3,2,3,4,1,5,8,4,4,1,3,3,4,1,6,5,3,3,3,2,2,6,5,2,2,4,5,2,4,7,4,2,1,3,3,6,6,5,1,4,3,17,0,2,2,7,2,7,2,2,2,5,1,2,4,1,6,3,0,3,3,5,3,2,1,8,1,1,4,1,5,2,2,5
4,1,4,4,1,4,2,1,5,5,2,8,1,3,2,1,3,3,4,1,4,2,3,4,2,3,2,3,4,2,2,3,3,2,7,2,1,4,4,5,2,3,1,3,6,2,4,1,2,4,5,2,2,6,4,3,5,2,1,2,3,4,1,4,10,3,6,4,4,3,2,5,4,2,2,6,5,2,2,4,5,2,4,7,4,2,1,3,3,6,6,5,1,4,3,17,0,2,2,7,2,7,2,2,2,5,1,2,4,1,6,3,0,3,3,5,3,2,1,8,1,1,4,1,5,2,2,5
4,1,4,4,1,4,2,1,5,5,2,8,1,3,2,1,3,3,4,1,4,2,3,4,2,3,2,3,4,2,2,3,3,2,7,2,1,4,4,5,2,3,1,3,6,2,4,1,2,4,5,2,2,6,4,3,5,2,1,2,3,4,1,4,10,3,6,4,4,3,2,5,4,2,2,2,4,6,3,1,1,2,1,6,6,1,3,4,3,3,2,2,2,7,6,3,1,7,4,3,5,4,1,4,5,1,3,5,4,4,1,4,3,2,5,4,3,4,3,1,9,2,3,6,6,4,5,1
2,2,2,10,2,2,4,0,6,5,2,1,4,2,1,2,7,1,4,2,4,3,4,2,2,6,4,4,2,6,1,3,4,2,1,2,3,3,3,7,6,5,6,4,6,5,2,6,3,0,0,2,5,1,7,8,1,2,2,2,3,2,4,5,2,5,2,4,4,2,2,3,3,4,5,2,4,6,3,1,1,2,1,6,6,1,3,4,3,3,2,2,2,7,6,3,1,7,4,3,5,4,1,4,5,1,3,5,4,4,1,4,3,2,5,4,3,4,3,1,9,2,3,6,6,4,5,1
1,2,2,10,2,2,4,0,6,5,2,1,4,2,1,2,7,1,4,2,4,3,4,2,2,6,4,4,2,6,1,3,4,2,1,2,3,3,3,7,6,5,6,4,6,5,2,6,3,0,0,2,5,1,7,8,1,2,2,2,3,2,4,5,2,5,2,4,4,2,2,3,3,4,5,2,2,2,4,1,2,1,5,2,2,3,3,4,3,3,3,5,11,2,4,1,3,3,4,4,7,1,4,9,3,2,2,5,3,3,4,3,1,3,6,3,4,3,6,3,3,2,4,2,1,2,5,3
1,3,3,4,4,4,4,4,6,2,1,2,5,3,4,0,5,1,6,1,5,3,2,3,2,3,5,3,5,3,1,6,4,1,3,5,5,2,4,4,1,6,2,2,5,5,2,3,1,4,1,5,1,2,3,3,2,2,2,4,2,6,10,4,7,6,2,4,0,4,2,3,2,2,7,2,2,2,4,1,2,1,5,2,2,3,3,4,3,3,3,5,11,2,4,1,3,3,4,4,7,1,4,9,3,2,2,5,3,3,4,3,1,3,6,3,4,3,6,3,3,2,4,2,1,2,5,3
5,3,3,4,4,4,4,4,6,2,1,2,5,3,4,0,5,1,6,1,5,3,2,3,2,3,5,3,5,3,1,6,4,1,3,5,5,2,4,4,1,6,2,2,5,5,2,3,1,4,1,5,1,2,3,3,2,2,2,4,2,6,10,4,7,6,2,4,0,4,2,3,2,2,7,4,1,3,7,2,3,2,2,3,3,8,3,3,4,3,1,18,4,2,3,1,6,3,3,3,5,1,1,4,2,4,2,2,4,5,3,6,4,4,3,4,5,3,7,3,6,1,1,2,3,7,2,4
2,3,2,1,5,1,4,6,3,3,2,7,2,5,2,1,3,2,3,4,2,6,5,7,7,3,7,1,0,4,2,4,2,4,4,1,2,1,4,3,1,2,2,8,6,1,5,1,3,1,4,3,4,3,3,4,2,4,3,3,1,6,3,4,2,2,7,1,8,4,1,2,2,5,2,1,1,4,2,1,18,2,0,4,7,5,3,1,4,2,6,2,6,3,5,2,3,3,2,5,4,2,2,5,5,3,8,2,5,3,1,3,2,4,4,5,7,8,4,1,2,3,3,6,6,1,3,1
2,3,2,1,5,1,4,6,3,3,2,7,2,5,2,1,3,2,3,4,2,6,5,7,7,3,7,1,0,4,2,4,2,4,4,1,2,1,4,3,1,2,2,8,6,1,5,1,3,1,4,3,4,3,3,4,2,4,3,3,1,6,3,4,2,2,7,1,8,4,1,2,2,5,2,4,1,3,6,17,2,3,0,2,4,5,0,2,3,6,6,4,1,4,1,4,1,5,2,3,2,2,3,3,3,5,6,2,1,2,1,3,1,5,2,3,2,5,4,3,2,3,6,6,2,2,2,1
4,6,6,2,2,5,4,1,5,2,2,5,1,7,5,3,1,3,5,1,2,6,2,5,2,4,2,11,2,1,4,8,6,3,2,2,2,2,8,2,4,3,2,4,1,3,5,4,2,6,3,8,4,3,6,2,5,1,5,3,5,3,2,2,6,2,6,6,2,5,9,4,2,2,2,4,1,3,6,17,2,3,0,2,4,5,0,2,3,6,6,4,1,4,1,4,1,5,2,3,2,2,3,3,3,5,6,2,1,2,1,3,1,5,2,3,2,5,4,3,2,3,6,6,2,2,2,1
4,6,6,2,2,5,4,1,5,2,2,5,1,7,5,3,1,3,5,1,2,6,2,5,2,4,2,11,2,1,4,8,6,3,2,2,2,2,8,2,4,3,2,4,1,3,5,4,2,6,3,8,4,3,6,2,5,1,5,3,5,3,2,2,6,2,6,6,2,5,9,4,2,2,2,5,2,8,15,6,2,4,3,3,1,1,3,4,9,4,1,2,2,4,4,4,2,5,2,3,5,3,5,3,4,1,4,5,3,0,2,4,4,5,8,1,6,2,3,4,2,1,2,1,3,3,3,3
4,4,6,3,4,1,2,2,1,2,2,1,3,2,3,3,3,3,2,3,2,3,3,1,3,3,2,4,7,3,4,5,2,3,4,0,4,5,1,1,9,2,0,5,2,0,4,1,3,6,3,4,2,3,3,2,3,2,5,3,3,2,3,2,3,6,3,2,3,9,4,4,2,3,2,5,2,8,15,6,2,4,3,3,1,1,3,4,9,4,1,2,2,4,4,4,2,5,2,3,5,3,5,3,4,1,4,5,3,0,2,4,4,5,8,1,6,2,3,4,2,1,2,1,3,3,3,3
4,4,6,3,4,1,2,2,1,2,2,1,3,2,3,3,3,3,2,3,2,3,3,1,3,3,2,4,7,3,4,5,2,3,4,0,4,5,1,1,9,2,0,5,2,0,4,1,3,6,3,4,2,3,3,2,3,2,5,3,3,2,3,2,3,6,3,2,3,9,4,4,2,3,2,5,0,7,1,4,4,3,2,3,4,3,3,4,3,2,5,23,1,4,4,2,4,2,5,5,1,2,4,4,4,2,4,2,2,4,4,4,4,2,3,4,2,5,6,2,9,3,6,9,6,2,2,4
2,5,3,4,6,3,2,2,2,1,2,5,1,3,7,1,2,4,3,2,1,1,4,3,5,2,2,5,7,2,2,4,5,6,1,2,6,3,4,6,1,4,5,5,3,4,3,3,2,4,3,5,4,3,7,4,2,4,4,4,3,3,2,2,9,4,1,3,2,1,3,1,3,3,2,1,0,7,1,4,4,3,2,3,4,3,3,4,3,2,5,23,1,4,4,2,4,2,5,5,1,2,4,4,4,2,4,2,2,4,4,4,4,2,3,4,2,5,6,2,9,3,6,9,6,2,2,4
2,5,3,4,6,3,2,2,2,1,2,5,1,3,7,1,2,4,3,2,1,1,4,3,5,2,2,5,7,2,2,4,5,6,1,2,6,3,4,6,1,4,5,5,3,4,3,3,2,4,3,5,4,3,7,4,2,4,4,4,3,3,2,2,9,4,1,3,2,1,3,1,3,3,2,4,4,6,7,2,3,1,6,2,1,4,3,7,4,4,4,2,4,4,3,3,3,1,4,4,5,4,2,2,5,2,4,2,4,3,3,2,4,3,10,2,8,4,4,0,3,2,2,0,1,2,2,3
6,2,4,0,4,0,3,2,1,2,6,4,5,3,4,3,3,6,4,2,2,5,1,5,5,1,2,4,2,3,6,4,2,2,4,1,5,5,5,2,2,2,1,4,2,1,3,2,3,2,3,4,4,1,6,2,3,4,6,1,1,2,5,2,2,2,4,2,2,3,3,6,2,3,8,4,4,6,7,2,3,1,6,2,1,4,3,7,4,4,4,2,4,4,3,3,3,1,4,4,5,4,2,2,5,2,4,2,4,3,3,2,4,3,10,2,8,4,4,0,3,2,2,0,1,2,2,3
6,2,4,0,4,0,3,2,1,2,6,4,5,3,4,3,3,6,4,2,2,5,1,5,5,1,2,4,2,3,6,4,2,2,4,1,5,5,5,2,2,2,1,4,2,1,3,2,3,2,3,4,4,1,6,2,3,4,6,1,1,2,5,2,2,2,4,2,2,3,3,6,2,3,8,3,2,2,3,4,2,4,2,2,1,3,3,5,4,30,3,3,2,2,5,2,1,2,1,3,1,5,2,5,5,5,3,3,1,3,6,2,5,2,1,2,2,5,3,1,2,3,4,3,5,2,5,2
1,1,1,3,3,3,3,2,3,5,1,3,5,4,4,3,8,4,4,3,2,1,4,2,3,3,4,4,4,2,1,1,2,2,3,2,2,6,4,4,1,3,11,1,2,2,4,3,0,3,2,1,3,5,4,4,1,2,2,4,5,3,2,3,4,10,6,1,6,3,1,1,1,3,3,3,2,2,3,4,2,4,2,2,1,3,3,5,4,30,3,3,2,2,5,2,1,2,1,3,1,5,2,5,5,5,3,3,1,3,6,2,5,2,1,2,2,5,3,1,2,3,4,3,5,2,5,2
7,1,1,3,3,3,3,2,3,5,1,3,5,4,4,3,8,4,4,3,2,1,4,2,3,3,4,4,4,2,1,1,2,2,3,2,2,6,4,4,1,3,11,1,2,2,4,3,0,3,2,1,3,5,4,4,1,2,2,4,5,3,2,3,4,10,6,1,6,3,1,1,1,3,2,4,3,5,1,4,6,1,2,1,2,6,3,2,10,4,6,2,4,4,2,3,1,4,3,7,3,9,4,5,3,4,4,4,3,7,3,4,9,5,2,3,1,3,1,5,5,2,6,5,1,4,2,6
7,5,5,2,1,8,1,3,1,2,1,2,6,5,1,4,2,4,3,3,3,4,4,6,6,0,4,6,2,2,6,8,3,2,2,1,2,1,2,4,6,2,3,6,4,5,7,5,6,2,2,3,2,4,2,2,1,4,3,3,3,2,5,3,5,3,6,2,2,3,4,4,0,3,4,4,3,5,1,4,6,1,2,1,2,6,3,2,10,4,6,2,4,4,2,3,1,4,3,7,3,9,4,5,3,4,4,4,3,7,3,4,9,5,2,3,1,3,1,5,5,2,6,5,1,4,2,6
4,5,5,2,1,8,1,3,1,2,1,2,6,5,1,4,2,4,3,3,3,4,4,6,6,0,4,6,2,2,6,8,3,2,2,1,2,1,2,4,6,2,3,6,4,5,7,5,6,2,2,3,2,4,2,2,1,4,3,3,3,2,5,3,5,3,6,2,2,3,4,4,0,3,4,2,2,3,6,3,1,1,2,10,3,3,7,2,31,12,0,0,3,1,6,4,4,1,1,2,5,3,3,1,4,1,7,5,2,3,5,5,2,4,5,0,1,5,5,5,5,5,2,7,2,2,1,2
4,4,5,3,4,2,1,2,4,5,1,3,5,1,3,2,5,3,2,4,2,2,6,3,5,5,6,3,3,1,5,1,7,4,3,2,1,9,2,10,2,7,5,1,5,1,6,5,1,5,2,7,8,3,2,3,4,6,3,4,1,5,2,2,3,3,4,1,2,5,3,3,0,3,1,2,2,3,6,3,1,1,2,10,3,3,7,2,31,12,0,0,3,1,6,4,4,1,1,2,5,3,3,1,4,1,7,5,2,3,5,5,2,4,5,0,1,5,5,5,5,5,2,7,2,2,1,2
4,4,5,3,4,2,1,2,4,5,1,3,5,1,3,2,5,3,2,4,2,2,6,3,5,5,6,3,3,1,5,1,7,4,3,2,1,9,2,10,2,7,5,1,5,1,6,5,1,5,2,7,8,3,2,3,4,6,3,4,1,5,2,2,3,3,4,1,2,5,3,3,0,3,1,2,1,3,7,2,3,4,1,2,5,2,4,2,2,3,3,2,3,1,1,3,2,3,2,3,6,2,4,2,3,5,2,3,2,2,3,2,7,3,4,2,5,4,2,8,3,2,5,3,4,4,5,2
3,9,3,2,5,3,7,1,1,5,2,3,2,1,2,3,7,3,5,5,0,4,4,3,3,2,3,2,2,5,2,1,2,4,4,2,6,2,3,5,6,3,2,5,4,1,1,6,3,1,5,2,4,7,4,3,1,1,7,7,3,6,4,2,1,7,2,1,7,4,9,6,2,2,2,2,1,3,7,2,3,4,1,2,5,2,4,2,2,3,3,2,3,1,1,3,2,3,2,3,6,2,4,2,3,5,2,3,2,2,3,2,7,3,4,2,5,4,2,8,3,2,5,3,4,4,5,2
3,9,3,2,5,3,7,1,1,5,2,3,2,1,2,3,7,3,5,5,0,4,4,3,3,2,3,2,2,5,2,1,2,4,4,2,6,2,3,5,6,3,2,5,4,1,1,6,3,1,5,2,4,7,4,3,1,1,7,7,3,6,4,2,1,7,2,1,7,4,9,6,2,2,2,3,9,5,1,4,4,5,4,4,4,2,5,4,5,2,3,2,39,17,1,0,1,6,0,1,2,1,2,3,3,1,7,3,6,1,4,5,4,3,0,3,5,3,9,1,3,4,5,3,0,4,7,4
3,4,7,1,4,1,2,4,5,1,3,5,2,3,1,2,4,7,1,3,3,2,3,2,2,1,1,2,4,2,3,5,2,7,4,3,4,6,6,3,2,2,0,3,2,2,3,8,1,3,2,11,2,4,3,3,3,6,3,3,3,1,8,2,3,7,4,3,1,3,3,2,5,6,2,3,9,5,1,4,4,5,4,4,4,2,5,4,5,2,3,2,39,17,1,0,1,6,0,1,2,1,2,3,3,1,7,3,6,1,4,5,4,3,0,3,5,3,9,1,3,4,5,3,0,4,7,4
3,4,7,1,4,1,2,4,5,1,3,5,2,3,1,2,4,7,1,3,3,2,3,2,2,1,1,2,4,2,3,5,2,7,4,3,4,6,6,3,2,2,0,3,2,2,3,8,1,3,2,11,2,4,3,3,3,6,3,3,3,1,8,2,3,7,4,3,1,3,3,2,5,6,2,2,7,3,4,3,3,4,3,2,3,6,3,3,2,5,35,2,1,3,2,0,2,3,5,5,1,1,3,2,6,2,3,2,2,8,0,3,4,3,4,3,2,2,9,6,3,9,2,2,3,3,2,3
1,4,3,3,6,3,2,4,4,1,2,1,1,4,4,2,4,2,6,5,4,8,7,3,2,1,7,1,10,1,3,4,3,3,3,4,2,3,5,5,1,4,7,7,3,4,1,5,5,4,5,1,3,1,3,2,4,8,3,6,2,5,2,1,1,3,4,0,1,2,2,1,1,3,2,2,7,3,4,3,3,4,3,2,3,6,3,3,2,5,35,2,1,3,2,0,2,3,5,5,1,1,3,2,6,2,3,2,2,8,0,3,4,3,4,3,2,2,9,6,3,9,2,2,3,3,2,3
1,4,3,3,6,3,2,4,4,1,2,1,1,4,4,2,4,2,6,5,4,8,7,3,2,1,7,1,10,1,3,4,3,3,3,4,2,3,5,5,1,4,7,7,3,4,1,5,5,4,5,1,3,1,3,2,4,8,3,6,2,5,2,1,1,3,4,0,1,2,2,1,1,3,2,2,3,4,5,2,2,5,5,3,2,1,5,3,2,38,0,3,2,2,4,4,4,2,1,1,0,8,2,3,3,4,5,2,3,3,5,4,4,4,2,7,5,2,4,3,4,0,5,3,5,5,4,4
1,5,5,4,3,6,3,5,5,6,4,3,5,0,7,4,4,2,4,5,2,6,1,4,4,2,4,3,1,3,8,2,1,4,3,7,2,1,2,3,3,3,2,2,5,2,4,8,3,4,4,1,4,2,6,4,6,3,2,2,2,2,3,3,3,1,2,4,3,1,2,3,7,2,2,2,3,4,5,2,2,5,5,3,2,1,5,3,2,38,0,3,2,2,4,4,4,2,1,1,0,8,2,3,3,4,5,2,3,3,5,4,4,4,2,7,5,2,4,3,4,0,5,3,5,5,4,4
1,5,5,4,3,6,3,5,5,6,4,3,5,0,7,4,4,2,4,5,2,6,1,4,4,2,4,3,1,3,8,2,1,4,3,7,2,1,2,3,3,3,2,2,5,2,4,8,3,4,4,1,4,2,6,4,6,3,2,2,2,2,3,3,3,1,2,4,3,1,2,3,7,2,2,5,4,3,7,3,3,3,2,4,3,2,4,39,16,1,5,1,3,4,1,0,4,1,4,2,0,5,2,4,3,4,3,6,9,3,3,2,3,1,4,2,3,3,2,1,11,3,1,1,5,2,3,2
2,3,5,3,1,2,3,3,4,3,1,5,7,2,6,2,3,1,3,2,3,3,3,2,1,8,6,9,5,3,6,2,6,3,5,0,7,4,5,2,4,6,5,5,1,4,3,4,3,4,2,3,7,4,3,3,1,4,3,5,5,6,6,3,4,1,4,1,4,3,4,2,3,3,3,5,4,3,7,3,3,3,2,4,3,2,4,39,16,1,5,1,3,4,1,0,4,1,4,2,0,5,2,4,3,4,3,6,9,3,3,2,3,1,4,2,3,3,2,1,11,3,1,1,5,2,3,2
2,3,5,3,1,2,3,3,4,3,1,5,7,2,6,2,3,1,3,2,3,3,3,2,1,8,6,9,5,3,6,2,6,3,5,0,7,4,5,2,4,6,5,5,1,4,3,4,3,4,2,3,7,4,3,3,1,4,3,5,5,6,6,3,4,1,4,1,4,3,4,2,3,3,3,3,6,2,3,1,1,3,2,5,3,3,6,7,7,0,2,3,36,2,0,5,0,2,2,3,1,5,3,2,6,2,0,5,6,3,3,5,7,3,4,3,1,0,5,2,4,2,4,3,3,4,1,7
2,1,6,5,4,3,3,5,2,2,8,3,1,3,3,2,3,5,4,1,1,1,2,4,7,1,4,4,4,6,4,0,5,6,3,3,2,4,4,3,3,2,7,3,1,1,2,4,4,2,3,4,4,2,1,4,1,5,2,7,5,1,5,1,2,5,4,7,3,3,3,3,5,2,2,3,6,2,3,1,1,3,2,5,3,3,6,7,7,0,2,3,36,2,0,5,0,2,2,3,1,5,3,2,6,2,0,5,6,3,3,5,7,3,4,3,1,0,5,2,4,2,4,3,3,4,1,7
2,1,6,5,4,3,3,5,2,2,8,3,1,3,3,2,3,5,4,1,1,1,2,4,7,1,4,4,4,6,4,0,5,6,3,3,2,4,4,3,3,2,7,3,1,1,2,4,4,2,3,4,4,2,1,4,1,5,2,7,5,1,5,1,2,5,4,7,3,3,3,3,5,2,2,4,3,6,3,5,4,3,2,2,7,5,3,6,2,3,24,2,1,2,2,3,2,4,6,1,2,3,5,3,2,8,3,5,4,4,3,5,1,3,2,1,1,6,4,2,5,5,3,6,3,3,1,3
6,5,4,1,0,4,2,3,2,3,3,7,3,5,5,3,6,1,4,2,2,2,8,4,5,3,5,2,4,7,4,5,4,2,1,2,2,12,2,3,3,1,5,4,7,4,4,3,3,1,4,8,4,6,1,5,4,8,2,3,5,2,3,2,2,2,2,2,1,4,4,0,2,1,3,4,3,6,3,5,4,3,2,2,7,5,3,6,2,3,24,2,1,2,2,3,2,4,6,1,2,3,5,3,2,8,3,5,4,4,3,5,1,3,2,1,1,6,4,2,5,5,3,6,3,3,1,3
6,5,4,1,0,4,2,3,2,3,3,7,3,5,5,3,6,1,4,2,2,2,8,4,5,3,5,2,4,7,4,5,4,2,1,2,2,12,2,3,3,1,5,4,7,4,4,3,3,1,4,8,4,6,1,5,4,8,2,3,5,2,3,2,2,2,2,2,1,4,4,0,2,1,3,4,4,3,4,1,9,3,2,4,6,2,2,6,4,21,4,2,4,1,3,5,5,3,2,3,3,3,3,6,3,6,1,0,1,3,1,2,9,5,2,3,6,2,4,5,3,2,2,2,1,3,2,4
2,7,0,0,5,2,2,4,1,2,4,3,1,2,5,2,1,3,3,7,2,3,4,2,1,7,3,4,2,4,3,3,2,2,6,1,2,4,5,2,3,0,4,2,4,3,3,4,6,7,5,2,3,1,1,2,5,6,4,4,3,2,3,4,3,3,8,8,3,5,6,5,1,1,4,4,4,3,4,1,9,3,2,4,6,2,2,6,4,21,4,2,4,1,3,5,5,3,2,3,3,3,3,6,3,6,1,0,1,3,1,2,9,5,2,3,6,2,4,5,3,2,2,2,1,3,2,4
1,7,0,0,5,2,2,4,1,2,4,3,1,2,5,2,1,3,3,7,2,3,4,2,1,7,3,4,2,4,3,3,2,2,6,1,2,4,5,2,3,0,4,2,4,3,3,4,6,7,5,2,3,1,1,2,5,6,4,4,3,2,3,4,3,3,8,8,3,5,6,5,1,1,4,3,2,4,6,4,1,2,1,3,7,5,2,3,1,2,24,20,6,4,2,2,2,5,4,1,2,1,4,4,3,5,4,1,6,3,1,4,3,4,6,2,3,1,6,7,4,5,2,4,4,2,4,2
4,11,5,1,4,4,3,1,4,2,1,2,6,6,6,4,3,1,5,8,3,3,2,3,3,5,7,2,2,2,2,3,2,3,3,1,3,5,2,3,4,2,8,4,2,2,5,4,2,3,3,1,1,2,3,3,5,4,6,5,1,4,3,3,3,6,5,5,3,3,6,5,2,2,2,3,2,4,6,4,1,2,1,3,7,5,2,3,1,2,24,20,6,4,2,2,2,5,4,1,2,1,4,4,3,5,4,1,6,3,1,4,3,4,6,2,3,1,6,7,4,5,2,4,4,2,4,2
4,11,5,1,4,4,3,1,4,2,1,2,6,6,6,4,3,1,5,8,3,3,2,3,3,5,7,2,2,2,2,3,2,3,3,1,3,5,2,3,4,2,8,4,2,2,5,4,2,3,3,1,1,2,3,3,5,4,6,5,1,4,3,3,3,6,5,5,3,3,6,5,2,2,2,4,2,3,3,5,1,4,2,4,3,1,4,3,3,4,5,4,8,24,13,3,1,3,2,2,4,6,5,4,2,6,5,2,4,4,2,1,4,6,4,9,3,3,3,5,1,3,4,2,2,6,5,4
4,12,5,3,2,3,2,2,2,4,6,4,3,3,2,1,6,2,1,3,4,6,3,2,7,4,5,4,3,5,3,5,5,3,3,2,3,2,5,2,1,3,2,3,4,3,6,1,3,3,3,3,5,2,3,4,5,1,5,4,2,5,5,3,5,1,1,7,7,2,4,1,3,3,5,4,2,3,3,5,1,4,2,4,3,1,4,3,3,4,5,4,8,24,13,3,1,3,2,2,4,6,5,4,2,6,5,2,4,4,2,1,4,6,4,9,3,3,3,5,1,3,4,2,2,6,5,4
4,12,5,3,2,3,2,2,2,4,6,4,3,3,2,1,6,2,1,3,4,6,3,2,7,4,5,4,3,5,3,5,5,3,3,2,3,2,5,2,1,3,2,3,4,3,6,1,3,3,3,3,5,2,3,4,5,1,5,4,2,5,5,3,5,1,1,7,7,2,4,1,3,3,5,4,3,3,4,2,3,4,6,2,3,2,4,5,3,3,2,5,6,3,3,2,3,2,5,1,4,4,5,1,5,2,3,1,4,2,3,8,3,4,3,5,3,1,3,1,4,2,2,3,3,4,6,4
1,1,4,3,2,1,1,5,2,2,6,3,5,3,2,2,5,4,3,2,4,5,7,0,5,4,4,5,1,3,3,4,4,1,3,3,4,3,3,2,5,2,5,3,1,3,4,2,1,1,3,4,1,3,2,3,3,3,1,6,2,3,2,5,5,2,6,2,5,2,1,3,3,3,7,3,3,3,4,2,3,4,6,2,3,2,4,5,3,3,2,5,6,3,3,2,3,2,5,1,4,4,5,1,5,2,3,1,4,2,3,8,3,4,3,5,3,1,3,1,4,2,2,3,3,4,6,4
2,1,4,3,2,1,1,5,2,2,6,3,5,3,2,2,5,4,3,2,4,5,7,0,5,4,4,5,1,3,3,4,4,1,3,3,4,3,3,2,5,2,5,3,1,3,4,2,1,1,3,4,1,3,2,3,3,3,1,6,2,3,2,5,5,2,6,2,5,2,1,3,3,3,7,4,3,5,3,2,4,3,6,3,5,4,2,4,4,2,3,3,7,4,6,2,2,5,5,6,3,6,2,4,2,4,3,3,3,2,2,4,2,2,3,1,2,3,4,4,2,5,3,5,7,2,1,6
2,3,3,7,2,3,7,3,8,2,3,1,3,1,4,5,8,5,3,3,3,3,3,4,2,2,1,3,6,4,5,4,2,2,3,7,6,4,6,4,1,3,1,3,4,1,3,4,3,1,6,1,3,5,4,3,4,5,4,2,2,2,1,4,2,2,2,6,5,3,5,10,1,2,4,4,3,5,3,2,4,3,6,3,5,4,2,4,4,2,3,3,7,4,6,2,2,5,5,6,3,6,2,4,2,4,3,3,3,2,2,4,2,2,3,1,2,3,4,4,2,5,3,5,7,2,1,6
2,3,3,7,2,3,7,3,8,2,3,1,3,1,4,5,8,5,3,3,3,3,3,4,2,2,1,3,6,4,5,4,2,2,3,7,6,4,6,4,1,3,1,3,4,1,3,4,3,1,6,1,3,5,4,3,4,5,4,2,2,2,1,4,2,2,2,6,5,3,5,10,1,2,4,3,5,2,2,3,3,2,4,22,6,1,1,2,4,4,4,4,8,2,3,2,3,3,5,1,3,2,6,3,3,3,3,2,2,2,7,3,1,1,6,2,2,2,3,5,4,5,4,4,5,2,4,6
0,7,1,2,3,4,8,3,5,5,7,2,1,4,5,4,5,0,1,3,3,2,3,10,2,2,6,2,3,3,2,4,3,2,4,3,3,4,2,2,2,2,6,3,8,3,2,2,3,4,8,1,7,3,4,2,3,2,3,2,3,2,2,2,5,4,5,5,1,5,5,7,4,5,7,5,5,2,2,3,3,2,4,22,6,1,1,2,4,4,4,4,8,2,3,2,3,3,5,1,3,2,6,3,3,3,3,2,2,2,7,3,1,1,6,2,2,2,3,5,4,5,4,4,5,2,4,6
1,7,1,2,3,4,8,3,5,5,7,2,1,4,5,4,5,0,1,3,3,2,3,10,2,2,6,2,3,3,2,4,3,2,4,3,3,4,2,2,2,2,6,3,8,3,2,2,3,4,8,1,7,3,4,2,3,2,3,2,3,2,2,2,5,4,5,5,1,5,5,7,4,5,7,5,3,6,2,4,2,3,23,0,2,3,4,2,5,2,0,4,3,3,4,4,4,2,4,2,5,4,2,7,0,4,4,2,1,5,2,5,2,1,3,5,3,2,3,3,2,5,4,1,3,5,6,2
5,2,1,2,2,3,1,3,4,3,4,5,2,3,6,2,4,3,3,7,2,5,4,1,3,4,3,3,1,5,10,3,3,1,1,7,4,4,3,3,9,7,3,5,2,1,5,2,4,2,6,5,4,4,5,3,3,5,4,2,2,6,6,2,6,5,2,4,4,4,3,1,2,3,2,2,3,6,2,4,2,3,23,0,2,3,4,2,5,2,0,4,3,3,4,4,4,2,4,2,5,4,2,7,0,4,4,2,1,5,2,5,2,1,3,5,3,2,3,3,2,5,4,1,3,5,6,2
5,2,1,2,2,3,1,3,4,3,4,5,2,3,6,2,4,3,3,7,2,5,4,1,3,4,3,3,1,5,10,3,3,1,1,7,4,4,3,3,9,7,3,5,2,1,5,2,4,2,6,5,4,4,5,3,3,5,4,2,2,6,6,2,6,5,2,4,4,4,3,1,2,3,2,4,6,5,1,2,5,3,3,2,2,4,3,2,2,3,6,8,1,3,2,8,1,1,4,6,3,1,3,1,2,2,3,2,3,2,1,4,1,3,5,6,5,1,2,5,5,2,4,2,3,8,2,2
4,8,1,3,3,6,3,0,4,1,1,6,5,1,8,4,2,7,1,1,7,6,1,3,2,1,5,1,6,7,1,3,3,5,3,4,4,6,4,1,3,4,6,4,4,1,7,3,4,1,2,4,2,1,3,3,4,4,1,1,4,4,1,4,3,2,5,2,2,4,5,2,3,4,2,4,6,5,1,2,5,3,3,2,2,4,3,2,2,3,6,8,1,3,2,8,1,1,4,6,3,1,3,1,2,2,3,2,3,2,1,4,1,3,5,6,5,1,2,5,5,2,4,2,3,8,2,2
4,8,1,3,3,6,3,0,4,1,1,6,5,1,8,4,2,7,1,1,7,6,1,3,2,1,5,1,6,7,1,3,3,5,3,4,4,6,4,1,3,4,6,4,4,1,7,3,4,1,2,4,2,1,3,3,4,4,1,1,4,4,1,4,3,2,5,2,2,4,5,2,3,4,2,3,5,4,6,2,4,2,4,14,2,3,2,5,1,3,5,1,2,5,3,2,6,5,9,2,7,2,4,2,2,5,1,1,8,4,1,2,4,5,2,1,1,1,5,3,4,2,3,3,6,3,10,2
3,1,3,7,1,2,2,3,1,2,6,1,3,4,2,6,3,2,2,6,3,7,2,2,5,0,8,3,5,2,2,1,2,3,4,4,6,2,2,4,3,5,8,1,1,4,6,6,4,4,2,4,3,7,6,2,7,1,3,1,6,5,4,1,6,5,5,2,2,1,2,4,4,3,13,3,5,4,6,2,4,2,4,14,2,3,2,5,1,3,5,1,2,5,3,2,6,5,9,2,7,2,4,2,2,5,1,1,8,4,1,2,4,5,2,1,1,1,5,3,4,2,3,3,6,3,10,2
3,1,3,7,1,2,2,3,1,2,6,1,3,4,2,6,3,2,2,6,3,7,2,2,5,0,8,3,5,2,2,1,2,3,4,4,6,2,2,4,3,5,8,1,1,4,6,6,4,4,2,4,3,7,6,2,7,1,3,1,6,5,4,1,6,5,5,2,2,1,2,4,4,3,13,1,2,1,4,5,8,4,9,3,3,4,5,4,2,2,3,2,2,5,25,0,3,3,1,7,5,1,2,2,1,1,2,3,3,4,5,3,1,4,4,4,4,5,4,4,4,1,3,3,8,2,4,5
3,3,1,5,2,4,2,4,2,4,2,4,5,2,4,4,1,4,4,3,7,3,2,2,2,5,1,4,2,1,6,6,3,2,4,3,5,1,5,3,4,2,2,3,2,1,3,2,2,4,3,2,2,4,3,8,0,6,5,4,2,1,1,4,3,3,5,2,4,2,3,1,5,2,4,1,2,1,4,5,8,4,9,3,3,4,5,4,2,2,3,2,2,5,25,0,3,3,1,7,5,1,2,2,1,1,2,3,3,4,5,3,1,4,4,4,4,5,4,4,4,1,3,3,8,2,4,5
3,3,1,5,2,4,2,4,2,4,2,4,5,2,4,4,1,4,4,3,7,3,2,2,2,5,1,4,2,1,6,6,3,2,4,3,5,1,5,3,4,2,2,3,2,1,3,2,2,4,3,2,2,4,3,8,0,6,5,4,2,1,1,4,3,3,5,2,4,2,3,1,5,2,4,6,3,3,8,7,4,2,27,4,1,4,1,1,6,4,2,5,3,0,0,2,3,5,3,2,1,9,1,2,2,3,5,7,2,3,4,6,1,3,3,6,1,2,4,3,4,4,3,1,2,2,4,3
6,3,4,4,2,7,1,2,3,4,2,6,2,2,8,3,1,7,5,5,3,2,4,1,1,6,4,2,5,4,8,5,1,6,3,2,3,3,5,4,3,6,1,2,8,2,7,5,2,2,3,0,6,3,3,6,1,2,6,2,8,3,4,2,2,4,2,4,2,4,1,2,4,3,6,6,3,3,8,7,4,2,27,4,1,4,1,1,6,4,2,5,3,0,0,2,3,5,3,2,1,9,1,2,2,3,5,7,2,3,4,6,1,3,3,6,1,2,4,3,4,4,3,1,2,2,4,3
6,3,4,4,2,7,1,2,3,4,2,6,2,2,8,3,1,7,5,5,3,2,4,1,1,6,4,2,5,4,8,5,1,6,3,2,3,3,5,4,3,6,1,2,8,2,7,5,2,2,3,0,6,3,3,6,1,2,6,2,8,3,4,2,2,4,2,4,2,4,1,2,4,3,6,2,5,7,1,1,0,4,3,4,6,4,2,1,3,2,3,44,0,0,6,0,0,2,7,4,7,1,2,3,2,4,3,4,3,6,3,5,3,6,3,5,7,2,5,4,2,6,4,1,2,4,3,2
1,1,1,4,2,0,4,3,1,2,5,4,7,6,4,3,1,1,0,3,2,6,3,5,5,5,1,4,3,2,7,4,3,4,2,3,6,7,3,1,2,5,1,1,3,4,3,2,6,1,2,1,1,4,1,6,8,2,4,2,5,2,2,1,1,2,3,6,2,3,5,4,2,5,5,2,5,7,1,1,0,4,3,4,6,4,2,1,3,2,3,44,0,0,6,0,0,2,7,4,7,1,2,3,2,4,3,4,3,6,3,5,3,6,3,5,7,2,5,4,2,6,4,1,2,4,3,2
1,1,1,4,2,0,4,3,1,2,5,4,7,6,4,3,1,1,0,3,2,6,3,5,5,5,1,4,3,2,7,4,3,4,2,3,6,7,3,1,2,5,1,1,3,4,3,2,6,1,2,1,1,4,1,6,8,2,4,2,5,2,2,1,1,2,3,6,2,3,5,4,2,5,5,2,1,5,3,1,1,4,4,1,4,4,3,2,4,5,3,33,5,2,5,5,4,4,2,3,1,4,5,1,4,3,9,4,0,2,7,1,2,3,6,2,3,4,5,1,2,2,2,9,8,0,6,3
0,5,3,1,3,5,1,2,3,2,2,3,5,1,2,3,4,5,3,4,6,4,4,1,1,3,3,5,5,5,7,4,4,4,2,7,1,4,3,4,3,4,4,1,1,3,7,6,5,3,6,3,3,2,5,2,3,5,4,2,2,4,3,3,2,2,2,8,2,6,5,4,4,7,5,2,1,5,3,1,1,4,4,1,4,4,3,2,4,5,3,33,5,2,5,5,4,4,2,3,1,4,5,1,4,3,9,4,0,2,7,1,2,3,6,2,3,4,5,1,2,2,2,9,8,0,6,3
1,5,3,1,3,5,1,2,3,2,2,3,5,1,2,3,4,5,3,4,6,4,4,1,1,3,3,5,5,5,7,4,4,4,2,7,1,4,3,4,3,4,4,1,1,3,7,6,5,3,6,3,3,2,5,2,3,5,4,2,2,4,3,3,2,2,2,8,2,6,5,4,4,7,5,6,3,2,4,4,6,5,2,4,1,5,2,11,29,3,0,3,1,6,3,2,1,1,3,2,2,4,3,4,2,2,4,2,7,4,2,2,3,2,3,2,4,4,3,2,2,1,6,2,4,1,2,6
2,2,1,2,6,4,4,4,3,2,3,2,3,2,4,3,4,3,1,7,3,4,0,5,1,7,6,4,5,2,2,5,4,6,2,2,5,1,3,6,6,0,4,3,2,2,2,4,6,3,2,4,3,2,4,3,4,3,2,3,3,1,0,6,4,1,3,5,2,4,2,4,4,4,6,6,3,2,4,4,6,5,2,4,1,5,2,11,29,3,0,3,1,6,3,2,1,1,3,2,2,4,3,4,2,2,4,2,7,4,2,2,3,2,3,2,4,4,3,2,2,1,6,2,4,1,2,6
2,2,1,2,6,4,4,4,3,2,3,2,3,2,4,3,4,3,1,7,3,4,0,5,1,7,6,4,5,2,2,5,4,6,2,2,5,1,3,6,6,0,4,3,2,2,2,4,6,3,2,4,3,2,4,3,4,3,2,3,3,1,0,6,4,1,3,5,2,4,2,4,4,4,6,2,8,3,3,1,1,1,5,3,3,8,28,7,0,2,3,0,1,3,5,4,5,3,2,5,7,5,1,4,3,3,2,3,6,3,3,1,2,2,3,3,2,4,1,5,3,2,0,2,4,3,2,6
5,2,2,1,6,2,3,4,4,3,0,3,1,4,2,3,3,8,3,1,3,2,3,2,5,4,2,4,5,5,2,6,3,6,5,2,1,5,2,6,0,4,4,2,7,2,3,6,6,2,3,4,2,4,4,2,2,3,3,3,1,2,5,2,4,3,4,1,4,5,3,2,1,3,2,2,8,3,3,1,1,1,5,3,3,8,28,7,0,2,3,0,1,3,5,4,5,3,2,5,7,5,1,4,3,3,2,3,6,3,3,1,2,2,3,3,2,4,1,5,3,2,0,2,4,3,2,6
5,2,2,1,6,2,3,4,4,3,0,3,1,4,2,3,3,8,3,1,3,2,3,2,5,4,2,4,5,5,2,6,3,6,5,2,1,5,2,6,0,4,4,2,7,2,3,6,6,2,3,4,2,4,4,2,2,3,3,3,1,2,5,2,4,3,4,1,4,5,3,2,1,3,2,7,0,5,2,5,4,3,4,5,3,5,30,9,0,7,1,0,5,4,4,6,4,5,1,3,5,2,5,3,1,4,3,5,3,3,7,5,4,3,2,11,1,6,1,4,1,5,2,3,7,1,5,6
3,3,3,6,1,1,3,2,4,3,1,2,4,5,1,5,7,2,5,6,2,2,2,2,3,3,4,4,3,4,3,5,5,4,3,2,5,1,4,3,1,3,2,1,2,4,9,2,5,2,0,6,5,4,6,1,1,5,6,4,1,2,2,3,3,2,3,5,2,5,3,1,1,6,3,6,1,1,3,2,1,4,4,4,6,6,30,9,0,0,2,1,4,4,4,2,2,2,2,3,4,2,2,7,6,5,3,4,1,5,2,2,5,2,4,1,2,3,3,2,3,2,7,4,1,3,5,7
3,3,3,6,1,1,3,2,4,3,1,2,4,5,1,5,7,2,5,6,2,2,2,2,3,3,4,4,3,4,3,5,5,4,3,2,5,1,4,3,1,3,2,1,2,4,9,2,5,2,0,6,5,4,6,1,1,5,6,4,1,2,2,3,3,2,3,5,2,5,3,1,1,6,3,0,8,5,4,1,3,5,4,7,7,4,18,2,1,4,1,3,5,2,0,2,4,4,4,3,5,0,2,5,1,4,3,3,2,3,2,4,5,6,6,4,2,3,1,4,5,3,5,3,3,2,2,3
4,6,3,3,3,7,3,4,2,1,5,7,3,6,9,5,2,3,3,3,2,3,4,4,4,4,5,6,3,6,7,3,4,2,2,1,6,1,3,5,1,2,2,5,4,5,8,2,5,4,2,7,2,1,6,1,3,3,5,1,3,4,8,3,4,2,2,4,5,3,3,3,3,3,7,0,8,5,4,1,3,5,4,7,7,4,18,2,1,4,1,3,5,2,0,2,4,4,4,3,5,0,2,5,1,4,3,3,2,3,2,4,5,6,6,4,2,3,1,4,5,3,5,3,3,2,2,3
4,6,3,3,3,7,3,4,2,1,5,7,3,6,9,5,2,3,3,3,2,3,4,4,4,4,5,6,3,6,7,3,4,2,2,1,6,1,3,5,1,2,2,5,4,5,8,2,5,4,2,7,2,1,6,1,3,3,5,1,3,4,8,3,4,2,2,4,5,3,3,3,3,3,7,4,3,2,4,7,7,3,3,4,6,2,3,6,4,2,2,2,3,6,2,2,2,2,2,4,3,1,3,6,2,4,2,4,2,6,5,5,6,3,4,3,2,7,3,3,2,2,5,2,3,5,2,2
3,5,3,2,1,2,3,6,5,2,3,6,2,1,4,1,2,3,6,5,3,1,1,5,2,2,5,1,4,3,4,2,2,3,8,1,3,6,2,5,4,2,5,5,5,1,2,2,4,4,1,7,7,2,2,4,5,3,3,2,1,2,3,4,3,3,3,7,2,8,3,4,3,5,2,4,3,2,4,7,7,3,3,4,6,2,3,6,4,2,2,2,3,6,2,2,2,2,2,4,3,1,3,6,2,4,2,4,2,6,5,5,6,3,4,3,2,7,3,3,2,2,5,2,3,5,2,2
3,5,3,2,1,2,3,6,5,2,3,6,2,1,4,1,2,3,6,5,3,1,1,5,2,2,5,1,4,3,4,2,2,3,8,1,3,6,2,5,4,2,5,5,5,1,2,2,4,4,1,7,7,2,2,4,5,3,3,2,1,2,3,4,3,3,3,7,2,8,3,4,3,5,2,4,3,12,3,1,0,5,4,4,5,6,1,3,2,3,19,3,25,0,2,3,1,2,3,5,4,2,4,7,4,0,2,6,5,2,4,3,1,3,1,5,3,4,3,4,3,6,3,9,5,7,3,2
0,4,5,3,6,1,4,2,3,3,4,7,4,2,7,5,9,1,1,8,1,2,8,4,2,2,8,5,2,1,4,5,4,4,1,3,8,3,4,4,3,2,2,2,6,3,3,4,1,2,1,4,5,4,1,2,3,4,2,1,4,2,3,2,3,2,5,7,3,3,0,4,3,6,4,4,3,12,3,1,0,5,4,4,5,6,1,3,2,3,19,3,25,0,2,3,1,2,3,5,4,2,4,7,4,0,2,6,5,2,4,3,1,3,1,5,3,4,3,4,3,6,3,9,5,7,3,2
1,4,5,3,6,1,4,2,3,3,4,7,4,2,7,5,9,1,1,8,1,2,8,4,2,2,8,5,2,1,4,5,4,4,1,3,8,3,4,4,3,2,2,2,6,3,3,4,1,2,1,4,5,4,1,2,3,4,2,1,4,2,3,2,3,2,5,7,3,3,0,4,3,6,4,1,6,2,2,4,2,2,3,2,6,4,5,4,5,2,6,4,5,6,1,6,2,2,2,4,6,2,4,4,4,2,5,4,2,3,4,3,2,1,3,6,2,4,8,3,1,7,2,8,2,3,5,4
1,1,3,3,7,1,1,10,3,1,3,5,3,2,5,5,6,0,1,4,2,2,6,5,1,4,5,7,5,3,3,0,1,2,3,2,2,3,1,4,6,2,3,3,2,7,4,3,2,1,2,5,5,3,8,2,3,3,3,7,3,4,2,5,2,7,2,4,3,3,9,6,3,6,5,2,6,2,2,4,2,2,3,2,6,4,5,4,5,2,6,4,5,6,1,6,2,2,2,4,6,2,4,4,4,2,5,4,2,3,4,3,2,1,3,6,2,4,8,3,1,7,2,8,2,3,5,4
2,1,3,3,7,1,1,10,3,1,3,5,3,2,5,5,6,0,1,4,2,2,6,5,1,4,5,7,5,3,3,0,1,2,3,2,2,3,1,4,6,2,3,3,2,7,4,3,2,1,2,5,5,3,8,2,3,3,3,7,3,4,2,5,2,7,2,4,3,3,9,6,3,6,5,4,1,0,7,2,4,17,3,3,4,2,4,9,0,1,7,6,4,3,1,2,4,4,4,4,5,6,3,1,3,2,5,4,5,4,5,6,0,0,4,2,5,2,4,7,2,1,2,5,5,5,4,2
6,6,1,2,1,2,9,4,4,2,4,2,2,5,3,5,5,4,6,2,3,2,1,2,3,2,3,4,3,1,4,6,5,5,6,1,2,6,2,3,3,1,5,2,1,2,2,4,4,5,3,4,3,0,5,4,4,4,6,4,3,1,2,4,5,2,3,3,3,1,4,2,2,3,1,4,1,0,7,2,4,17,3,3,4,2,4,9,0,1,7,6,4,3,1,2,4,4,4,4,5,6,3,1,3,2,5,4,5,4,5,6,0,0,4,2,5,2,4,7,2,1,2,5,5,5,4,2
6,6,1,2,1,2,9,4,4,2,4,2,2,5,3,5,5,4,6,2,3,2,1,2,3,2,3,4,3,1,4,6,5,5,6,1,2,6,2,3,3,1,5,2,1,2,2,4,4,5,3,4,3,0,5,4,4,4,6,4,3,1,2,4,5,2,3,3,3,1,4,2,2,3,1,5,6,3,3,4,1,7,2,3,4,3,4,3,1,5,34,33,3,0,1,4,2,0,5,4,4,2,8,5,3,0,7,2,2,4,3,6,5,5,2,3,1,6,10,1,0,7,2,3,2,6,2,1
2,1,8,2,3,4,5,1,2,3,3,9,1,2,3,6,5,2,7,2,3,2,3,6,3,3,6,5,3,1,4,4,3,1,5,3,4,2,2,3,6,1,4,7,2,4,2,5,4,4,2,2,1,4,6,5,2,3,3,5,2,3,2,4,2,3,2,3,7,5,4,4,2,2,2,5,6,3,3,4,1,7,2,3,4,3,4,3,1,5,34,33,3,0,1,4,2,0,5,4,4,2,8,5,3,0,7,2,2,4,3,6,5,5,2,3,1,6,10,1,0,7,2,3,2,6,2,1
5,1,8,2,3,4,5,1,2,3,3,9,1,2,3,6,5,2,7,2,3,2,3,6,3,3,6,5,3,1,4,4,3,1,5,3,4,2,2,3,6,1,4,7,2,4,2,5,4,4,2,2,1,4,6,5,2,3,3,5,2,3,2,4,2,3,2,3,7,5,4,4,2,2,2,4,2,6,3,6,2,4,1,7,5,2,2,2,3,32,3,4,2,1,4,1,3,4,1,2,4,3,5,2,3,2,4,5,3,1,4,3,7,3,4,3,2,3,3,8,3,4,3,5,3,8,6,2
5,7,5,0,2,3,6,6,3,5,10,6,1,3,3,3,2,2,6,1,3,1,3,5,3,2,2,3,2,3,3,3,4,3,6,1,1,2,8,4,4,0,2,3,5,5,2,2,9,4,2,1,1,2,3,5,3,5,3,2,4,1,0,2,2,2,4,3,2,1,6,2,8,4,6,4,2,6,3,6,2,4,1,7,5,2,2,2,3,32,3,4,2,1,4,1,3,4,1,2,4,3,5,2,3,2,4,5,3,1,4,3,7,3,4,3,2,3,3,8,3,4,3,5,3,8,6,2
3,7,5,0,2,3,6,6,3,5,10,6,1,3,3,3,2,2,6,1,3,1,3,5,3,2,2,3,2,3,3,3,4,3,6,1,1,2,8,4,4,0,2,3,5,5,2,2,9,4,2,1,1,2,3,5,3,5,3,2,4,1,0,2,2,2,4,3,2,1,6,2,8,4,6,0,5,1,2,3,2,4,2,2,4,5,6,2,22,4,3,6,2,1,4,6,2,4,4,2,3,2,4,5,3,3,3,2,2,5,2,2,1,3,2,6,2,1,3,4,2,6,1,5,3,3,6,9
4,1,2,4,1,2,1,5,4,2,8,5,1,3,1,6,5,6,3,4,3,4,4,2,11,3,3,5,3,3,5,6,3,2,6,0,3,2,2,4,2,5,4,2,6,2,5,3,4,1,5,1,2,3,0,1,4,4,2,6,4,6,3,6,5,2,7,5,3,4,6,4,5,3,1,0,5,1,2,3,2,4,2,2,4,5,6,2,22,4,3,6,2,1,4,6,2,4,4,2,3,2,4,5,3,3,3,2,2,5,2,2,1,3,2,6,2,1,3,4,2,6,1,5,3,3,6,9
4,1,2,4,1,2,1,5,4,2,8,5,1,3,1,6,5,6,3,4,3,4,4,2,11,3,3,5,3,3,5,6,3,2,6,0,3,2,2,4,2,5,4,2,6,2,5,3,4,1,5,1,2,3,0,1,4,4,2,6,4,6,3,6,5,2,7,5,3,4,6,4,5,3,1,5,4,4,5,4,2,4,5,7,3,2,35,22,3,0,3,0,0,3,3,2,6,7,2,2,6,8,7,2,4,2,5,2,6,3,2,4,1,4,5,5,4,2,4,0,3,4,9,2,3,2,1,7
2,3,1,2,9,1,3,4,4,3,4,2,4,3,4,6,2,2,6,4,2,2,4,3,5,6,3,6,2,5,3,3,6,3,2,4,3,4,4,1,6,2,2,2,4,6,2,2,2,5,6,2,2,2,2,7,4,2,4,2,1,1,3,2,1,4,2,4,3,4,7,5,3,5,3,5,4,4,5,4,2,4,5,7,3,2,35,22,3,0,3,0,0,3,3,2,6,7,2,2,6,8,7,2,4,2,5,2,6,3,2,4,1,4,5,5,4,2,4,0,3,4,9,2,3,2,1,7
2,3,1,2,9,1,3,4,4,3,4,2,4,3,4,6,2,2,6,4,2,2,4,3,5,6,3,6,2,5,3,3,6,3,2,4,3,4,4,1,6,2,2,2,4,6,2,2,2,5,6,2,2,2,2,7,4,2,4,2,1,1,3,2,1,4,2,4,3,4,7,5,3,5,3,2,4,1,2,3,5,0,6,5,2,3,5,3,4,11,2,3,31,0,1,3,1,1,4,3,2,4,5,5,2,1,2,1,6,2,2,8,4,2,3,3,5,6,3,2,1,8,2,1,3,3,3,5
1,5,2,4,8,2,3,5,3,1,5,2,2,5,5,3,3,8,4,2,3,2,10,6,3,1,2,5,3,2,3,8,2,4,3,9,2,3,2,7,2,1,3,3,7,2,5,2,3,2,6,3,2,2,1,5,3,0,7,1,3,3,11,1,3,3,6,2,2,3,4,0,1,3,4,2,4,1,2,3,5,0,6,5,2,3,5,3,4,11,2,3,31,0,1,3,1,1,4,3,2,4,5,5,2,1,2,1,6,2,2,8,4,2,3,3,5,6,3,2,1,8,2,1,3,3,3,5
1,5,2,4,8,2,3,5,3,1,5,2,2,5,5,3,3,8,4,2,3,2,10,6,3,1,2,5,3,2,3,8,2,4,3,9,2,3,2,7,2,1,3,3,7,2,5,2,3,2,6,3,2,2,1,5,3,0,7,1,3,3,11,1,3,3,6,2,2,3,4,0,1,3,7,5,1,3,4,6,7,3,5,1,3,1,21,5,4,1,3,2,2,3,1,2,2,2,4,5,4,4,5,2,1,3,2,2,8,5,1,4,2,4,3,6,3,2,6,2,2,1,5,5,1,4,6,2
2,5,3,6,3,5,3,4,1,2,3,4,4,4,4,5,0,9,4,3,0,2,4,4,5,10,2,6,5,3,5,4,4,3,1,11,9,3,3,4,1,2,2,3,2,3,2,5,3,2,4,2,4,3,5,1,4,5,5,7,7,1,5,1,6,4,3,6,1,5,1,2,2,2,5,5,1,3,4,6,7,3,5,1,3,1,21,5,4,1,3,2,2,3,1,2,2,2,4,5,4,4,5,2,1,3,2,2,8,5,1,4,2,4,3,6,3,2,6,2,2,1,5,5,1,4,6,2
2,5,3,6,3,5,3,4,1,2,3,4,4,4,4,5,0,9,4,3,0,2,4,4,5,10,2,6,5,3,5,4,4,3,1,11,9,3,3,4,1,2,2,3,2,3,2,5,3,2,4,2,4,3,5,1,4,5,5,7,7,1,5,1,6,4,3,6,1,5,1,2,2,2,5,1,2,4,1,5,5,19,1,4,4,2,4,1,5,3,2,0,3,1,3,3,1,3,4,2,1,1,4,10,2,4,2,4,4,3,4,2,1,2,2,3,2,3,2,2,2,2,5,4,4,1,2,3
4,6,2,2,3,1,2,2,6,6,1,4,3,7,4,5,3,3,2,1,7,2,1,1,7,5,2,3,3,2,4,3,3,5,3,1,4,4,3,4,3,3,3,4,2,3,4,2,4,4,7,4,4,1,4,5,6,2,3,7,2,4,5,1,0,3,3,3,3,5,5,4,3,2,4,1,2,4,1,5,5,19,1,4,4,2,4,1,5,3,2,0,3,1,3,3,1,3,4,2,1,1,4,10,2,4,2,4,4,3,4,2,1,2,2,3,2,3,2,2,2,2,5,4,4,1,2,3
4,6,2,2,3,1,2,2,6,6,1,4,3,7,4,5,3,3,2,1,7,2,1,1,7,5,2,3,3,2,4,3,3,5,3,1,4,4,3,4,3,3,3,4,2,3,4,2,4,4,7,4,4,1,4,5,6,2,3,7,2,4,5,1,0,3,3,3,3,5,5,4,3,2,4,5,1,4,0,1,3,5,2,4,5,3,7,2,6,5,6,25,6,0,7,3,2,2,2,2,3,4,2,3,4,4,4,5,2,2,5,1,1,3,4,3,5,2,3,7,3,3,5,5,4,4,6,2
2,4,7,1,1,3,1,5,2,3,1,6,3,5,6,5,2,4,6,1,3,3,3,3,6,8,3,2,6,7,9,1,2,5,1,5,6,2,2,4,6,2,6,2,2,5,3,4,3,5,6,5,5,2,3,2,1,2,5,2,3,3,3,4,2,2,2,6,4,5,4,4,5,1,5,5,1,4,0,1,3,5,2,4,5,3,7,2,6,5,6,25,6,0,7,3,2,2,2,2,3,4,2,3,4,4,4,5,2,2,5,1,1,3,4,3,5,2,3,7,3,3,5,5,4,4,6,2
2,4,7,1,1,3,1,5,2,3,1,6,3,5,6,5,2,4,6,1,3,3,3,3,6,8,3,2,6,7,9,1,2,5,1,5,6,2,2,4,6,2,6,2,2,5,3,4,3,5,6,5,5,2,3,2,1,2,5,2,3,3,3,4,2,2,2,6,4,5,4,4,5,1,5,2,10,3,1,1,4,1,6,1,3,3,1,2,4,5,4,4,1,7,4,1,6,1,4,2,3,2,2,3,3,5,2,6,4,2,1,1,5,1,2,2,3,2,3,5,3,2,1,5,3,4,6,4
4,1,5,1,5,1,7,6,2,0,3,2,5,8,3,3,7,5,0,4,4,4,1,3,2,7,6,4,4,3,0,6,3,2,2,5,1,4,7,4,2,1,1,3,3,2,5,1,2,1,1,4,3,2,2,4,3,6,3,4,3,3,5,4,3,1,6,2,1,2,6,2,3,1,3,2,10,3,1,1,4,1,6,1,3,3,1,2,4,5,4,4,1,7,4,1,6,1,4,2,3,2,2,3,3,5,2,6,4,2,1,1,5,1,2,2,3,2,3,5,3,2,1,5,3,4,6,4
4,1,5,1,5,1,7,6,2,0,3,2,5,8,3,3,7,5,0,4,4,4,1,3,2,7,6,4,4,3,0,6,3,2,2,5,1,4,7,4,2,1,1,3,3,2,5,1,2,1,1,4,3,2,2,4,3,6,3,4,3,3,5,4,3,1,6,2,1,2,6,2,3,1,3,1,5,3,3,2,3,4,1,6,1,7,3,2,27,5,0,0,3,3,5,1,5,1,2,1,8,5,1,3,1,4,3,2,7,6,6,4,7,4,2,3,4,2,6,6,3,3,3,2,4,3,1,2
2,1,2,3,3,2,2,26,7,2,3,2,0,3,3,0,0,2,1,3,3,2,3,4,4,3,6,8,6,2,3,4,3,3,3,3,4,3,3,1,6,2,9,3,5,3,1,2,3,2,3,3,3,6,1,7,2,5,3,3,2,2,4,5,4,4,1,1,4,2,5,2,5,8,2,1,5,3,3,2,3,4,1,6,1,7,3,2,27,5,0,0,3,3,5,1,5,1,2,1,8,5,1,3,1,4,3,2,7,6,6,4,7,4,2,3,4,2,6,6,3,3,3,2,4,3,1,2
2,1,2,3,3,2,2,26,7,2,3,2,0,3,3,0,0,2,1,3,3,2,3,4,4,3,6,8,6,2,3,4,3,3,3,3,4,3,3,1,6,2,9,3,5,3,1,2,3,2,3,3,3,6,1,7,2,5,3,3,2,2,4,5,4,4,1,1,4,2,5,2,5,8,6,11,3,4,3,6,2,2,1,2,4,4,3,3,2,5,3,7,27,11,3,3,1,3,3,1,3,2,4,2,5,3,4,5,8,3,2,2,3,3,1,6,2,3,4,2,2,4,3,7,3,4,2,2
2,3,2,1,3,2,3,5,3,4,3,4,6,4,4,5,6,3,3,3,4,2,3,2,1,4,4,2,3,3,2,4,6,0,4,2,4,5,5,2,3,6,4,4,3,6,3,6,4,1,9,3,1,6,8,0,1,3,4,6,4,5,1,3,2,3,3,3,5,3,5,3,3,2,10,11,3,4,3,6,2,2,1,2,4,4,3,3,2,5,3,7,27,11,3,3,1,3,3,1,3,2,4,2,5,3,4,5,8,3,2,2,3,3,1,6,2,3,4,2,2,4,3,7,3,4,2,2
2,3,2,1,3,2,3,5,3,4,3,4,6,4,4,5,6,3,3,3,4,2,3,2,1,4,4,2,3,3,2,4,6,0,4,2,4,5,5,2,3,6,4,4,3,6,3,6,4,1,9,3,1,6,8,0,1,3,4,6,4,5,1,3,2,3,3,3,5,3,5,3,3,2,10,3,4,5,4,3,5,2,7,3,2,36,6,0,3,4,7,0,8,2,4,5,5,3,3,5,3,1,5,4,1,4,4,2,11,1,4,6,7,2,1,5,1,6,4,1,3,2,7,1,3,3,3,2
2,3,3,6,6,1,5,5,2,1,4,3,3,5,2,4,4,3,5,7,3,1,5,2,4,2,2,5,4,5,3,10,1,2,3,6,3,2,2,1,3,3,1,2,2,6,5,5,2,2,5,3,3,5,4,5,2,5,1,2,1,5,2,1,3,2,3,1,2,4,4,6,2,6,4,3,4,5,4,3,5,2,7,3,2,36,6,0,3,4,7,0,8,2,4,5,5,3,3,5,3,1,5,4,1,4,4,2,11,1,4,6,7,2,1,5,1,6,4,1,3,2,7,1,3,3,3,2
1,3,3,6,6,1,5,5,2,1,4,3,3,5,2,4,4,3,5,7,3,1,5,2,4,2,2,5,4,5,3,10,1,2,3,6,3,2,2,1,3,3,1,2,2,6,5,5,2,2,5,3,3,5,4,5,2,5,1,2,1,5,2,1,3,2,3,1,2,4,4,6,2,6,4,6,5,3,2,2,4,3,0,5,4,4,8,2,28,0,1,3,5,6,1,2,6,6,7,1,7,6,4,3,2,5,4,10,2,4,2,2,7,1,3,6,2,1,6,2,4,3,2,3,2,2,5,3
5,5,5,6,3,2,2,3,3,4,8,10,2,6,2,1,0,2,4,1,3,0,4,8,3,4,1,3,2,3,4,5,6,3,5,4,3,4,4,6,4,5,2,3,1,6,4,1,3,2,2,2,2,2,4,5,3,2,2,3,5,4,3,5,2,6,2,8,4,3,1,2,4,3,1,6,5,3,2,2,4,3,0,5,4,4,8,2,28,0,1,3,5,6,1,2,6,6,7,1,7,6,4,3,2,5,4,10,2,4,2,2,7,1,3,6,2,1,6,2,4,3,2,3,2,2,5,3
5,5,5,6,3,2,2,3,3,4,8,10,2,6,2,1,0,2,4,1,3,0,4,8,3,4,1,3,2,3,4,5,6,3,5,4,3,4,4,6,4,5,2,3,1,6,4,1,3,2,2,2,2,2,4,5,3,2,2,3,5,4,3,5,2,6,2,8,4,3,1,2,4,3,1,7,2,3,2,2,2,5,2,1,4,4,3,29,2,0,3,2,1,4,2,1,7,2,1,3,3,1,1,2,8,2,3,6,7,2,3,5,7,0,7,2,2,3,2,0,4,7,6,4,4,5,7,5
5,3,5,5,2,4,1,3,9,1,4,4,3,3,4,1,1,6,3,2,2,3,5,9,3,6,2,3,6,7,9,6,4,2,5,1,6,1,3,4,2,8,2,4,0,4,6,1,2,2,2,1,4,4,2,4,2,4,4,1,3,5,3,3,6,0,4,4,2,3,2,4,0,5,2,7,2,3,2,2,2,5,2,1,4,4,3,29,2,0,3,2,1,4,2,1,7,2,1,3,3,1,1,2,8,2,3,6,7,2,3,5,7,0,7,2,2,3,2,0,4,7,6,4,4,5,7,5
5,3,5,5,2,4,1,3,9,1,4,4,3,3,4,1,1,6,3,2,2,3,5,9,3,6,2,3,6,7,9,6,4,2,5,1,6,1,3,4,2,8,2,4,0,4,6,1,2,2,2,1,4,4,2,4,2,4,4,1,3,5,3,3,6,0,4,4,2,3,2,4,0,5,2,4,5,7,2,7,3,5,3,7,3,2,3,25,2,6,4,3,1,6,3,0,3,1,3,5,3,1,2,2,4,3,2,4,4,3,6,1,8,2,4,4,3,3,9,5,2,3,6,4,5,3,1,1
2,3,1,3,5,3,3,1,3,5,1,2,1,3,2,2,6,2,7,0,4,5,2,6,2,2,4,2,3,4,3,3,3,3,3,1,2,1,1,2,2,3,1,2,4,5,3,4,4,4,1,5,5,4,5,4,2,4,2,3,1,3,5,4,1,3,3,4,6,4,3,6,3,4,3,4,5,7,2,7,3,5,3,7,3,2,3,25,2,6,4,3,1,6,3,0,3,1,3,5,3,1,2,2,4,3,2,4,4,3,6,1,8,2,4,4,3,3,9,5,2,3,6,4,5,3,1,1
3,3,1,3,5,3,3,1,3,5,1,2,1,3,2,2,6,2,7,0,4,5,2,6,2,2,4,2,3,4,3,3,3,3,3,1,2,1,1,2,2,3,1,2,4,5,3,4,4,4,1,5,5,4,5,4,2,4,2,3,1,3,5,4,1,3,3,4,6,4,3,6,3,4,3,7,1,2,3,6,1,3,4,3,6,2,27,0,3,2,5,2,2,10,1,3,2,6,2,1,2,2,2,3,5,4,0,6,1,2,2,5,4,3,3,2,1,2,6,3,4,2,2,8,4,6,3,4
3,2,3,2,2,2,1,2,5,2,10,2,4,2,1,3,1,5,3,6,3,2,3,4,2,4,2,4,3,8,6,4,3,10,6,1,3,5,2,2,4,3,7,2,0,3,3,3,2,1,4,2,6,5,3,3,1,4,2,4,2,7,4,3,5,3,2,8,4,2,4,1,3,4,2,7,1,2,3,6,1,3,4,3,6,2,27,0,3,2,5,2,2,10,1,3,2,6,2,1,2,2,2,3,5,4,0,6,1,2,2,5,4,3,3,2,1,2,6,3,4,2,2,8,4,6,3,4
3,2,3,2,2,2,1,2,5,2,10,2,4,2,1,3,1,5,3,6,3,2,3,4,2,4,2,4,3,8,6,4,3,10,6,1,3,5,2,2,4,3,7,2,0,3,3,3,2,1,4,2,6,5,3,3,1,4,2,4,2,7,4,3,5,3,2,8,4,2,4,1,3,4,2,4,7,4,5,5,2,2,1,6,1,4,2,24,4,1,5,1,1,5,3,1,5,4,2,2,2,5,4,4,1,0,4,3,1,3,2,2,5,5,2,5,2,4,5,2,1,4,3,6,3,2,7,4
3,5,1,3,4,1,2,2,1,4,2,3,3,2,3,3,4,6,2,3,2,3,5,2,2,1,6,4,5,3,6,6,4,5,2,4,2,2,6,2,3,3,4,1,2,2,2,6,3,5,2,2,2,1,4,1,2,7,4,6,7,2,4,6,2,3,4,2,2,2,3,4,4,3,2,4,7,4,5,5,2,2,1,6,1,4,2,24,4,1,5,1,1,5,3,1,5,4,2,2,2,5,4,4,1,0,4,3,1,3,2,2,5,5,2,5,2,4,5,2,1,4,3,6,3,2,7,4
3,5,1,3,4,1,2,2,1,4,2,3,3,2,3,3,4,6,2,3,2,3,5,2,2,1,6,4,5,3,6,6,4,5,2,4,2,2,6,2,3,3,4,1,2,2,2,6,3,5,2,2,2,1,4,1,2,7,4,6,7,2,4,6,2,3,4,2,2,2,3,4,4,3,2,2,3,3,2,2,1,5,21,0,1,2,6,6,1,2,5,4,3,1,2,4,3,3,3,3,2,4,5,1,5,3,4,1,3,3,3,3,1,5,2,2,2,2,3,4,4,4,3,5,4,3,3,6
1,3,9,3,3,1,1,2,2,4,11,5,3,7,3,4,2,1,2,4,3,8,2,7,3,2,3,4,2,2,4,6,5,2,3,1,3,2,2,1,4,1,2,6,3,3,0,2,5,3,3,2,2,2,4,3,2,1,5,5,6,9,3,4,1,4,2,2,3,3,3,2,5,3,5,2,3,3,2,2,1,5,21,0,1,2,6,6,1,2,5,4,3,1,2,4,3,3,3,3,2,4,5,1,5,3,4,1,3,3,3,3,1,5,2,2,2,2,3,4,4,4,3,5,4,3,3,6
1,3,9,3,3,1,1,2,2,4,11,5,3,7,3,4,2,1,2,4,3,8,2,7,3,2,3,4,2,2,4,6,5,2,3,1,3,2,2,1,4,1,2,6,3,3,0,2,5,3,3,2,2,2,4,3,2,1,5,5,6,9,3,4,1,4,2,2,3,3,3,2,5,3,5,5,3,5,3,5,5,20,1,1,3,1,2,4,6,5,7,0,6,3,2,7,8,1,4,2,4,2,1,3,4,1,2,4,3,6,2,3,7,3,7,3,3,3,5,2,3,4,2,1,4,4,5,4
2,3,2,3,3,5,3,1,3,4,1,3,0,1,6,1,1,8,7,6,3,3,1,5,2,4,2,1,3,3,5,4,4,3,3,3,3,5,3,1,5,4,1,5,6,3,4,5,2,5,3,5,3,3,3,4,5,1,1,2,3,2,5,4,3,3,4,3,4,2,5,3,1,7,3,5,3,5,3,5,5,20,1,1,3,1,2,4,6,5,7,0,6,3,2,7,8,1,4,2,4,2,1,3,4,1,2,4,3,6,2,3,7,3,7,3,3,3,5,2,3,4,2,1,4,4,5,4
2,3,2,3,3,5,3,1,3,4,1,3,0,1,6,1,1,8,7,6,3,3,1,5,2,4,2,1,3,3,5,4,4,3,3,3,3,5,3,1,5,4,1,5,6,3,4,5,2,5,3,5,3,3,3,4,5,1,1,2,3,2,5,4,3,3,4,3,4,2,5,3,1,7,3,3,4,1,4,3,0,2,6,28,9,2,1,1,3,5,2,8,5,2,2,2,4,1,4,2,5,4,5,3,2,2,5,2,2,7,1,4,1,6,2,4,5,6,0,4,2,2,6,5,1,1,5,3
1,4,4,1,5,1,3,6,6,1,4,4,2,5,3,4,2,2,3,8,10,2,2,5,6,2,0,3,2,7,3,5,5,4,3,4,2,2,0,3,5,1,4,3,3,5,6,3,2,2,2,2,5,2,3,4,6,4,4,5,2,2,7,5,1,4,3,4,8,4,3,3,2,2,1,3,4,1,4,3,0,2,6,28,9,2,1,1,3,5,2,8,5,2,2,2,4,1,4,2,5,4,5,3,2,2,5,2,2,7,1,4,1,6,2,4,5,6,0,4,2,2,6,5,1,1,5,3
1,4,4,1,5,1,3,6,6,1,4,4,2,5,3,4,2,2,3,8,10,2,2,5,6,2,0,3,2,7,3,5,5,4,3,4,2,2,0,3,5,1,4,3,3,5,6,3,2,2,2,2,5,2,3,4,6,4,4,5,2,2,7,5,1,4,3,4,8,4,3,3,2,2,1,5,5,26,7,5,0,1,1,3,4,8,46,0,3,0,2,5,1,2,1,2,4,6,5,4,2,3,1,2,3,5,4,4,2,2,3,4,3,7,5,2,5,6,1,2,2,3,3,5,6,3,5,3
2,3,5,5,4,2,3,1,6,4,3,3,5,5,4,3,4,2,4,5,2,3,3,2,5,3,4,2,3,2,4,4,4,2,3,3,4,1,4,3,6,5,2,4,6,3,5,4,3,2,2,3,4,2,4,4,1,3,2,2,6,2,0,3,2,1,4,3,8,2,7,5,11,1,4,5,5,26,7,5,0,1,1,3,4,8,46,0,3,0,2,5,1,2,1,2,4,6,5,4,2,3,1,2,3,5,4,4,2,2,3,4,3,7,5,2,5,6,1,2,2,3,3,5,6,3,5,3
2,3,5,5,4,2,3,1,6,4,3,3,5,5,4,3,4,2,4,5,2,3,3,2,5,3,4,2,3,2,4,4,4,2,3,3,4,1,4,3,6,5,2,4,6,3,5,4,3,2,2,3,4,2,4,4,1,3,2,2,6,2,0,3,2,1,4,3,8,2,7,5,11,1,4,3,4,2,1,4,18,3,1,2,2,5,1,11,3,2,0,2,6,1,2,4,4,1,2,4,2,2,4,2,3,2,3,3,4,4,4,5,2,6,1,1,5,4,3,4,2,5,5,2,4,2,5,2
4,4,4,2,6,4,2,5,23,0,0,9,5,2,5,2,2,2,2,4,3,17,3,1,4,3,4,3,0,3,3,4,4,3,4,2,2,3,2,4,1,1,2,4,4,4,2,6,3,3,4,2,5,2,4,5,2,2,6,3,4,5,2,2,1,2,4,2,8,6,4,4,5,25,2,3,4,2,1,4,18,3,1,2,2,5,1,11,3,2,0,2,6,1,2,4,4,1,2,4,2,2,4,2,3,2,3,3,4,4,4,5,2,6,1,1,5,4,3,4,2,5,5,2,4,2,5,2
4,4,4,2,6,4,2,5,23,0,0,9,5,2,5,2,2,2,2,4,3,17,3,1,4,3,4,3,0,3,3,4,4,3,4,2,2,3,2,4,1,1,2,4,4,4,2,6,3,3,4,2,5,2,4,5,2,2,6,3,4,5,2,2,1,2,4,2,8,6,4,4,5,25,3,1,4,3,0,13,1,4,2,1,3,2,6,3,2,4,2,2,12,4,5,2,4,0,2,1,3,3,4,2,4,1,5,2,2,2,4,3,5,2,5,5,5,5,4,5,2,4,4,5,1,4,6,2
3,1,5,4,7,1,4,3,3,4,12,2,8,4,2,4,2,5,4,5,25,6,3,1,1,2,5,4,2,3,3,2,4,3,4,2,3,3,4,8,9,3,3,5,3,2,5,2,4,2,2,3,2,5,1,3,4,3,5,5,2,8,3,2,3,0,1,5,4,11,3,3,1,7,3,1,4,3,0,13,1,4,2,1,3,2,6,3,2,4,2,2,12,4,5,2,4,0,2,1,3,3,4,2,4,1,5,2,2,2,4,3,5,2,5,5,5,5,4,5,2,4,4,5,1,4,6,2
3,1,5,4,7,1,4,3,3,4,12,2,8,4,2,4,2,5,4,5,25,6,3,1,1,2,5,4,2,3,3,2,4,3,4,2,3,3,4,8,9,3,3,5,3,2,5,2,4,2,2,3,2,5,1,3,4,3,5,5,2,8,3,2,3,0,1,5,4,11,3,3,1,7,1,4,4,3,10,3,10,3,1,1,4,3,2,2,2,11,5,2,2,2,2,1,3,7,7,1,3,5,3,3,7,2,1,4,3,4,2,3,6,9,3,1,2,4,9,2,3,2,3,5,6,3,6,3
1,3,2,3,13,3,5,1,6,7,4,2,2,22,2,1,4,2,3,7,0,5,12,6,2,6,5,2,2,4,5,2,3,1,1,4,4,6,3,1,1,2,4,0,2,2,8,7,7,2,4,4,9,1,5,3,5,3,4,3,4,4,3,1,6,3,1,9,3,4,8,1,1,11,5,4,4,3,10,3,10,3,1,1,4,3,2,2,2,11,5,2,2,2,2,1,3,7,7,1,3,5,3,3,7,2,1,4,3,4,2,3,6,9,3,1,2,4,9,2,3,2,3,5,6,3,6,3
1,3,2,3,13,3,5,1,6,7,4,2,2,22,2,1,4,2,3,7,0,5,12,6,2,6,5,2,2,4,5,2,3,1,1,4,4,6,3,1,1,2,4,0,2,2,8,7,7,2,4,4,9,1,5,3,5,3,4,3,4,4,3,1,6,3,1,9,3,4,8,1,1,11,5,12,5,3,3,5,2,0,4,2,2,3,14,2,3,2,3,3,5,5,2,1,4,2,7,3,3,4,2,3,6,3,4,1,0,3,4,1,3,2,4,6,4,8,2,2,1,8,3,3,2,5,3,2
2,4,2,4,2,4,4,4,4,3,4,5,4,2,1,4,3,5,8,1,2,1,1,6,2,3,2,4,3,2,4,0,1,3,6,6,4,3,1,5,1,3,6,4,5,3,2,3,2,2,5,2,3,3,5,1,7,0,3,7,2,1,2,4,4,3,6,3,1,3,3,3,7,4,3,5,5,3,2,5,5,20,4,5,3,1,3,4,2,5,3,5,3,3,7,6,3,3,3,1,1,2,2,5,3,2,2,1,3,3,4,6,2,5,4,4,2,6,2,3,6,6,2,0,1,2,4,3
2,4,2,4,2,4,4,4,4,3,4,5,4,2,1,4,3,5,8,1,2,1,1,6,2,3,2,4,3,2,4,0,1,3,6,6,4,3,1,5,1,3,6,4,5,3,2,3,2,2,5,2,3,3,5,1,7,0,3,7,2,1,2,4,4,3,6,3,1,3,3,3,7,4,4,1,1,4,4,10,19,2,3,2,2,4,3,4,0,3,3,2,6,3,5,1,2,7,2,4,2,4,4,4,4,3,2,7,6,1,2,1,3,1,3,4,5,1,1,4,1,2,2,0,3,4,3,3
5,1,5,2,3,1,7,9,4,2,1,2,1,2,5,5,3,3,1,19,1,1,2,4,4,1,2,1,2,3,2,5,3,1,5,1,3,7,2,3,3,2,3,1,7,4,6,5,1,4,4,1,3,3,1,4,6,2,1,4,3,2,2,4,8,4,4,2,3,6,4,3,3,2,14,1,1,4,4,10,19,2,3,2,2,4,3,4,0,3,3,2,6,3,5,1,2,7,2,4,2,4,4,4,4,3,2,7,6,1,2,1,3,1,3,4,5,1,1,4,1,2,2,0,3,4,3,3
5,1,5,2,3,1,7,9,4,2,1,2,1,2,5,5,3,3,1,19,1,1,2,4,4,1,2,1,2,3,2,5,3,1,5,1,3,7,2,3,3,2,3,1,7,4,6,5,1,4,4,1,3,3,1,4,6,2,1,4,3,2,2,4,8,4,4,2,3,6,4,3,3,2,14,3,0,4,2,3,6,20,3,2,8,2,6,13,1,3,4,1,4,2,5,1,7,2,5,4,4,4,3,3,2,1,2,3,4,2,5,3,3,2,4,0,10,3,7,3,2,3,3,12,5,3,3,1
1,4,2,1,3,11,2,6,3,3,4,2,3,23,5,2,2,4,2,2,5,3,2,4,3,17,1,6,3,6,3,6,3,6,6,8,8,0,2,3,2,6,2,1,2,4,5,8,4,6,2,2,6,2,2,2,3,5,3,3,3,2,3,2,3,3,2,3,3,7,2,3,4,2,2,3,0,4,2,3,6,20,3,2,8,2,6,13,1,3,4,1,4,2,5,1,7,2,5,4,4,4,3,3,2,1,2,3,4,2,5,3,3,2,4,0,10,3,7,3,2,3,3,12,5,3,3,1
1,4,2,1,3,11,2,6,3,3,4,2,3,23,5,2,2,4,2,2,5,3,2,4,3,17,1,6,3,6,3,6,3,6,6,8,8,0,2,3,2,6,2,1,2,4,5,8,4,6,2,2,6,2,2,2,3,5,3,3,3,2,3,2,3,3,2,3,3,7,2,3,4,2,2,3,1,3,3,13,11,2,2,4,4,1,4,3,5,3,4,1,4,4,2,4,1,6,6,0,5,4,3,1,1,3,3,4,4,3,3,3,2,4,4,3,1,3,5,3,4,4,4,2,5,0,2,5
1,21,5,1,3,3,3,7,4,3,21,1,4,2,2,1,7,0,28,0,1,2,1,3,2,2,5,15,2,1,2,3,1,1,8,7,4,4,2,2,3,7,2,5,2,2,5,5,3,2,0,10,3,4,2,3,7,3,4,2,3,0,6,7,6,2,2,2,3,6,17,7,2,3,3,3,1,3,3,13,11,2,2,4,4,1,4,3,5,3,4,1,4,4,2,4,1,6,6,0,5,4,3,1,1,3,3,4,4,3,3,3,2,4,4,3,1,3,5,3,4,4,4,2,5,0,2,5
1,21,5,1,3,3,3,7,4,3,21,1,4,2,2,1,7,0,28,0,1,2,1,3,2,2,5,15,2,1,2,3,1,1,8,7,4,4,2,2,3,7,2,5,2,2,5,5,3,2,0,10,3,4,2,3,7,3,4,2,3,0,6,7,6,2,2,2,3,6,17,7,2,3,3,3,3,4,5,6,5,5,2,5,10,5,3,4,4,3,2,39,2,1,6,12,4,1,3,3,3,2,2,2,2,7,5,1,0,3,4,9,3,6,1,2,3,4,5,1,1,2,3,3,3,4,6,3
3,2,2,3,4,3,3,4,5,5,3,4,3,3,11,19,0,2,7,2,4,9,4,5,1,4,1,2,3,16,0,1,4,4,3,1,5,3,2,4,4,1,2,1,4,4,5,2,4,1,3,4,2,5,2,6,5,3,4,5,2,5,6,5,4,3,22,2,1,2,8,2,0,1,2,3,3,4,5,6,5,5,2,5,10,5,3,4,4,3,2,39,2,1,6,12,4,1,3,3,3,2,2,2,2,7,5,1,0,3,4,9,3,6,1,2,3,4,5,1,1,2,3,3,3,4,6,3
3,2,2,3,4,3,3,4,5,5,3,4,3,3,11,19,0,2,7,2,4,9,4,5,1,4,1,2,3,16,0,1,4,4,3,1,5,3,2,4,4,1,2,1,4,4,5,2,4,1,3,4,2,5,2,6,5,3,4,5,2,5,6,5,4,3,22,2,1,2,8,2,0,1,3,10,3,5,2,4,5,3,12,11,1,5,6,4,3,4,2,1,3,5,9,1,3,0,1,6,3,1,2,5,5,2,1,3,4,1,3,3,3,3,1,6,1,7,5,1,3,3,3,3,5,4,2,0
3,4,2,4,3,2,3,4,3,14,7,3,5,6,2,7,4,1,3,1,3,7,6,6,6,5,1,7,1,7,6,6,4,1,4,1,4,5,1,4,5,2,6,4,8,6,8,2,2,5,8,1,2,6,5,2,4,4,5,1,1,2,3,4,1,7,2,2,3,1,4,4,0,4,3,10,3,5,2,4,5,3,12,11,1,5,6,4,3,4,2,1,3,5,9,1,3,0,1,6,3,1,2,5,5,2,1,3,4,1,3,3,3,3,1,6,1,7,5,1,3,3,3,3,5,4,2,0
3,4,2,4,3,2,3,4,3,14,7,3,5,6,2,7,4,1,3,1,3,7,6,6,6,5,1,7,1,7,6,6,4,1,4,1,4,5,1,4,5,2,6,4,8,6,8,2,2,5,8,1,2,6,5,2,4,4,5,1,1,2,3,4,1,7,2,2,3,1,4,4,0,4,1,2,2,3,15,12,1,3,0,4,4,4,3,3,30,17,0,0,7,2,3,1,6,2,5,5,1,6,2,5,2,3,3,4,3,2,1,1,8,3,4,4,0,1,3,6,4,2,2,8,3,2,3,3
2,2,4,1,15,2,4,5,5,2,3,4,3,2,18,1,5,1,4,1,3,2,5,2,3,4,1,6,0,5,1,3,4,6,2,1,1,3,1,4,1,1,5,1,3,5,2,4,3,2,1,2,3,1,2,1,3,4,7,1,2,4,6,2,2,4,4,2,10,2,4,4,5,5,2,2,2,3,15,12,1,3,0,4,4,4,3,3,30,17,0,0,7,2,3,1,6,2,5,5,1,6,2,5,2,3,3,4,3,2,1,1,8,3,4,4,0,1,3,6,4,2,2,8,3,2,3,3
2,2,4,1,15,2,4,5,5,2,3,4,3,2,18,1,5,1,4,1,3,2,5,2,3,4,1,6,0,5,1,3,4,6,2,1,1,3,1,4,1,1,5,1,3,5,2,4,3,2,1,2,3,1,2,1,3,4,7,1,2,4,6,2,2,4,4,2,10,2,4,4,5,5,2,1,2,2,3,1,5,21,3,1,2,0,1,3,2,6,1,2,1,5,2,5,2,1,1,4,6,4,5,9,6,4,5,5,2,1,8,3,5,7,2,4,4,2,1,3,4,4,4,3,5,4,6,3
2,1,2,5,6,1,4,4,4,0,3,0,3,5,1,3,2,13,1,2,3,3,2,3,3,3,5,3,3,5,2,4,7,3,3,5,3,2,2,2,5,7,2,2,3,7,3,2,3,4,4,4,5,5,4,1,4,5,5,4,1,3,3,2,1,3,4,1,4,4,5,23,2,4,8,1,2,2,3,1,5,21,3,1,2,0,1,3,2,6,1,2,1,5,2,5,2,1,1,4,6,4,5,9,6,4,5,5,2,1,8,3,5,7,2,4,4,2,1,3,4,4,4,3,5,4,6,3
2,1,2,5,6,1,4,4,4,0,3,0,3,5,1,3,2,13,1,2,3,3,2,3,3,3,5,3,3,5,2,4,7,3,3,5,3,2,2,2,5,7,2,2,3,7,3,2,3,4,4,4,5,5,4,1,4,5,5,4,1,3,3,2,1,3,4,1,4,4,5,23,2,4,8,1,2,2,1,4,11,1,1,5,2,5,34,0,1,1,3,1,7,3,1,2,0,3,5,5,2,2,5,4,2,5,2,6,4,4,6,5,3,3,5,1,4,5,4,3,4,4,4,3,5,4,3,3
3,2,2,2,3,4,3,6,3,5,5,2,3,3,2,23,1,8,0,1,3,7,3,6,3,4,5,2,5,3,4,3,6,9,5,5,1,1,3,2,7,4,4,5,8,3,1,1,6,4,3,5,10,9,1,0,3,7,5,2,2,3,4,1,5,3,7,6,4,3,5,3,5,5,2,1,2,2,1,4,11,1,1,5,2,5,34,0,1,1,3,1,7,3,1,2,0,3,5,5,2,2,5,4,2,5,2,6,4,4,6,5,3,3,5,1,4,5,4,3,4,4,4,3,5,4,3,3
3,2,2,2,3,4,3,6,3,5,5,2,3,3,2,23,1,8,0,1,3,7,3,6,3,4,5,2,5,3,4,3,6,9,5,5,1,1,3,2,7,4,4,5,8,3,1,1,6,4,3,5,10,9,1,0,3,7,5,2,2,3,4,1,5,3,7,6,4,3,5,3,5,5,2,3,4,3,3,5,2,2,5,12,2,3,2,3,2,2,1,2,4,31,0,1,4,2,4,2,2,4,3,5,4,2,3,3,3,0,4,1,3,3,5,4,4,3,2,3,3,5,3,4,2,1,4,3
4,2,4,3,3,22,12,4,2,1,3,3,3,6,2,2,1,3,2,2,8,2,3,4,9,4,1,5,3,5,4,3,0,4,1,3,2,3,6,3,4,2,4,4,3,2,3,5,2,9,3,10,1,2,5,5,1,5,4,1,5,3,3,4,5,2,2,6,1,18,4,3,3,5,5,3,4,3,3,5,2,2,5,12,2,3,2,3,2,2,1,2,4,31,0,1,4,2,4,2,2,4,3,5,4,2,3,3,3,0,4,1,3,3,5,4,4,3,2,3,3,5,3,4,2,1,4,3
4,2,4,3,3,22,12,4,2,1,3,3,3,6,2,2,1,3,2,2,8,2,3,4,9,4,1,5,3,5,4,3,0,4,1,3,2,3,6,3,4,2,4,4,3,2,3,5,2,9,3,10,1,2,5,5,1,5,4,1,5,3,3,4,5,2,2,6,1,18,4,3,3,5,5,5,3,4,31,0,3,1,3,4,2,4,8,8,6,1,4,2,8,2,6,2,6,3,2,2,4,2,2,3,4,2,2,2,3,5,6,4,4,7,4,0,2,2,1,2,2,4,2,4,1,4,10,4
7,3,3,1,4,5,6,3,2,2,3,2,0,7,2,12,1,5,1,5,3,4,1,4,2,0,1,11,7,2,3,5,1,3,4,2,4,3,3,6,2,4,4,3,2,5,4,4,2,6,3,2,3,1,1,3,3,3,5,6,5,2,1,2,3,3,4,9,12,3,3,1,2,3,1,5,3,4,31,0,3,1,3,4,2,4,8,8,6,1,4,2,8,2,6,2,6,3,2,2,4,2,2,3,4,2,2,2,3,5,6,4,4,7,4,0,2,2,1,2,2,4,2,4,1,4,10,4
7,3,3,1,4,5,6,3,2,2,3,2,0,7,2,12,1,5,1,5,3,4,1,4,2,0,1,11,7,2,3,5,1,3,4,2,4,3,3,6,2,4,4,3,2,5,4,4,2,6,3,2,3,1,1,3,3,3,5,6,5,2,1,2,3,3,4,9,12,3,3,1,2,3,1,1,3,5,2,8,4,3,6,1,4,0,3,4,10,1,4,5,3,4,10,23,1,1,2,5,2,3,1,2,5,2,6,1,1,2,0,3,3,4,6,2,2,3,3,3,2,5,3,6,2,8,3,3
1,3,4,3,5,18,10,1,5,1,2,2,2,3,3,4,4,2,3,3,4,3,2,1,4,4,1,2,2,8,5,4,2,5,5,3,1,3,6,4,1,3,4,4,5,2,6,5,3,4,6,2,6,1,2,5,3,4,1,2,5,5,2,4,3,3,5,4,2,2,3,2,1,15,4,1,3,5,2,8,4,3,6,1,4,0,3,4,10,1,4,5,3,4,10,23,1,1,2,5,2,3,1,2,5,2,6,1,1,2,0,3,3,4,6,2,2,3,3,3,2,5,3,6,2,8,3,3
0,3,4,3,5,18,10,1,5,1,2,2,2,3,3,4,4,2,3,3,4,3,2,1,4,4,1,2,2,8,5,4,2,5,5,3,1,3,6,4,1,3,4,4,5,2,6,5,3,4,6,2,6,1,2,5,3,4,1,2,5,5,2,4,3,3,5,4,2,2,3,2,1,15,4,4,2,2,3,16,28,15,2,0,5,2,0,1,4,2,4,3,5,4,3,1,3,2,4,1,3,5,3,4,1,3,7,2,5,5,6,3,8,2,2,4,5,3,3,3,3,2,1,2,2,3,2,6
3,4,3,3,2,3,2,5,3,5,4,2,5,1,5,3,6,16,1,2,3,2,3,1,2,2,5,15,1,3,2,1,3,1,7,2,5,5,7,1,5,3,0,2,1,3,7,6,6,3,5,5,4,3,6,1,6,3,3,2,10,1,6,1,4,2,6,2,3,2,1,3,1,5,1,4,2,2,3,16,28,15,2,0,5,2,0,1,4,2,4,3,5,4,3,1,3,2,4,1,3,5,3,4,1,3,7,2,5,5,6,3,8,2,2,4,5,3,3,3,3,2,1,2,2,3,2,6
3,4,3,3,2,3,2,5,3,5,4,2,5,1,5,3,6,16,1,2,3,2,3,1,2,2,5,15,1,3,2,1,3,1,7,2,5,5,7,1,5,3,0,2,1,3,7,6,6,3,5,5,4,3,6,1,6,3,3,2,10,1,6,1,4,2,6,2,3,2,1,3,1,5,4,4,5,4,3,4,4,1,2,3,1,5,5,24,4,4,4,5,1,7,5,4,3,2,2,4,4,1,7,2,3,3,5,1,3,4,3,5,3,1,4,4,6,7,4,2,1,1,8,2,3,6,3,4
3,4,1,2,1,6,2,3,1,4,5,7,3,5,4,2,5,1,3,11,2,2,3,8,0,0,2,5,4,2,1,4,7,6,4,2,5,2,7,3,4,2,4,1,1,2,3,1,4,6,2,1,3,5,5,3,3,3,6,1,5,6,2,5,3,6,4,2,13,2,3,8,3,3,4,4,5,4,3,4,4,1,2,3,1,5,5,24,4,4,4,5,1,7,5,4,3,2,2,4,4,1,7,2,3,3,5,1,3,4,3,5,3,1,4,4,6,7,4,2,1,1,8,2,3,6,3,4
3,4,1,2,1,6,2,3,1,4,5,7,3,5,4,2,5,1,3,11,2,2,3,8,0,0,2,5,4,2,1,4,7,6,4,2,5,2,7,3,4,2,4,1,1,2,3,1,4,6,2,1,3,5,5,3,3,3,6,1,5,6,2,5,3,6,4,2,13,2,3,8,3,3,3,3,11,3,1,2,22,4,2,2,5,6,8,0,8,2,1,2,5,4,3,3,3,5,3,6,2,2,1,3,1,4,2,4,3,2,6,4,4,1,5,5,3,5,1,3,4,4,1,6,9,2,3,4
4,4,3,3,2,3,3,2,1,8,4,6,18,5,1,1,4,1,3,5,2,1,3,3,4,31,1,1,0,4,2,2,7,1,10,5,2,5,3,6,1,2,2,1,3,2,5,0,2,2,5,3,5,3,6,4,3,2,3,1,2,3,3,4,2,2,5,4,1,3,2,7,14,2,8,3,11,3,1,2,22,4,2,2,5,6,8,0,8,2,1,2,5,4,3,3,3,5,3,6,2,2,1,3,1,4,2,4,3,2,6,4,4,1,5,5,3,5,1,3,4,4,1,6,9,2,3,4
4,4,3,3,2,3,3,2,1,8,4,6,18,5,1,1,4,1,3,5,2,1,3,3,4,31,1,1,0,4,2,2,7,1,10,5,2,5,3,6,1,2,2,1,3,2,5,0,2,2,5,3,5,3,6,4,3,2,3,1,2,3,3,4,2,2,5,4,1,3,2,7,14,2,8,3,1,4,4,6,1,4,10,4,3,1,4,10,4,7,1,3,28,1,2,0,4,0,1,5,5,4,1,3,1,4,2,5,3,2,5,2,3,2,5,3,2,5,2,1,2,0,4,5,5,0,2,2
2,3,5,7,1,3,4,2,2,6,3,2,5,3,1,3,3,8,3,5,1,3,4,5,10,1,4,2,2,5,4,4,6,2,4,1,3,3,5,2,0,7,3,4,2,10,3,5,7,2,4,3,5,2,4,3,5,3,3,2,3,4,3,4,3,4,3,4,3,4,1,3,1,2,4,3,1,4,4,6,1,4,10,4,3,1,4,10,4,7,1,3,28,1,2,0,4,0,1,5,5,4,1,3,1,4,2,5,3,2,5,2,3,2,5,3,2,5,2,1,2,0,4,5,5,0,2,2
2,3,5,7,1,3,4,2,2,6,3,2,5,3,1,3,3,8,3,5,1,3,4,5,10,1,4,2,2,5,4,4,6,2,4,1,3,3,5,2,0,7,3,4,2,10,3,5,7,2,4,3,5,2,4,3,5,3,3,2,3,4,3,4,3,4,3,4,3,4,1,3,1,2,4,4,6,0,13,5,2,5,3,3,1,1,1,8,6,6,3,23,13,4,1,0,4,3,2,3,4,5,3,2,3,5,5,4,2,7,4,3,1,6,1,3,6,2,1,4,1,3,4,6,5,1,6,4
2,4,15,6,2,1,8,1,10,3,17,0,2,1,1,4,4,1,5,5,5,3,2,1,6,2,3,3,6,9,4,1,5,2,6,1,3,5,2,3,6,1,4,2,1,5,2,3,5,2,1,5,2,7,2,6,1,1,2,3,6,5,3,3,5,0,12,2,2,1,3,3,2,4,7,4,6,0,13,5,2,5,3,3,1,1,1,8,6,6,3,23,13,4,1,0,4,3,2,3,4,5,3,2,3,5,5,4,2,7,4,3,1,6,1,3,6,2,1,4,1,3,4,6,5,1,6,4
2,4,15,6,2,1,8,1,10,3,17,0,2,1,1,4,4,1,5,5,5,3,2,1,6,2,3,3,6,9,4,1,5,2,6,1,3,5,2,3,6,1,4,2,1,5,2,3,5,2,1,5,2,7,2,6,1,1,2,3,6,5,3,3,5,0,12,2,2,1,3,3,2,4,7,2,3,3,1,3,5,19,1,14,4,4,0,1,4,2,1,1,5,14,2,7,2,3,3,2,0,1,2,5,2,4,6,4,3,5,3,2,3,2,8,4,1,4,3,4,5,4,3,3,3,6,3,1
5,3,2,1,4,4,3,7,18,4,2,5,4,3,2,3,3,17,4,1,5,3,3,0,6,8,2,20,1,0,1,4,7,1,3,2,6,7,4,2,3,4,3,2,3,4,7,3,3,4,3,5,1,3,2,3,1,1,3,2,3,3,4,1,5,8,2,3,2,5,3,19,2,2,1,2,3,3,1,3,5,19,1,14,4,4,0,1,4,2,1,1,5,14,2,7,2,3,3,2,0,1,2,5,2,4,6,4,3,5,3,2,3,2,8,4,1,4,3,4,5,4,3,3,3,6,3,1
5,3,2,1,4,4,3,7,18,4,2,5,4,3,2,3,3,17,4,1,5,3,3,0,6,8,2,20,1,0,1,4,7,1,3,2,6,7,4,2,3,4,3,2,3,4,7,3,3,4,3,5,1,3,2,3,1,1,3,2,3,3,4,1,5,8,2,3,2,5,3,19,2,2,4,6,4,5,3,10,0,2,5,3,4,3,5,20,9,6,2,3,2,5,5,3,2,4,1,3,5,2,2,1,2,4,3,2,8,3,1,4,4,6,4,3,2,2,2,4,2,3,3,2,2,3,6,3
6,1,4,25,15,1,0,0,2,2,4,5,8,2,4,4,4,6,5,1,3,4,1,16,7,3,3,1,1,3,2,1,4,1,5,5,2,2,3,1,5,4,1,1,4,3,1,2,5,1,4,3,3,2,2,3,4,4,3,2,2,7,7,3,5,14,6,1,4,4,4,5,16,4,4,6,4,5,3,10,0,2,5,3,4,3,5,20,9,6,2,3,2,5,5,3,2,4,1,3,5,2,2,1,2,4,3,2,8,3,1,4,4,6,4,3,2,2,2,4,2,3,3,2,2,3,6,3
6,1,4,25,15,1,0,0,2,2,4,5,8,2,4,4,4,6,5,1,3,4,1,16,7,3,3,1,1,3,2,1,4,1,5,5,2,2,3,1,5,4,1,1,4,3,1,2,5,1,4,3,3,2,2,3,4,4,3,2,2,7,7,3,5,14,6,1,4,4,4,5,16,4,1,2,3,1,12,11,0,2,3,2,3,3,1,29,2,2,0,0,3,4,5,3,5,3,0,2,2,4,4,3,4,6,5,3,3,2,4,2,2,4,3,3,3,3,5,3,1,5,6,4,3,4,0,1
5,3,2,2,3,1,3,1,4,2,3,3,1,6,1,4,10,2,1,2,2,4,3,6,2,3,4,11,3,2,1,1,2,2,8,3,6,6,4,2,3,6,9,4,5,2,0,3,8,2,2,6,5,3,3,6,4,5,7,3,3,2,2,3,1,3,4,1,4,4,8,2,14,5,2,2,3,1,12,11,0,2,3,2,3,3,1,29,2,2,0,0,3,4,5,3,5,3,0,2,2,4,4,3,4,6,5,3,3,2,4,2,2,4,3,3,3,3,5,3,1,5,6,4,3,4,0,1
5,3,2,2,3,1,3,1,4,2,3,3,1,6,1,4,10,2,1,2,2,4,3,6,2,3,4,11,3,2,1,1,2,2,8,3,6,6,4,2,3,6,9,4,5,2,0,3,8,2,2,6,5,3,3,6,4,5,7,3,3,2,2,3,1,3,4,1,4,4,8,2,14,5,7,1,5,4,6,5,3,5,2,14,2,3,2,7,2,3,2,3,3,8,2,3,4,2,2,5,10,5,3,6,6,2,2,5,2,2,2,3,2,4,7,3,3,4,3,3,4,2,2,1,4,1,3,6
5,4,3,1,13,4,2,5,3,1,2,2,4,28,1,0,1,1,2,1,3,5,2,3,3,6,4,4,6,2,7,4,2,3,5,3,2,2,3,3,4,3,1,1,2,4,2,2,3,2,6,6,2,5,4,2,2,3,0,2,4,6,2,5,3,10,5,10,1,0,2,0,1,3,7,1,5,4,6,5,3,5,2,14,2,3,2,7,2,3,2,3,3,8,2,3,4,2,2,5,10,5,3,6,6,2,2,5,2,2,2,3,2,4,7,3,3,4,3,3,4,2,2,1,4,1,3,6
5,4,3,1,13,4,2,5,3,1,2,2,4,28,1,0,1,1,2,1,3,5,2,3,3,6,4,4,6,2,7,4,2,3,5,3,2,2,3,3,4,3,1,1,2,4,2,2,3,2,6,6,2,5,4,2,2,3,0,2,4,6,2,5,3,10,5,10,1,0,2,0,1,3,9,3,8,4,1,4,5,5,3,5,0,5,12,3,2,0,3,5,28,2,2,3,2,2,3,3,2,4,4,4,5,1,6,1,8,4,3,1,6,7,4,4,6,3,3,2,1,3,4,1,4,6,8,6
3,2,10,4,8,2,4,5,4,10,2,1,6,2,2,2,7,2,21,4,0,4,3,2,1,3,1,4,4,2,4,2,1,4,5,3,3,4,5,2,3,0,1,4,3,4,2,6,4,4,8,2,7,3,3,1,1,5,2,7,3,4,3,4,2,3,6,15,0,2,6,1,5,6,9,3,8,4,1,4,5,5,3,5,0,5,12,3,2,0,3,5,28,2,2,3,2,2,3,3,2,4,4,4,5,1,6,1,8,4,3,1,6,7,4,4,6,3,3,2,1,3,4,1,4,6,8,6
3,2,10,4,8,2,4,5,4,10,2,1,6,2,2,2,7,2,21,4,0,4,3,2,1,3,1,4,4,2,4,2,1,4,5,3,3,4,5,2,3,0,1,4,3,4,2,6,4,4,8,2,7,3,3,1,1,5,2,7,3,4,3,4,2,3,6,15,0,2,6,1,5,6,4,19,10,2,5,3,3,3,3,20,0,1,4,4,1,4,2,6,3,3,2,21,0,1,0,3,2,3,4,2,3,3,6,0,3,3,4,3,3,1,1,5,2,2,5,3,3,1,4,6,4,2,2,5
2,5,1,2,3,18,6,7,4,0,4,3,4,3,3,3,4,4,4,1,2,1,3,3,11,1,0,1,0,2,6,2,2,1,4,1,2,3,3,3,2,6,6,4,4,2,3,2,6,2,3,2,5,4,3,3,3,3,6,1,4,3,4,2,2,4,2,5,9,4,0,6,3,4,4,19,10,2,5,3,3,3,3,20,0,1,4,4,1,4,2,6,3,3,2,21,0,1,0,3,2,3,4,2,3,3,6,0,3,3,4,3,3,1,1,5,2,2,5,3,3,1,4,6,4,2,2,5
2,5,1,2,3,18,6,7,4,0,4,3,4,3,3,3,4,4,4,1,2,1,3,3,11,1,0,1,0,2,6,2,2,1,4,1,2,3,3,3,2,6,6,4,4,2,3,2,6,2,3,2,5,4,3,3,3,3,6,1,4,3,4,2,2,4,2,5,9,4,0,6,3,4,4,3,4,1,2,5,4,3,4,8,3,4,11,1,3,2,21,2,1,2,4,2,2,1,4,7,3,5,5,3,4,4,4,2,3,5,3,4,2,3,1,3,3,1,2,2,2,5,10,5,5,5,2,2
3,1,4,3,2,2,5,3,6,0,1,12,4,3,3,5,2,2,9,12,2,3,3,4,3,2,2,4,6,2,1,3,6,1,3,5,2,2,4,5,4,1,2,3,3,1,3,2,1,6,1,2,4,4,5,1,3,2,4,4,3,5,2,2,4,4,17,7,2,4,3,3,3,6,4,3,4,1,2,5,4,3,4,8,3,4,11,1,3,2,21,2,1,2,4,2,2,1,4,7,3,5,5,3,4,4,4,2,3,5,3,4,2,3,1,3,3,1,2,2,2,5,10,5,5,5,2,2
3,1,4,3,2,2,5,3,6,0,1,12,4,3,3,5,2,2,9,12,2,3,3,4,3,2,2,4,6,2,1,3,6,1,3,5,2,2,4,5,4,1,2,3,3,1,3,2,1,6,1,2,4,4,5,1,3,2,4,4,3,5,2,2,4,4,17,7,2,4,3,3,3,6,1,27,0,0,1,1,1,4,7,3,8,1,3,3,4,3,1,2,3,3,3,5,1,6,5,7,2,1,4,3,2,3,1,6,1,7,2,7,5,8,4,5,1,1,1,1,2,4,5,4,4,2,3,5
3,7,1,7,3,8,3,8,5,3,4,9,14,5,2,2,2,3,5,1,1,3,4,5,2,1,1,1,6,2,4,3,5,6,4,3,4,4,2,4,4,0,3,2,4,0,5,2,5,4,4,2,7,4,2,1,2,3,3,3,2,3,2,2,3,4,6,2,5,25,5,6,4,2,3,27,0,0,1,1,1,4,7,3,8,1,3,3,4,3,1,2,3,3,3,5,1,6,5,7,2,1,4,3,2,3,1,6,1,7,2,7,5,8,4,5,1,1,1,1,2,4,5,4,4,2,3,5
3,7,1,7,3,8,3,8,5,3,4,9,14,5,2,2,2,3,5,1,1,3,4,5,2,1,1,1,6,2,4,3,5,6,4,3,4,4,2,4,4,0,3,2,4,0,5,2,5,4,4,2,7,4,2,1,2,3,3,3,2,3,2,2,3,4,6,2,5,25,5,6,4,2,4,1,4,3,15,4,7,23,2,7,5,1,1,2,2,41,1,3,3,5,3,0,0,3,1,3,1,3,3,6,4,3,2,2,3,4,1,6,6,5,3,7,1,1,3,3,2,6,5,3,2,2,6,5
3,2,3,4,15,1,4,1,3,4,3,6,1,9,4,2,1,5,1,4,3,3,1,4,3,5,6,3,0,7,4,3,4,3,2,4,2,1,4,7,4,3,3,2,3,2,4,3,2,2,3,2,5,5,7,4,3,1,2,4,4,5,2,2,4,3,5,3,2,2,8,2,5,2,4,1,4,3,15,4,7,23,2,7,5,1,1,2,2,41,1,3,3,5,3,0,0,3,1,3,1,3,3,6,4,3,2,2,3,4,1,6,6,5,3,7,1,1,3,3,2,6,5,3,2,2,6,5
3,2,3,4,15,1,4,1,3,4,3,6,1,9,4,2,1,5,1,4,3,3,1,4,3,5,6,3,0,7,4,3,4,3,2,4,2,1,4,7,4,3,3,2,3,2,4,3,2,2,3,2,5,5,7,4,3,1,2,4,4,5,2,2,4,3,5,3,2,2,8,2,5,2,4,4,7,2,5,3,6,21,4,2,2,2,2,1,1,5,2,1,3,1,5,1,3,3,2,5,1,5,3,6,7,2,4,6,6,4,3,0,5,5,2,5,5,2,2,7,1,4,5,0,4,3,2,1
2,0,8,4,3,13,1,4,1,1,3,2,3,1,9,8,1,2,8,3,2,3,1,3,2,3,3,5,1,6,2,4,3,2,3,2,2,1,3,3,4,4,2,2,4,7,4,6,7,1,7,2,5,4,2,4,2,4,2,8,2,2,4,5,3,1,2,6,2,5,5,5,0,3,5,4,7,2,5,3,6,21,4,2,2,2,2,1,1,5,2,1,3,1,5,1,3,3,2,5,1,5,3,6,7,2,4,6,6,4,3,0,5,5,2,5,5,2,2,7,1,4,5,0,4,3,2,1
2,0,8,4,3,13,1,4,1,1,3,2,3,1,9,8,1,2,8,3,2,3,1,3,2,3,3,5,1,6,2,4,3,2,3,2,2,1,3,3,4,4,2,2,4,7,4,6,7,1,7,2,5,4,2,4,2,4,2,8,2,2,4,5,3,1,2,6,2,5,5,5,0,3,5,2,2,2,3,3,4,11,1,3,5,5,2,5,3,3,23,3,1,2,4,4,2,4,2,3,5,3,4,4,3,1,3,2,3,3,2,4,5,5,4,3,6,2,1,3,4,3,4,5,2,3,1,4
3,6,3,1,3,2,1,2,5,3,1,2,6,14,0,2,6,3,2,5,6,3,2,16,3,2,3,7,4,1,4,2,0,3,2,5,2,4,3,6,3,4,2,3,1,7,3,1,1,4,6,8,4,3,4,5,5,6,2,2,3,2,3,3,6,3,3,1,12,3,4,3,4,5,2,2,2,2,3,3,4,11,1,3,5,5,2,5,3,3,23,3,1,2,4,4,2,4,2,3,5,3,4,4,3,1,3,2,3,3,2,4,5,5,4,3,6,2,1,3,4,3,4,5,2,3,1,4
3,6,3,1,3,2,1,2,5,3,1,2,6,14,0,2,6,3,2,5,6,3,2,16,3,2,3,7,4,1,4,2,0,3,2,5,2,4,3,6,3,4,2,3,1,7,3,1,1,4,6,8,4,3,4,5,5,6,2,2,3,2,3,3,6,3,3,1,12,3,4,3,4,5,6,2,0,28,2,5,12,4,4,3,4,4,0,3,5,2,4,2,2,2,3,3,1,6,2,4,3,2,4,3,2,4,7,3,4,3,4,5,7,1,3,3,2,4,4,3,5,3,4,1,3,1,2,3
1,2,3,3,3,7,1,4,3,1,1,1,8,10,2,3,5,3,3,2,4,2,5,3,13,3,3,4,1,4,7,2,6,5,2,5,4,3,2,3,3,4,5,1,2,2,2,2,4,1,4,4,2,3,3,5,2,2,5,5,2,2,5,1,6,2,3,1,21,3,4,0,5,5,6,2,0,28,2,5,12,4,4,3,4,4,0,3,5,2,4,2,2,2,3,3,1,6,2,4,3,2,4,3,2,4,7,3,4,3,4,5,7,1,3,3,2,4,4,3,5,3,4,1,3,1,2,3
4,2,3,3,3,7,1,4,3,1,1,1,8,10,2,3,5,3,3,2,4,2,5,3,13,3,3,4,1,4,7,2,6,5,2,5,4,3,2,3,3,4,5,1,2,2,2,2,4,1,4,4,2,3,3,5,2,2,5,5,2,2,5,1,6,2,3,1,21,3,4,0,5,5,2,3,0,5,4,3,17,8,2,6,5,2,2,3,2,6,1,2,3,4,7,3,4,4,2,3,3,1,3,5,3,3,2,5,4,6,4,7,4,2,1,0,3,2,2,6,3,3,3,5,2,2,1,5
4,3,1,1,10,1,2,5,6,3,2,8,1,10,2,14,3,0,5,3,4,3,3,5,2,5,5,3,3,2,9,1,4,3,2,0,2,4,5,2,2,5,5,5,7,3,2,3,3,2,2,3,3,7,4,2,7,4,5,5,3,3,4,6,1,2,2,1,3,4,2,3,8,1,2,3,0,5,4,3,17,8,2,6,5,2,2,3,2,6,1,2,3,4,7,3,4,4,2,3,3,1,3,5,3,3,2,5,4,6,4,7,4,2,1,0,3,2,2,6,3,3,3,5,2,2,1,5
2,3,1,1,10,1,2,5,6,3,2,8,1,10,2,14,3,0,5,3,4,3,3,5,2,5,5,3,3,2,9,1,4,3,2,0,2,4,5,2,2,5,5,5,7,3,2,3,3,2,2,3,3,7,4,2,7,4,5,5,3,3,4,6,1,2,2,1,3,4,2,3,8,1,2,4,3,2,4,3,2,5,1,1,7,3,3,4,2,8,3,3,28,2,4,0,3,1,3,1,2,2,2,7,2,5,2,1,3,0,3,5,8,2,4,2,5,2,4,2,3,5,6,1,2,1,2,4
2,2,4,4,1,2,3,4,4,5,4,4,2,1,5,3,4,3,1,2,3,2,4,1,3,7,2,2,5,4,5,4,5,1,4,3,1,2,1,3,2,8,3,5,3,3,3,5,1,4,3,2,3,2,6,4,2,2,3,4,4,2,3,2,4,4,3,3,1,7,2,6,5,7,3,18,4,1,2,2,17,1,7,3,2,6,5,4,4,3,2,3,5,3,4,4,2,4,4,1,1,4,3,1,4,1,2,1,4,1,2,4,7,4,3,4,0,2,2,2,2,1,3,1,1,2,3,3
2,2,4,4,1,2,3,4,4,5,4,4,2,1,5,3,4,3,1,2,3,2,4,1,3,7,2,2,5,4,5,4,5,1,4,3,1,2,1,3,2,8,3,5,3,3,3,5,1,4,3,2,3,2,6,4,2,2,3,4,4,2,3,2,4,4,3,3,1,7,2,6,5,7,5,3,6,3,4,15,0,1,2,1,2,4,3,1,2,4,1,4,3,2,2,2,3,0,6,4,1,6,5,9,5,5,3,2,1,7,2,2,3,3,4,1,7,3,4,6,2,2,2,5,5,3,3,3
7,2,1,1,6,6,5,4,1,4,3,5,6,9,6,5,4,6,4,1,2,6,2,7,4,7,3,4,3,2,6,3,5,3,3,6,2,3,4,1,2,3,9,7,4,1,2,2,6,0,3,8,3,7,5,5,1,4,2,2,1,3,2,0,2,3,5,4,8,6,4,4,4,6,2,3,6,3,4,15,0,1,2,1,2,4,3,1,2,4,1,4,3,2,2,2,3,0,6,4,1,6,5,9,5,5,3,2,1,7,2,2,3,3,4,1,7,3,4,6,2,2,2,5,5,3,3,3
7,2,1,1,6,6,5,4,1,4,3,5,6,9,6,5,4,6,4,1,2,6,2,7,4,7,3,4,3,2,6,3,5,3,3,6,2,3,4,1,2,3,9,7,4,1,2,2,6,0,3,8,3,7,5,5,1,4,2,2,1,3,2,0,2,3,5,4,8,6,4,4,4,6,2,4,2,1,6,6,3,1,4,6,1,1,4,4,7,1,4,3,0,2,33,0,0,0,2,2,1,4,8,3,5,3,3,3,4,3,4,2,3,7,3,1,4,2,4,3,2,3,4,4,2,5,1,2
5,0,7,1,6,1,3,2,4,4,2,4,4,5,2,3,6,4,3,4,2,5,2,2,3,3,5,4,2,2,2,5,2,2,8,3,4,2,4,2,2,5,4,1,5,6,2,1,2,2,2,3,5,3,4,5,3,2,2,6,4,8,2,2,4,7,6,5,7,2,2,3,1,2,2,4,2,1,6,6,3,1,4,6,1,1,4,4,7,1,4,3,0,2,33,0,0,0,2,2,1,4,8,3,5,3,3,3,4,3,4,2,3,7,3,1,4,2,4,3,2,3,4,4,2,5,1,2
5,0,7,1,6,1,3,2,4,4,2,4,4,5,2,3,6,4,3,4,2,5,2,2,3,3,5,4,2,2,2,5,2,2,8,3,4,2,4,2,2,5,4,1,5,6,2,1,2,2,2,3,5,3,4,5,3,2,2,6,4,8,2,2,4,7,6,5,7,2,2,3,1,2,2,4,3,3,2,5,24,7,2,0,4,1,4,3,3,3,2,5,2,1,3,2,2,2,2,3,6,1,5,2,3,3,3,3,2,2,2,1,4,2,2,3,4,5,2,6,0,5,4,1,1,5,4,3
2,6,1,3,3,2,1,5,1,3,2,2,5,8,5,3,5,2,2,4,3,4,4,5,5,6,2,4,7,1,7,3,2,5,2,3,4,7,2,2,2,5,4,1,4,2,4,2,4,3,3,2,3,8,4,2,3,3,3,3,5,0,4,6,3,4,4,0,3,6,5,2,1,4,2,4,3,3,2,5,24,7,2,0,4,1,4,3,3,3,2,5,2,1,3,2,2,2,2,3,6,1,5,2,3,3,3,3,2,2,2,1,4,2,2,3,4,5,2,6,0,5,4,1,1,5,4,3
2,6,1,3,3,2,1,5,1,3,2,2,5,8,5,3,5,2,2,4,3,4,4,5,5,6,2,4,7,1,7,3,2,5,2,3,4,7,2,2,2,5,4,1,4,2,4,2,4,3,3,2,3,8,4,2,3,3,3,3,5,0,4,6,3,4,4,0,3,6,5,2,1,4,2,4,5,6,1,5,3,4,6,4,6,1,4,5,4,5,4,1,4,4,4,15,1,3,2,4,3,5,5,3,2,2,3,6,3,2,5,2,4,2,5,2,3,5,9,9,2,1,4,3,2,4,1,2
3,3,6,4,4,5,2,2,4,2,5,5,5,6,1,6,3,3,2,5,2,4,5,3,5,4,1,2,2,5,5,3,1,5,3,1,2,6,3,3,2,1,7,7,4,2,3,2,2,1,2,3,7,8,2,1,3,1,4,1,3,5,1,2,4,3,3,4,5,2,2,4,5,3,0,4,5,6,1,5,3,4,6,4,6,1,4,5,4,5,4,1,4,4,4,15,1,3,2,4,3,5,5,3,2,2,3,6,3,2,5,2,4,2,5,2,3,5,9,9,2,1,4,3,2,4,1,2
3,3,6,4,4,5,2,2,4,2,5,5,5,6,1,6,3,3,2,5,2,4,5,3,5,4,1,2,2,5,5,3,1,5,3,1,2,6,3,3,2,1,7,7,4,2,3,2,2,1,2,3,7,8,2,1,3,1,4,1,3,5,1,2,4,3,3,4,5,2,2,4,5,3,0,4,2,6,1,5,3,5,3,2,2,3,4,1,2,5,4,8,2,1,5,5,4,7,0,6,4,4,4,4,3,6,3,6,2,6,3,0,3,2,5,5,3,4,2,1,3,1,2,2,2,3,3,2
1,3,2,6,4,4,3,2,1,4,4,2,1,2,5,1,8,3,5,1,2,3,6,4,2,1,3,3,3,3,3,2,1,2,7,4,4,1,5,3,3,4,2,3,1,5,4,2,2,4,3,8,4,3,2,6,3,2,4,2,4,7,3,9,2,4,2,6,3,1,3,5,2,5,1,4,2,6,1,5,3,5,3,2,2,3,4,1,2,5,4,8,2,1,5,5,4,7,0,6,4,4,4,4,3,6,3,6,2,6,3,0,3,2,5,5,3,4,2,1,3,1,2,2,2,3,3,2
1,3,2,6,4,4,3,2,1,4,4,2,1,2,5,1,8,3,5,1,2,3,6,4,2,1,3,3,3,3,3,2,1,2,7,4,4,1,5,3,3,4,2,3,1,5,4,2,2,4,3,8,4,3,2,6,3,2,4,2,4,7,3,9,2,4,2,6,3,1,3,5,2,5,1,5,8,0,2,1,7,30,0,1,1,1,1,3,2,4,2,5,2,1,3,1,3,4,2,1,0,2,4,3,5,6,3,5,3,2,1,4,4,2,2,3,3,6,6,1,7,7,7,7,2,3,6,0
2,4,1,4,3,4,2,3,4,4,2,11,0,4,6,4,3,3,1,3,2,4,3,2,1,3,5,1,2,3,5,4,4,2,3,2,5,2,2,5,3,5,2,4,4,3,2,3,2,3,2,3,4,3,4,2,3,4,4,4,4,4,1,4,3,3,2,5,2,3,5,2,9,4,4,5,8,0,2,1,7,30,0,1,1,1,1,3,2,4,2,5,2,1,3,1,3,4,2,1,0,2,4,3,5,6,3,5,3,2,1,4,4,2,2,3,3,6,6,1,7,7,7,7,2,3,6,0
2,4,1,4,3,4,2,3,4,4,2,11,0,4,6,4,3,3,1,3,2,4,3,2,1,3,5,1,2,3,5,4,4,2,3,2,5,2,2,5,3,5,2,4,4,3,2,3,2,3,2,3,4,3,4,2,3,4,4,4,4,4,1,4,3,3,2,5,2,3,5,2,9,4,4,6,2,3,2,4,19,1,4,3,7,3,1,4,1,10,1,4,6,2,1,6,2,3,7,1,2,3,4,3,2,9,2,3,2,2,5,3,2,4,0,5,5,2,2,3,3,7,1,3,4,1,8,1
1,2,2,3,3,2,1,1,3,5,3,2,4,2,6,1,3,10,5,1,1,4,2,4,1,1,3,5,5,2,8,2,5,5,3,3,4,3,2,2,6,1,4,3,2,7,0,3,2,6,4,6,6,3,2,4,5,8,3,2,3,3,2,4,2,2,2,5,10,4,0,3,2,5,6,6,2,3,2,4,19,1,4,3,7,3,1,4,1,10,1,4,6,2,1,6,2,3,7,1,2,3,4,3,2,9,2,3,2,2,5,3,2,4,0,5,5,2,2,3,3,7,1,3,4,1,8,1
1,2,2,3,3,2,1,1,3,5,3,2,4,2,6,1,3,10,5,1,1,4,2,4,1,1,3,5,5,2,8,2,5,5,3,3,4,3,2,2,6,1,4,3,2,7,0,3,2,6,4,6,6,3,2,4,5,8,3,2,3,3,2,4,2,2,2,5,10,4,0,3,2,5,6,2,2,5,1,7,32,1,3,2,3,2,3,3,2,2,2,3,2,3,3,3,1,3,5,5,3,3,3,4,3,5,2,3,2,2,6,3,3,3,3,3,3,0,4,4,2,2,3,3,7,2,3,4
2,2,4,1,2,4,7,3,3,4,3,4,6,4,6,1,3,3,3,3,4,4,2,6,5,2,5,3,2,4,1,2,1,5,2,5,8,2,7,4,3,3,1,1,2,1,2,2,4,2,3,4,2,5,2,4,4,4,3,2,1,3,2,9,3,2,2,2,3,3,2,2,5,3,10,2,2,5,1,7,32,1,3,2,3,2,3,3,2,2,2,3,2,3,3,3,1,3,5,5,3,3,3,4,3,5,2,3,2,2,6,3,3,3,3,3,3,0,4,4,2,2,3,3,7,2,3,4
2,2,4,1,2,4,7,3,3,4,3,4,6,4,6,1,3,3,3,3,4,4,2,6,5,2,5,3,2,4,1,2,1,5,2,5,8,2,7,4,3,3,1,1,2,1,2,2,4,2,3,4,2,5,2,4,4,4,3,2,1,3,2,9,3,2,2,2,3,3,2,2,5,3,10,1,2,8,5,3,3,3,1,1,4,2,4,6,5,28,9,5,1,1,1,6,2,1,3,3,3,8,4,4,4,5,4,2,2,2,5,5,3,0,2,4,2,2,7,4,2,7,4,4,3,4,3,2
3,4,4,9,2,3,9,5,2,5,4,5,6,2,3,1,3,4,6,3,1,5,3,3,6,2,4,4,2,2,4,2,1,1,5,3,8,3,3,2,3,3,2,3,2,2,9,1,6,3,5,5,3,5,3,6,3,3,4,4,4,0,2,5,2,4,3,4,2,8,0,2,7,2,4,1,2,8,5,3,3,3,1,1,4,2,4,6,5,28,9,5,1,1,1,6,2,1,3,3,3,8,4,4,4,5,4,2,2,2,5,5,3,0,2,4,2,2,7,4,2,7,4,4,3,4,3,2
3,4,4,9,2,3,9,5,2,5,4,5,6,2,3,1,3,4,6,3,1,5,3,3,6,2,4,4,2,2,4,2,1,1,5,3,8,3,3,2,3,3,2,3,2,2,9,1,6,3,5,5,3,5,3,6,3,3,4,4,4,0,2,5,2,4,3,4,2,8,0,2,7,2,4,4,4,8,3,8,4,2,4,6,5,4,3,4,3,5,6,0,5,18,0,3,4,2,2,5,4,3,5,0,3,5,2,9,4,4,7,4,3,4,7,4,2,2,3,3,6,2,2,1,7,4,3,3
5,2,3,1,3,7,2,1,1,1,4,3,4,4,2,3,2,5,4,3,2,4,3,4,6,4,3,2,6,2,5,3,3,5,4,1,3,2,2,2,4,2,5,7,4,2,3,4,4,6,2,6,10,1,6,4,4,2,5,7,0,1,6,2,2,2,2,2,2,4,4,3,4,1,4,4,4,8,3,8,4,2,4,6,5,4,3,4,3,5,6,0,5,18,0,3,4,2,2,5,4,3,5,0,3,5,2,9,4,4,7,4,3,4,7,4,2,2,3,3,6,2,2,1,7,4,3,3
5,2,3,1,3,7,2,1,1,1,4,3,4,4,2,3,2,5,4,3,2,4,3,4,6,4,3,2,6,2,5,3,3,5,4,1,3,2,2,2,4,2,5,7,4,2,3,4,4,6,2,6,10,1,6,4,4,2,5,7,0,1,6,2,2,2,2,2,2,4,4,3,4,1,4,3,3,3,2,4,2,4,3,4,5,2,6,3,3,5,1,4,2,4,2,9,4,3,8,5,2,3,3,2,2,4,4,3,5,1,3,8,3,2,5,2,0,5,3,4,2,3,7,6,3,3,8,2
4,7,6,4,4,4,3,4,3,5,0,1,3,8,1,1,7,8,3,3,1,6,1,1,3,3,1,1,2,6,7,3,2,4,2,4,2,7,6,1,3,5,4,2,4,9,2,3,3,2,9,1,2,3,5,6,3,4,2,5,2,4,4,6,2,1,4,2,2,3,3,2,1,2,2,3,3,3,2,4,2,4,3,4,5,2,6,3,3,5,1,4,2,4,2,9,4,3,8,5,2,3,3,2,2,4,4,3,5,1,3,8,3,2,5,2,0,5,3,4,2,3,7,6,3,3,8,2
4,7,6,4,4,4,3,4,3,5,0,1,3,8,1,1,7,8,3,3,1,6,1,1,3,3,1,1,2,6,7,3,2,4,2,4,2,7,6,1,3,5,4,2,4,9,2,3,3,2,9,1,2,3,5,6,3,4,2,5,2,4,4,6,2,1,4,2,2,3,3,2,1,2,2,6,2,5,2,3,2,3,3,2,1,16,1,4,4,8,6,3,5,3,3,2,6,9,2,3,2,3,2,8,1,1,2,3,3,3,3,3,9,3,3,8,9,1,4,4,2,3,2,3,3,1,3,4
3,5,9,2,7,2,7,4,2,1,3,2,1,6,6,3,5,2,2,2,4,4,1,4,7,2,2,3,3,2,2,3,2,3,6,2,4,3,2,6,2,2,5,10,5,2,1,2,2,4,5,1,3,1,5,2,5,4,2,5,0,1,3,2,3,4,2,5,0,3,3,4,5,1,3,6,2,5,2,3,2,3,3,2,1,16,1,4,4,8,6,3,5,3,3,2,6,9,2,3,2,3,2,8,1,1,2,3,3,3,3,3,9,3,3,8,9,1,4,4,2,3,2,3,3,1,3,4
2,5,9,2,7,2,7,4,2,1,3,2,1,6,6,3,5,2,2,2,4,4,1,4,7,2,2,3,3,2,2,3,2,3,6,2,4,3,2,6,2,2,5,10,5,2,1,2,2,4,5,1,3,1,5,2,5,4,2,5,0,1,3,2,3,4,2,5,0,3,3,4,5,1,3,4,3,1,3,3,5,4,6,24,3,0,2,1,4,5,7,4,2,6,1,2,2,4,4,3,4,1,3,2,1,2,2,1,5,4,3,3,4,9,0,4,1,3,2,2,8,5,7,3,3,3,2,3
2,1,2,6,7,3,3,3,3,2,2,3,2,8,4,4,2,1,6,2,2,5,1,2,4,2,3,4,2,5,5,2,3,5,2,2,4,5,3,2,4,5,4,0,2,2,1,4,2,1,5,1,5,2,4,5,5,5,6,4,5,1,6,3,2,2,3,5,7,3,5,5,3,2,2,4,3,1,3,3,5,4,6,24,3,0,2,1,4,5,7,4,2,6,1,2,2,4,4,3,4,1,3,2,1,2,2,1,5,4,3,3,4,9,0,4,1,3,2,2,8,5,7,3,3,3,2,3
2,1,2,6,7,3,3,3,3,2,2,3,2,8,4,4,2,1,6,2,2,5,1,2,4,2,3,4,2,5,5,2,3,5,2,2,4,5,3,2,4,5,4,0,2,2,1,4,2,1,5,1,5,2,4,5,5,5,6,4,5,1,6,3,2,2,3,5,7,3,5,5,3,2,2,3,1,6,3,3,3,3,1,4,4,1,5,1,4,2,3,8,23,1,2,4,3,3,4,5,2,5,3,4,1,2,1,6,7,4,4,2,1,2,4,9,4,2,5,2,2,3,4,6,3,4,1,2
1,4,3,4,2,2,5,5,4,4,3,3,7,3,6,1,3,2,2,4,3,5,5,4,2,7,3,3,5,2,5,7,1,2,3,0,8,7,5,3,3,7,5,3,6,3,2,0,6,3,2,2,4,4,3,4,8,5,2,3,6,4,3,2,2,5,2,1,5,0,2,3,8,3,5,3,1,6,3,3,3,3,1,4,4,1,5,1,4,2,3,8,23,1,2,4,3,3,4,5,2,5,3,4,1,2,1,6,7,4,4,2,1,2,4,9,4,2,5,2,2,3,4,6,3,4,1,2
2,4,3,4,2,2,5,5,4,4,3,3,7,3,6,1,3,2,2,4,3,5,5,4,2,7,3,3,5,2,5,7,1,2,3,0,8,7,5,3,3,7,5,3,6,3,2,0,6,3,2,2,4,4,3,4,8,5,2,3,6,4,3,2,2,5,2,1,5,0,2,3,8,3,5,5,4,4,0,3,4,14,2,3,1,2,2,3,4,2,4,5,4,4,3,9,4,2,5,3,2,3,1,5,2,1,2,0,8,3,2,2,5,7,4,4,3,3,1,1,4,5,5,2,1,5,3,2
3,5,6,2,3,4,4,2,2,2,7,3,4,4,2,5,4,4,4,1,4,3,5,3,1,3,4,1,3,3,5,2,5,2,3,8,4,5,2,4,1,4,3,2,2,4,2,2,1,2,3,4,3,1,4,1,4,4,6,9,2,3,4,4,4,3,7,3,5,3,3,3,10,2,5,5,4,4,0,3,4,14,2,3,1,2,2,3,4,2,4,5,4,4,3,9,4,2,5,3,2,3,1,5,2,1,2,0,8,3,2,2,5,7,4,4,3,3,1,1,4,5,5,2,1,5,3,2
3,5,6,2,3,4,4,2,2,2,7,3,4,4,2,5,4,4,4,1,4,3,5,3,1,3,4,1,3,3,5,2,5,2,3,8,4,5,2,4,1,4,3,2,2,4,2,2,1,2,3,4,3,1,4,1,4,4,6,9,2,3,4,4,4,3,7,3,5,3,3,3,10,2,5,2,2,5,3,5,22,1,3,0,3,9,7,2,4,6,4,3,2,8,4,2,6,5,2,5,6,2,2,4,2,2,3,5,1,4,4,1,4,0,1,2,4,8,3,2,3,4,1,7,0,4,4,4
3,1,1,4,4,6,2,3,5,3,1,4,2,3,7,3,5,4,3,3,1,4,6,7,4,2,5,2,3,1,0,3,7,1,2,3,1,2,4,1,2,5,4,2,5,7,8,1,2,1,5,1,2,4,2,2,6,6,1,4,4,5,1,2,3,6,3,3,5,2,2,5,1,1,8,2,2,5,3,5,22,1,3,0,3,9,7,2,4,6,4,3,2,8,4,2,6,5,2,5,6,2,2,4,2,2,3,5,1,4,4,1,4,0,1,2,4,8,3,2,3,4,1,7,0,4,4,4
3,1,1,4,4,6,2,3,5,3,1,4,2,3,7,3,5,4,3,3,1,4,6,7,4,2,5,2,3,1,0,3,7,1,2,3,1,2,4,1,2,5,4,2,5,7,8,1,2,1,5,1,2,4,2,2,6,6,1,4,4,5,1,2,3,6,3,3,5,2,2,5,1,1,8,1,2,1,7,1,3,4,1,4,20,5,2,2,1,1,4,7,2,2,3,2,6,1,3,1,2,7,4,3,8,1,6,1,3,1,3,2,5,4,3,4,2,1,2,4,1,2,4,7,4,9,5,3
6,1,2,4,2,4,5,6,4,4,8,6,3,1,8,5,3,2,4,2,5,10,0,1,1,3,2,6,1,3,4,3,2,5,3,5,2,3,5,4,3,6,2,4,5,0,2,1,1,3,2,7,5,4,5,2,1,8,3,2,4,3,3,3,2,7,7,5,2,2,4,2,3,3,1,1,2,1,7,1,3,4,1,4,20,5,2,2,1,1,4,7,2,2,3,2,6,1,3,1,2,7,4,3,8,1,6,1,3,1,3,2,5,4,3,4,2,1,2,4,1,2,4,7,4,9,5,3
6,1,2,4,2,4,5,6,4,4,8,6,3,1,8,5,3,2,4,2,5,10,0,1,1,3,2,6,1,3,4,3,2,5,3,5,2,3,5,4,3,6,2,4,5,0,2,1,1,3,2,7,5,4,5,2,1,8,3,2,4,3,3,3,2,7,7,5,2,2,4,2,3,3,1,3,5,4,1,19,12,6,3,6,4,1,3,2,2,7,1,2,3,3,4,2,7,5,4,1,4,3,2,3,5,2,3,4,8,1,2,3,4,4,2,5,1,8,1,12,1,5,1,1,5,5,3,2
3,5,2,2,4,2,1,2,7,6,2,2,1,6,2,1,4,3,3,3,5,5,2,2,2,4,5,4,6,2,4,2,2,6,2,4,5,3,3,5,2,3,3,4,3,6,2,3,4,3,2,3,4,5,1,4,5,5,6,6,7,3,2,5,2,4,4,3,5,2,3,5,1,3,1,3,5,4,1,19,12,6,3,6,4,1,3,2,2,7,1,2,3,3,4,2,7,5,4,1,4,3,2,3,5,2,3,4,8,1,2,3,4,4,2,5,1,8,1,12,1,5,1,1,5,5,3,2
3,5,2,2,4,2,1,2,7,6,2,2,1,6,2,1,4,3,3,3,5,5,2,2,2,4,5,4,6,2,4,2,2,6,2,4,5,3,3,5,2,3,3,4,3,6,2,3,4,3,2,3,4,5,1,4,5,5,6,6,7,3,2,5,2,4,4,3,5,2,3,5,1,3,1,6,6,3,12,2,3,0,1,4,5,3,4,2,4,19,8,0,1,3,4,0,0,8,2,5,3,4,4,3,2,3,4,2,3,1,8,3,1,6,2,4,9,4,3,4,4,1,2,7,1,5,6,1
4,2,1,5,8,1,3,5,1,1,2,7,1,4,4,2,3,1,4,2,2,2,1,2,2,1,2,1,6,4,3,6,1,6,2,4,3,4,1,11,3,3,0,2,5,3,5,3,5,3,4,4,4,5,5,3,4,3,2,1,4,6,1,1,6,4,3,1,4,2,2,5,3,4,4,6,6,3,12,2,3,0,1,4,5,3,4,2,4,19,8,0,1,3,4,0,0,8,2,5,3,4,4,3,2,3,4,2,3,1,8,3,1,6,2,4,9,4,3,4,4,1,2,7,1,5,6,1
4,2,1,5,8,1,3,5,1,1,2,7,1,4,4,2,3,1,4,2,2,2,1,2,2,1,2,1,6,4,3,6,1,6,2,4,3,4,1,11,3,3,0,2,5,3,5,3,5,3,4,4,4,5,5,3,4,3,2,1,4,6,1,1,6,4,3,1,4,2,2,5,3,4,4,4,4,3,6,1,6,3,4,26,4,0,0,2,3,5,3,2,3,5,2,5,2,2,1,3,7,3,4,3,2,2,4,3,2,6,7,2,1,7,2,3,5,2,4,3,1,4,3,4,9,2,3,2
4,3,3,5,1,3,3,5,3,2,4,4,0,2,8,5,3,4,3,5,2,6,2,6,7,10,2,8,4,5,2,3,5,1,4,1,6,5,4,7,5,2,4,2,3,2,2,6,2,5,2,0,3,3,2,4,6,4,2,4,4,7,0,4,7,6,4,3,5,5,2,6,4,3,1,4,4,3,6,1,6,3,4,26,4,0,0,2,3,5,3,2,3,5,2,5,2,2,1,3,7,3,4,3,2,2,4,3,2,6,7,2,1,7,2,3,5,2,4,3,1,4,3,4,9,2,3,2
4,3,3,5,1,3,3,5,3,2,4,4,0,2,8,5,3,4,3,5,2,6,2,6,7,10,2,8,4,5,2,3,5,1,4,1,6,5,4,7,5,2,4,2,3,2,2,6,2,5,2,0,3,3,2,4,6,4,2,4,4,7,0,4,7,6,4,3,5,5,2,6,4,3,4,4,2,8,3,4,18,2,6,4,3,3,4,4,0,4,2,4,4,2,6,1,4,4,2,2,3,2,3,2,4,1,3,3,1,2,9,2,2,3,3,7,5,2,2,3,1,3,2,3,3,6,1,3
5,0,5,3,4,0,5,1,5,3,4,3,3,4,3,2,5,4,6,2,3,3,2,1,3,9,1,1,1,2,2,6,5,3,1,2,3,3,4,8,5,2,6,1,3,3,7,5,1,1,4,1,5,7,3,4,1,1,3,2,3,3,3,3,2,8,6,0,3,1,4,3,1,3,2,4,2,8,3,4,18,2,6,4,3,3,4,4,0,4,2,4,4,2,6,1,4,4,2,2,3,2,3,2,4,1,3,3,1,2,9,2,2,3,3,7,5,2,2,3,1,3,2,3,3,6,1,3
5,0,5,3,4,0,5,1,5,3,4,3,3,4,3,2,5,4,6,2,3,3,2,1,3,9,1,1,1,2,2,6,5,3,1,2,3,3,4,8,5,2,6,1,3,3,7,5,1,1,4,1,5,7,3,4,1,1,3,2,3,3,3,3,2,8,6,0,3,1,4,3,1,3,2,2,4,3,4,3,6,4,4,5,6,3,4,4,7,14,3,3,4,2,4,9,4,5,2,7,5,3,2,2,1,4,2,3,7,2,6,1,5,3,4,3,1,2,2,3,2,1,4,4,5,2,0,3
6,1,2,9,2,2,4,1,3,4,1,4,8,2,2,2,3,3,5,2,2,4,1,4,2,5,4,0,2,4,3,2,4,3,5,2,7,4,1,7,4,2,4,3,2,4,1,3,1,4,3,2,2,2,1,5,4,3,3,4,5,3,7,1,6,4,3,2,7,1,2,4,0,4,3,2,4,3,4,3,6,4,4,5,6,3,4,4,7,14,3,3,4,2,4,9,4,5,2,7,5,3,2,2,1,4,2,3,7,2,6,1,5,3,4,3,1,2,2,3,2,1,4,4,5,2,0,3
6,1,2,9,2,2,4,1,3,4,1,4,8,2,2,2,3,3,5,2,2,4,1,4,2,5,4,0,2,4,3,2,4,3,5,2,7,4,1,7,4,2,4,3,2,4,1,3,1,4,3,2,2,2,1,5,4,3,3,4,5,3,7,1,6,4,3,2,7,1,2,4,0,4,3,5,2,4,1,5,7,4,25,0,4,2,3,0,0,2,5,5,0,3,5,2,3,4,3,4,6,6,1,3,1,5,2,4,6,1,3,5,3,2,4,3,3,2,5,2,2,5,1,6,6,2,3,3
6,2,2,3,3,4,5,2,6,5,2,2,4,3,2,3,4,2,2,5,2,2,2,4,4,7,6,2,1,1,1,5,2,1,4,2,4,3,0,1,3,10,7,5,3,2,3,4,6,5,2,4,8,3,4,2,3,6,2,5,8,2,3,2,3,7,4,3,1,1,4,1,4,2,3,5,2,4,1,5,7,4,25,0,4,2,3,0,0,2,5,5,0,3,5,2,3,4,3,4,6,6,1,3,1,5,2,4,6,1,3,5,3,2,4,3,3,2,5,2,2,5,1,6,6,2,3,3
6,2,2,3,3,4,5,2,6,5,2,2,4,3,2,3,4,2,2,5,2,2,2,4,4,7,6,2,1,1,1,5,2,1,4,2,4,3,0,1,3,10,7,5,3,2,3,4,6,5,2,4,8,3,4,2,3,6,2,5,8,2,3,2,3,7,4,3,1,1,4,1,4,2,6,2,3,2,4,2,2,22,4,1,1,8,2,1,6,2,4,2,3,2,2,3,5,5,1,1,5,5,7,1,3,5,3,5,4,1,3,2,1,1,3,5,2,3,5,2,3,7,4,2,5,2,5,4
3,4,2,3,5,4,3,5,4,2,2,5,3,0,2,1,1,3,2,2,7,4,4,3,2,2,4,2,5,2,2,2,6,2,3,3,7,5,8,4,0,2,6,2,3,7,2,4,5,4,7,6,3,2,2,6,6,4,5,2,5,9,4,1,3,2,2,1,2,2,3,3,2,1,7,2,3,2,4,2,2,22,4,1,1,8,2,1,6,2,4,2,3,2,2,3,5,5,1,1,5,5,7,1,3,5,3,5,4,1,3,2,1,1,3,5,2,3,5,2,3,7,4,2,5,2,5,4
3,4,2,3,5,4,3,5,4,2,2,5,3,0,2,1,1,3,2,2,7,4,4,3,2,2,4,2,5,2,2,2,6,2,3,3,7,5,8,4,0,2,6,2,3,7,2,4,5,4,7,6,3,2,2,6,6,4,5,2,5,9,4,1,3,2,2,1,2,2,3,3,2,1,7,5,9,3,6,3,24,1,2,2,3,1,2,3,7,2,3,3,2,7,2,2,4,2,2,3,4,4,1,3,2,4,2,3,3,6,5,2,3,2,2,5,3,6,3,2,2,3,5,4,2,2,1,4
2,5,5,2,4,6,2,3,6,4,5,1,2,2,2,6,1,2,5,4,4,1,2,4,5,4,4,4,3,4,6,1,5,2,2,6,2,5,5,3,7,1,4,5,2,3,2,2,7,2,2,3,5,3,6,0,2,6,7,4,4,6,3,2,5,3,1,2,4,3,3,7,5,3,3,5,9,3,6,3,24,1,2,2,3,1,2,3,7,2,3,3,2,7,2,2,4,2,2,3,4,4,1,3,2,4,2,3,3,6,5,2,3,2,2,5,3,6,3,2,2,3,5,4,2,2,1,4
2,5,5,2,4,6,2,3,6,4,5,1,2,2,2,6,1,2,5,4,4,1,2,4,5,4,4,4,3,4,6,1,5,2,2,6,2,5,5,3,7,1,4,5,2,3,2,2,7,2,2,3,5,3,6,0,2,6,7,4,4,6,3,2,5,3,1,2,4,3,3,7,5,3,3,2,1,5,3,5,5,4,4,21,4,1,5,4,1,4,0,4,2,4,2,3,3,5,3,3,2,3,2,1,5,2,3,5,2,2,2,4,5,6,1,2,2,3,2,2,8,2,3,2,1,4,1,2
5,1,3,2,2,7,4,7,2,4,6,2,2,4,2,3,4,2,3,2,4,4,4,4,5,4,2,3,1,2,6,5,7,3,7,2,1,5,4,4,3,4,3,2,4,4,5,1,2,4,5,2,4,4,3,7,2,5,4,6,2,2,3,2,1,2,3,6,4,3,6,4,3,1,5,2,1,5,3,5,5,4,4,21,4,1,5,4,1,4,0,4,2,4,2,3,3,5,3,3,2,3,2,1,5,2,3,5,2,2,2,4,5,6,1,2,2,3,2,2,8,2,3,2,1,4,1,2
5,1,3,2,2,7,4,7,2,4,6,2,2,4,2,3,4,2,3,2,4,4,4,4,5,4,2,3,1,2,6,5,7,3,7,2,1,5,4,4,3,4,3,2,4,4,5,1,2,4,5,2,4,4,3,7,2,5,4,6,2,2,3,2,1,2,3,6,4,3,6,4,3,1,5,4,1,4,4,16,2,3,6,4,3,2,2,4,5,5,1,4,1,2,2,4,5,2,7,5,3,7,5,3,3,3,4,4,1,5,1,4,1,8,1,3,2,3,7,5,7,2,1,2,2,3,0,3
1,3,7,2,7,3,2,1,5,2,2,6,5,5,3,6,2,5,3,1,5,3,1,1,3,4,4,4,4,4,3,4,4,6,4,9,6,3,3,2,3,3,6,1,1,1,8,5,1,2,3,4,5,3,1,3,5,5,2,4,4,2,4,2,5,5,5,10,3,5,3,4,2,3,5,4,1,4,4,16,2,3,6,4,3,2,2,4,5,5,1,4,1,2,2,4,5,2,7,5,3,7,5,3,3,3,4,4,1,5,1,4,1,8,1,3,2,3,7,5,7,2,1,2,2,3,0,3
1,3,7,2,7,3,2,1,5,2,2,6,5,5,3,6,2,5,3,1,5,3,1,1,3,4,4,4,4,4,3,4,4,6,4,9,6,3,3,2,3,3,6,1,1,1,8,5,1,2,3,4,5,3,1,3,5,5,2,4,4,2,4,2,5,5,5,10,3,5,3,4,2,3,5,3,4,4,6,2,3,1,3,5,4,5,2,1,24,0,2,3,3,0,1,2,5,4,5,7,3,3,8,3,5,3,0,6,4,7,5,1,5,2,3,6,2,5,1,4,2,4,3,2,4,4,1,4
4,7,5,1,3,5,2,4,1,4,5,4,4,2,4,5,5,3,2,1,4,5,3,4,6,2,5,2,8,4,3,6,4,4,2,5,1,4,2,3,2,4,3,6,1,2,2,0,9,4,2,4,2,7,1,1,7,4,6,6,3,3,5,2,5,2,1,1,5,6,3,7,2,4,3,3,4,4,6,2,3,1,3,5,4,5,2,1,24,0,2,3,3,0,1,2,5,4,5,7,3,3,8,3,5,3,0,6,4,7,5,1,5,2,3,6,2,5,1,4,2,4,3,2,4,4,1,4
4,7,5,1,3,5,2,4,1,4,5,4,4,2,4,5,5,3,2,1,4,5,3,4,6,2,5,2,8,4,3,6,4,4,2,5,1,4,2,3,2,4,3,6,1,2,2,0,9,4,2,4,2,7,1,1,7,4,6,6,3,3,5,2,5,2,1,1,5,6,3,7,2,4,3,6,6,7,2,2,5,2,1,0,7,5,3,32,2,2,1,2,2,1,3,6,4,5,4,4,3,4,3,4,5,2,3,4,4,1,4,4,3,3,2,8,6,4,2,1,4,2,5,1,1,6,2,8
3,4,7,3,5,4,8,5,2,4,4,6,4,4,3,5,3,5,5,3,4,2,3,3,2,4,5,2,4,5,5,3,0,5,7,8,3,0,4,2,5,4,5,3,2,5,1,3,7,3,2,4,5,2,5,4,5,2,0,5,2,2,5,1,1,6,3,1,4,2,7,6,3,6,4,6,6,7,2,2,5,2,1,0,7,5,3,32,2,2,1,2,2,1,3,6,4,5,4,4,3,4,3,4,5,2,3,4,4,1,4,4,3,3,2,8,6,4,2,1,4,2,5,1,1,6,2,8
3,4,7,3,5,4,8,5,2,4,4,6,4,4,3,5,3,5,5,3,4,2,3,3,2,4,5,2,4,5,5,3,0,5,7,8,3,0,4,2,5,4,5,3,2,5,1,3,7,3,2,4,5,2,5,4,5,2,0,5,2,2,5,1,1,6,3,1,4,2,7,6,3,6,4,3,4,3,1,3,2,18,9,3,0,2,1,5,5,3,6,4,3,4,2,5,4,4,4,2,6,4,1,2,3,1,1,3,4,4,2,5,3,1,3,1,5,6,3,2,4,4,5,3,4,3,4,4
5,2,2,2,4,1,2,2,1,4,2,4,5,4,5,1,3,2,3,4,4,3,4,2,1,7,5,4,6,2,6,2,2,4,2,1,6,4,5,4,2,4,1,3,5,2,2,6,5,2,2,3,4,3,1,2,5,3,3,5,3,3,2,5,7,1,1,4,1,5,7,4,1,5,4,5,6,1,2,20,1,0,7,4,2,6,2,4,4,2,4,2,4,2,3,1,3,2,2,2,2,6,5,3,1,2,3,5,2,4,4,2,1,3,4,6,6,5,3,4,3,2,3,2,1,5,5,5
5,2,2,2,4,1,2,2,1,4,2,4,5,4,5,1,3,2,3,4,4,3,4,2,1,7,5,4,6,2,6,2,2,4,2,1,6,4,5,4,2,4,1,3,5,2,2,6,5,2,2,3,4,3,1,2,5,3,3,5,3,3,2,5,7,1,1,4,1,5,7,4,1,5,1,5,3,1,7,9,2,5,6,3,1,2,4,4,5,4,3,23,1,3,4,2,3,3,6,2,3,5,2,4,4,2,4,4,5,2,4,1,2,3,1,5,7,4,2,7,3,1,3,8,7,1,2,2
6,4,3,3,3,1,5,3,3,1,3,4,3,10,2,2,3,1,3,3,5,2,1,2,3,4,3,3,3,2,2,6,4,7,3,5,4,4,5,4,1,3,2,6,2,3,3,7,2,3,5,6,2,1,2,3,4,4,4,1,3,2,5,3,1,4,1,3,3,2,3,5,1,5,0,5,3,1,7,9,2,5,6,3,1,2,4,4,5,4,3,23,1,3,4,2,3,3,6,2,3,5,2,4,4,2,4,4,5,2,4,1,2,3,1,5,7,4,2,7,3,1,3,8,7,1,2,2
6,4,3,3,3,1,5,3,3,1,3,4,3,10,2,2,3,1,3,3,5,2,1,2,3,4,3,3,3,2,2,6,4,7,3,5,4,4,5,4,1,3,2,6,2,3,3,7,2,3,5,6,2,1,2,3,4,4,4,1,3,2,5,3,1,4,1,3,3,2,3,5,1,5,0,4,5,1,3,3,3,5,6,4,5,4,2,5,2,3,5,1,4,3,0,3,6,7,5,6,5,1,4,5,3,9,3,6,5,1,3,3,1,3,4,3,5,2,6,4,3,5,1,7,4,2,2,2
2,5,2,7,1,2,6,2,8,4,3,10,5,5,4,4,4,4,3,6,5,3,3,0,4,0,4,4,2,4,5,2,4,0,3,4,2,1,3,2,2,4,6,2,2,2,4,5,5,3,7,4,4,4,1,1,2,3,6,6,5,2,4,2,4,3,3,1,8,1,3,2,3,2,3,4,5,1,3,3,3,5,6,4,5,4,2,5,2,3,5,1,4,3,0,3,6,7,5,6,5,1,4,5,3,9,3,6,5,1,3,3,1,3,4,3,5,2,6,4,3,5,1,7,4,2,2,2
3,5,2,7,1,2,6,2,8,4,3,10,5,5,4,4,4,4,3,6,5,3,3,0,4,0,4,4,2,4,5,2,4,0,3,4,2,1,3,2,2,4,6,2,2,2,4,5,5,3,7,4,4,4,1,1,2,3,6,6,5,2,4,2,4,3,3,1,8,1,3,2,3,2,3,1,3,4,3,2,1,4,3,0,1,6,2,4,7,4,0,5,3,4,29,6,0,2,2,1,2,1,5,3,3,2,4,7,3,3,3,2,1,3,5,3,3,1,3,6,1,9,3,2,6,3,3,5
3,4,5,3,4,2,3,2,2,6,2,7,0,7,2,3,7,3,6,3,3,31,18,3,4,3,5,4,1,3,0,4,5,3,1,4,4,2,6,5,3,5,3,2,4,2,3,1,4,3,4,2,2,5,4,5,3,2,4,3,1,4,2,3,1,2,9,3,7,1,2,4,5,4,7,1,3,4,3,2,1,4,3,0,1,6,2,4,7,4,0,5,3,4,29,6,0,2,2,1,2,1,5,3,3,2,4,7,3,3,3,2,1,3,5,3,3,1,3,6,1,9,3,2,6,3,3,5
1,4,5,3,4,2,3,2,2,6,2,7,0,7,2,3,7,3,6,3,3,31,18,3,4,3,5,4,1,3,0,4,5,3,1,4,4,2,6,5,3,5,3,2,4,2,3,1,4,3,4,2,2,5,4,5,3,2,4,3,1,4,2,3,1,2,9,3,7,1,2,4,5,4,7,2,2,4,6,4,5,5,13,3,5,3,2,5,6,1,4,0,6,0,2,4,4,5,2,4,3,0,8,2,3,5,9,2,4,1,3,3,2,5,2,4,3,1,4,4,4,4,2,2,6,2,2,1
7,4,6,7,4,2,5,1,4,18,2,1,0,8,3,6,3,2,4,8,5,1,1,2,5,9,5,3,3,4,4,3,1,2,3,3,4,3,4,6,1,3,5,5,2,1,2,4,6,3,1,7,3,7,2,3,9,4,2,1,2,7,1,3,3,8,3,6,6,4,6,3,4,5,5,2,2,4,6,4,5,5,13,3,5,3,2,5,6,1,4,0,6,0,2,4,4,5,2,4,3,0,8,2,3,5,9,2,4,1,3,3,2,5,2,4,3,1,4,4,4,4,2,2,6,2,2,1
7,4,6,7,4,2,5,1,4,18,2,1,0,8,3,6,3,2,4,8,5,1,1,2,5,9,5,3,3,4,4,3,1,2,3,3,4,3,4,6,1,3,5,5,2,1,2,4,6,3,1,7,3,7,2,3,9,4,2,1,2,7,1,3,3,8,3,6,6,4,6,3,4,5,2,23,2,6,2,15,1,2,1,5,5,3,2,1,6,10,2,4,9,1,5,2,3,1,7,3,4,4,4,1,4,3,3,4,5,5,1,2,2,8,1,5,4,3,3,2,1,5,2,2,2,4,4,1
3,3,3,1,4,2,7,2,6,1,5,3,2,3,4,3,3,2,8,5,3,6,3,3,3,1,4,4,7,2,2,5,4,4,6,2,2,7,2,2,5,5,3,2,2,3,3,3,2,6,4,1,6,9,7,7,3,5,1,3,5,2,4,5,3,3,1,3,2,7,4,2,4,1,2,23,2,6,2,15,1,2,1,5,5,3,2,1,6,10,2,4,9,1,5,2,3,1,7,3,4,4,4,1,4,3,3,4,5,5,1,2,2,8,1,5,4,3,3,2,1,5,2,2,2,4,4,1
3,3,3,1,4,2,7,2,6,1,5,3,2,3,4,3,3,2,8,5,3,6,3,3,3,1,4,4,7,2,2,5,4,4,6,2,2,7,2,2,5,5,3,2,2,3,3,3,2,6,4,1,6,9,7,7,3,5,1,3,5,2,4,5,3,3,1,3,2,7,4,2,4,1,2,1,4,0,2,2,2,10,3,2,5,1,2,2,6,3,3,4,5,2,7,2,1,6,1,0,3,2,4,8,3,5,3,2,3,2,5,8,0,3,1,3,2,1,3,4,3,2,6,1,4,2,1,4
3,4,2,3,2,3,7,3,6,5,3,1,2,4,2,2,2,4,4,3,4,7,2,4,5,2,5,1,3,3,2,2,7,3,2,4,1,1,5,2,5,1,4,2,3,2,8,7,4,2,5,7,2,2,6,4,1,3,3,5,5,5,1,4,4,4,3,0,7,2,2,2,6,3,7,1,4,0,2,2,2,10,3,2,5,1,2,2,6,3,3,4,5,2,7,2,1,6,1,0,3,2,4,8,3,5,3,2,3,2,5,8,0,3,1,3,2,1,3,4,3,2,6,1,4,2,1,4
3,4,2,3,2,3,7,3,6,5,3,1,2,4,2,2,2,4,4,3,4,7,2,4,5,2,5,1,3,3,2,2,7,3,2,4,1,1,5,2,5,1,4,2,3,2,8,7,4,2,5,7,2,2,6,4,1,3,3,5,5,5,1,4,4,4,3,0,7,2,2,2,6,3,7,0,5,8,3,1,28,16,0,1,5,7,3,1,3,4,2,2,4,2,2,3,4,2,7,3,2,3,6,4,0,4,4,2,4,8,10,3,4,2,1,2,2,6,2,2,5,0,4,6,8,1,3,1
4,1,4,4,4,3,2,3,5,3,2,6,2,5,5,6,3,4,7,5,4,1,3,3,1,16,0,2,5,3,2,4,0,4,6,1,2,3,2,2,3,2,3,5,4,7,3,3,5,2,2,2,2,3,3,1,6,4,9,2,4,1,3,5,2,4,2,2,6,4,3,1,5,4,2,0,5,8,3,1,28,16,0,1,5,7,3,1,3,4,2,2,4,2,2,3,4,2,7,3,2,3,6,4,0,4,4,2,4,8,10,3,4,2,1,2,2,6,2,2,5,0,4,6,8,1,3,1
4,1,4,4,4,3,2,3,5,3,2,6,2,5,5,6,3,4,7,5,4,1,3,3,1,16,0,2,5,3,2,4,0,4,6,1,2,3,2,2,3,2,3,5,4,7,3,3,5,2,2,2,2,3,3,1,6,4,9,2,4,1,3,5,2,4,2,2,6,4,3,1,5,4,2,3,5,3,1,2,3,2,3,1,2,7,1,5,2,4,3,2,20,5,2,3,1,2,3,2,1,3,7,1,3,1,1,2,6,1,5,3,4,9,3,2,6,5,7,2,3,1,2,6,3,2,4,3
3,2,4,2,3,4,4,5,2,3,2,1,2,2,5,3,7,9,2,4,1,4,3,7,1,2,2,1,4,2,3,1,3,5,4,1,2,3,8,3,2,7,1,1,3,11,7,2,5,6,5,1,4,6,2,3,7,6,4,5,1,4,6,1,4,2,2,4,3,3,2,3,3,1,4,3,5,3,1,2,3,2,3,1,2,7,1,5,2,4,3,2,20,5,2,3,1,2,3,2,1,3,7,1,3,1,1,2,6,1,5,3,4,9,3,2,6,5,7,2,3,1,2,6,3,2,4,3
3,2,4,2,3,4,4,5,2,3,2,1,2,2,5,3,7,9,2,4,1,4,3,7,1,2,2,1,4,2,3,1,3,5,4,1,2,3,8,3,2,7,1,1,3,11,7,2,5,6,5,1,4,6,2,3,7,6,4,5,1,4,6,1,4,2,2,4,3,3,2,3,3,1,4,3,4,2,1,2,6,5,2,4,3,6,26,29,1,2,3,2,3,2,4,4,3,6,5,5,4,0,3,1,2,5,2,4,7,8,1,4,3,2,3,2,4,1,3,2,4,2,3,3,2,3,3,2
3,3,1,5,2,4,4,2,3,3,6,4,2,4,4,1,8,4,5,2,3,7,4,2,2,2,3,4,4,5,3,3,3,4,4,4,2,3,9,1,1,6,3,2,6,2,2,3,5,6,3,4,2,2,3,3,2,4,2,2,4,5,3,4,4,1,1,7,3,2,2,5,4,1,6,3,4,2,1,2,6,5,2,4,3,6,26,29,1,2,3,2,3,2,4,4,3,6,5,5,4,0,3,1,2,5,2,4,7,8,1,4,3,2,3,2,4,1,3,2,4,2,3,3,2,3,3,2
1,3,1,5,2,4,4,2,3,3,6,4,2,4,4,1,8,4,5,2,3,7,4,2,2,2,3,4,4,5,3,3,3,4,4,4,2,3,9,1,1,6,3,2,6,2,2,3,5,6,3,4,2,2,3,3,2,4,2,2,4,5,3,4,4,1,1,7,3,2,2,5,4,1,6,5,1,5,4,5,4,2,4,2,4,29,9,4,2,0,0,3,2,1,3,2,5,3,3,3,6,1,7,3,9,5,2,4,2,3,4,2,3,3,4,1,2,2,2,4,1,4,4,2,10,3,1,2
2,5,7,1,4,2,3,3,3,2,3,4,4,1,3,4,7,3,1,3,6,1,7,5,6,2,2,3,4,4,4,6,2,6,1,6,4,4,6,2,1,3,3,4,3,3,2,4,8,2,1,2,2,5,5,3,2,6,2,5,2,1,2,1,2,4,2,4,4,1,4,7,3,2,6,5,1,5,4,5,4,2,4,2,4,29,9,4,2,0,0,3,2,1,3,2,5,3,3,3,6,1,7,3,9,5,2,4,2,3,4,2,3,3,4,1,2,2,2,4,1,4,4,2,10,3,1,2
5,5,7,1,4,2,3,3,3,2,3,4,4,1,3,4,7,3,1,3,6,1,7,5,6,2,2,3,4,4,4,6,2,6,1,6,4,4,6,2,1,3,3,4,3,3,2,4,8,2,1,2,2,5,5,3,2,6,2,5,2,1,2,1,2,4,2,4,4,1,4,7,3,2,6,2,2,2,2,1,5,2,1,6,2,4,5,2,3,7,7,5,5,2,24,2,3,3,3,2,6,4,2,3,2,2,5,2,0,5,4,5,6,2,5,4,5,3,4,3,3,2,1,1,3,7,3,10
5,3,3,1,7,4,2,3,4,1,4,0,1,5,2,3,3,4,5,1,3,5,6,5,3,4,3,3,3,1,4,6,3,7,1,5,7,2,1,3,3,1,3,3,3,3,4,1,2,3,8,3,1,4,5,3,3,6,4,4,5,4,4,3,4,2,4,4,4,2,2,2,2,4,8,2,2,2,2,1,5,2,1,6,2,4,5,2,3,7,7,5,5,2,24,2,3,3,3,2,6,4,2,3,2,2,5,2,0,5,4,5,6,2,5,4,5,3,4,3,3,2,1,1,3,7,3,10
1,3,3,1,7,4,2,3,4,1,4,0,1,5,2,3,3,4,5,1,3,5,6,5,3,4,3,3,3,1,4,6,3,7,1,5,7,2,1,3,3,1,3,3,3,3,4,1,2,3,8,3,1,4,5,3,3,6,4,4,5,4,4,3,4,2,4,4,4,2,2,2,2,4,8,4,2,3,5,4,4,2,2,4,6,3,3,21,3,2,2,2,6,3,1,4,2,7,0,1,4,4,1,3,7,2,3,9,5,5,3,2,4,2,6,4,2,1,4,1,3,2,4,2,2,4,2,4
3,5,1,1,4,2,6,2,2,7,5,1,5,2,3,4,2,7,4,5,3,5,6,3,3,2,1,3,4,2,4,3,3,3,4,4,1,0,2,6,5,1,1,1,8,9,4,2,6,2,1,1,7,2,1,3,3,4,2,4,4,3,2,3,4,4,4,1,7,2,4,6,1,7,6,4,2,3,5,4,4,2,2,4,6,3,3,21,3,2,2,2,6,3,1,4,2,7,0,1,4,4,1,3,7,2,3,9,5,5,3,2,4,2,6,4,2,1,4,1,3,2,4,2,2,4,2,4
3,5,1,1,4,2,6,2,2,7,5,1,5,2,3,4,2,7,4,5,3,5,6,3,3,2,1,3,4,2,4,3,3,3,4,4,1,0,2,6,5,1,1,1,8,9,4,2,6,2,1,1,7,2,1,3,3,4,2,4,4,3,2,3,4,4,4,1,7,2,4,6,1,7,6,6,4,0,1,3,2,7,4,4,3,4,3,4,3,7,3,2,3,3,31,1,3,4,4,2,6,1,2,3,3,1,6,3,1,4,1,7,1,4,4,2,6,6,3,5,6,5,7,0,2,1,2,6
2,4,3,3,6,3,5,4,3,4,7,5,5,4,2,3,3,7,1,4,6,1,6,4,3,4,2,7,1,3,2,4,2,2,4,4,1,1,7,3,4,5,3,2,2,4,3,3,3,5,2,5,2,4,8,3,5,4,4,3,7,3,1,2,3,3,4,4,3,3,4,2,4,4,3,6,4,0,1,3,2,7,4,4,3,4,3,4,3,7,3,2,3,3,31,1,3,4,4,2,6,1,2,3,3,1,6,3,1,4,1,7,1,4,4,2,6,6,3,5,6,5,7,0,2,1,2,6
2,4,3,3,6,3,5,4,3,4,7,5,5,4,2,3,3,7,1,4,6,1,6,4,3,4,2,7,1,3,2,4,2,2,4,4,1,1,7,3,4,5,3,2,2,4,3,3,3,5,2,5,2,4,8,3,5,4,4,3,7,3,1,2,3,3,4,4,3,3,4,2,4,4,3,1,4,7,3,2,5,1,1,5,6,5,1,4,21,0,2,3,0,3,1,6,3,4,3,4,3,5,3,8,3,5,6,6,1,3,2,5,6,3,3,6,3,4,3,2,5,3,2,3,4,4,5,3
2,1,4,2,2,3,6,5,4,2,3,6,5,3,3,3,5,4,2,4,2,4,3,2,4,4,2,4,2,8,3,1,3,4,4,7,2,3,4,1,1,4,4,4,3,2,5,3,4,4,3,4,3,3,4,4,1,4,2,4,4,5,1,3,2,2,3,2,2,2,2,3,7,5,5,1,4,7,3,2,5,1,1,5,6,5,1,4,21,0,2,3,0,3,1,6,3,4,3,4,3,5,3,8,3,5,6,6,1,3,2,5,6,3,3,6,3,4,3,2,5,3,2,3,4,4,5,3
2,1,4,2,2,3,6,5,4,2,3,6,5,3,3,3,5,4,2,4,2,4,3,2,4,4,2,4,2,8,3,1,3,4,4,7,2,3,4,1,1,4,4,4,3,2,5,3,4,4,3,4,3,3,4,4,1,4,2,4,4,5,1,3,2,2,3,2,2,2,2,3,7,5,5,2,2,2,6,1,1,2,3,7,6,4,0,36,13,1,2,3,0,1,1,5,4,2,7,5,4,6,4,5,2,4,2,7,3,4,2,3,3,5,3,0,1,7,6,8,2,1,2,5,3,3,5,7
5,3,3,9,1,5,7,4,3,1,8,6,6,3,3,2,3,2,2,1,7,2,3,2,4,4,4,6,3,1,1,6,2,2,2,4,4,2,6,1,2,2,4,2,2,6,7,3,4,3,1,2,4,7,5,2,2,5,2,5,4,4,2,4,4,3,3,7,2,5,3,3,1,5,5,2,2,2,6,1,1,2,3,7,6,4,0,36,13,1,2,3,0,1,1,5,4,2,7,5,4,6,4,5,2,4,2,7,3,4,2,3,3,5,3,0,1,7,6,8,2,1,2,5,3,3,5,7
5,3,3,9,1,5,7,4,3,1,8,6,6,3,3,2,3,2,2,1,7,2,3,2,4,4,4,6,3,1,1,6,2,2,2,4,4,2,6,1,2,2,4,2,2,6,7,3,4,3,1,2,4,7,5,2,2,5,2,5,4,4,2,4,4,3,3,7,2,5,3,3,1,5,3,4,4,4,2,5,1,4,6,4,5,3,4,21,0,1,0,2,1,2,4,4,1,6,3,5,8,3,5,5,3,2,2,4,6,1,2,5,3,7,3,3,5,4,0,3,4,3,4,1,7,5,5,5
5,2,4,2,3,5,5,4,4,3,10,2,8,1,2,2,2,1,2,3,3,4,1,5,7,7,5,2,3,3,8,1,6,10,3,8,4,1,7,0,5,2,3,2,2,5,3,2,1,7,1,3,4,2,3,3,4,5,1,2,3,2,7,0,1,5,7,2,3,4,5,0,4,3,2,4,4,4,2,5,1,4,6,4,5,3,4,21,0,1,0,2,1,2,4,4,1,6,3,5,8,3,5,5,3,2,2,4,6,1,2,5,3,7,3,3,5,4,0,3,4,3,4,1,7,5,5,5
5,2,4,2,3,5,5,4,4,3,10,2,8,1,2,2,2,1,2,3,3,4,1,5,7,7,5,2,3,3,8,1,6,10,3,8,4,1,7,0,5,2,3,2,2,5,3,2,1,7,1,3,4,2,3,3,4,5,1,2,3,2,7,0,1,5,7,2,3,4,5,0,4,3,1,2,3,1,2,2,6,2,1,4,3,29,2,1,5,2,6,2,3,3,4,6,5,4,4,3,3,2,5,4,2,1,2,6,3,4,4,5,2,4,2,4,3,1,5,2,4,6,2,1,3,4,2,2
5,8,2,7,4,1,9,2,10,2,4,0,0,2,2,3,5,3,3,2,4,3,0,2,5,4,4,6,4,2,4,2,2,2,2,4,2,3,1,3,2,2,1,3,4,2,2,2,4,4,6,0,3,6,5,2,6,3,6,4,3,2,3,2,4,3,1,2,0,2,4,6,4,6,5,2,3,1,2,2,6,2,1,4,3,29,2,1,5,2,6,2,3,3,4,6,5,4,4,3,3,2,5,4,2,1,2,6,3,4,4,5,2,4,2,4,3,1,5,2,4,6,2,1,3,4,2,2
5,8,2,7,4,1,9,2,10,2,4,0,0,2,2,3,5,3,3,2,4,3,0,2,5,4,4,6,4,2,4,2,2,2,2,4,2,3,1,3,2,2,1,3,4,2,2,2,4,4,6,0,3,6,5,2,6,3,6,4,3,2,3,2,4,3,1,2,0,2,4,6,4,6,5,3,4,1,3,2,5,4,3,2,3,17,8,5,4,3,3,2,2,3,3,2,3,1,3,4,2,4,4,6,5,7,2,2,2,2,1,5,2,7,5,3,3,3,0,7,0,3,4,5,4,3,2,4
3,0,5,3,2,3,6,4,4,3,3,4,6,3,2,2,4,5,3,2,2,2,5,2,3,11,6,3,2,2,2,2,3,35,5,0,1,3,6,6,3,4,2,6,8,4,1,5,2,5,6,3,2,2,6,3,5,7,6,4,5,2,8,3,2,2,3,9,4,4,2,5,2,4,3,3,4,1,3,2,5,4,3,2,3,17,8,5,4,3,3,2,2,3,3,2,3,1,3,4,2,4,4,6,5,7,2,2,2,2,1,5,2,7,5,3,3,3,0,7,0,3,4,5,4,3,2,4
3,0,5,3,2,3,6,4,4,3,3,4,6,3,2,2,4,5,3,2,2,2,5,2,3,11,6,3,2,2,2,2,3,35,5,0,1,3,6,6,3,4,2,6,8,4,1,5,2,5,6,3,2,2,6,3,5,7,6,4,5,2,8,3,2,2,3,9,4,4,2,5,2,4,3,2,3,3,9,2,2,9,3,3,2,5,21,4,3,1,3,1,3,4,3,3,5,4,4,1,1,3,4,3,2,2,3,5,5,5,4,3,3,3,4,3,6,2,4,2,3,6,6,4,2,4,3,5
3,2,5,1,6,5,1,4,5,3,5,3,4,4,4,4,3,3,3,2,4,3,5,6,4,4,6,4,5,2,3,3,4,3,10,4,2,7,2,6,3,0,4,5,4,0,7,4,2,2,5,2,2,4,5,6,4,4,2,3,6,3,4,3,2,6,6,3,3,6,2,0,2,2,2,2,3,3,9,2,2,9,3,3,2,5,21,4,3,1,3,1,3,4,3,3,5,4,4,1,1,3,4,3,2,2,3,5,5,5,4,3,3,3,4,3,6,2,4,2,3,6,6,4,2,4,3,5
1,2,5,1,6,5,1,4,5,3,5,3,4,4,4,4,3,3,3,2,4,3,5,6,4,4,6,4,5,2,3,3,4,3,10,4,2,7,2,6,3,0,4,5,4,0,7,4,2,2,5,2,2,4,5,6,4,4,2,3,6,3,4,3,2,6,6,3,3,6,2,0,2,2,2,3,6,4,9,4,0,5,5,4,7,2,2,4,5,2,4,21,25,0,1,3,3,3,2,3,2,2,3,3,3,6,3,3,3,5,5,2,8,3,3,3,7,4,3,2,1,1,6,6,1,2,2,4
5,2,4,1,4,3,5,0,6,3,4,4,4,1,0,2,3,5,4,1,1,7,3,2,4,3,4,5,1,5,4,4,1,2,3,4,3,1,4,8,2,2,4,4,2,2,3,6,4,1,1,4,2,5,3,4,4,5,8,1,3,0,6,3,3,1,7,1,3,3,4,5,8,3,3,3,6,4,9,4,0,5,5,4,7,2,2,4,5,2,4,21,25,0,1,3,3,3,2,3,2,2,3,3,3,6,3,3,3,5,5,2,8,3,3,3,7,4,3,2,1,1,6,6,1,2,2,4
5,2,4,1,4,3,5,0,6,3,4,4,4,1,0,2,3,5,4,1,1,7,3,2,4,3,4,5,1,5,4,4,1,2,3,4,3,1,4,8,2,2,4,4,2,2,3,6,4,1,1,4,2,5,3,4,4,5,8,1,3,0,6,3,3,1,7,1,3,3,4,5,8,3,4,2,7,3,5,2,9,3,2,4,5,5,2,2,3,5,3,2,8,3,5,3,3,4,5,5,3,2,2,2,4,5,1,9,1,3,8,3,4,6,3,3,1,6,6,3,5,2,3,6,4,3,1,3
2,5,3,6,3,5,6,3,1,1,3,1,2,4,3,6,4,5,3,6,3,2,4,8,3,6,3,5,1,2,7,3,2,3,0,3,8,1,4,4,4,2,2,5,7,1,5,3,7,7,5,4,3,5,4,2,7,1,5,4,4,4,7,5,1,1,3,2,5,1,5,3,3,6,4,2,7,3,5,2,9,3,2,4,5,5,2,2,3,5,3,2,8,3,5,3,3,4,5,5,3,2,2,2,4,5,1,9,1,3,8,3,4,6,3,3,1,6,6,3,5,2,3,6,4,3,1,3
1,5,3,6,3,5,6,3,1,1,3,1,2,4,3,6,4,5,3,6,3,2,4,8,3,6,3,5,1,2,7,3,2,3,0,3,8,1,4,4,4,2,2,5,7,1,5,3,7,7,5,4,3,5,4,2,7,1,5,4,4,4,7,5,1,1,3,2,5,1,5,3,3,6,1,3,3,0,1,3,2,3,1,4,2,4,5,4,7,3,3,7,5,1,17,2,4,6,2,4,3,1,2,4,0,3,1,7,3,5,6,6,2,5,2,3,5,1,3,6,4,4,3,2,7,2,6,6
4,3,3,3,3,5,6,2,5,1,6,9,7,3,2,3,3,11,3,6,2,4,1,0,3,2,5,10,2,5,2,1,2,1,4,0,3,3,6,4,5,1,4,10,1,4,1,1,2,3,3,2,4,2,5,2,6,3,3,5,1,3,8,2,4,5,5,4,2,2,2,3,3,2,6,3,3,0,1,3,2,3,1,4,2,4,5,4,7,3,3,7,5,1,17,2,4,6,2,4,3,1,2,4,0,3,1,7,3,5,6,6,2,5,2,3,5,1,3,6,4,4,3,2,7,2,6,6
4,3,3,3,3,5,6,2,5,1,6,9,7,3,2,3,3,11,3,6,2,4,1,0,3,2,5,10,2,5,2,1,2,1,4,0,3,3,6,4,5,1,4,10,1,4,1,1,2,3,3,2,4,2,5,2,6,3,3,5,1,3,8,2,4,5,5,4,2,2,2,3,3,2,6,2,1,4,2,1,7,5,4,5,4,5,4,3,3,6,1,9,3,2,8,2,4,5,3,6,0,6,6,2,2,3,2,5,2,4,8,4,1,3,5,3,3,5,3,2,1,1,5,4,1,3,6,3
3,1,5,3,2,3,2,2,1,2,2,7,5,4,5,3,1,4,3,5,6,2,3,1,11,2,2,0,4,4,1,5,3,3,4,4,3,1,4,5,7,6,5,1,3,3,3,2,8,4,1,5,2,5,1,5,1,5,1,4,1,8,0,7,2,3,1,5,9,2,2,3,1,4,5,2,1,4,2,1,7,5,4,5,4,5,4,3,3,6,1,9,3,2,8,2,4,5,3,6,0,6,6,2,2,3,2,5,2,4,8,4,1,3,5,3,3,5,3,2,1,1,5,4,1,3,6,3
3,1,5,3,2,3,2,2,1,2,2,7,5,4,5,3,1,4,3,5,6,2,3,1,11,2,2,0,4,4,1,5,3,3,4,4,3,1,4,5,7,6,5,1,3,3,3,2,8,4,1,5,2,5,1,5,1,5,1,4,1,8,0,7,2,3,1,5,9,2,2,3,1,4,5,2,7,4,4,5,2,2,2,3,2,2,5,4,5,7,5,4,4,4,5,5,1,5,6,1,4,2,1,3,3,5,3,2,1,3,3,1,3,4,2,4,7,6,4,2,2,1,3,3,2,1,0,3
5,8,4,4,4,1,1,3,1,5,2,4,1,5,6,1,3,2,4,3,4,4,4,6,3,4,7,5,5,1,4,2,4,2,2,3,5,3,1,2,2,2,3,2,2,5,2,1,4,3,1,1,3,4,3,2,7,1,3,2,3,0,4,2,4,4,2,2,7,3,3,4,3,2,3,2,7,4,4,5,2,2,2,3,2,2,5,4,5,7,5,4,4,4,5,5,1,5,6,1,4,2,1,3,3,5,3,2,1,3,3,1,3,4,2,4,7,6,4,2,2,1,3,3,2,1,0,3
5,8,4,4,4,1,1,3,1,5,2,4,1,5,6,1,3,2,4,3,4,4,4,6,3,4,7,5,5,1,4,2,4,2,2,3,5,3,1,2,2,2,3,2,2,5,2,1,4,3,1,1,3,4,3,2,7,1,3,2,3,0,4,2,4,4,2,2,7,3,3,4,3,2,3,4,3,3,3,5,5,7,3,6,4,4,5,4,3,3,3,4,4,3,3,8,4,3,3,3,3,2,0,5,4,2,5,4,3,3,3,3,4,2,6,8,1,3,4,2,6,2,2,4,2,4,1,5
4,3,4,1,1,9,8,4,4,5,6,7,3,2,1,3,3,2,1,3,4,4,5,1,3,7,3,2,2,5,2,1,4,9,6,5,1,2,1,0,5,1,1,1,7,2,1,4,5,3,4,2,3,3,3,5,3,5,6,3,3,2,4,2,3,2,4,2,4,1,8,3,2,0,1,3,3,3,3,5,5,7,3,6,4,4,5,4,3,3,3,4,4,3,3,8,4,3,3,3,3,2,0,5,4,2,5,4,3,3,3,3,4,2,6,8,1,3,4,2,6,2,2,4,2,4,1,5
4,3,4,1,1,9,8,4,4,5,6,7,3,2,1,3,3,2,1,3,4,4,5,1,3,7,3,2,2,5,2,1,4,9,6,5,1,2,1,0,5,1,1,1,7,2,1,4,5,3,4,2,3,3,3,5,3,5,6,3,3,2,4,2,3,2,4,2,4,1,8,3,2,0,1,5,2,3,3,2,5,4,4,3,2,5,2,7,5,5,1,4,3,6,8,5,2,2,3,2,2,5,3,4,3,6,4,1,4,3,5,5,2,2,2,3,5,5,1,3,2,2,4,2,3,11,4,4
3,1,5,4,1,2,1,3,7,2,8,1,3,3,4,5,3,4,3,2,4,5,1,2,3,4,4,3,4,2,5,3,4,3,6,3,3,5,2,6,5,2,3,2,4,3,3,9,4,2,7,5,3,3,1,4,3,4,1,3,6,7,4,3,2,6,1,1,4,5,4,2,1,1,1,5,2,3,3,2,5,4,4,3,2,5,2,7,5,5,1,4,3,6,8,5,2,2,3,2,2,5,3,4,3,6,4,1,4,3,5,5,2,2,2,3,5,5,1,3,2,2,4,2,3,11,4,4
2,1,5,4,1,2,1,3,7,2,8,1,3,3,4,5,3,4,3,2,4,5,1,2,3,4,4,3,4,2,5,3,4,3,6,3,3,5,2,6,5,2,3,2,4,3,3,9,4,2,7,5,3,3,1,4,3,4,1,3,6,7,4,3,2,6,1,1,4,5,4,2,1,1,1,3,2,3,3,4,5,4,3,5,2,2,5,2,2,4,5,5,2,3,2,27,7,4,3,1,4,1,3,6,2,9,2,2,5,3,2,2,5,3,2,2,4,2,1,3,7,1,1,2,4,6,4,5
5,6,5,4,2,3,2,3,1,2,2,3,3,5,4,6,1,5,2,3,3,3,3,3,2,5,7,4,1,2,4,4,6,3,3,4,7,4,4,4,4,4,2,6,5,5,3,5,2,5,2,4,4,1,7,4,4,3,6,4,2,5,2,3,5,2,3,4,4,4,2,3,5,1,4,3,2,3,3,4,5,4,3,5,2,2,5,2,2,4,5,5,2,3,2,27,7,4,3,1,4,1,3,6,2,9,2,2,5,3,2,2,5,3,2,2,4,2,1,3,7,1,1,2,4,6,4,5
5,6,5,4,2,3,2,3,1,2,2,3,3,5,4,6,1,5,2,3,3,3,3,3,2,5,7,4,1,2,4,4,6,3,3,4,7,4,4,4,4,4,2,6,5,5,3,5,2,5,2,4,4,1,7,4,4,3,6,4,2,5,2,3,5,2,3,4,4,4,2,3,5,1,4,2,6,6,4,1,5,3,1,1,2,3,1,1,1,3,5,2,7,3,2,32,6,0,2,2,2,5,2,4,8,4,3,4,1,8,2,7,0,4,5,2,7,3,2,3,5,7,0,3,4,3,3,1
2,6,3,0,2,4,3,0,5,6,2,1,4,3,5,5,3,2,1,6,3,4,1,6,2,3,4,7,8,4,2,1,2,4,4,3,2,2,3,5,3,7,8,1,2,0,5,4,4,5,4,3,2,4,3,1,2,5,5,7,4,5,2,3,3,3,6,1,4,3,4,1,5,5,4,2,6,6,4,1,5,3,1,1,2,3,1,1,1,3,5,2,7,3,2,32,6,0,2,2,2,5,2,4,8,4,3,4,1,8,2,7,0,4,5,2,7,3,2,3,5,7,0,3,4,3,3,1
1,6,3,0,2,4,3,0,5,6,2,1,4,3,5,5,3,2,1,6,3,4,1,6,2,3,4,7,8,4,2,1,2,4,4,3,2,2,3,5,3,7,8,1,2,0,5,4,4,5,4,3,2,4,3,1,2,5,5,7,4,5,2,3,3,3,6,1,4,3,4,1,5,5,1,4,5,3,4,1,5,4,2,4,3,2,5,4,30,2,5,3,1,1,1,3,2,5,3,2,5,2,2,1,5,1,1,2,3,1,3,4,3,2,6,5,4,2,4,1,3,4,6,7,3,2,1,2
4,1,4,4,1,4,2,3,1,6,7,9,0,4,5,6,3,2,4,6,3,3,5,2,1,6,6,2,5,9,2,5,2,6,1,3,6,4,5,4,5,5,1,2,5,2,3,6,2,2,2,5,3,6,2,0,8,3,3,2,2,4,1,6,6,4,7,4,5,2,6,4,5,2,2,4,5,3,4,1,5,4,2,4,3,2,5,4,30,2,5,3,1,1,1,3,2,5,3,2,5,2,2,1,5,1,1,2,3,1,3,4,3,2,6,5,4,2,4,1,3,4,6,7,3,2,1,2
4,1,4,4,1,4,2,3,1,6,7,9,0,4,5,6,3,2,4,6,3,3,5,2,1,6,6,2,5,9,2,5,2,6,1,3,6,4,5,4,5,5,1,2,5,2,3,6,2,2,2,5,3,6,2,0,8,3,3,2,2,4,1,6,6,4,7,4,5,2,6,4,5,2,2,2,3,3,2,4,7,2,4,1,5,4,3,4,2,2,7,3,1,3,3,3,2,3,3,5,3,4,0,4,2,3,2,4,2,3,2,1,4,5,4,4,7,1,3,3,1,3,4,0,2,4,1,2
2,3,3,4,5,2,3,3,4,6,4,3,5,2,2,4,2,8,1,2,4,2,4,5,7,1,2,3,1,6,2,6,5,1,3,3,1,2,5,5,2,1,1,4,5,2,4,1,4,4,2,3,3,1,7,1,1,5,6,4,2,5,1,4,2,2,2,1,7,3,4,3,3,0,1,4,3,2,5,5,4,6,3,2,5,2,4,7,5,3,1,2,1,3,5,4,1,2,5,3,1,3,2,4,2,6,4,7,4,3,2,2,2,7,3,2,1,6,6,5,4,1,2,8,3,8,5,7
3,3,3,4,5,2,3,3,4,6,4,3,5,2,2,4,2,8,1,2,4,2,4,5,7,1,2,3,1,6,2,6,5,1,3,3,1,2,5,5,2,1,1,4,5,2,4,1,4,4,2,3,3,1,7,1,1,5,6,4,2,5,1,4,2,2,2,1,7,3,4,3,3,0,1,2,4,5,3,4,4,4,3,1,4,5,4,3,3,2,4,39,27,0,3,0,4,0,4,1,3,7,2,3,5,11,2,1,2,2,2,2,1,2,6,1,6,2,6,6,1,2,4,0,3,3,1,3
3,1,3,3,3,3,2,4,2,4,3,6,4,4,1,2,3,5,5,1,3,2,1,3,2,3,4,1,4,3,1,3,3,3,5,2,7,5,1,5,1,4,2,3,3,2,4,3,2,4,4,6,1,3,3,2,6,4,4,5,2,4,1,3,4,3,4,2,4,2,5,1,3,4,6,2,4,5,3,4,4,4,3,1,4,5,4,3,3,2,4,39,27,0,3,0,4,0,4,1,3,7,2,3,5,11,2,1,2,2,2,2,1,2,6,1,6,2,6,6,1,2,4,0,3,3,1,3
1,1,3,3,3,3,2,4,2,4,3,6,4,4,1,2,3,5,5,1,3,2,1,3,2,3,4,1,4,3,1,3,3,3,5,2,7,5,1,5,1,4,2,3,3,2,4,3,2,4,4,6,1,3,3,2,6,4,4,5,2,4,1,3,4,3,4,2,4,2,5,1,3,4,6,4,5,4,3,2,12,0,5,15,29,1,1,1,4,7,6,6,4,3,3,5,3,1,3,4,5,4,5,2,4,5,4,3,1,2,6,5,5,4,3,2,0,6,2,2,4,5,9,1,3,3,1,6
6,2,5,3,6,2,3,5,4,2,7,5,3,1,2,2,3,3,7,4,4,7,2,4,4,1,3,2,1,1,3,1,3,3,6,1,6,6,4,4,2,5,3,4,1,2,2,4,3,7,6,2,2,3,2,1,3,1,3,5,5,2,2,10,3,2,4,2,2,3,1,6,5,3,2,4,5,4,3,2,12,0,5,15,29,1,1,1,4,7,6,6,4,3,3,5,3,1,3,4,5,4,5,2,4,5,4,3,1,2,6,5,5,4,3,2,0,6,2,2,4,5,9,1,3,3,1,6
6,2,5,3,6,2,3,5,4,2,7,5,3,1,2,2,3,3,7,4,4,7,2,4,4,1,3,2,1,1,3,1,3,3,6,1,6,6,4,4,2,5,3,4,1,2,2,4,3,7,6,2,2,3,2,1,3,1,3,5,5,2,2,10,3,2,4,2,2,3,1,6,5,3,2,1,5,2,5,2,5,5,4,4,3,6,5,4,5,20,10,6,3,2,5,5,5,3,5,5,2,4,3,4,5,1,0,4,1,2,5,3,4,3,9,3,0,3,1,3,4,6,6,3,4,4,5,1
4,2,2,1,4,3,9,3,4,3,5,7,2,5,1,3,1,4,1,3,2,1,1,5,8,5,4,4,2,3,2,8,7,5,3,0,1,1,1,2,5,1,7,8,8,4,6,3,2,4,13,3,3,2,7,8,2,2,6,2,4,5,2,2,6,4,3,5,3,1,2,4,0,2,6,1,5,2,5,2,5,5,4,4,3,6,5,4,5,20,10,6,3,2,5,5,5,3,5,5,2,4,3,4,5,1,0,4,1,2,5,3,4,3,9,3,0,3,1,3,4,6,6,3,4,4,5,1
4,2,2,1,4,3,9,3,4,3,5,7,2,5,1,3,1,4,1,3,2,1,1,5,8,5,4,4,2,3,2,8,7,5,3,0,1,1,1,2,5,1,7,8,8,4,6,3,2,4,13,3,3,2,7,8,2,2,6,2,4,5,2,2,6,4,3,5,3,1,2,4,0,2,6,7,2,4,3,3,4,4,3,5,2,2,1,6,3,3,3,2,3,20,10,4,3,2,0,5,2,2,2,11,4,3,4,2,4,9,7,2,2,2,3,2,1,3,2,4,3,4,2,3,4,5,0,3
2,4,1,5,2,1,2,3,6,4,4,6,3,2,3,5,6,10,4,7,9,2,2,1,4,5,6,8,6,5,4,5,4,3,1,3,1,6,4,4,5,3,7,4,1,3,10,2,3,8,3,7,4,1,3,2,2,3,3,1,3,3,3,4,4,5,6,3,5,4,1,5,2,8,5,3,2,4,3,3,4,4,3,5,2,2,1,6,3,3,3,2,3,20,10,4,3,2,0,5,2,2,2,11,4,3,4,2,4,9,7,2,2,2,3,2,1,3,2,4,3,4,2,3,4,5,0,3
2,4,1,5,2,1,2,3,6,4,4,6,3,2,3,5,6,10,4,7,9,2,2,1,4,5,6,8,6,5,4,5,4,3,1,3,1,6,4,4,5,3,7,4,1,3,10,2,3,8,3,7,4,1,3,2,2,3,3,1,3,3,3,4,4,5,6,3,5,4,1,5,2,8,5,2,3,1,7,4,6,3,2,1,4,6,3,2,3,6,3,4,3,27,1,2,3,3,6,1,4,4,2,7,10,3,9,0,2,7,1,7,7,2,7,6,4,5,1,4,2,2,4,1,4,3,3,4
2,5,1,2,4,3,4,8,4,5,4,2,3,2,3,2,4,7,4,6,4,3,4,4,2,2,4,3,4,6,2,7,1,3,2,3,3,4,7,3,2,5,1,2,0,4,2,4,4,5,3,4,2,2,5,4,10,1,2,1,2,2,8,2,3,4,3,1,2,3,2,6,6,3,3,2,3,1,7,4,6,3,2,1,4,6,3,2,3,6,3,4,3,27,1,2,3,3,6,1,4,4,2,7,10,3,9,0,2,7,1,7,7,2,7,6,4,5,1,4,2,2,4,1,4,3,3,4
2,5,1,2,4,3,4,8,4,5,4,2,3,2,3,2,4,7,4,6,4,3,4,4,2,2,4,3,4,6,2,7,1,3,2,3,3,4,7,3,2,5,1,2,0,4,2,4,4,5,3,4,2,2,5,4,10,1,2,1,2,2,8,2,3,4,3,1,2,3,2,6,6,3,3,2,4,4,10,4,4,0,3,3,2,1,3,4,4,3,3,3,3,2,1,1,2,5,2,6,4,1,4,2,10,1,1,1,1,8,2,2,2,1,2,4,4,1,4,5,4,5,1,3,2,7,4,6
1,5,7,4,7,1,1,4,6,4,5,5,2,2,1,8,1,0,5,5,3,1,0,2,3,1,5,3,2,1,4,6,3,4,2,1,3,4,5,4,2,1,4,7,6,8,1,4,1,6,2,8,2,2,1,2,2,3,2,9,3,9,4,8,4,2,3,3,8,4,8,8,4,3,3,2,4,4,10,4,4,0,3,3,2,1,3,4,4,3,3,3,3,2,1,1,2,5,2,6,4,1,4,2,10,1,1,1,1,8,2,2,2,1,2,4,4,1,4,5,4,5,1,3,2,7,4,6
1,5,7,4,7,1,1,4,6,4,5,5,2,2,1,8,1,0,5,5,3,1,0,2,3,1,5,3,2,1,4,6,3,4,2,1,3,4,5,4,2,1,4,7,6,8,1,4,1,6,2,8,2,2,1,2,2,3,2,9,3,9,4,8,4,2,3,3,8,4,8,8,4,3,1,5,4,3,4,3,1,3,5,4,5,2,4,1,4,5,3,33,14,3,3,2,3,4,5,6,0,2,6,2,5,2,3,2,6,1,2,3,2,2,2,3,12,5,1,1,3,7,3,4,1,5,4,4
7,2,2,3,2,5,4,2,8,2,3,4,1,5,2,3,3,3,4,4,6,6,2,4,1,3,3,2,2,3,5,7,4,2,2,3,4,2,3,8,3,3,3,8,10,1,1,1,6,3,3,4,2,6,3,4,11,2,3,1,5,1,1,1,3,4,3,4,7,5,2,4,3,5,0,5,4,3,4,3,1,3,5,4,5,2,4,1,4,5,3,33,14,3,3,2,3,4,5,6,0,2,6,2,5,2,3,2,6,1,2,3,2,2,2,3,12,5,1,1,3,7,3,4,1,5,4,4
7,2,2,3,2,5,4,2,8,2,3,4,1,5,2,3,3,3,4,4,6,6,2,4,1,3,3,2,2,3,5,7,4,2,2,3,4,2,3,8,3,3,3,8,10,1,1,1,6,3,3,4,2,6,3,4,11,2,3,1,5,1,1,1,3,4,3,4,7,5,2,4,3,5,1,5,3,3,3,3,2,5,4,3,4,1,2,3,33,3,5,0,4,3,3,1,4,1,0,2,6,1,1,8,6,4,2,4,3,4,2,5,3,6,0,3,4,4,3,5,4,4,5,5,3,5,2,2
5,3,3,5,5,3,1,0,2,3,4,3,2,4,0,3,2,6,3,3,4,4,3,3,4,4,3,5,2,1,4,3,4,2,4,1,1,3,1,4,5,1,1,2,3,3,4,3,6,8,4,1,3,2,3,1,2,3,6,3,2,3,5,3,1,2,5,3,3,2,1,2,2,5,2,5,3,3,3,3,2,5,4,3,4,1,2,3,33,3,5,0,4,3,3,1,4,1,0,2,6,1,1,8,6,4,2,4,3,4,2,5,3,6,0,3,4,4,3,5,4,4,5,5,3,5,2,2
5,3,3,5,5,3,1,0,2,3,4,3,2,4,0,3,2,6,3,3,4,4,3,3,4,4,3,5,2,1,4,3,4,2,4,1,1,3,1,4,5,1,1,2,3,3,4,3,6,8,4,1,3,2,3,1,2,3,6,3,2,3,5,3,1,2,5,3,3,2,1,2,2,5,2,1,1,3,4,3,6,4,4,5,6,0,3,29,2,0,3,5,3,3,5,1,4,8,3,4,5,3,4,1,7,5,6,1,4,3,2,4,2,7,2,1,3,3,2,5,2,1,3,5,1,1,1,4
5,2,4,3,5,5,5,1,0,8,3,5,4,2,3,0,2,2,4,6,5,4,2,3,4,2,5,6,3,7,2,1,2,5,4,2,5,4,4,3,4,3,2,3,4,5,4,5,4,4,2,4,1,1,3,9,4,2,2,5,3,1,2,2,4,1,1,4,2,3,1,2,6,7,2,1,1,3,4,3,6,4,4,5,6,0,3,29,2,0,3,5,3,3,5,1,4,8,3,4,5,3,4,1,7,5,6,1,4,3,2,4,2,7,2,1,3,3,2,5,2,1,3,5,1,1,1,4
4,2,4,3,5,5,5,1,0,8,3,5,4,2,3,0,2,2,4,6,5,4,2,3,4,2,5,6,3,7,2,1,2,5,4,2,5,4,4,3,4,3,2,3,4,5,4,5,4,4,2,4,1,1,3,9,4,2,2,5,3,1,2,2,4,1,1,4,2,3,1,2,6,7,2,1,1,2,1,2,6,6,3,4,3,4,28,8,0,0,6,3,9,3,2,3,6,1,2,4,2,3,2,2,6,4,7,3,2,3,1,3,2,2,5,2,3,4,3,6,4,5,3,3,11,1,2,4
1,4,1,3,6,1,2,1,5,3,3,2,0,3,2,3,2,6,9,4,1,2,1,6,2,4,3,6,4,2,1,3,4,4,2,5,3,2,3,3,5,6,2,2,1,4,1,2,2,7,3,4,2,3,3,3,4,2,3,5,2,6,3,1,2,5,4,8,4,5,3,1,3,1,8,5,1,2,1,2,6,6,3,4,3,4,28,8,0,0,6,3,9,3,2,3,6,1,2,4,2,3,2,2,6,4,7,3,2,3,1,3,2,2,5,2,3,4,3,6,4,5,3,3,11,1,2,4
3,4,1,3,6,1,2,1,5,3,3,2,0,3,2,3,2,6,9,4,1,2,1,6,2,4,3,6,4,2,1,3,4,4,2,5,3,2,3,3,5,6,2,2,1,4,1,2,2,7,3,4,2,3,3,3,4,2,3,5,2,6,3,1,2,5,4,8,4,5,3,1,3,1,8,5,4,3,2,3,4,4,2,3,1,4,28,8,3,4,3,5,4,4,3,8,6,1,4,1,4,6,3,6,3,2,7,3,1,2,3,6,1,3,5,2,6,2,2,3,5,1,3,6,4,3,4,6
3,3,5,3,6,2,6,2,4,2,1,4,3,6,3,2,4,5,2,3,6,2,7,8,3,3,2,3,2,2,7,5,3,3,5,5,2,2,3,4,3,4,1,2,3,11,4,2,3,6,4,5,3,3,4,3,5,3,3,1,1,2,3,2,1,3,4,2,1,4,3,2,2,3,7,5,4,3,2,3,4,4,2,3,1,4,28,8,3,4,3,5,4,4,3,8,6,1,4,1,4,6,3,6,3,2,7,3,1,2,3,6,1,3,5,2,6,2,2,3,5,1,3,6,4,3,4,6
3,3,5,3,6,2,6,2,4,2,1,4,3,6,3,2,4,5,2,3,6,2,7,8,3,3,2,3,2,2,7,5,3,3,5,5,2,2,3,4,3,4,1,2,3,11,4,2,3,6,4,5,3,3,4,3,5,3,3,1,1,2,3,2,1,3,4,2,1,4,3,2,2,3,7,3,5,1,2,4,4,3,4,2,3,6,1,1,3,1,36,0,0,4,0,3,7,7,4,3,5,3,1,3,2,4,2,4,3,2,2,4,3,6,5,1,3,2,5,3,3,5,4,8,1,3,3,1
2,2,2,6,1,3,3,0,5,4,4,3,6,5,3,7,4,4,1,0,4,2,2,4,3,5,7,2,1,3,3,3,3,3,3,2,7,3,2,6,3,3,4,0,3,7,4,3,3,1,2,3,1,4,4,4,3,2,6,3,3,3,2,3,4,4,2,3,1,6,4,3,4,4,3,3,5,1,2,4,4,3,4,2,3,6,1,1,3,1,36,0,0,4,0,3,7,7,4,3,5,3,1,3,2,4,2,4,3,2,2,4,3,6,5,1,3,2,5,3,3,5,4,8,1,3,3,1
1,2,2,6,1,3,3,0,5,4,4,3,6,5,3,7,4,4,1,0,4,2,2,4,3,5,7,2,1,3,3,3,3,3,3,2,7,3,2,6,3,3,4,0,3,7,4,3,3,1,2,3,1,4,4,4,3,2,6,3,3,3,2,3,4,4,2,3,1,6,4,3,4,4,3,6,2,4,3,3,2,3,3,3,3,2,2,3,2,2,4,3,5,1,4,4,2,3,5,1,5,1,3,2,2,3,3,3,3,3,4,3,0,2,2,5,8,3,2,3,1,3,4,6,4,8,6,2
3,3,8,2,4,1,1,2,2,2,9,7,3,4,3,3,3,2,6,3,0,2,1,3,7,5,5,5,4,4,1,3,7,4,3,5,3,5,4,3,0,3,2,1,3,9,4,5,4,1,6,4,5,3,3,4,2,4,1,1,2,5,4,3,3,6,4,4,1,2,4,4,4,2,2,6,2,4,3,3,2,3,3,3,3,2,2,3,2,2,4,3,5,1,4,4,2,3,5,1,5,1,3,2,2,3,3,3,3,3,4,3,0,2,2,5,8,3,2,3,1,3,4,6,4,8,6,2
3,3,8,2,4,1,1,2,2,2,9,7,3,4,3,3,3,2,6,3,0,2,1,3,7,5,5,5,4,4,1,3,7,4,3,5,3,5,4,3,0,3,2,1,3,9,4,5,4,1,6,4,5,3,3,4,2,4,1,1,2,5,4,3,3,6,4,4,1,2,4,4,4,2,2,6,6,10,3,4,2,3,4,5,2,4,2,2,1,2,2,27,0,0,4,5,2,3,0,3,3,3,1,1,3,2,2,3,4,5,2,1,2,3,7,4,3,3,5,2,4,3,4,5,1,1,3,3
5,0,10,2,1,4,10,1,2,5,3,1,2,5,8,2,2,2,2,5,1,4,0,2,3,7,5,6,5,3,4,2,2,4,3,4,2,2,4,3,5,4,1,10,3,4,5,4,6,6,0,4,3,7,3,3,2,5,3,4,4,3,6,1,9,1,2,3,4,4,3,4,6,2,4,6,6,10,3,4,2,3,4,5,2,4,2,2,1,2,2,27,0,0,4,5,2,3,0,3,3,3,1,1,3,2,2,3,4,5,2,1,2,3,7,4,3,3,5,2,4,3,4,5,1,1,3,3
5,0,10,2,1,4,10,1,2,5,3,1,2,5,8,2,2,2,2,5,1,4,0,2,3,7,5,6,5,3,4,2,2,4,3,4,2,2,4,3,5,4,1,10,3,4,5,4,6,6,0,4,3,7,3,3,2,5,3,4,4,3,6,1,9,1,2,3,4,4,3,4,6,2,4,1,2,3,3,0,3,3,5,4,5,4,2,0,6,3,9,3,35,3,0,0,3,1,3,8,2,1,2,6,2,3,6,5,3,2,6,3,4,1,3,5,1,2,6,5,2,5,9,7,5,5,7,3
3,3,2,2,3,1,3,3,1,2,7,3,2,1,2,2,3,2,0,2,2,4,3,10,4,5,4,1,2,3,2,1,7,4,3,10,2,2,1,3,1,4,5,3,3,2,1,5,2,2,5,6,3,1,3,4,3,4,2,1,3,2,4,4,2,2,4,1,9,2,2,2,3,2,1,1,2,3,3,0,3,3,5,4,5,4,2,0,6,3,9,3,35,3,0,0,3,1,3,8,2,1,2,6,2,3,6,5,3,2,6,3,4,1,3,5,1,2,6,5,2,5,9,7,5,5,7,3
3,3,2,2,3,1,3,3,1,2,7,3,2,1,2,2,3,2,0,2,2,4,3,10,4,5,4,1,2,3,2,1,7,4,3,10,2,2,1,3,1,4,5,3,3,2,1,5,2,2,5,6,3,1,3,4,3,4,2,1,3,2,4,4,2,2,4,1,9,2,2,2,3,2,1,4,3,2,2,8,1,6,3,2,3,2,3,5,4,37,26,1,2,2,2,2,1,2,26,0,1,1,2,5,5,4,3,4,3,5,1,3,4,2,1,2,6,2,6,3,4,5,5,1,2,3,2,5
3,2,3,3,5,3,5,4,1,3,2,1,2,1,5,3,4,3,5,9,5,3,4,4,5,4,2,5,9,0,2,3,3,7,5,8,3,1,5,3,3,1,4,3,3,3,1,6,6,2,3,2,3,2,4,5,3,7,3,2,1,1,1,5,2,4,1,1,4,3,0,2,2,2,1,4,3,2,2,8,1,6,3,2,3,2,3,5,4,37,26,1,2,2,2,2,1,2,26,0,1,1,2,5,5,4,3,4,3,5,1,3,4,2,1,2,6,2,6,3,4,5,5,1,2,3,2,5
3,2,3,3,5,3,5,4,1,3,2,1,2,1,5,3,4,3,5,9,5,3,4,4,5,4,2,5,9,0,2,3,3,7,5,8,3,1,5,3,3,1,4,3,3,3,1,6,6,2,3,2,3,2,4,5,3,7,3,2,1,1,1,5,2,4,1,1,4,3,0,2,2,2,1,4,2,3,2,2,2,5,2,1,3,1,1,3,2,35,2,0,0,3,1,6,2,2,1,5,3,7,2,3,1,2,4,2,3,1,8,2,3,6,3,1,6,3,6,6,1,3,3,8,3,3,7,6
2,6,2,1,2,2,6,3,6,3,2,6,5,6,3,4,2,5,4,9,8,4,5,4,5,3,6,1,3,2,4,2,2,2,2,2,4,8,8,6,1,2,4,3,1,1,4,5,2,3,3,11,5,0,5,2,2,2,2,3,2,3,1,4,4,3,2,2,3,6,2,2,2,3,6,4,2,3,2,2,2,5,2,1,3,1,1,3,2,35,2,0,0,3,1,6,2,2,1,5,3,7,2,3,1,2,4,2,3,1,8,2,3,6,3,1,6,3,6,6,1,3,3,8,3,3,7,6
1,6,2,1,2,2,6,3,6,3,2,6,5,6,3,4,2,5,4,9,8,4,5,4,5,3,6,1,3,2,4,2,2,2,2,2,4,8,8,6,1,2,4,3,1,1,4,5,2,3,3,11,5,0,5,2,2,2,2,3,2,3,1,4,4,3,2,2,3,6,2,2,2,3,6,2,2,3,3,3,5,1,6,2,1,6,3,6,2,3,21,3,7,3,3,2,6,3,3,2,2,2,1,2,7,3,3,5,3,2,3,1,2,3,1,2,5,5,9,6,3,2,1,3,5,7,4,5
3,3,1,4,6,4,2,5,1,2,3,1,4,5,0,1,8,5,8,3,1,4,4,5,4,3,2,2,5,3,3,4,5,1,6,3,3,3,1,3,0,2,2,2,3,3,7,1,3,2,6,5,0,4,4,2,2,5,4,1,5,7,2,2,7,4,0,5,1,1,2,4,2,2,7,2,2,3,3,3,5,1,6,2,1,6,3,6,2,3,21,3,7,3,3,2,6,3,3,2,2,2,1,2,7,3,3,5,3,2,3,1,2,3,1,2,5,5,9,6,3,2,1,3,5,7,4,5
6,3,1,4,6,4,2,5,1,2,3,1,4,5,0,1,8,5,8,3,1,4,4,5,4,3,2,2,5,3,3,4,5,1,6,3,3,3,1,3,0,2,2,2,3,3,7,1,3,2,6,5,0,4,4,2,2,5,4,1,5,7,2,2,7,4,0,5,1,1,2,4,2,2,7,1,3,4,4,2,3,2,2,5,2,3,3,6,3,1,2,2,9,2,24,3,7,3,1,3,2,4,2,5,3,3,5,1,2,6,7,2,2,5,5,1,1,5,3,4,3,2,3,3,3,4,4,1
6,3,4,4,6,2,7,4,6,6,3,3,2,2,6,0,3,4,21,3,2,1,2,5,1,4,5,4,2,4,9,1,9,2,1,3,10,1,2,2,4,3,5,2,2,5,4,2,8,8,3,3,2,2,3,6,2,3,2,3,3,6,3,3,3,3,2,5,5,4,2,5,8,6,2,1,3,4,4,2,3,2,2,5,2,3,3,6,3,1,2,2,9,2,24,3,7,3,1,3,2,4,2,5,3,3,5,1,2,6,7,2,2,5,5,1,1,5,3,4,3,2,3,3,3,4,4,1
1,3,4,4,6,2,7,4,6,6,3,3,2,2,6,0,3,4,21,3,2,1,2,5,1,4,5,4,2,4,9,1,9,2,1,3,10,1,2,2,4,3,5,2,2,5,4,2,8,8,3,3,2,2,3,6,2,3,2,3,3,6,3,3,3,3,2,5,5,4,2,5,8,6,2,3,1,2,2,6,1,1,5,19,2,0,1,6,2,8,2,2,10,6,1,5,2,5,3,2,1,3,5,2,2,4,3,2,5,5,2,4,3,4,0,2,4,1,6,6,6,2,5,3,1,2,2,3
3,3,6,3,1,3,3,6,7,4,2,4,6,3,2,17,1,2,5,2,3,2,3,3,5,2,4,3,3,1,5,2,2,3,2,3,4,2,6,2,2,3,2,1,10,1,5,3,7,2,4,1,3,5,3,2,2,3,6,2,8,4,10,5,3,6,2,3,3,1,5,4,5,4,2,3,1,2,2,6,1,1,5,19,2,0,1,6,2,8,2,2,10,6,1,5,2,5,3,2,1,3,5,2,2,4,3,2,5,5,2,4,3,4,0,2,4,1,6,6,6,2,5,3,1,2,2,3
3,3,6,3,1,3,3,6,7,4,2,4,6,3,2,17,1,2,5,2,3,2,3,3,5,2,4,3,3,1,5,2,2,3,2,3,4,2,6,2,2,3,2,1,10,1,5,3,7,2,4,1,3,5,3,2,2,3,6,2,8,4,10,5,3,6,2,3,3,1,5,4,5,4,2,11,3,4,2,2,3,2,2,8,6,4,8,3,5,2,4,3,6,4,2,3,2,2,7,3,5,2,3,2,1,6,4,2,1,3,4,2,3,7,4,1,4,0,7,2,4,3,4,2,7,2,4,6
2,3,2,4,3,2,4,4,4,2,2,7,0,3,1,2,2,7,3,3,6,3,2,7,5,1,2,5,4,3,5,2,3,2,5,4,5,2,4,4,3,3,1,4,6,5,2,2,2,2,2,6,3,6,4,3,5,8,2,5,6,6,1,2,1,3,1,6,2,8,2,7,7,3,6,11,3,4,2,2,3,2,2,8,6,4,8,3,5,2,4,3,6,4,2,3,2,2,7,3,5,2,3,2,1,6,4,2,1,3,4,2,3,7,4,1,4,0,7,2,4,3,4,2,7,2,4,6
2,3,2,4,3,2,4,4,4,2,2,7,0,3,1,2,2,7,3,3,6,3,2,7,5,1,2,5,4,3,5,2,3,2,5,4,5,2,4,4,3,3,1,4,6,5,2,2,2,2,2,6,3,6,4,3,5,8,2,5,6,6,1,2,1,3,1,6,2,8,2,7,7,3,6,2,1,2,3,6,5,2,3,1,1,5,5,2,4,4,4,4,2,4,3,2,1,5,3,2,5,3,4,3,6,6,4,4,2,2,3,2,3,1,3,2,2,3,5,2,7,3,3,2,3,3,3,1
3,1,7,2,1,0,2,5,10,5,1,9,4,5,1,2,5,15,5,2,5,5,0,2,3,3,2,5,4,6,3,6,3,4,7,4,2,2,7,2,5,2,2,6,6,2,3,3,2,3,4,4,3,2,3,2,3,0,4,3,3,5,1,3,5,2,1,1,2,2,3,4,1,4,2,2,1,2,3,6,5,2,3,1,1,5,5,2,4,4,4,4,2,4,3,2,1,5,3,2,5,3,4,3,6,6,4,4,2,2,3,2,3,1,3,2,2,3,5,2,7,3,3,2,3,3,3,1
3,1,7,2,1,0,2,5,10,5,1,9,4,5,1,2,5,15,5,2,5,5,0,2,3,3,2,5,4,6,3,6,3,4,7,4,2,2,7,2,5,2,2,6,6,2,3,3,2,3,4,4,3,2,3,2,3,0,4,3,3,5,1,3,5,2,1,1,2,2,3,4,1,4,2,5,6,4,2,2,5,3,3,3,2,2,6,6,0,3,1,1,1,1,3,8,19,6,3,0,3,6,4,4,1,2,0,1,2,2,4,3,3,2,1,2,6,8,2,2,5,0,4,5,3,3,3,5
3,5,9,7,1,6,3,3,3,1,4,9,1,3,2,0,3,4,3,4,7,3,4,4,6,2,2,4,5,3,2,1,3,5,6,2,1,2,5,5,3,4,4,3,4,3,4,1,4,1,4,1,2,2,3,4,3,1,6,6,3,4,1,4,2,3,1,9,3,1,4,2,3,1,6,5,6,4,2,2,5,3,3,3,2,2,6,6,0,3,1,1,1,1,3,8,19,6,3,0,3,6,4,4,1,2,0,1,2,2,4,3,3,2,1,2,6,8,2,2,5,0,4,5,3,3,3,5
3,5,9,7,1,6,3,3,3,1,4,9,1,3,2,0,3,4,3,4,7,3,4,4,6,2,2,4,5,3,2,1,3,5,6,2,1,2,5,5,3,4,4,3,4,3,4,1,4,1,4,1,2,2,3,4,3,1,6,6,3,4,1,4,2,3,1,9,3,1,4,2,3,1,6,1,2,4,2,3,2,6,1,2,3,6,8,2,4,7,3,1,3,2,1,3,2,1,4,4,2,2,4,2,3,3,3,9,6,4,0,1,1,4,3,6,1,4,7,3,6,3,2,3,1,2,2,2
5,3,4,2,5,1,6,3,0,3,3,2,6,2,5,3,2,5,7,5,4,3,1,5,2,5,6,5,2,3,4,2,3,2,3,2,2,5,1,5,6,2,2,5,4,5,3,1,3,3,6,3,4,3,6,5,5,3,1,5,1,2,3,4,1,4,2,7,2,1,4,1,2,4,4,1,2,4,2,3,2,6,1,2,3,6,8,2,4,7,3,1,3,2,1,3,2,1,4,4,2,2,4,2,3,3,3,9,6,4,0,1,1,4,3,6,1,4,7,3,6,3,2,3,1,2,2,2
5,3,4,2,5,1,6,3,0,3,3,2,6,2,5,3,2,5,7,5,4,3,1,5,2,5,6,5,2,3,4,2,3,2,3,2,2,5,1,5,6,2,2,5,4,5,3,1,3,3,6,3,4,3,6,5,5,3,1,5,1,2,3,4,1,4,2,7,2,1,4,1,2,4,4,1,2,4,2,4,3,4,5,5,4,1,4,4,7,2,4,44,21,0,3,7,2,4,0,5,5,0,2,4,2,1,5,3,3,2,1,3,2,5,2,3,3,2,3,4,2,1,2,3,5,6,2,4
3,8,2,5,2,2,2,10,2,1,7,2,2,5,7,0,5,5,3,2,2,4,2,3,2,2,4,1,3,3,1,5,4,5,1,3,5,4,3,2,4,3,2,2,5,5,7,3,4,1,4,4,1,5,5,1,3,5,5,5,8,2,4,3,5,4,2,2,4,4,4,2,9,3,6,1,2,4,2,4,3,4,5,5,4,1,4,4,7,2,4,44,21,0,3,7,2,4,0,5,5,0,2,4,2,1,5,3,3,2,1,3,2,5,2,3,3,2,3,4,2,1,2,3,5,6,2,4
3,8,2,5,2,2,2,10,2,1,7,2,2,5,7,0,5,5,3,2,2,4,2,3,2,2,4,1,3,3,1,5,4,5,1,3,5,4,3,2,4,3,2,2,5,5,7,3,4,1,4,4,1,5,5,1,3,5,5,5,8,2,4,3,5,4,2,2,4,4,4,2,9,3,6,2,8,2,4,3,2,1,4,6,10,2,1,5,32,19,0,3,5,1,1,6,7,5,3,1,7,3,3,4,3,4,1,1,3,5,2,4,0,5,5,6,4,4,3,3,4,4,2,3,4,3,3,2
6,3,1,3,5,1,3,1,1,8,3,6,2,6,5,3,2,2,6,5,3,4,1,2,3,8,3,5,7,2,1,0,2,2,5,7,6,2,3,3,4,2,2,3,6,7,4,3,4,4,7,3,1,4,3,4,3,3,7,3,4,1,5,2,4,1,1,4,5,0,2,2,1,2,3,2,8,2,4,3,2,1,4,6,10,2,1,5,32,19,0,3,5,1,1,6,7,5,3,1,7,3,3,4,3,4,1,1,3,5,2,4,0,5,5,6,4,4,3,3,4,4,2,3,4,3,3,2
6,3,1,3,5,1,3,1,1,8,3,6,2,6,5,3,2,2,6,5,3,4,1,2,3,8,3,5,7,2,1,0,2,2,5,7,6,2,3,3,4,2,2,3,6,7,4,3,4,4,7,3,1,4,3,4,3,3,7,3,4,1,5,2,4,1,1,4,5,0,2,2,1,2,3,3,4,6,1,3,3,6,2,3,4,4,2,4,43,18,0,0,4,4,9,5,1,2,1,7,4,1,2,1,8,5,4,1,3,5,2,1,8,2,1,1,3,2,4,2,4,3,1,3,4,2,8,4
4,3,7,5,2,2,1,1,2,4,3,2,6,11,2,1,4,2,5,5,3,1,0,3,5,1,1,1,1,3,4,2,4,2,2,2,3,5,4,4,4,5,3,5,6,4,1,5,4,4,2,2,2,4,1,3,3,3,2,3,6,3,2,8,2,1,0,1,0,2,3,3,2,1,7,3,4,6,1,3,3,6,2,3,4,4,2,4,43,18,0,0,4,4,9,5,1,2,1,7,4,1,2,1,8,5,4,1,3,5,2,1,8,2,1,1,3,2,4,2,4,3,1,3,4,2,8,4
4,3,7,5,2,2,1,1,2,4,3,2,6,11,2,1,4,2,5,5,3,1,0,3,5,1,1,1,1,3,4,2,4,2,2,2,3,5,4,4,4,5,3,5,6,4,1,5,4,4,2,2,2,4,1,3,3,3,2,3,6,3,2,8,2,1,0,1,0,2,3,3,2,1,7,3,1,4,3,4,3,10,3,4,4,2,5,4,28,0,1,2,3,1,1,2,5,3,1,8,3,3,4,1,2,1,4,3,2,8,4,5,1,3,3,3,2,3,4,3,2,2,4,2,4,6,5,1
1,5,2,1,7,3,4,3,1,3,1,3,5,3,5,3,4,2,5,4,3,3,5,1,2,0,3,2,7,6,5,4,2,6,4,3,4,1,7,2,1,3,5,6,2,3,3,3,2,2,5,4,3,1,2,6,4,1,3,2,5,2,7,4,3,2,4,2,2,1,4,7,4,4,5,3,1,4,3,4,3,10,3,4,4,2,5,4,28,0,1,2,3,1,1,2,5,3,1,8,3,3,4,1,2,1,4,3,2,8,4,5,1,3,3,3,2,3,4,3,2,2,4,2,4,6,5,1
1,5,2,1,7,3,4,3,1,3,1,3,5,3,5,3,4,2,5,4,3,3,5,1,2,0,3,2,7,6,5,4,2,6,4,3,4,1,7,2,1,3,5,6,2,3,3,3,2,2,5,4,3,1,2,6,4,1,3,2,5,2,7,4,3,2,4,2,2,1,4,7,4,4,5,8,1,4,2,5,4,4,4,2,6,4,1,3,26,0,2,3,3,5,2,2,2,3,7,3,7,4,2,3,2,3,6,3,2,3,4,7,0,1,2,5,4,2,6,3,2,2,4,3,2,6,3,4
7,7,5,3,1,5,2,2,4,3,4,3,5,5,4,3,3,4,2,1,6,2,3,1,1,4,1,3,4,3,3,1,5,4,3,3,1,7,4,3,3,1,4,3,2,2,6,6,2,1,2,7,2,5,3,4,2,4,3,2,2,4,0,4,4,4,1,5,2,4,1,4,3,4,4,8,1,4,2,5,4,4,4,2,6,4,1,3,26,0,2,3,3,5,2,2,2,3,7,3,7,4,2,3,2,3,6,3,2,3,4,7,0,1,2,5,4,2,6,3,2,2,4,3,2,6,3,4
7,7,5,3,1,5,2,2,4,3,4,3,5,5,4,3,3,4,2,1,6,2,3,1,1,4,1,3,4,3,3,1,5,4,3,3,1,7,4,3,3,1,4,3,2,2,6,6,2,1,2,7,2,5,3,4,2,4,3,2,2,4,0,4,4,4,1,5,2,4,1,4,3,4,4,2,6,2,2,16,4,2,2,3,0,3,7,7,3,2,4,1,4,7,17,1,4,4,2,1,2,3,4,1,3,5,3,2,6,4,3,2,2,1,6,4,6,2,2,1,5,7,2,8,2,3,1,4
3,4,2,2,8,73,87,63,0,0,0,0,5,4,0,3,3,3,0,4,2,2,4,0,1,1,4,2,8,6,1,6,2,7,4,2,2,6,4,1,2,3,2,3,7,3,1,2,4,3,1,2,4,3,2,7,4,3,1,3,1,4,3,3,8,1,4,7,6,30,56,0,0,0,0,2,1,8,5,2,6,1,2,1,2,3,3,3,3,2,6,8,1,23,3,1,0,1,2,4,3,4,5,7,4,3,3,2,2,5,4,1,3,2,2,2,1,3,2,2,5,6,1,2,4,3,3,5
3,4,2,2,8,73,87,63,0,0,0,0,5,4,0,3,3,3,0,4,2,2,4,0,1,1,4,2,8,6,1,6,2,7,4,2,2,6,4,1,2,3,2,3,7,3,1,2,4,3,1,2,4,3,2,7,4,3,1,3,1,4,3,3,8,1,4,7,6,30,56,0,0,0,0,3,3,2,2,7,3,1,1,9,4,1,2,3,5,30,12,0,1,1,0,5,5,1,4,4,4,2,4,7,2,3,7,3,3,2,3,2,5,1,8,3,2,5,2,6,3,3,3,1,0,2,4,4
6,1,3,2,3,4,4,2,6,5,1,4,4,3,3,6,4,4,2,5,0,6,2,2,4,2,2,3,3,1,2,3,5,4,2,1,2,8,4,3,4,2,2,4,1,3,3,2,5,4,2,4,3,3,1,1,1,6,6,2,2,2,8,5,4,2,8,2,1,2,2,2,5,4,1,3,3,2,2,7,3,1,1,9,4,1,2,3,5,30,12,0,1,1,0,5,5,1,4,4,4,2,4,7,2,3,7,3,3,2,3,2,5,1,8,3,2,5,2,6,3,3,3,1,0,2,4,4
6,1,3,2,3,4,4,2,6,5,1,4,4,3,3,6,4,4,2,5,0,6,2,2,4,2,2,3,3,1,2,3,5,4,2,1,2,8,4,3,4,2,2,4,1,3,3,2,5,4,2,4,3,3,1,1,1,6,6,2,2,2,8,5,4,2,8,2,1,2,2,2,5,4,2,1,4,4,2,4,5,4,5,3,2,5,4,4,3,18,3,2,5,1,6,1,1,2,2,5,3,3,2,3,2,5,3,4,1,5,4,3,3,2,5,4,9,3,4,1,4,1,7,3,4,1,3,5
3,4,3,1,4,4,3,4,3,1,4,5,1,1,2,1,1,4,2,5,2,2,3,2,6,2,5,3,6,3,2,2,3,2,7,6,4,2,2,7,2,6,1,7,0,2,3,3,7,4,3,2,5,3,2,5,3,1,4,1,2,1,4,4,0,2,3,3,0,3,4,3,5,2,2,1,4,4,2,4,5,4,5,3,2,5,4,4,3,18,3,2,5,1,6,1,1,2,2,5,3,3,2,3,2,5,3,4,1,5,4,3,3,2,5,4,9,3,4,1,4,1,7,3,4,1,3,5
3,4,3,1,4,4,3,4,3,1,4,5,1,1,2,1,1,4,2,5,2,2,3,2,6,2,5,3,6,3,2,2,3,2,7,6,4,2,2,7,2,6,1,7,0,2,3,3,7,4,3,2,5,3,2,5,3,1,4,1,2,1,4,4,0,2,3,3,0,3,4,3,5,2,1,3,5,2,2,2,2,2,2,4,3,1,0,4,5,3,3,3,2,4,3,5,4,2,3,1,1,4,1,2,6,4,0,0,2,3,1,2,2,5,2,5,2,2,6,2,5,3,4,3,5,2,2,3
1,6,2,1,34,5,2,0,9,2,2,3,3,3,6,4,5,6,7,2,4,11,2,0,2,2,1,1,4,1,7,7,5,1,8,2,2,1,2,8,6,8,3,3,2,5,4,1,2,3,5,2,3,4,5,5,5,2,3,4,3,3,3,3,2,3,3,5,4,1,6,3,1,3,3,3,5,2,2,2,2,2,2,4,3,1,0,4,5,3,3,3,2,4,3,5,4,2,3,1,1,4,1,2,6,4,0,0,2,3,1,2,2,5,2,5,2,2,6,2,5,3,4,3,5,2,2,3
1,6,2,1,34,5,2,0,9,2,2,3,3,3,6,4,5,6,7,2,4,11,2,0,2,2,1,1,4,1,7,7,5,1,8,2,2,1,2,8,6,8,3,3,2,5,4,1,2,3,5,2,3,4,5,5,5,2,3,4,3,3,3,3,2,3,3,5,4,1,6,3,1,3,3,2,7,6,6,2,3,2,6,4,1,2,1,2,3,4,1,4,5,2,5,2,2,1,1,5,2,3,4,2,2,2,4,1,4,2,3,3,2,3,6,8,1,2,5,3,3,5,5,2,3,2,5,3
3,5,6,1,3,2,3,6,3,1,5,2,4,5,6,3,1,3,3,1,3,4,4,7,3,5,3,3,1,6,4,7,2,6,2,1,2,4,2,2,2,3,6,1,3,7,3,2,1,3,3,4,4,6,4,4,3,3,7,2,4,4,4,2,4,1,2,2,5,3,8,3,4,5,11,2,7,6,6,2,3,2,6,4,1,2,1,2,3,4,1,4,5,2,5,2,2,1,1,5,2,3,4,2,2,2,4,1,4,2,3,3,2,3,6,8,1,2,5,3,3,5,5,2,3,2,5,3
3,5,6,1,3,2,3,6,3,1,5,2,4,5,6,3,1,3,3,1,3,4,4,7,3,5,3,3,1,6,4,7,2,6,2,1,2,4,2,2,2,3,6,1,3,7,3,2,1,3,3,4,4,6,4,4,3,3,7,2,4,4,4,2,4,1,2,2,5,3,8,3,4,5,11,2,0,1,2,4,2,1,4,4,5,2,7,4,4,6,2,4,0,35,15,1,0,3,2,2,4,1,5,4,3,2,9,3,2,1,3,4,5,4,4,2,5,9,4,5,7,2,5,2,4,4,4,1
1,4,8,9,2,2,3,3,9,3,1,2,3,6,3,2,5,3,1,4,5,5,3,2,3,0,3,6,7,2,6,9,1,1,4,1,1,3,5,4,2,2,4,1,3,3,5,5,4,4,2,3,4,2,5,4,3,1,4,3,4,3,1,2,5,7,4,2,6,3,2,1,3,1,3,2,0,1,2,4,2,1,4,4,5,2,7,4,4,6,2,4,0,35,15,1,0,3,2,2,4,1,5,4,3,2,9,3,2,1,3,4,5,4,4,2,5,9,4,5,7,2,5,2,4,4,4,1
1,4,8,9,2,2,3,3,9,3,1,2,3,6,3,2,5,3,1,4,5,5,3,2,3,0,3,6,7,2,6,9,1,1,4,1,1,3,5,4,2,2,4,1,3,3,5,5,4,4,2,3,4,2,5,4,3,1,4,3,4,3,1,2,5,7,4,2,6,3,2,1,3,1,3,2,7,5,7,3,3,5,2,5,6,0,3,5,1,4,3,4,3,2,4,4,4,4,1,1,4,1,3,3,6,5,1,5,2,3,5,1,1,3,3,1,2,4,4,4,0,5,3,2,6,6,3,5
2,3,3,3,2,3,1,5,6,3,3,6,4,3,6,3,4,7,4,5,4,3,1,6,4,5,1,2,2,2,3,2,1,3,6,3,4,4,6,2,2,2,4,6,3,4,4,5,2,3,3,7,1,4,2,4,2,3,1,0,1,3,6,2,3,5,3,3,3,1,2,3,4,5,2,2,7,5,7,3,3,5,2,5,6,0,3,5,1,4,3,4,3,2,4,4,4,4,1,1,4,1,3,3,6,5,1,5,2,3,5,1,1,3,3,1,2,4,4,4,0,5,3,2,6,6,3,5
2,3,3,3,2,3,1,5,6,3,3,6,4,3,6,3,4,7,4,5,4,3,1,6,4,5,1,2,2,2,3,2,1,3,6,3,4,4,6,2,2,2,4,6,3,4,4,5,2,3,3,7,1,4,2,4,2,3,1,0,1,3,6,2,3,5,3,3,3,1,2,3,4,5,2,3,3,9,5,2,7,4,1,1,2,7,2,1,3,1,5,2,3,1,3,3,6,1,2,1,5,3,3,5,5,0,2,5,2,3,2,2,5,4,2,2,1,7,5,4,5,2,4,3,1,4,2,3
2,1,3,7,4,1,3,3,6,2,6,5,9,3,2,2,4,9,11,0,5,4,3,6,4,3,9,0,5,5,6,5,4,2,2,3,0,3,4,3,2,2,4,2,3,1,3,4,7,6,3,4,4,4,2,2,3,3,6,4,1,4,4,7,2,3,4,4,2,3,6,1,3,2,1,3,3,9,5,2,7,4,1,1,2,7,2,1,3,1,5,2,3,1,3,3,6,1,2,1,5,3,3,5,5,0,2,5,2,3,2,2,5,4,2,2,1,7,5,4,5,2,4,3,1,4,2,3
2,1,3,7,4,1,3,3,6,2,6,5,9,3,2,2,4,9,11,0,5,4,3,6,4,3,9,0,5,5,6,5,4,2,2,3,0,3,4,3,2,2,4,2,3,1,3,4,7,6,3,4,4,4,2,2,3,3,6,4,1,4,4,7,2,3,4,4,2,3,6,1,3,2,1,5,1,3,6,6,4,4,4,5,1,2,1,3,3,2,2,5,49,1,1,1,1,1,4,3,3,1,6,1,0,6,4,5,5,4,3,1,4,6,3,5,4,4,1,5,7,1,0,2,4,5,29,17
4,1,2,5,3,3,1,5,9,0,3,2,5,6,2,3,12,4,2,11,4,2,0,6,2,4,2,5,3,5,2,4,1,3,2,6,6,4,2,2,4,3,4,6,1,2,3,3,3,3,3,2,2,2,0,2,3,6,3,2,4,2,11,3,2,3,3,4,2,4,4,2,6,5,0,5,1,3,6,6,4,4,4,5,1,2,1,3,3,2,2,5,49,1,1,1,1,1,4,3,3,1,6,1,0,6,4,5,5,4,3,1,4,6,3,5,4,4,1,5,7,1,0,2,4,5,29,17
4,1,2,5,3,3,1,5,9,0,3,2,5,6,2,3,12,4,2,11,4,2,0,6,2,4,2,5,3,5,2,4,1,3,2,6,6,4,2,2,4,3,4,6,1,2,3,3,3,3,3,2,2,2,0,2,3,6,3,2,4,2,11,3,2,3,3,4,2,4,4,2,6,5,0,6,0,2,8,4,4,5,5,1,2,3,2,4,38,2,0,3,2,2,2,9,3,2,0,8,4,5,2,3,3,1,3,3,2,4,3,2,2,4,3,3,7,2,1,7,4,3,2,2,2,5,3,3
3,3,5,1,27,2,4,2,4,4,0,2,2,1,1,2,7,4,4,1,4,5,3,3,1,3,3,3,5,2,3,3,4,2,1,6,3,2,3,2,4,4,9,6,1,2,3,2,2,2,5,2,5,1,4,2,3,4,3,4,2,1,3,3,8,5,3,4,3,3,2,3,1,3,3,6,0,2,8,4,4,5,5,1,2,3,2,4,38,2,0,3,2,2,2,9,3,2,0,8,4,5,2,3,3,1,3,3,2,4,3,2,2,4,3,3,7,2,1,7,4,3,2,2,2,5,3,3
3,3,5,1,27,2,4,2,4,4,0,2,2,1,1,2,7,4,4,1,4,5,3,3,1,3,3,3,5,2,3,3,4,2,1,6,3,2,3,2,4,4,9,6,1,2,3,2,2,2,5,2,5,1,4,2,3,4,3,4,2,1,3,3,8,5,3,4,3,3,2,3,1,3,3,3,1,1,3,2,6,2,5,4,7,5,1,4,3,17,1,4,6,7,3,2,4,4,1,3,1,6,5,4,3,1,6,5,5,5,4,1,5,5,2,2,5,1,2,2,9,3,3,2,2,6,4,4
2,6,4,1,4,7,3,2,5,3,3,3,3,3,0,1,3,4,5,3,3,3,1,4,2,5,5,5,3,3,5,5,3,6,1,1,4,3,4,3,2,6,4,2,6,2,5,1,3,4,4,2,2,7,5,2,4,5,4,2,3,5,5,1,7,1,3,2,7,4,1,4,7,4,2,3,1,1,3,2,6,2,5,4,7,5,1,4,3,17,1,4,6,7,3,2,4,4,1,3,1,6,5,4,3,1,6,5,5,5,4,1,5,5,2,2,5,1,2,2,9,3,3,2,2,6,4,4
2,6,4,1,4,7,3,2,5,3,3,3,3,3,0,1,3,4,5,3,3,3,1,4,2,5,5,5,3,3,5,5,3,6,1,1,4,3,4,3,2,6,4,2,6,2,5,1,3,4,4,2,2,7,5,2,4,5,4,2,3,5,5,1,7,1,3,2,7,4,1,4,7,4,2,6,4,6,6,3,4,3,4,5,2,4,6,3,3,38,16,0,2,1,1,0,4,1,1,7,1,3,3,5,4,8,9,1,4,2,2,3,2,4,3,2,2,2,7,4,2,2,2,3,6,1,3,22
2,2,6,8,2,2,4,3,4,4,4,0,4,0,3,4,4,5,4,3,2,1,2,2,3,4,4,3,4,3,2,3,2,2,3,2,5,2,1,3,3,2,7,4,2,3,5,3,4,0,2,3,3,3,7,5,7,8,3,3,1,2,4,2,6,5,1,7,2,4,3,1,3,2,2,6,4,6,6,3,4,3,4,5,2,4,6,3,3,38,16,0,2,1,1,0,4,1,1,7,1,3,3,5,4,8,9,1,4,2,2,3,2,4,3,2,2,2,7,4,2,2,2,3,6,1,3,22
2,2,6,8,2,2,4,3,4,4,4,0,4,0,3,4,4,5,4,3,2,1,2,2,3,4,4,3,4,3,2,3,2,2,3,2,5,2,1,3,3,2,7,4,2,3,5,3,4,0,2,3,3,3,7,5,7,8,3,3,1,2,4,2,6,5,1,7,2,4,3,1,3,2,2,4,5,5,3,0,5,1,1,1,1,7,2,2,4,35,16,3,0,0,1,9,5,3,0,3,9,5,4,2,3,3,2,3,5,4,1,1,1,1,5,3,3,2,5,3,3,6,3,5,3,1,4,2
2,3,7,7,5,0,3,2,3,3,2,3,3,4,8,5,2,3,7,3,7,2,5,2,2,1,2,5,1,2,3,3,6,1,3,2,2,3,1,6,2,2,5,1,5,3,6,4,3,2,5,0,3,4,3,9,4,2,1,4,8,7,7,1,0,1,4,4,2,5,2,2,3,2,2,4,5,5,3,0,5,1,1,1,1,7,2,2,4,35,16,3,0,0,1,9,5,3,0,3,9,5,4,2,3,3,2,3,5,4,1,1,1,1,5,3,3,2,5,3,3,6,3,5,3,1,4,2
2,3,7,7,5,0,3,2,3,3,2,3,3,4,8,5,2,3,7,3,7,2,5,2,2,1,2,5,1,2,3,3,6,1,3,2,2,3,1,6,2,2,5,1,5,3,6,4,3,2,5,0,3,4,3,9,4,2,1,4,8,7,7,1,0,1,4,4,2,5,2,2,3,2,2,3,2,4,8,2,1,7,7,4,2,3,5,6,3,38,15,1,1,0,3,1,3,2,4,4,4,10,5,3,5,6,6,5,3,3,4,4,3,1,6,2,1,4,5,1,1,1,3,2,1,3,2,5
6,7,5,3,4,6,3,1,3,4,1,2,2,5,1,3,1,3,1,4,3,8,5,3,2,4,2,2,3,8,8,2,6,5,4,4,3,4,3,4,6,1,3,2,3,2,3,1,8,1,4,7,2,3,3,2,4,4,1,2,3,2,3,7,3,2,4,5,10,1,2,8,5,4,4,3,2,4,8,2,1,7,7,4,2,3,5,6,3,38,15,1,1,0,3,1,3,2,4,4,4,10,5,3,5,6,6,5,3,3,4,4,3,1,6,2,1,4,5,1,1,1,3,2,1,3,2,5
6,7,5,3,4,6,3,1,3,4,1,2,2,5,1,3,1,3,1,4,3,8,5,3,2,4,2,2,3,8,8,2,6,5,4,4,3,4,3,4,6,1,3,2,3,2,3,1,8,1,4,7,2,3,3,2,4,4,1,2,3,2,3,7,3,2,4,5,10,1,2,8,5,4,4,4,0,2,2,1,3,6,3,6,4,6,2,6,2,1,3,3,2,4,21,4,5,2,1,2,2,2,4,2,1,5,6,7,6,0,5,1,6,2,1,4,4,3,6,1,2,3,1,5,4,1,5,4
4,2,2,6,2,3,4,1,5,1,8,5,4,3,1,3,2,2,3,5,4,2,2,2,9,9,1,7,2,2,4,5,4,3,3,1,3,4,3,4,1,1,4,3,1,4,2,7,1,4,1,0,2,4,3,2,7,1,6,3,5,2,4,3,3,2,2,3,6,3,4,3,5,3,3,4,0,2,2,1,3,6,3,6,4,6,2,6,2,1,3,3,2,4,21,4,5,2,1,2,2,2,4,2,1,5,6,7,6,0,5,1,6,2,1,4,4,3,6,1,2,3,1,5,4,1,5,4
4,2,2,6,2,3,4,1,5,1,8,5,4,3,1,3,2,2,3,5,4,2,2,2,9,9,1,7,2,2,4,5,4,3,3,1,3,4,3,4,1,1,4,3,1,4,2,7,1,4,1,0,2,4,3,2,7,1,6,3,5,2,4,3,3,2,2,3,6,3,4,3,5,3,3,1,5,1,1,4,4,1,1,1,4,2,2,2,6,3,1,7,4,3,4,2,5,1,1,4,3,2,2,0,1,3,2,5,4,4,5,8,3,7,4,3,1,2,1,3,3,9,1,4,2,1,4,4
5,3,7,4,3,6,4,1,4,2,4,2,2,2,4,10,2,2,1,2,7,8,2,4,4,4,3,2,2,2,4,1,3,6,6,5,1,3,6,1,3,8,2,8,6,3,2,1,4,3,2,5,1,5,2,3,3,3,3,4,4,4,4,3,1,1,7,2,2,4,3,4,4,6,9,1,5,1,1,4,4,1,1,1,4,2,2,2,6,3,1,7,4,3,4,2,5,1,1,4,3,2,2,0,1,3,2,5,4,4,5,8,3,7,4,3,1,2,1,3,3,9,1,4,2,1,4,4
5,3,7,4,3,6,4,1,4,2,4,2,2,2,4,10,2,2,1,2,7,8,2,4,4,4,3,2,2,2,4,1,3,6,6,5,1,3,6,1,3,8,2,8,6,3,2,1,4,3,2,5,1,5,2,3,3,3,3,4,4,4,4,3,1,1,7,2,2,4,3,4,4,6,9,5,7,0,2,4,6,3,4,0,3,2,2,5,5,4,4,3,5,1,5,6,2,2,5,2,3,2,2,1,3,4,4,3,5,3,2,4,6,3,5,4,1,3,2,5,5,6,2,6,3,4,4,7
1,4,4,2,1,3,3,5,4,3,3,2,4,4,3,3,3,5,1,1,1,7,1,3,4,5,3,3,3,3,2,1,5,5,1,2,9,2,5,2,3,3,1,2,7,3,2,4,3,2,2,6,1,1,3,6,2,5,5,2,6,3,6,6,1,1,2,1,3,2,4,4,1,7,4,5,7,0,2,4,6,3,4,0,3,2,2,5,5,4,4,3,5,1,5,6,2,2,5,2,3,2,2,1,3,4,4,3,5,3,2,4,6,3,5,4,1,3,2,5,5,6,2,6,3,4,4,7
1,4,4,2,1,3,3,5,4,3,3,2,4,4,3,3,3,5,1,1,1,7,1,3,4,5,3,3,3,3,2,1,5,5,1,2,9,2,5,2,3,3,1,2,7,3,2,4,3,2,2,6,1,1,3,6,2,5,5,2,6,3,6,6,1,1,2,1,3,2,4,4,1,7,4,1,1,5,4,2,2,2,0,6,5,2,2,5,2,3,2,4,31,4,0,2,5,6,5,1,4,5,3,2,1,1,2,6,3,3,2,1,2,2,2,2,2,5,6,3,3,2,5,3,3,4,2,1
5,4,3,2,5,2,2,4,0,3,2,3,4,1,2,1,3,2,6,4,2,8,3,2,6,6,4,1,8,7,2,3,3,3,4,3,1,2,5,3,2,2,5,2,6,3,4,2,4,1,1,2,3,3,3,3,1,3,1,3,3,5,3,2,7,6,0,3,2,1,2,4,6,6,4,1,1,5,4,2,2,2,0,6,5,2,2,5,2,3,2,4,31,4,0,2,5,6,5,1,4,5,3,2,1,1,2,6,3,3,2,1,2,2,2,2,2,5,6,3,3,2,5,3,3,4,2,1
5,4,3,2,5,2,2,4,0,3,2,3,4,1,2,1,3,2,6,4,2,8,3,2,6,6,4,1,8,7,2,3,3,3,4,3,1,2,5,3,2,2,5,2,6,3,4,2,4,1,1,2,3,3,3,3,1,3,1,3,3,5,3,2,7,6,0,3,2,1,2,4,6,6,3,2,7,5,3,2,2,2,2,3,2,3,4,3,7,30,3,2,0,1,0,3,1,1,3,3,3,3,4,6,2,0,7,6,2,5,4,2,4,1,2,5,3,5,2,1,4,4,4,2,7,6,3,2
3,6,1,2,4,3,5,2,2,2,4,6,1,3,3,3,6,3,4,4,3,2,3,3,3,3,1,3,3,6,2,1,1,3,5,3,3,10,3,6,3,6,2,3,1,9,3,2,5,1,2,5,5,3,2,4,7,3,4,3,3,7,3,4,1,8,3,1,4,1,6,5,4,3,3,2,7,5,3,2,2,2,2,3,2,3,4,3,7,30,3,2,0,1,0,3,1,1,3,3,3,3,4,6,2,0,7,6,2,5,4,2,4,1,2,5,3,5,2,1,4,4,4,2,7,6,3,2
3,6,1,2,4,3,5,2,2,2,4,6,1,3,3,3,6,3,4,4,3,2,3,3,3,3,1,3,3,6,2,1,1,3,5,3,3,10,3,6,3,6,2,3,1,9,3,2,5,1,2,5,5,3,2,4,7,3,4,3,3,7,3,4,1,8,3,1,4,1,6,5,4,3,3,1,9,1,2,8,5,7,1,0,4,2,4,3,4,2,4,7,2,26,10,2,5,3,7,2,3,1,6,5,6,4,4,7,3,1,7,6,2,2,5,6,1,4,3,7,2,1,2,1,3,2,2,4
2,6,4,3,2,6,4,4,8,4,2,4,4,3,2,3,0,2,3,4,1,6,1,4,1,6,2,4,4,5,3,4,3,1,0,2,3,2,3,3,1,5,3,3,0,4,4,0,5,3,4,6,5,1,7,3,4,1,3,6,4,9,3,2,9,2,2,2,6,2,2,3,2,5,4,1,9,1,2,8,5,7,1,0,4,2,4,3,4,2,4,7,2,26,10,2,5,3,7,2,3,1,6,5,6,4,4,7,3,1,7,6,2,2,5,6,1,4,3,7,2,1,2,1,3,2,2,4
2,6,4,3,2,6,4,4,8,4,2,4,4,3,2,3,0,2,3,4,1,6,1,4,1,6,2,4,4,5,3,4,3,1,0,2,3,2,3,3,1,5,3,3,0,4,4,0,5,3,4,6,5,1,7,3,4,1,3,6,4,9,3,2,9,2,2,2,6,2,2,3,2,5,4,7,2,5,5,2,4,1,3,3,6,7,4,1,4,5,1,6,5,4,7,2,5,1,3,3,3,6,2,6,1,5,4,4,11,2,3,4,5,3,3,4,5,2,5,4,2,5,3,4,3,2,3,3
1,4,2,2,4,2,1,4,2,6,3,2,5,1,2,5,3,1,4,2,2,1,6,2,2,2,3,7,1,3,2,3,3,5,2,2,0,7,2,2,4,3,2,3,5,2,6,2,3,4,5,4,3,4,3,1,2,4,2,3,0,5,1,5,1,4,3,5,6,3,3,4,1,1,3,7,2,5,5,2,4,1,3,3,6,7,4,1,4,5,1,6,5,4,7,2,5,1,3,3,3,6,2,6,1,5,4,4,11,2,3,4,5,3,3,4,5,2,5,4,2,5,3,4,3,2,3,3
1,4,2,2,4,2,1,4,2,6,3,2,5,1,2,5,3,1,4,2,2,1,6,2,2,2,3,7,1,3,2,3,3,5,2,2,0,7,2,2,4,3,2,3,5,2,6,2,3,4,5,4,3,4,3,1,2,4,2,3,0,5,1,5,1,4,3,5,6,3,3,4,1,1,3,3,4,2,5,2,6,2,3,2,2,5,4,5,6,2,2,1,2,3,6,4,5,3,1,3,5,4,2,2,1,5,2,4,2,4,3,6,2,3,3,1,1,6,4,3,3,3,4,6,4,3,2,4
3,3,3,1,4,3,3,7,9,3,2,2,5,3,3,1,3,1,2,3,2,2,4,5,2,3,2,2,3,6,5,2,4,5,5,2,3,6,3,5,2,2,3,3,4,6,2,0,3,2,3,5,2,4,2,7,3,1,1,4,5,5,1,4,3,1,7,2,5,2,4,3,2,1,3,3,4,2,5,2,6,2,3,2,2,5,4,5,6,2,2,1,2,3,6,4,5,3,1,3,5,4,2,2,1,5,2,4,2,4,3,6,2,3,3,1,1,6,4,3,3,3,4,6,4,3,2,4
3,3,3,1,4,3,3,7,9,3,2,2,5,3,3,1,3,1,2,3,2,2,4,5,2,3,2,2,3,6,5,2,4,5,5,2,3,6,3,5,2,2,3,3,4,6,2,0,3,2,3,5,2,4,2,7,3,1,1,4,5,5,1,4,3,1,7,2,5,2,4,3,2,1,3,5,3,2,5,2,6,4,8,5,1,5,3,5,5,1,9,3,3,5,5,3,6,3,0,6,3,5,2,8,3,4,1,4,3,1,3,3,2,2,3,3,3,5,2,4,3,3,3,1,1,5,2,3
5,2,5,3,3,8,3,1,2,1,2,2,1,5,4,1,4,5,0,5,6,7,4,2,2,0,5,1,4,3,5,1,2,3,8,2,2,6,1,0,3,2,5,4,3,4,6,1,2,6,7,3,4,1,4,3,7,4,2,3,4,3,4,3,1,2,6,2,9,4,3,2,1,2,4,5,3,2,5,2,6,4,8,5,1,5,3,5,5,1,9,3,3,5,5,3,6,3,0,6,3,5,2,8,3,4,1,4,3,1,3,3,2,2,3,3,3,5,2,4,3,3,3,1,1,5,2,3
5,2,5,3,3,8,3,1,2,1,2,2,1,5,4,1,4,5,0,5,6,7,4,2,2,0,5,1,4,3,5,1,2,3,8,2,2,6,1,0,3,2,5,4,3,4,6,1,2,6,7,3,4,1,4,3,7,4,2,3,4,3,4,3,1,2,6,2,9,4,3,2,1,2,4,5,1,1,6,5,2,2,3,2,4,2,1,2,3,5,3,2,5,3,29,3,1,6,2,2,2,2,1,7,6,1,3,6,5,1,7,2,5,2,1,6,5,4,1,4,2,4,4,3,1,4,3,4
4,6,4,4,2,1,5,3,4,2,6,4,2,3,3,3,3,4,2,4,3,6,3,1,3,3,1,5,3,4,4,2,5,2,2,4,1,3,6,1,1,3,3,5,3,2,3,3,2,1,2,8,2,3,5,8,3,3,6,4,4,3,1,1,2,2,3,2,8,4,3,4,3,2,5,5,1,1,6,5,2,2,3,2,4,2,1,2,3,5,3,2,5,3,29,3,1,6,2,2,2,2,1,7,6,1,3,6,5,1,7,2,5,2,1,6,5,4,1,4,2,4,4,3,1,4,3,4
4,6,4,4,2,1,5,3,4,2,6,4,2,3,3,3,3,4,2,4,3,6,3,1,3,3,1,5,3,4,4,2,5,2,2,4,1,3,6,1,1,3,3,5,3,2,3,3,2,1,2,8,2,3,5,8,3,3,6,4,4,3,1,1,2,2,3,2,8,4,3,4,3,2,5,2,2,2,2,2,2,2,8,3,3,7,8,2,4,1,2,3,4,4,26,2,2,0,1,2,3,4,3,2,1,5,2,3,5,5,4,3,2,1,5,7,8,3,2,0,2,7,2,6,5,6,1,5
5,3,3,4,9,8,4,2,1,3,4,8,2,2,4,2,9,2,6,1,2,4,7,6,2,8,4,5,1,4,2,2,2,4,3,5,1,6,0,2,4,5,4,6,7,2,3,7,1,3,5,4,7,4,7,1,2,1,3,4,2,3,2,2,1,4,3,3,2,2,2,8,1,1,6,2,2,2,2,2,2,2,8,3,3,7,8,2,4,1,2,3,4,4,26,2,2,0,1,2,3,4,3,2,1,5,2,3,5,5,4,3,2,1,5,7,8,3,2,0,2,7,2,6,5,6,1,5
5,3,3,4,9,8,4,2,1,3,4,8,2,2,4,2,9,2,6,1,2,4,7,6,2,8,4,5,1,4,2,2,2,4,3,5,1,6,0,2,4,5,4,6,7,2,3,7,1,3,5,4,7,4,7,1,2,1,3,4,2,3,2,2,1,4,3,3,2,2,2,8,1,1,6,2,2,2,4,1,3,5,1,5,1,4,5,4,5,27,2,0,1,5,3,1,6,3,2,2,5,5,5,2,4,3,3,3,4,2,2,5,1,5,1,2,7,3,1,2,5,1,4,8,2,3,2,2
3,4,4,4,2,12,6,2,4,0,2,8,5,3,3,2,1,5,3,4,8,7,4,2,8,4,1,1,3,4,1,1,3,1,2,4,5,2,6,1,1,1,0,5,4,3,3,7,3,3,3,2,1,6,5,6,2,1,3,1,6,3,1,2,2,3,2,3,4,7,3,4,2,4,3,2,2,2,4,1,3,5,1,5,1,4,5,4,5,27,2,0,1,5,3,1,6,3,2,2,5,5,5,2,4,3,3,3,4,2,2,5,1,5,1,2,7,3,1,2,5,1,4,8,2,3,2,2
1,4,4,4,2,12,6,2,4,0,2,8,5,3,3,2,1,5,3,4,8,7,4,2,8,4,1,1,3,4,1,1,3,1,2,4,5,2,6,1,1,1,0,5,4,3,3,7,3,3,3,2,1,6,5,6,2,1,3,1,6,3,1,2,2,3,2,3,4,7,3,4,2,4,3,5,4,4,2,3,4,3,3,3,7,1,3,1,22,5,4,1,1,4,3,3,6,5,2,6,2,2,2,1,3,1,2,7,4,4,7,4,2,1,4,3,3,3,1,5,7,5,4,8,4,4,3,5
2,5,4,2,5,2,2,3,5,3,4,4,2,3,3,3,3,6,3,2,2,2,5,2,2,2,5,4,4,1,4,3,2,3,3,3,1,4,5,3,1,1,0,2,2,3,5,2,1,2,6,1,1,4,3,5,5,4,3,5,25,4,7,1,2,4,4,0,5,8,6,1,3,4,3,5,4,4,2,3,4,3,3,3,7,1,3,1,22,5,4,1,1,4,3,3,6,5,2,6,2,2,2,1,3,1,2,7,4,4,7,4,2,1,4,3,3,3,1,5,7,5,4,8,4,4,3,5
2,5,4,2,5,2,2,3,5,3,4,4,2,3,3,3,3,6,3,2,2,2,5,2,2,2,5,4,4,1,4,3,2,3,3,3,1,4,5,3,1,1,0,2,2,3,5,2,1,2,6,1,1,4,3,5,5,4,3,5,25,4,7,1,2,4,4,0,5,8,6,1,3,4,3,2,6,2,2,2,5,6,2,0,2,2,3,4,2,31,18,1,0,1,6,1,0,3,4,9,5,8,3,2,4,2,2,5,5,3,4,4,2,3,3,2,7,2,11,3,3,2,3,2,3,2,2,1
6,0,1,3,4,5,5,15,0,3,2,6,4,1,1,4,4,1,3,2,3,2,3,6,3,8,4,0,6,4,4,5,4,2,5,3,0,2,3,1,3,3,1,7,4,5,3,5,5,1,4,3,3,2,4,4,4,5,6,5,26,1,4,5,1,4,7,3,3,4,2,3,2,1,3,2,6,2,2,2,5,6,2,0,2,2,3,4,2,31,18,1,0,1,6,1,0,3,4,9,5,8,3,2,4,2,2,5,5,3,4,4,2,3,3,2,7,2,11,3,3,2,3,2,3,2,2,1
6,0,1,3,4,5,5,15,0,3,2,6,4,1,1,4,4,1,3,2,3,2,3,6,3,8,4,0,6,4,4,5,4,2,5,3,0,2,3,1,3,3,1,7,4,5,3,5,5,1,4,3,3,2,4,4,4,5,6,5,26,1,4,5,1,4,7,3,3,4,2,3,2,1,3,16,1,1,5,4,1,4,3,3,5,3,2,4,2,4,2,4,23,0,3,3,1,3,2,5,2,3,6,1,2,7,7,4,1,4,3,3,3,5,2,5,7,2,4,4,6,7,1,2,6,6,7,4
3,2,1,6,3,5,2,2,6,3,2,2,1,2,3,4,2,2,4,4,4,5,1,2,5,1,6,5,3,2,2,4,2,2,7,2,1,5,6,7,4,8,8,1,1,2,2,0,2,4,3,5,6,3,1,2,1,3,1,4,4,4,6,3,2,6,2,15,4,6,1,2,1,2,3,16,1,1,5,4,1,4,3,3,5,3,2,4,2,4,2,4,23,0,3,3,1,3,2,5,2,3,6,1,2,7,7,4,1,4,3,3,3,5,2,5,7,2,4,4,6,7,1,2,6,6,7,4
3,2,1,6,3,5,2,2,6,3,2,2,1,2,3,4,2,2,4,4,4,5,1,2,5,1,6,5,3,2,2,4,2,2,7,2,1,5,6,7,4,8,8,1,1,2,2,0,2,4,3,5,6,3,1,2,1,3,1,4,4,4,6,3,2,6,2,15,4,6,1,2,1,2,3,3,2,4,2,3,4,6,1,4,6,5,4,2,4,5,0,6,2,1,9,5,2,7,3,5,8,2,3,3,2,5,5,3,4,3,7,4,4,5,2,1,2,2,2,5,5,3,2,5,4,4,27,0
4,4,1,2,4,3,5,3,2,2,5,5,4,3,3,4,6,1,1,17,9,2,3,1,1,2,3,2,1,4,3,4,6,1,2,4,6,4,5,4,9,4,6,3,2,4,1,2,4,2,2,3,2,4,2,3,2,3,3,5,1,6,9,5,2,2,5,4,7,0,6,3,3,5,7,3,2,4,2,3,4,6,1,4,6,5,4,2,4,5,0,6,2,1,9,5,2,7,3,5,8,2,3,3,2,5,5,3,4,3,7,4,4,5,2,1,2,2,2,5,5,3,2,5,4,4,27,0
4,4,1,2,4,3,5,3,2,2,5,5,4,3,3,4,6,1,1,17,9,2,3,1,1,2,3,2,1,4,3,4,6,1,2,4,6,4,5,4,9,4,6,3,2,4,1,2,4,2,2,3,2,4,2,3,2,3,3,5,1,6,9,5,2,2,5,4,7,0,6,3,3,5,7,4,4,2,3,4,4,1,5,3,7,1,5,5,2,7,2,3,3,2,7,7,4,3,3,3,5,1,4,9,5,2,2,8,1,6,2,2,1,8,1,6,4,2,3,2,4,3,5,5,3,5,3,1
4,5,1,5,1,5,3,4,6,1,3,2,4,3,3,3,5,1,3,3,3,3,5,9,3,1,3,3,6,0,3,7,1,2,2,3,4,4,4,2,4,3,4,3,4,3,7,2,2,2,1,2,3,4,2,3,5,5,2,3,6,4,5,1,6,4,3,5,5,5,2,2,3,4,2,8,1,4,4,1,4,4,5,5,3,3,3,2,4,2,3,10,3,1,4,32,0,2,5,2,5,4,3,5,2,4,1,1,5,3,1,3,8,7,2,1,5,4,3,1,7,7,3,2,1,3,1,6
4,5,1,5,1,5,3,4,6,1,3,2,4,3,3,3,5,1,3,3,3,3,5,9,3,1,3,3,6,0,3,7,1,2,2,3,4,4,4,2,4,3,4,3,4,3,7,2,2,2,1,2,3,4,2,3,5,5,2,3,6,4,5,1,6,4,3,5,5,5,2,2,3,4,2,1,1,3,1,4,3,4,2,1,4,1,3,2,2,4,27,1,0,3,1,5,3,4,3,1,7,3,3,3,3,2,5,5,3,1,10,0,5,4,6,4,3,5,2,3,3,5,3,3,7,3,4,5
2,4,4,2,2,2,4,4,2,2,1,5,2,4,3,5,2,4,2,3,4,1,8,6,2,5,3,2,2,3,5,5,2,8,3,4,3,7,3,3,4,3,2,1,6,6,3,4,2,2,5,3,6,3,3,7,5,1,5,7,3,3,7,6,3,2,4,2,6,2,6,3,7,2,2,1,1,3,1,4,3,4,2,1,4,1,3,2,2,4,27,1,0,3,1,5,3,4,3,1,7,3,3,3,3,2,5,5,3,1,10,0,5,4,6,4,3,5,2,3,3,5,3,3,7,3,4,5
2,4,4,2,2,2,4,4,2,2,1,5,2,4,3,5,2,4,2,3,4,1,8,6,2,5,3,2,2,3,5,5,2,8,3,4,3,7,3,3,4,3,2,1,6,6,3,4,2,2,5,3,6,3,3,7,5,1,5,7,3,3,7,6,3,2,4,2,6,2,6,3,7,2,2,4,3,8,4,5,1,3,5,4,1,7,6,7,36,24,0,1,0,0,3,3,2,5,4,2,4,5,4,2,4,6,3,2,6,5,3,4,2,4,0,2,3,3,4,2,8,3,2,2,5,6,4,6
7,2,3,2,5,1,4,3,2,2,4,3,2,2,2,8,3,1,1,2,3,2,4,2,2,2,6,2,2,7,2,3,2,2,1,5,4,2,3,1,4,6,2,2,4,8,1,3,4,2,3,4,4,0,7,2,5,5,3,2,3,2,2,3,3,1,0,3,2,7,6,3,1,2,4,4,3,8,4,5,1,3,5,4,1,7,6,7,36,24,0,1,0,0,3,3,2,5,4,2,4,5,4,2,4,6,3,2,6,5,3,4,2,4,0,2,3,3,4,2,8,3,2,2,5,6,4,6
7,2,3,2,5,1,4,3,2,2,4,3,2,2,2,8,3,1,1,2,3,2,4,2,2,2,6,2,2,7,2,3,2,2,1,5,4,2,3,1,4,6,2,2,4,8,1,3,4,2,3,4,4,0,7,2,5,5,3,2,3,2,2,3,3,1,0,3,2,7,6,3,1,2,4,1,5,2,5,3,2,5,7,1,2,4,8,2,5,2,6,1,6,11,19,4,3,0,6,6,1,1,1,3,3,3,2,3,3,2,1,2,3,3,0,5,4,6,6,5,3,3,5,2,2,5,3,2
2,2,7,5,3,2,2,4,2,3,2,1,3,6,4,2,1,2,4,1,2,2,5,1,6,4,4,2,2,5,5,2,7,2,1,2,3,1,5,7,1,3,0,2,6,8,1,4,2,3,4,2,2,4,2,2,7,2,1,3,3,5,4,2,6,3,2,2,2,3,1,2,5,3,3,1,5,2,5,3,2,5,7,1,2,4,8,2,5,2,6,1,6,11,19,4,3,0,6,6,1,1,1,3,3,3,2,3,3,2,1,2,3,3,0,5,4,6,6,5,3,3,5,2,2,5,3,2
2,2,7,5,3,2,2,4,2,3,2,1,3,6,4,2,1,2,4,1,2,2,5,1,6,4,4,2,2,5,5,2,7,2,1,2,3,1,5,7,1,3,0,2,6,8,1,4,2,3,4,2,2,4,2,2,7,2,1,3,3,5,4,2,6,3,2,2,2,3,1,2,5,3,3,2,2,2,2,4,7,4,4,5,5,5,0,2,4,4,32,3,1,2,2,3,3,1,1,2,3,3,1,6,5,3,1,4,5,2,2,1,3,2,5,3,1,1,1,5,2,4,1,5,0,8,3,3
7,4,1,1,4,6,4,5,1,4,2,4,4,6,4,4,3,2,4,3,4,5,1,2,3,1,1,4,3,5,6,8,4,2,7,3,4,1,2,2,2,2,3,1,5,2,3,8,4,4,2,4,4,4,2,3,3,5,2,0,1,7,1,3,2,1,6,2,2,2,1,2,6,4,3,2,2,2,2,4,7,4,4,5,5,5,0,2,4,4,32,3,1,2,2,3,3,1,1,2,3,3,1,6,5,3,1,4,5,2,2,1,3,2,5,3,1,1,1,5,2,4,1,5,0,8,3,3
7,4,1,1,4,6,4,5,1,4,2,4,4,6,4,4,3,2,4,3,4,5,1,2,3,1,1,4,3,5,6,8,4,2,7,3,4,1,2,2,2,2,3,1,5,2,3,8,4,4,2,4,4,4,2,3,3,5,2,0,1,7,1,3,2,1,6,2,2,2,1,2,6,4,3,3,3,4,4,4,1,2,3,4,3,2,3,4,3,30,18,4,1,2,4,2,1,7,1,1,1,3,2,4,4,3,5,1,2,3,0,1,2,2,6,8,6,2,3,6,2,2,4,3,4,6,2,3
2,5,7,1,4,5,7,1,2,4,1,3,1,3,4,3,1,7,3,4,1,4,2,3,8,1,3,4,4,2,1,5,4,8,2,5,3,2,2,4,5,1,3,6,4,3,4,3,3,2,3,2,2,2,1,2,3,3,6,0,5,5,4,5,3,5,3,2,2,11,5,6,4,1,1,3,3,4,4,4,1,2,3,4,3,2,3,4,3,30,18,4,1,2,4,2,1,7,1,1,1,3,2,4,4,3,5,1,2,3,0,1,2,2,6,8,6,2,3,6,2,2,4,3,4,6,2,3
2,5,7,1,4,5,7,1,2,4,1,3,1,3,4,3,1,7,3,4,1,4,2,3,8,1,3,4,4,2,1,5,4,8,2,5,3,2,2,4,5,1,3,6,4,3,4,3,3,2,3,2,2,2,1,2,3,3,6,0,5,5,4,5,3,5,3,2,2,11,5,6,4,1,3,3,3,3,1,4,4,2,5,3,5,3,2,3,4,3,2,7,3,1,3,12,1,2,8,2,4,2,6,3,2,2,7,2,3,4,2,2,2,1,2,5,2,6,3,5,2,4,3,2,2,5,2,2
2,5,3,2,5,4,2,4,2,6,3,5,3,7,2,1,5,3,3,3,4,3,2,3,5,3,3,2,2,5,1,9,3,2,1,8,4,1,3,2,3,2,2,2,2,3,3,1,3,5,2,4,4,4,6,5,1,4,4,5,11,4,5,5,4,2,4,6,4,4,5,3,1,5,1,3,3,3,1,4,4,2,5,3,5,3,2,3,4,3,2,7,3,1,3,12,1,2,8,2,4,2,6,3,2,2,7,2,3,4,2,2,2,1,2,5,2,6,3,5,2,4,3,2,2,5,2,2
2,5,3,2,5,4,2,4,2,6,3,5,3,7,2,1,5,3,3,3,4,3,2,3,5,3,3,2,2,5,1,9,3,2,1,8,4,1,3,2,3,2,2,2,2,3,3,1,3,5,2,4,4,4,6,5,1,4,4,5,11,4,5,5,4,2,4,6,4,4,5,3,1,5,1,5,4,2,6,4,5,3,28,3,0,2,0,2,2,2,3,7,5,2,3,5,3,1,1,4,2,5,1,5,3,4,4,3,3,0,3,1,5,1,5,5,10,7,1,5,3,2,5,2,7,4,3,1
3,7,6,1,4,2,1,4,3,9,3,6,2,4,0,3,4,5,3,7,5,3,2,3,4,0,3,9,2,2,2,4,1,3,2,4,4,2,4,2,5,4,4,2,3,0,4,7,2,3,1,4,6,8,4,4,5,2,1,4,3,3,2,2,3,2,9,2,1,5,2,4,6,5,2,5,4,2,6,4,5,3,28,3,0,2,0,2,2,2,3,7,5,2,3,5,3,1,1,4,2,5,1,5,3,4,4,3,3,0,3,1,5,1,5,5,10,7,1,5,3,2,5,2,7,4,3,1
3,7,6,1,4,2,1,4,3,9,3,6,2,4,0,3,4,5,3,7,5,3,2,3,4,0,3,9,2,2,2,4,1,3,2,4,4,2,4,2,5,4,4,2,3,0,4,7,2,3,1,4,6,8,4,4,5,2,1,4,3,3,2,2,3,2,9,2,1,5,2,4,6,5,2,1,2,1,3,2,6,6,3,3,2,4,3,3,4,2,3,2,4,5,4,11,1,1,4,1,5,1,5,3,1,1,5,1,4,2,2,5,1,5,3,2,3,3,3,3,9,10,2,3,3,1,1,8
2,3,2,5,5,4,2,3,2,4,3,2,3,5,4,2,4,1,1,1,7,2,1,3,3,2,2,2,9,1,5,2,4,3,2,2,2,3,3,9,1,2,2,4,4,1,2,3,6,2,5,4,3,4,4,1,3,3,9,3,5,3,0,2,1,1,4,4,2,5,6,3,4,2,4,1,2,1,3,2,6,6,3,3,2,4,3,3,4,2,3,2,4,5,4,11,1,1,4,1,5,1,5,3,1,1,5,1,4,2,2,5,1,5,3,2,3,3,3,3,9,10,2,3,3,1,1,8
2,3,2,5,5,4,2,3,2,4,3,2,3,5,4,2,4,1,1,1,7,2,1,3,3,2,2,2,9,1,5,2,4,3,2,2,2,3,3,9,1,2,2,4,4,1,2,3,6,2,5,4,3,4,4,1,3,3,9,3,5,3,0,2,1,1,4,4,2,5,6,3,4,2,4,3,3,7,4,4,4,2,1,4,5,5,2,7,3,2,1,26,1,0,1,1,4,5,6,6,7,2,3,3,6,4,5,1,6,1,5,0,2,8,2,3,1,4,6,4,4,4,7,1,2,2,2,3
2,3,1,5,2,4,2,4,5,2,1,8,5,1,6,7,3,1,1,2,7,5,2,1,2,3,2,2,3,1,4,3,6,3,4,4,6,3,1,2,2,7,3,3,5,4,1,3,4,4,1,3,4,1,5,4,3,3,2,4,1,4,1,2,4,4,3,3,4,21,11,3,3,2,2,3,3,7,4,4,4,2,1,4,5,5,2,7,3,2,1,26,1,0,1,1,4,5,6,6,7,2,3,3,6,4,5,1,6,1,5,0,2,8,2,3,1,4,6,4,4,4,7,1,2,2,2,3
2,3,1,5,2,4,2,4,5,2,1,8,5,1,6,7,3,1,1,2,7,5,2,1,2,3,2,2,3,1,4,3,6,3,4,4,6,3,1,2,2,7,3,3,5,4,1,3,4,4,1,3,4,1,5,4,3,3,2,4,1,4,1,2,4,4,3,3,4,21,11,3,3,2,2,3,3,1,2,2,1,4,3,2,4,5,3,4,2,4,3,3,36,1,0,1,3,3,3,3,3,5,3,5,1,2,3,2,5,1,4,3,0,5,6,6,3,0,3,4,5,3,2,3,2,4,4,2
1,5,5,2,4,3,6,1,2,1,6,6,5,2,3,3,3,2,3,3,2,4,4,9,3,1,2,7,4,3,2,2,2,3,7,4,6,5,1,6,2,4,3,1,4,1,2,4,3,6,4,3,2,3,3,2,1,6,5,3,2,5,3,2,3,3,1,4,1,7,2,5,3,5,3,3,3,1,2,2,1,4,3,2,4,5,3,4,2,4,3,3,36,1,0,1,3,3,3,3,3,5,3,5,1,2,3,2,5,1,4,3,0,5,6,6,3,0,3,4,5,3,2,3,2,4,4,2
1,5,5,2,4,3,6,1,2,1,6,6,5,2,3,3,3,2,3,3,2,4,4,9,3,1,2,7,4,3,2,2,2,3,7,4,6,5,1,6,2,4,3,1,4,1,2,4,3,6,4,3,2,3,3,2,1,6,5,3,2,5,3,2,3,3,1,4,1,7,2,5,3,5,3,6,5,2,1,2,3,3,5,7,4,2,2,4,2,4,9,3,2,0,4,2,1,2,5,3,4,1,4,8,3,4,3,2,5,3,3,3,4,1,9,4,2,1,5,4,2,1,8,1,4,8,2,3
3,7,3,2,4,1,6,4,6,6,1,3,1,2,2,2,1,4,5,2,3,4,5,5,4,4,3,4,1,2,3,4,3,3,2,5,3,6,7,2,4,4,1,1,5,3,3,4,3,2,1,7,1,5,1,4,4,7,5,2,7,7,1,2,2,3,2,7,1,3,5,2,4,4,2,6,5,2,1,2,3,3,5,7,4,2,2,4,2,4,9,3,2,0,4,2,1,2,5,3,4,1,4,8,3,4,3,2,5,3,3,3,4,1,9,4,2,1,5,4,2,1,8,1,4,8,2,3
5,7,3,2,4,1,6,4,6,6,1,3,1,2,2,2,1,4,5,2,3,4,5,5,4,4,3,4,1,2,3,4,3,3,2,5,3,6,7,2,4,4,1,1,5,3,3,4,3,2,1,7,1,5,1,4,4,7,5,2,7,7,1,2,2,3,2,7,1,3,5,2,4,4,2,1,3,6,4,4,6,4,3,5,3,29,2,0,6,2,1,1,5,1,7,7,3,1,2,2,2,4,1,4,2,3,1,3,10,6,8,1,3,2,6,1,3,3,3,2,1,4,7,4,4,2,4,6
6,7,1,3,5,6,2,2,4,0,5,3,3,4,5,4,2,4,3,1,4,2,3,4,1,3,3,2,3,2,3,5,4,2,1,3,3,3,4,10,3,5,1,6,3,3,4,5,4,3,7,5,7,2,1,2,1,3,2,6,1,6,2,1,3,2,3,3,3,8,1,3,1,2,4,1,3,6,4,4,6,4,3,5,3,29,2,0,6,2,1,1,5,1,7,7,3,1,2,2,2,4,1,4,2,3,1,3,10,6,8,1,3,2,6,1,3,3,3,2,1,4,7,4,4,2,4,6
6,7,1,3,5,6,2,2,4,0,5,3,3,4,5,4,2,4,3,1,4,2,3,4,1,3,3,2,3,2,3,5,4,2,1,3,3,3,4,10,3,5,1,6,3,3,4,5,4,3,7,5,7,2,1,2,1,3,2,6,1,6,2,1,3,2,3,3,3,8,1,3,1,2,4,4,4,1,5,4,2,5,2,2,3,5,2,2,1,26,6,7,2,7,0,2,7,3,2,5,5,4,3,3,6,2,3,3,4,2,1,2,5,4,3,3,2,5,3,3,3,3,4,2,2,4,3,1
1,5,3,1,2,3,2,2,4,2,10,4,3,5,2,2,3,2,4,2,4,2,2,1,4,5,2,3,3,3,5,3,2,5,3,4,2,3,4,1,1,4,2,1,2,3,4,1,2,3,2,4,2,1,2,2,5,4,2,2,3,5,6,6,5,7,2,5,1,2,4,1,7,4,5,4,4,1,5,4,2,5,2,2,3,5,2,2,1,26,6,7,2,7,0,2,7,3,2,5,5,4,3,3,6,2,3,3,4,2,1,2,5,4,3,3,2,5,3,3,3,3,4,2,2,4,3,1
1,5,3,1,2,3,2,2,4,2,10,4,3,5,2,2,3,2,4,2,4,2,2,1,4,5,2,3,3,3,5,3,2,5,3,4,2,3,4,1,1,4,2,1,2,3,4,1,2,3,2,4,2,1,2,2,5,4,2,2,3,5,6,6,5,7,2,5,1,2,4,1,7,4,5,2,2,4,3,8,4,5,2,2,1,10,4,2,4,3,2,8,2,28,2,1,1,3,1,1,2,3,1,3,7,5,5,3,5,2,6,6,3,2,2,3,5,1,3,3,3,4,2,4,4,3,2,3
2,1,3,3,3,3,5,2,3,6,3,4,4,5,3,2,1,4,2,1,6,3,8,6,3,13,1,6,3,3,5,3,2,2,4,5,2,3,4,1,3,1,3,3,4,8,4,3,3,4,2,2,3,4,2,1,3,4,2,3,2,3,1,5,1,2,3,5,5,1,4,3,3,5,3,2,2,4,3,8,4,5,2,2,1,10,4,2,4,3,2,8,2,28,2,1,1,3,1,1,2,3,1,3,7,5,5,3,5,2,6,6,3,2,2,3,5,1,3,3,3,4,2,4,4,3,2,3
2,1,3,3,3,3,5,2,3,6,3,4,4,5,3,2,1,4,2,1,6,3,8,6,3,13,1,6,3,3,5,3,2,2,4,5,2,3,4,1,3,1,3,3,4,8,4,3,3,4,2,2,3,4,2,1,3,4,2,3,2,3,1,5,1,2,3,5,5,1,4,3,3,5,3,3,4,1,2,3,4,5,4,1,2,3,2,0,2,5,2,35,4,0,2,4,4,1,6,6,2,1,2,2,5,2,6,4,3,6,2,3,3,2,3,2,3,3,3,3,9,2,7,4,2,7,3,4
2,3,2,3,1,4,2,6,3,2,4,3,1,4,3,4,4,3,11,3,1,2,5,3,1,6,5,1,2,3,6,1,6,5,5,4,1,2,2,5,6,4,6,1,10,7,1,2,8,3,2,2,4,3,5,10,5,5,1,3,2,2,9,6,6,2,4,4,4,4,5,2,3,7,4,3,4,1,2,3,4,5,4,1,2,3,2,0,2,5,2,35,4,0,2,4,4,1,6,6,2,1,2,2,5,2,6,4,3,6,2,3,3,2,3,2,3,3,3,3,9,2,7,4,2,7,3,4
2,3,2,3,1,4,2,6,3,2,4,3,1,4,3,4,4,3,11,3,1,2,5,3,1,6,5,1,2,3,6,1,6,5,5,4,1,2,2,5,6,4,6,1,10,7,1,2,8,3,2,2,4,3,5,10,5,5,1,3,2,2,9,6,6,2,4,4,4,4,5,2,3,7,4,5,5,2,0,3,7,3,2,3,4,4,2,5,5,3,17,3,5,3,1,5,3,2,3,4,2,4,5,2,1,4,4,1,6,2,1,5,5,5,4,4,4,5,5,3,4,4,4,4,5,3,3,2
1,2,7,3,3,0,5,2,6,5,3,3,2,2,2,3,2,3,2,5,3,2,2,6,3,5,1,2,1,2,4,5,3,2,5,7,1,2,8,2,4,4,4,3,1,5,1,1,2,7,3,4,3,1,2,4,3,1,4,2,3,7,1,2,3,2,5,0,1,1,2,4,2,5,2,5,5,2,0,3,7,3,2,3,4,4,2,5,5,3,17,3,5,3,1,5,3,2,3,4,2,4,5,2,1,4,4,1,6,2,1,5,5,5,4,4,4,5,5,3,4,4,4,4,5,3,3,2
1,2,7,3,3,0,5,2,6,5,3,3,2,2,2,3,2,3,2,5,3,2,2,6,3,5,1,2,1,2,4,5,3,2,5,7,1,2,8,2,4,4,4,3,1,5,1,1,2,7,3,4,3,1,2,4,3,1,4,2,3,7,1,2,3,2,5,0,1,1,2,4,2,5,6,2,2,5,1,7,3,6,2,4,2,4,6,3,1,3,3,1,0,1,7,14,6,3,7,3,3,4,3,4,3,5,4,2,3,2,3,8,5,7,3,1,1,4,1,1,1,3,6,3,5,3,1,4
4,4,0,2,4,4,3,2,5,3,3,3,4,2,2,2,7,4,2,5,4,1,4,5,2,2,3,1,4,2,3,4,3,1,6,2,4,3,2,2,2,1,2,3,3,3,4,9,3,3,3,2,7,2,2,4,4,2,4,5,6,2,5,4,4,1,3,2,4,3,5,6,1,2,1,2,2,5,1,7,3,6,2,4,2,4,6,3,1,3,3,1,0,1,7,14,6,3,7,3,3,4,3,4,3,5,4,2,3,2,3,8,5,7,3,1,1,4,1,1,1,3,6,3,5,3,1,4
4,4,0,2,4,4,3,2,5,3,3,3,4,2,2,2,7,4,2,5,4,1,4,5,2,2,3,1,4,2,3,4,3,1,6,2,4,3,2,2,2,1,2,3,3,3,4,9,3,3,3,2,7,2,2,4,4,2,4,5,6,2,5,4,4,1,3,2,4,3,5,6,1,2,1,2,3,3,6,2,3,2,1,4,5,3,3,2,2,5,4,7,4,5,2,23,2,5,1,3,3,2,1,6,2,4,1,1,3,4,8,5,7,3,6,5,0,7,4,3,2,7,5,0,3,6,4,4
3,3,3,1,3,3,6,6,7,5,3,4,6,2,1,3,4,4,1,2,2,2,5,2,2,1,3,4,3,1,6,9,3,3,2,0,3,3,4,6,0,3,3,1,2,2,2,2,3,4,4,4,1,4,2,4,5,5,3,1,5,2,3,3,2,2,10,1,3,8,8,1,1,2,6,2,3,3,6,2,3,2,1,4,5,3,3,2,2,5,4,7,4,5,2,23,2,5,1,3,3,2,1,6,2,4,1,1,3,4,8,5,7,3,6,5,0,7,4,3,2,7,5,0,3,6,4,4
3,3,3,1,3,3,6,6,7,5,3,4,6,2,1,3,4,4,1,2,2,2,5,2,2,1,3,4,3,1,6,9,3,3,2,0,3,3,4,6,0,3,3,1,2,2,2,2,3,4,4,4,1,4,2,4,5,5,3,1,5,2,3,3,2,2,10,1,3,8,8,1,1,2,6,3,2,3,6,2,6,2,4,2,8,3,2,6,3,3,5,2,8,2,4,4,3,3,3,2,3,7,2,2,2,4,3,3,6,3,3,6,2,6,5,2,6,4,3,2,4,3,4,3,7,2,2,2
2,1,3,6,3,2,4,1,7,4,3,3,3,1,2,4,4,3,4,3,2,3,4,4,2,3,5,2,3,4,1,2,1,2,2,3,7,3,8,3,2,12,2,1,4,3,1,3,2,2,8,6,2,1,3,1,3,1,7,4,1,1,2,5,7,2,4,2,1,3,2,5,5,5,3,3,2,3,6,2,6,2,4,2,8,3,2,6,3,3,5,2,8,2,4,4,3,3,3,2,3,7,2,2,2,4,3,3,6,3,3,6,2,6,5,2,6,4,3,2,4,3,4,3,7,2,2,2
2,1,3,6,3,2,4,1,7,4,3,3,3,1,2,4,4,3,4,3,2,3,4,4,2,3,5,2,3,4,1,2,1,2,2,3,7,3,8,3,2,12,2,1,4,3,1,3,2,2,8,6,2,1,3,1,3,1,7,4,1,1,2,5,7,2,4,2,1,3,2,5,5,5,3,2,4,3,6,5,2,3,33,1,2,4,3,3,4,1,8,2,2,3,5,4,2,2,2,5,4,2,2,3,4,2,3,2,3,3,6,1,1,4,0,3,3,4,5,5,2,2,5,2,9,1,6,4
5,0,4,4,2,4,5,2,3,4,3,4,5,6,1,1,4,3,3,2,5,2,6,5,1,3,3,4,4,2,2,4,0,10,2,3,4,4,1,3,2,3,4,6,5,2,2,4,1,1,4,3,3,3,1,4,2,6,2,9,3,3,4,1,5,5,3,6,2,4,3,4,4,3,1,2,4,3,6,5,2,3,33,1,2,4,3,3,4,1,8,2,2,3,5,4,2,2,2,5,4,2,2,3,4,2,3,2,3,3,6,1,1,4,0,3,3,4,5,5,2,2,5,2,9,1,6,4
5,0,4,4,2,4,5,2,3,4,3,4,5,6,1,1,4,3,3,2,5,2,6,5,1,3,3,4,4,2,2,4,0,10,2,3,4,4,1,3,2,3,4,6,5,2,2,4,1,1,4,3,3,3,1,4,2,6,2,9,3,3,4,1,5,5,3,6,2,4,3,4,4,3,1,1,1,3,5,8,3,7,5,7,16,1,3,6,3,1,1,2,5,3,3,7,4,2,1,2,3,2,1,4,5,8,2,6,5,6,4,3,3,3,3,1,3,2,1,3,4,7,0,1,2,3,10,2
1,4,3,6,3,10,7,6,3,5,3,2,2,2,3,2,5,6,0,2,6,5,8,8,3,10,1,2,3,4,2,3,4,2,3,3,2,3,7,1,3,2,10,4,1,1,4,2,5,2,4,1,5,1,3,4,0,1,4,3,1,6,5,5,4,3,2,2,5,1,1,6,6,6,1,1,1,3,5,8,3,7,5,7,16,1,3,6,3,1,1,2,5,3,3,7,4,2,1,2,3,2,1,4,5,8,2,6,5,6,4,3,3,3,3,1,3,2,1,3,4,7,0,1,2,3,10,2
1,4,3,6,3,10,7,6,3,5,3,2,2,2,3,2,5,6,0,2,6,5,8,8,3,10,1,2,3,4,2,3,4,2,3,3,2,3,7,1,3,2,10,4,1,1,4,2,5,2,4,1,5,1,3,4,0,1,4,3,1,6,5,5,4,3,2,2,5,1,1,6,6,6,2,2,5,2,4,2,4,2,2,3,5,4,5,1,3,3,6,2,1,6,7,4,20,2,4,2,1,3,3,3,4,2,1,5,3,4,4,4,1,6,6,4,7,3,5,1,1,2,5,2,4,1,4,8
2,3,0,4,4,3,5,3,4,3,6,6,5,1,4,6,5,4,1,0,3,2,8,3,4,4,3,1,3,3,6,1,2,5,6,5,2,9,2,1,1,4,2,1,2,3,5,8,3,7,4,2,6,2,4,3,2,2,2,3,3,6,3,3,2,3,2,3,2,4,6,1,6,4,4,2,5,2,4,2,4,2,2,3,5,4,5,1,3,3,6,2,1,6,7,4,20,2,4,2,1,3,3,3,4,2,1,5,3,4,4,4,1,6,6,4,7,3,5,1,1,2,5,2,4,1,4,8
8,3,0,4,4,3,5,3,4,3,6,6,5,1,4,6,5,4,1,0,3,2,8,3,4,4,3,1,3,3,6,1,2,5,6,5,2,9,2,1,1,4,2,1,2,3,5,8,3,7,4,2,6,2,4,3,2,2,2,3,3,6,3,3,2,3,2,3,2,4,6,1,6,4,4,4,3,4,5,4,5,3,2,4,2,2,4,6,1,4,3,4,4,2,3,4,2,1,3,3,2,4,4,3,2,1,4,7,4,3,5,3,2,3,3,2,2,3,3,6,2,4,1,5,2,3,5,6
8,9,10,2,5,2,7,2,1,2,5,3,3,3,2,5,4,1,2,4,5,1,5,3,4,10,1,4,4,4,4,5,4,5,2,2,3,2,1,3,3,5,2,1,2,6,3,1,3,2,7,2,2,2,5,5,2,3,4,3,5,3,1,6,2,1,1,4,5,4,7,3,4,9,7,4,3,4,5,4,5,3,2,4,2,2,4,6,1,4,3,4,4,2,3,4,2,1,3,3,2,4,4,3,2,1,4,7,4,3,5,3,2,3,3,2,2,3,3,6,2,4,1,5,2,3,5,6
3,9,10,2,5,2,7,2,1,2,5,3,3,3,2,5,4,1,2,4,5,1,5,3,4,10,1,4,4,4,4,5,4,5,2,2,3,2,1,3,3,5,2,1,2,6,3,1,3,2,7,2,2,2,5,5,2,3,4,3,5,3,1,6,2,1,1,4,5,4,7,3,4,9,7,3,6,6,3,3,4,2,3,4,2,4,3,1,3,5,4,5,4,2,3,2,3,4,1,5,3,2,3,6,5,2,5,5,2,6,1,1,6,1,4,4,4,5,1,3,1,3,2,5,4,3,6,2
4,3,1,5,3,1,3,1,1,5,2,2,6,2,4,22,5,3,2,1,2,4,1,4,6,6,5,3,4,1,10,3,4,4,1,5,3,6,7,1,6,3,4,5,6,3,2,2,5,1,4,2,2,1,6,4,1,3,2,6,3,2,1,3,5,5,2,5,4,3,6,3,2,2,2,3,6,6,3,3,4,2,3,4,2,4,3,1,3,5,4,5,4,2,3,2,3,4,1,5,3,2,3,6,5,2,5,5,2,6,1,1,6,1,4,4,4,5,1,3,1,3,2,5,4,3,6,2
4,3,1,5,3,1,3,1,1,5,2,2,6,2,4,22,5,3,2,1,2,4,1,4,6,6,5,3,4,1,10,3,4,4,1,5,3,6,7,1,6,3,4,5,6,3,2,2,5,1,4,2,2,1,6,4,1,3,2,6,3,2,1,3,5,5,2,5,4,3,6,3,2,2,2,3,4,1,2,4,4,3,4,6,4,6,5,4,2,4,7,1,3,4,1,5,7,2,5,1,3,2,4,3,5,2,3,5,3,6,3,3,3,0,1,5,2,2,3,3,7,2,2,8,2,3,3,3
3,3,3,6,2,3,0,9,4,2,3,1,3,5,6,5,2,6,7,2,2,2,4,1,3,3,3,4,2,2,3,9,0,7,2,4,4,2,5,5,4,3,5,4,4,2,2,3,1,7,4,5,2,6,3,3,2,4,2,3,4,5,2,2,5,4,1,3,1,1,2,1,2,4,3,3,4,1,2,4,4,3,4,6,4,6,5,4,2,4,7,1,3,4,1,5,7,2,5,1,3,2,4,3,5,2,3,5,3,6,3,3,3,0,1,5,2,2,3,3,7,2,2,8,2,3,3,3
4,3,3,6,2,3,0,9,4,2,3,1,3,5,6,5,2,6,7,2,2,2,4,1,3,3,3,4,2,2,3,9,0,7,2,4,4,2,5,5,4,3,5,4,4,2,2,3,1,7,4,5,2,6,3,3,2,4,2,3,4,5,2,2,5,4,1,3,1,1,2,1,2,4,3,3,2,7,5,4,1,3,2,2,2,5,5,4,3,3,4,1,0,3,8,1,2,5,4,5,4,4,5,2,2,5,10,4,2,3,5,7,3,2,2,1,3,2,3,2,9,2,3,2,2,6,4,2
4,4,1,9,3,2,6,3,3,6,4,3,1,4,3,2,6,2,1,4,1,5,2,2,3,2,3,2,4,2,6,3,3,1,4,2,7,1,4,8,3,6,3,1,4,1,6,5,2,3,2,7,1,1,6,2,3,2,2,3,2,2,4,4,4,2,0,4,3,2,7,5,3,5,2,3,2,7,5,4,1,3,2,2,2,5,5,4,3,3,4,1,0,3,8,1,2,5,4,5,4,4,5,2,2,5,10,4,2,3,5,7,3,2,2,1,3,2,3,2,9,2,3,2,2,6,4,2
4,4,1,9,3,2,6,3,3,6,4,3,1,4,3,2,6,2,1,4,1,5,2,2,3,2,3,2,4,2,6,3,3,1,4,2,7,1,4,8,3,6,3,1,4,1,6,5,2,3,2,7,1,1,6,2,3,2,2,3,2,2,4,4,4,2,0,4,3,2,7,5,3,5,2,2,3,6,2,4,5,3,2,2,2,1,1,5,2,5,3,7,7,3,3,3,2,1,3,4,4,2,4,5,3,2,6,4,3,1,2,3,8,3,4,4,6,5,2,4,1,3,2,11,2,2,3,2
3,2,2,4,1,2,3,2,3,5,2,4,6,2,2,4,4,2,4,2,2,5,5,0,1,6,3,0,1,6,1,1,4,3,5,1,3,1,5,4,3,6,6,3,3,3,3,3,1,4,2,5,2,3,4,5,4,5,7,6,2,4,2,2,3,1,5,5,1,1,1,4,4,4,6,2,3,6,2,4,5,3,2,2,2,1,1,5,2,5,3,7,7,3,3,3,2,1,3,4,4,2,4,5,3,2,6,4,3,1,2,3,8,3,4,4,6,5,2,4,1,3,2,11,2,2,3,2
3,2,2,4,1,2,3,2,3,5,2,4,6,2,2,4,4,2,4,2,2,5,5,0,1,6,3,0,1,6,1,1,4,3,5,1,3,1,5,4,3,6,6,3,3,3,3,3,1,4,2,5,2,3,4,5,4,5,7,6,2,4,2,2,3,1,5,5,1,1,1,4,4,4,6,1,4,4,2,6,2,29,3,1,2,4,3,1,4,1,3,3,3,1,5,4,6,1,5,3,2,4,6,5,7,7,2,5,6,4,4,0,1,2,1,5,4,2,4,2,4,1,3,4,2,2,0,6
2,2,1,2,1,3,6,2,2,6,2,3,4,6,3,5,4,6,3,2,4,4,1,4,2,5,1,3,4,2,2,2,4,4,4,5,0,5,2,8,6,3,5,3,7,7,5,2,3,3,2,5,1,1,6,11,4,4,6,3,3,1,4,2,3,9,6,4,1,4,1,3,9,6,6,1,4,4,2,6,2,29,3,1,2,4,3,1,4,1,3,3,3,1,5,4,6,1,5,3,2,4,6,5,7,7,2,5,6,4,4,0,1,2,1,5,4,2,4,2,4,1,3,4,2,2,0,6
2,2,1,2,1,3,6,2,2,6,2,3,4,6,3,5,4,6,3,2,4,4,1,4,2,5,1,3,4,2,2,2,4,4,4,5,0,5,2,8,6,3,5,3,7,7,5,2,3,3,2,5,1,1,6,11,4,4,6,3,3,1,4,2,3,9,6,4,1,4,1,3,9,6,0,3,4,8,2,2,3,1,1,6,1,4,1,3,4,5,4,6,4,4,1,1,6,1,6,2,4,4,2,0,3,7,6,1,1,3,2,1,3,4,5,3,2,11,2,2,5,1,5,4,5,4,3,1
1,2,2,2,4,2,3,3,8,3,2,2,1,6,6,1,1,4,3,2,3,2,2,3,2,2,6,3,3,2,3,4,1,3,2,6,3,2,2,4,3,4,4,3,5,2,2,3,2,2,6,3,3,3,4,3,3,4,3,4,9,4,4,5,2,4,3,1,5,6,1,1,5,2,4,3,4,8,2,2,3,1,1,6,1,4,1,3,4,5,4,6,4,4,1,1,6,1,6,2,4,4,2,0,3,7,6,1,1,3,2,1,3,4,5,3,2,11,2,2,5,1,5,4,5,4,3,1
1,2,2,2,4,2,3,3,8,3,2,2,1,6,6,1,1,4,3,2,3,2,2,3,2,2,6,3,3,2,3,4,1,3,2,6,3,2,2,4,3,4,4,3,5,2,2,3,2,2,6,3,3,3,4,3,3,4,3,4,9,4,4,5,2,4,3,1,5,6,1,1,5,2,4,2,2,4,4,2,5,4,3,1,3,5,1,9,3,6,3,3,3,6,4,2,5,4,2,3,1,7,5,4,5,2,3,3,2,1,5,2,4,4,0,4,3,8,1,5,7,3,5,3,4,2,3,2
3,2,2,4,8,5,6,4,4,2,3,5,1,3,2,4,5,6,2,2,3,3,4,3,2,2,1,7,4,6,1,3,1,1,2,2,2,4,2,1,3,3,3,4,6,4,2,0,6,2,2,0,2,4,5,3,5,3,3,5,1,3,4,1,4,6,5,4,1,3,6,4,2,2,2,2,3,2,1,5,0,5,2,3,7,1,3,3,7,2,1,2,3,5,4,5,7,4,3,1,3,4,4,2,1,4,7,1,2,1,2,2,4,2,4,5,2,5,4,4,10,2,4,4,3,4,4,7
3,2,2,4,8,5,6,4,4,2,3,5,1,3,2,4,5,6,2,2,3,3,4,3,2,2,1,7,4,6,1,3,1,1,2,2,2,4,2,1,3,3,3,4,6,4,2,0,6,2,2,0,2,4,5,3,5,3,3,5,1,3,4,1,4,6,5,4,1,3,6,4,2,2,4,3,1,1,6,4,3,17,7,1,0,4,2,2,2,4,3,3,0,2,5,2,3,4,5,7,6,1,2,4,3,9,3,2,3,1,3,7,1,8,2,1,1,4,3,1,2,3,3,5,3,2,3,3
6,2,5,4,3,3,0,5,1,3,5,5,4,3,5,4,1,2,1,2,4,2,4,6,3,1,6,4,2,6,5,4,2,2,3,4,3,3,2,6,1,2,5,1,3,4,2,5,2,2,2,1,3,1,2,4,4,1,4,3,4,5,2,5,3,6,3,1,8,6,3,5,6,3,2,3,1,1,6,4,3,17,7,1,0,4,2,2,2,4,3,3,0,2,5,2,3,4,5,7,6,1,2,4,3,9,3,2,3,1,3,7,1,8,2,1,1,4,3,1,2,3,3,5,3,2,3,3
6,2,5,4,3,3,0,5,1,3,5,5,4,3,5,4,1,2,1,2,4,2,4,6,3,1,6,4,2,6,5,4,2,2,3,4,3,3,2,6,1,2,5,1,3,4,2,5,2,2,2,1,3,1,2,4,4,1,4,3,4,5,2,5,3,6,3,1,8,6,3,5,6,3,2,1,4,4,2,2,1,2,5,6,1,1,2,1,4,1,2,2,4,1,1,4,3,3,4,4,2,2,5,0,2,3,3,2,1,6,5,4,3,0,3,2,6,2,3,3,2,5,2,2,6,3,2,1
1,7,5,2,8,2,3,5,2,1,5,4,2,1,5,4,3,7,3,6,3,3,3,4,4,5,6,3,2,2,1,4,4,4,2,4,4,1,2,3,3,2,1,3,3,2,1,2,0,7,3,2,5,3,7,3,1,5,3,3,4,2,6,4,2,7,2,3,2,5,4,4,5,8,2,1,4,4,2,2,1,2,5,6,1,1,2,1,4,1,2,2,4,1,1,4,3,3,4,4,2,2,5,0,2,3,3,2,1,6,5,4,3,0,3,2,6,2,3,3,2,5,2,2,6,3,2,1
1,7,5,2,8,2,3,5,2,1,5,4,2,1,5,4,3,7,3,6,3,3,3,4,4,5,6,3,2,2,1,4,4,4,2,4,4,1,2,3,3,2,1,3,3,2,1,2,0,7,3,2,5,3,7,3,1,5,3,3,4,2,6,4,2,7,2,3,2,5,4,4,5,8,2,6,3,3,4,4,6,4,3,2,5,9,1,4,3,2,1,3,2,4,6,3,4,6,4,4,7,0,4,4,2,6,3,2,2,4,2,1,3,7,3,3,2,5,1,4,4,3,3,6,0,2,4,4
2,1,6,4,4,6,1,6,5,2,2,4,1,4,3,3,6,1,5,2,4,2,5,3,3,3,5,4,2,4,2,2,7,3,4,6,3,4,5,1,2,7,3,6,3,3,2,2,1,3,3,7,6,3,7,2,3,3,5,2,3,2,4,3,1,4,4,3,1,4,1,4,5,6,4,6,3,3,4,4,6,4,3,2,5,9,1,4,3,2,1,3,2,4,6,3,4,6,4,4,7,0,4,4,2,6,3,2,2,4,2,1,3,7,3,3,2,5,1,4,4,3,3,6,0,2,4,4
2,1,6,4,4,6,1,6,5,2,2,4,1,4,3,3,6,1,5,2,4,2,5,3,3,3,5,4,2,4,2,2,7,3,4,6,3,4,5,1,2,7,3,6,3,3,2,2,1,3,3,7,6,3,7,2,3,3,5,2,3,2,4,3,1,4,4,3,1,4,1,4,5,6,4,4,9,2,5,5,2,3,20,2,8,7,2,3,3,1,4,5,3,4,4,5,1,5,6,1,8,1,2,0,3,3,9,3,5,4,4,1,1,2,3,6,1,3,6,1,0,7,2,4,2,3,6,4
1,2,4,2,3,2,4,2,5,7,5,1,5,5,4,2,4,4,7,5,2,5,3,5,4,0,5,3,2,4,3,1,1,3,4,2,4,7,7,3,4,1,4,3,3,7,4,3,4,5,4,6,5,3,9,2,5,5,2,4,3,1,2,4,2,2,8,3,8,1,0,6,35,0,1,4,9,2,5,5,2,3,20,2,8,7,2,3,3,1,4,5,3,4,4,5,1,5,6,1,8,1,2,0,3,3,9,3,5,4,4,1,1,2,3,6,1,3,6,1,0,7,2,4,2,3,6,4
2,2,4,2,3,2,4,2,5,7,5,1,5,5,4,2,4,4,7,5,2,5,3,5,4,0,5,3,2,4,3,1,1,3,4,2,4,7,7,3,4,1,4,3,3,7,4,3,4,5,4,6,5,3,9,2,5,5,2,4,3,1,2,4,2,2,8,3,8,1,0,6,35,0,1,1,2,1,2,1,3,9,6,3,3,2,1,6,2,3,2,4,4,9,2,2,4,1,1,2,5,3,2,6,3,1,4,7,4,4,3,5,4,7,5,4,2,1,3,4,5,3,4,5,4,3,7,2
2,2,5,5,3,3,5,0,2,3,2,5,4,2,2,3,7,1,4,1,3,1,6,1,5,5,5,5,4,4,3,0,2,3,5,4,3,7,3,6,2,2,2,6,0,4,2,2,4,2,3,1,6,2,2,0,8,4,5,2,10,3,3,4,4,2,3,3,2,3,5,3,3,1,6,1,2,1,2,1,3,9,6,3,3,2,1,6,2,3,2,4,4,9,2,2,4,1,1,2,5,3,2,6,3,1,4,7,4,4,3,5,4,7,5,4,2,1,3,4,5,3,4,5,4,3,7,2
2,2,5,5,3,3,5,0,2,3,2,5,4,2,2,3,7,1,4,1,3,1,6,1,5,5,5,5,4,4,3,0,2,3,5,4,3,7,3,6,2,2,2,6,0,4,2,2,4,2,3,1,6,2,2,0,8,4,5,2,10,3,3,4,4,2,3,3,2,3,5,3,3,1,6,6,6,3,3,5,1,2,0,1,12,5,2,7,1,1,7,3,2,1,8,3,0,7,3,3,2,6,7,4,3,2,2,2,5,0,3,10,4,4,1,3,2,3,3,3,3,4,3,5,5,5,5,2
4,4,4,2,2,3,3,2,3,2,3,6,4,3,2,2,3,6,3,4,2,3,1,5,6,2,2,1,1,8,1,5,1,3,4,4,6,5,3,3,1,4,3,4,3,2,3,5,4,0,4,2,1,8,6,3,1,5,3,4,3,6,2,2,4,4,1,6,3,5,3,1,6,4,4,6,6,3,3,5,1,2,0,1,12,5,2,7,1,1,7,3,2,1,8,3,0,7,3,3,2,6,7,4,3,2,2,2,5,0,3,10,4,4,1,3,2,3,3,3,3,4,3,5,5,5,5,2
4,4,4,2,2,3,3,2,3,2,3,6,4,3,2,2,3,6,3,4,2,3,1,5,6,2,2,1,1,8,1,5,1,3,4,4,6,5,3,3,1,4,3,4,3,2,3,5,4,0,4,2,1,8,6,3,1,5,3,4,3,6,2,2,4,4,1,6,3,5,3,1,6,4,4,2,3,4,2,2,2,2,24,6,2,3,0,6,1,4,3,4,3,2,2,2,3,6,2,4,4,2,2,4,3,3,5,3,3,4,5,1,2,3,3,5,4,1,7,2,5,1,0,5,5,2,2,3
3,1,3,5,1,3,3,7,8,7,2,5,3,3,3,4,6,3,4,3,1,2,0,2,4,5,3,5,0,6,9,6,3,6,4,4,1,8,0,3,3,3,2,8,3,4,3,2,3,2,4,1,8,1,5,3,3,2,4,3,3,3,1,2,5,4,1,4,3,2,80,55,0,0,0,2,3,4,2,2,2,2,24,6,2,3,0,6,1,4,3,4,3,2,2,2,3,6,2,4,4,2,2,4,3,3,5,3,3,4,5,1,2,3,3,5,4,1,7,2,5,1,0,5,5,2,2,3
5,1,3,5,1,3,3,7,8,7,2,5,3,3,3,4,6,3,4,3,1,2,0,2,4,5,3,5,0,6,9,6,3,6,4,4,1,8,0,3,3,3,2,8,3,4,3,2,3,2,4,1,8,1,5,3,3,2,4,3,3,3,1,2,5,4,1,4,3,2,80,55,0,0,0,3,4,2,1,4,6,3,1,14,0,3,5,1,4,2,0,3,4,3,5,0,0,3,5,2,2,4,3,4,6,4,4,5,4,3,1,4,2,2,4,2,1,3,2,5,10,3,4,2,1,2,3,2
5,7,7,6,3,4,2,3,1,4,7,3,7,2,1,2,4,2,3,4,3,1,4,3,5,4,2,4,3,3,1,4,3,2,1,3,3,2,5,2,3,6,2,6,3,2,2,3,6,1,2,2,3,4,8,3,5,4,1,3,5,2,6,2,2,4,9,5,4,4,3,3,5,1,7,3,4,2,1,4,6,3,1,14,0,3,5,1,4,2,0,3,4,3,5,0,0,3,5,2,2,4,3,4,6,4,4,5,4,3,1,4,2,2,4,2,1,3,2,5,10,3,4,2,1,2,3,2
1,7,7,6,3,4,2,3,1,4,7,3,7,2,1,2,4,2,3,4,3,1,4,3,5,4,2,4,3,3,1,4,3,2,1,3,3,2,5,2,3,6,2,6,3,2,2,3,6,1,2,2,3,4,8,3,5,4,1,3,5,2,6,2,2,4,9,5,4,4,3,3,5,1,7,1,1,4,5,17,5,4,3,3,9,9,2,2,8,2,2,5,3,4,1,3,6,8,7,4,4,1,2,3,3,6,4,4,2,2,2,4,6,1,3,8,2,1,4,1,4,2,7,5,1,2,3,2
9,5,1,3,5,3,3,4,2,4,1,4,4,9,4,2,2,6,1,3,5,3,4,2,2,2,6,5,1,2,3,3,5,4,6,3,3,1,5,6,4,2,2,5,1,2,5,3,6,2,3,4,3,2,3,2,6,3,7,2,4,3,5,3,3,3,3,3,2,4,5,2,3,3,2,1,1,4,5,17,5,4,3,3,9,9,2,2,8,2,2,5,3,4,1,3,6,8,7,4,4,1,2,3,3,6,4,4,2,2,2,4,6,1,3,8,2,1,4,1,4,2,7,5,1,2,3,2
9,5,1,3,5,3,3,4,2,4,1,4,4,9,4,2,2,6,1,3,5,3,4,2,2,2,6,5,1,2,3,3,5,4,6,3,3,1,5,6,4,2,2,5,1,2,5,3,6,2,3,4,3,2,3,2,6,3,7,2,4,3,5,3,3,3,3,3,2,4,5,2,3,3,2,2,1,2,3,3,3,18,3,4,4,2,3,4,4,4,2,6,4,3,4,3,2,8,3,3,5,1,4,2,2,6,3,3,3,3,4,2,6,3,5,3,7,5,2,3,4,2,5,5,4,2,2,1
3,1,3,4,2,4,3,4,2,6,3,5,8,1,3,5,10,3,5,1,2,3,9,5,2,2,5,7,6,3,2,7,3,5,4,6,1,3,3,4,8,3,3,2,5,3,1,2,3,7,5,4,4,1,4,1,2,2,2,2,4,4,8,3,3,3,4,7,3,2,1,4,3,2,5,2,1,2,3,3,3,18,3,4,4,2,3,4,4,4,2,6,4,3,4,3,2,8,3,3,5,1,4,2,2,6,3,3,3,3,4,2,6,3,5,3,7,5,2,3,4,2,5,5,4,2,2,1
3,1,3,4,2,4,3,4,2,6,3,5,8,1,3,5,10,3,5,1,2,3,9,5,2,2,5,7,6,3,2,7,3,5,4,6,1,3,3,4,8,3,3,2,5,3,1,2,3,7,5,4,4,1,4,1,2,2,2,2,4,4,8,3,3,3,4,7,3,2,1,4,3,2,5,9,2,7,2,12,4,2,1,9,2,4,3,1,1,5,3,6,4,5,6,2,4,4,1,6,5,2,3,2,5,6,3,8,2,1,4,2,4,0,4,6,5,4,4,3,4,4,5,1,6,3,5,1
5,4,1,2,3,2,4,3,2,3,7,3,4,0,3,2,4,6,4,2,4,4,2,7,4,1,1,2,2,3,1,5,5,2,4,2,5,5,5,2,5,1,1,3,4,2,4,4,1,3,4,2,2,2,5,6,4,3,4,1,1,7,4,5,6,4,4,1,4,1,1,1,4,2,2,9,2,7,2,12,4,2,1,9,2,4,3,1,1,5,3,6,4,5,6,2,4,4,1,6,5,2,3,2,5,6,3,8,2,1,4,2,4,0,4,6,5,4,4,3,4,4,5,1,6,3,5,1
5,4,1,2,3,2,4,3,2,3,7,3,4,0,3,2,4,6,4,2,4,4,2,7,4,1,1,2,2,3,1,5,5,2,4,2,5,5,5,2,5,1,1,3,4,2,4,4,1,3,4,2,2,2,5,6,4,3,4,1,1,7,4,5,6,4,4,1,4,1,1,1,4,2,2,2,5,4,2,4,3,3,6,13,3,1,1,4,3,2,6,4,0,24,7,3,0,2,3,5,3,2,5,1,3,2,2,5,4,2,7,3,6,3,9,4,5,1,5,5,2,5,5,4,5,3,3,7
2,4,5,3,1,7,1,2,4,4,3,5,4,5,5,9,4,3,1,5,5,3,1,1,3,1,6,5,4,2,3,2,2,5,1,2,4,3,2,4,1,5,3,4,7,2,4,3,3,5,4,2,7,3,3,3,3,7,2,3,3,2,3,4,6,7,2,2,3,3,2,2,5,4,1,2,5,4,2,4,3,3,6,13,3,1,1,4,3,2,6,4,0,24,7,3,0,2,3,5,3,2,5,1,3,2,2,5,4,2,7,3,6,3,9,4,5,1,5,5,2,5,5,4,5,3,3,7
2,4,5,3,1,7,1,2,4,4,3,5,4,5,5,9,4,3,1,5,5,3,1,1,3,1,6,5,4,2,3,2,2,5,1,2,4,3,2,4,1,5,3,4,7,2,4,3,3,5,4,2,7,3,3,3,3,7,2,3,3,2,3,4,6,7,2,2,3,3,2,2,5,4,1,3,3,3,5,3,1,5,0,4,15,4,8,5,1,3,1,4,2,7,1,2,10,4,1,1,6,4,2,3,2,4,4,4,3,2,5,1,3,3,7,2,1,2,6,2,3,5,3,5,4,1,2,1
5,2,2,7,3,1,5,2,5,2,0,4,3,3,6,15,2,4,3,1,6,3,3,2,2,4,3,5,3,3,1,6,3,4,8,1,1,3,6,1,4,3,2,2,1,7,5,3,2,5,2,2,4,6,7,7,0,3,1,3,2,4,3,7,1,5,5,24,6,4,1,3,2,3,2,3,3,3,5,3,1,5,0,4,15,4,8,5,1,3,1,4,2,7,1,2,10,4,1,1,6,4,2,3,2,4,4,4,3,2,5,1,3,3,7,2,1,2,6,2,3,5,3,5,4,1,2,1
5,2,2,7,3,1,5,2,5,2,0,4,3,3,6,15,2,4,3,1,6,3,3,2,2,4,3,5,3,3,1,6,3,4,8,1,1,3,6,1,4,3,2,2,1,7,5,3,2,5,2,2,4,6,7,7,0,3,1,3,2,4,3,7,1,5,5,24,6,4,1,3,2,3,2,3,4,2,6,3,2,4,0,3,5,8,5,1,3,2,20,6,1,1,26,3,1,1,1,3,2,7,1,4,4,2,0,2,4,3,3,5,3,3,4,4,3,0,3,5,4,4,1,7,1,3,3,6
3,3,2,5,3,9,2,1,1,4,6,4,4,6,4,2,2,2,3,1,5,2,1,1,2,5,2,4,3,5,1,5,3,3,6,1,1,1,7,4,6,1,3,3,5,2,8,3,4,7,6,3,5,3,5,1,7,3,3,2,0,3,3,1,1,2,10,5,7,3,3,2,2,4,6,3,4,2,6,3,2,4,0,3,5,8,5,1,3,2,20,6,1,1,26,3,1,1,1,3,2,7,1,4,4,2,0,2,4,3,3,5,3,3,4,4,3,0,3,5,4,4,1,7,1,3,3,6
3,3,2,5,3,9,2,1,1,4,6,4,4,6,4,2,2,2,3,1,5,2,1,1,2,5,2,4,3,5,1,5,3,3,6,1,1,1,7,4,6,1,3,3,5,2,8,3,4,7,6,3,5,3,5,1,7,3,3,2,0,3,3,1,1,2,10,5,7,3,3,2,2,4,6,5,1,6,3,1,6,3,3,3,3,5,2,2,2,2,25,6,0,3,6,3,2,2,1,7,2,6,3,6,3,2,3,3,7,2,2,2,5,4,1,3,2,5,2,4,4,2,3,7,3,5,1,2
3,3,2,1,4,1,3,5,2,4,2,2,2,4,4,0,2,5,3,3,1,5,7,3,1,2,4,1,3,5,3,4,5,2,2,3,5,1,4,1,1,3,3,3,3,2,3,6,3,3,6,4,2,3,4,1,3,6,3,4,0,5,2,2,2,3,5,1,3,2,2,2,4,3,4,5,1,6,3,1,6,3,3,3,3,5,2,2,2,2,25,6,0,3,6,3,2,2,1,7,2,6,3,6,3,2,3,3,7,2,2,2,5,4,1,3,2,5,2,4,4,2,3,7,3,5,1,2
3,3,2,1,4,1,3,5,2,4,2,2,2,4,4,0,2,5,3,3,1,5,7,3,1,2,4,1,3,5,3,4,5,2,2,3,5,1,4,1,1,3,3,3,3,2,3,6,3,3,6,4,2,3,4,1,3,6,3,4,0,5,2,2,2,3,5,1,3,2,2,2,4,3,4,2,5,3,3,24,2,1,5,0,1,1,4,1,3,3,6,3,3,5,1,2,2,4,3,2,3,3,1,6,1,9,3,2,2,5,4,2,6,6,1,2,4,3,3,4,1,2,5,5,1,9,1,3
5,4,7,3,5,3,2,3,3,3,4,4,4,3,1,5,4,2,3,1,8,4,11,3,1,3,4,2,6,5,5,4,4,3,2,3,4,5,3,9,5,2,2,4,2,1,2,3,1,7,3,4,8,0,5,2,2,5,6,2,3,4,1,1,3,2,4,3,3,4,7,5,4,4,4,2,5,3,3,24,2,1,5,0,1,1,4,1,3,3,6,3,3,5,1,2,2,4,3,2,3,3,1,6,1,9,3,2,2,5,4,2,6,6,1,2,4,3,3,4,1,2,5,5,1,9,1,3
5,4,7,3,5,3,2,3,3,3,4,4,4,3,1,5,4,2,3,1,8,4,11,3,1,3,4,2,6,5,5,4,4,3,2,3,4,5,3,9,5,2,2,4,2,1,2,3,1,7,3,4,8,0,5,2,2,5,6,2,3,4,1,1,3,2,4,3,3,4,7,5,4,4,1,3,3,5,4,3,4,22,3,2,3,4,2,4,2,5,3,3,6,3,4,7,4,5,1,4,4,2,7,1,4,5,5,2,3,3,9,6,4,2,3,4,6,7,4,3,3,5,4,3,6,1,4,7
4,6,3,5,3,0,4,3,3,5,1,6,1,1,4,4,7,4,1,5,2,5,1,3,1,4,1,4,5,7,3,1,5,4,3,2,3,8,0,2,3,4,9,4,2,3,2,2,3,6,4,4,1,4,3,2,0,7,3,4,5,1,1,4,1,4,2,7,6,5,6,3,1,4,3,3,3,5,4,3,4,22,3,2,3,4,2,4,2,5,3,3,6,3,4,7,4,5,1,4,4,2,7,1,4,5,5,2,3,3,9,6,4,2,3,4,6,7,4,3,3,5,4,3,6,1,4,7
4,6,3,5,3,0,4,3,3,5,1,6,1,1,4,4,7,4,1,5,2,5,1,3,1,4,1,4,5,7,3,1,5,4,3,2,3,8,0,2,3,4,9,4,2,3,2,2,3,6,4,4,1,4,3,2,0,7,3,4,5,1,1,4,1,4,2,7,6,5,6,3,1,4,3,4,5,4,3,2,4,4,5,3,5,4,5,1,4,2,2,3,5,3,7,4,7,1,2,5,8,3,3,2,1,4,3,3,3,10,9,10,1,5,2,1,2,2,1,3,3,3,3,7,2,2,4,2
2,2,1,2,1,6,3,2,3,5,2,5,3,4,6,2,5,1,5,3,1,4,2,5,1,4,4,2,8,7,1,4,3,5,2,4,8,3,3,5,7,0,5,2,2,4,2,2,3,4,4,2,5,2,7,6,2,6,2,6,3,3,5,1,6,2,3,2,5,1,2,2,3,7,2,4,5,4,3,2,4,4,5,3,5,4,5,1,4,2,2,3,5,3,7,4,7,1,2,5,8,3,3,2,1,4,3,3,3,10,9,10,1,5,2,1,2,2,1,3,3,3,3,7,2,2,4,2
2,2,1,2,1,6,3,2,3,5,2,5,3,4,6,2,5,1,5,3,1,4,2,5,1,4,4,2,8,7,1,4,3,5,2,4,8,3,3,5,7,0,5,2,2,4,2,2,3,4,4,2,5,2,7,6,2,6,2,6,3,3,5,1,6,2,3,2,5,1,2,2,3,7,2,1,3,3,4,3,4,4,1,9,0,1,3,2,7,4,2,4,4,3,34,3,3,2,2,3,0,0,5,4,3,6,3,1,4,5,1,1,3,0,4,3,2,2,4,4,2,4,4,3,4,4,3,4
3,2,7,1,2,2,2,5,2,1,4,6,2,6,1,1,2,6,3,1,4,6,2,3,3,5,5,7,0,8,2,2,3,2,3,4,4,4,2,5,1,4,3,2,5,5,2,4,3,5,4,3,2,4,2,2,2,2,3,3,3,3,4,4,5,6,4,2,4,2,3,10,1,2,7,1,3,3,4,3,4,4,1,9,0,1,3,2,7,4,2,4,4,3,34,3,3,2,2,3,0,0,5,4,3,6,3,1,4,5,1,1,3,0,4,3,2,2,4,4,2,4,4,3,4,4,3,4
3,2,7,1,2,2,2,5,2,1,4,6,2,6,1,1,2,6,3,1,4,6,2,3,3,5,5,7,0,8,2,2,3,2,3,4,4,4,2,5,1,4,3,2,5,5,2,4,3,5,4,3,2,4,2,2,2,2,3,3,3,3,4,4,5,6,4,2,4,2,3,10,1,2,7,1,7,4,3,5,9,2,2,5,3,5,2,4,5,3,1,2,2,7,1,4,2,3,4,3,4,1,2,6,5,6,4,2,3,3,3,1,1,3,5,4,3,7,5,1,4,4,2,1,5,3,4,3
6,3,3,4,1,3,3,7,2,5,2,2,4,2,1,4,2,6,3,1,3,4,4,1,1,5,3,3,2,4,2,4,3,4,4,2,2,4,4,2,2,0,6,4,3,4,3,3,3,4,2,1,7,2,3,2,4,3,6,5,3,2,2,2,2,6,5,1,3,2,6,2,2,3,2,1,7,4,3,5,9,2,2,5,3,5,2,4,5,3,1,2,2,7,1,4,2,3,4,3,4,1,2,6,5,6,4,2,3,3,3,1,1,3,5,4,3,7,5,1,4,4,2,1,5,3,4,3
6,3,3,4,1,3,3,7,2,5,2,2,4,2,1,4,2,6,3,1,3,4,4,1,1,5,3,3,2,4,2,4,3,4,4,2,2,4,4,2,2,0,6,4,3,4,3,3,3,4,2,1,7,2,3,2,4,3,6,5,3,2,2,2,2,6,5,1,3,2,6,2,2,3,2,2,1,6,6,1,1,2,4,4,4,2,3,2,7,30,3,0,1,1,6,1,4,2,3,3,4,3,2,7,6,3,3,4,4,3,4,2,4,4,3,3,2,1,4,1,6,1,2,1,1,3,5,4
5,2,4,2,5,1,8,6,4,5,5,6,2,5,4,1,3,2,4,5,1,4,3,1,5,2,3,1,7,3,1,5,2,1,2,1,6,5,3,5,4,1,3,1,5,2,6,4,2,3,4,6,5,8,3,2,5,3,2,12,7,8,5,1,1,4,5,2,3,7,2,4,3,1,3,2,1,6,6,1,1,2,4,4,4,2,3,2,7,30,3,0,1,1,6,1,4,2,3,3,4,3,2,7,6,3,3,4,4,3,4,2,4,4,3,3,2,1,4,1,6,1,2,1,1,3,5,4
5,2,4,2,5,1,8,6,4,5,5,6,2,5,4,1,3,2,4,5,1,4,3,1,5,2,3,1,7,3,1,5,2,1,2,1,6,5,3,5,4,1,3,1,5,2,6,4,2,3,4,6,5,8,3,2,5,3,2,12,7,8,5,1,1,4,5,2,3,7,2,4,3,1,3,4,1,7,1,7,3,8,7,3,4,2,4,3,3,1,2,3,28,1,3,2,3,2,6,4,4,2,5,2,5,2,5,4,3,2,5,2,5,2,5,1,10,5,2,5,6,4,4,3,3,2,3,2
2,4,2,5,1,3,7,5,4,6,5,5,2,6,2,6,0,3,4,5,2,4,1,5,2,3,3,1,2,3,7,2,4,3,1,5,0,2,2,2,2,6,3,3,3,3,3,2,5,3,2,1,4,2,8,2,7,3,2,1,7,2,2,4,3,6,1,2,4,5,3,6,0,4,1,4,1,7,1,7,3,8,7,3,4,2,4,3,3,1,2,3,28,1,3,2,3,2,6,4,4,2,5,2,5,2,5,4,3,2,5,2,5,2,5,1,10,5,2,5,6,4,4,3,3,2,3,2
2,4,2,5,1,3,7,5,4,6,5,5,2,6,2,6,0,3,4,5,2,4,1,5,2,3,3,1,2,3,7,2,4,3,1,5,0,2,2,2,2,6,3,3,3,3,3,2,5,3,2,1,4,2,8,2,7,3,2,1,7,2,2,4,3,6,1,2,4,5,3,6,0,4,1,6,2,4,3,2,3,8,4,4,2,1,3,3,9,2,7,3,2,5,3,3,6,1,5,4,4,5,4,6,3,5,7,2,6,3,3,0,3,2,6,3,8,5,1,2,7,8,3,3,1,3,4,3
3,5,4,4,6,3,7,3,2,8,5,3,5,2,1,6,7,7,3,6,1,4,3,6,1,2,2,4,3,2,4,2,5,1,5,2,2,6,3,6,3,4,5,5,2,2,4,5,3,0,5,4,2,5,3,2,3,3,3,3,3,6,3,6,7,1,4,3,4,4,2,4,2,3,4,6,2,4,3,2,3,8,4,4,2,1,3,3,9,2,7,3,2,5,3,3,6,1,5,4,4,5,4,6,3,5,7,2,6,3,3,0,3,2,6,3,8,5,1,2,7,8,3,3,1,3,4,3
3,5,4,4,6,3,7,3,2,8,5,3,5,2,1,6,7,7,3,6,1,4,3,6,1,2,2,4,3,2,4,2,5,1,5,2,2,6,3,6,3,4,5,5,2,2,4,5,3,0,5,4,2,5,3,2,3,3,3,3,3,6,3,6,7,1,4,3,4,4,2,4,2,3,4,5,2,6,0,12,0,7,7,1,5,2,6,6,2,5,4,4,1,3,5,3,4,4,1,5,4,2,1,6,2,5,5,4,7,5,2,8,5,0,1,3,3,5,3,3,3,5,2,5,4,4,4,1
3,4,3,4,6,5,4,1,2,2,7,4,2,5,3,7,3,4,0,3,2,5,1,3,5,2,1,3,3,6,7,4,1,4,1,9,3,2,2,2,3,3,4,6,5,3,9,5,1,5,3,5,3,3,2,5,3,3,4,5,3,4,8,6,4,2,2,9,4,2,5,3,3,5,4,5,2,6,0,12,0,7,7,1,5,2,6,6,2,5,4,4,1,3,5,3,4,4,1,5,4,2,1,6,2,5,5,4,7,5,2,8,5,0,1,3,3,5,3,3,3,5,2,5,4,4,4,1
3,4,3,4,6,5,4,1,2,2,7,4,2,5,3,7,3,4,0,3,2,5,1,3,5,2,1,3,3,6,7,4,1,4,1,9,3,2,2,2,3,3,4,6,5,3,9,5,1,5,3,5,3,3,2,5,3,3,4,5,3,4,8,6,4,2,2,9,4,2,5,3,3,5,4,2,2,4,2,5,3,2,6,6,4,3,2,7,1,3,25,2,3,0,4,4,8,1,4,5,8,0,3,2,7,4,5,3,3,5,6,1,4,8,2,2,7,3,2,4,6,5,4,1,3,2,4,1
1,4,1,2,2,3,5,4,1,1,3,2,1,4,4,4,4,4,5,1,4,3,2,5,6,2,3,3,4,4,1,6,3,4,5,3,2,3,2,5,3,1,5,1,3,3,1,2,0,4,4,3,6,2,11,6,2,3,2,4,3,5,0,5,4,2,4,2,1,1,8,4,5,6,4,2,2,4,2,5,3,2,6,6,4,3,2,7,1,3,25,2,3,0,4,4,8,1,4,5,8,0,3,2,7,4,5,3,3,5,6,1,4,8,2,2,7,3,2,4,6,5,4,1,3,2,4,1
1,4,1,2,2,3,5,4,1,1,3,2,1,4,4,4,4,4,5,1,4,3,2,5,6,2,3,3,4,4,1,6,3,4,5,3,2,3,2,5,3,1,5,1,3,3,1,2,0,4,4,3,6,2,11,6,2,3,2,4,3,5,0,5,4,2,4,2,1,1,8,4,5,6,4,5,2,7,4,2,4,2,1,16,1,3,1,1,4,9,0,3,7,4,3,3,5,1,3,1,5,7,3,5,7,6,3,4,1,4,2,4,6,7,2,5,3,4,3,2,2,2,3,7,1,1,7,3
4,3,9,3,2,2,3,3,1,4,4,4,3,4,5,2,5,1,4,2,3,1,5,3,2,2,5,7,1,3,7,2,3,3,1,5,3,4,6,6,2,2,4,1,4,5,3,2,3,1,4,4,3,5,2,4,6,3,4,1,2,3,4,0,5,3,4,5,3,2,4,4,2,3,6,5,2,7,4,2,4,2,1,16,1,3,1,1,4,9,0,3,7,4,3,3,5,1,3,1,5,7,3,5,7,6,3,4,1,4,2,4,6,7,2,5,3,4,3,2,2,2,3,7,1,1,7,3
4,3,9,3,2,2,3,3,1,4,4,4,3,4,5,2,5,1,4,2,3,1,5,3,2,2,5,7,1,3,7,2,3,3,1,5,3,4,6,6,2,2,4,1,4,5,3,2,3,1,4,4,3,5,2,4,6,3,4,1,2,3,4,0,5,3,4,5,3,2,4,4,2,3,6,0,3,5,3,3,1,4,8,5,5,8,1,1,2,2,6,2,22,2,3,1,0,4,2,1,4,4,2,3,4,7,2,2,3,4,8,2,2,2,3,3,1,1,5,3,2,3,2,3,5,2,4,3
4,2,4,3,1,4,5,8,7,2,1,6,2,7,1,11,2,3,1,1,2,2,2,4,4,4,2,2,2,2,5,3,3,5,5,1,5,6,2,3,5,3,3,2,4,12,5,2,2,3,4,4,1,8,2,8,5,1,1,3,1,2,1,1,3,1,5,3,6,5,4,4,1,2,3,0,3,5,3,3,1,4,8,5,5,8,1,1,2,2,6,2,22,2,3,1,0,4,2,1,4,4,2,3,4,7,2,2,3,4,8,2,2,2,3,3,1,1,5,3,2,3,2,3,5,2,4,3
1,2,4,3,1,4,5,8,7,2,1,6,2,7,1,11,2,3,1,1,2,2,2,4,4,4,2,2,2,2,5,3,3,5,5,1,5,6,2,3,5,3,3,2,4,12,5,2,2,3,4,4,1,8,2,8,5,1,1,3,1,2,1,1,3,1,5,3,6,5,4,4,1,2,3,3,5,3,4,4,27,1,2,2,2,3,5,0,7,2,1,3,3,6,6,3,5,6,1,2,6,1,1,2,5,4,3,1,5,4,3,2,6,2,6,4,5,1,0,5,4,2,4,1,5,3,2,5
5,4,2,2,1,4,4,2,3,4,7,2,5,2,4,3,6,3,2,2,3,2,3,7,7,3,5,2,5,4,0,3,2,3,6,9,5,1,6,6,2,4,4,2,6,2,1,3,6,6,5,4,1,2,3,4,3,3,1,4,7,4,2,2,3,3,3,5,5,3,6,5,1,4,3,3,5,3,4,4,27,1,2,2,2,3,5,0,7,2,1,3,3,6,6,3,5,6,1,2,6,1,1,2,5,4,3,1,5,4,3,2,6,2,6,4,5,1,0,5,4,2,4,1,5,3,2,5
5,4,2,2,1,4,4,2,3,4,7,2,5,2,4,3,6,3,2,2,3,2,3,7,7,3,5,2,5,4,0,3,2,3,6,9,5,1,6,6,2,4,4,2,6,2,1,3,6,6,5,4,1,2,3,4,3,3,1,4,7,4,2,2,3,3,3,5,5,3,6,5,1,4,3,2,6,4,4,6,5,1,3,6,1,3,34,0,0,3,1,1,2,1,2,4,2,5,3,5,3,5,2,4,4,2,4,1,3,2,2,5,3,2,3,3,7,1,3,2,6,1,2,3,3,3,3,1
3,6,5,7,1,3,3,6,6,3,1,4,3,3,3,1,9,1,1,6,4,6,3,5,2,2,7,4,7,2,1,4,5,2,4,4,5,4,2,3,5,5,2,2,5,4,0,4,3,3,5,3,2,4,2,1,4,5,2,1,4,3,2,4,5,4,4,6,0,3,4,4,2,8,3,2,6,4,4,6,5,1,3,6,1,3,34,0,0,3,1,1,2,1,2,4,2,5,3,5,3,5,2,4,4,2,4,1,3,2,2,5,3,2,3,3,7,1,3,2,6,1,2,3,3,3,3,1
4,6,5,7,1,3,3,6,6,3,1,4,3,3,3,1,9,1,1,6,4,6,3,5,2,2,7,4,7,2,1,4,5,2,4,4,5,4,2,3,5,5,2,2,5,4,0,4,3,3,5,3,2,4,2,1,4,5,2,1,4,3,2,4,5,4,4,6,0,3,4,4,2,8,3,1,6,1,6,4,3,7,7,5,2,26,20,3,2,2,3,3,1,2,2,2,2,3,6,3,1,3,1,3,4,1,6,4,4,8,2,3,2,2,3,3,5,1,3,6,4,6,3,2,2,3,2,3
2,3,3,2,8,2,2,2,3,5,3,7,1,1,2,2,4,2,3,2,7,3,4,5,7,1,5,8,0,8,2,5,1,3,3,1,5,6,4,3,5,6,1,3,3,5,6,3,6,4,3,7,5,2,2,2,3,5,5,3,2,5,4,4,6,3,6,0,5,3,6,5,3,1,6,1,3,1,2,2,2,3,0,3,1,6,2,4,3,1,4,35,2,4,2,1,4,1,3,3,6,4,3,1,6,2,2,1,1,4,5,4,5,1,2,6,1,3,2,5,3,6,4,2,1,2,2,5
2,3,3,2,8,2,2,2,3,5,3,7,1,1,2,2,4,2,3,2,7,3,4,5,7,1,5,8,0,8,2,5,1,3,3,1,5,6,4,3,5,6,1,3,3,5,6,3,6,4,3,7,5,2,2,2,3,5,5,3,2,5,4,4,6,3,6,0,5,3,6,5,3,1,6,1,1,2,1,4,18,1,4,3,2,2,5,2,3,2,2,2,2,5,7,3,7,2,2,1,4,3,1,3,2,2,3,3,3,4,3,2,1,5,5,5,1,6,6,2,3,2,4,3,5,2,5,7
3,2,7,4,6,3,2,5,6,1,4,3,3,4,3,1,5,5,5,3,4,2,5,4,2,6,6,4,3,4,5,2,4,5,4,2,6,3,3,1,3,2,8,2,3,2,2,4,3,3,2,8,7,7,3,2,3,3,4,3,1,2,2,4,5,7,2,4,2,2,3,1,2,5,1,1,1,2,1,4,18,1,4,3,2,2,5,2,3,2,2,2,2,5,7,3,7,2,2,1,4,3,1,3,2,2,3,3,3,4,3,2,1,5,5,5,1,6,6,2,3,2,4,3,5,2,5,7
3,2,7,4,6,3,2,5,6,1,4,3,3,4,3,1,5,5,5,3,4,2,5,4,2,6,6,4,3,4,5,2,4,5,4,2,6,3,3,1,3,2,8,2,3,2,2,4,3,3,2,8,7,7,3,2,3,3,4,3,1,2,2,4,5,7,2,4,2,2,3,1,2,5,1,3,4,6,2,3,2,3,1,3,18,5,2,4,2,5,5,7,5,3,2,4,8,8,2,5,2,3,3,7,2,2,2,6,1,4,4,2,4,2,2,3,4,4,2,1,4,3,2,5,5,1,7,5
2,5,4,3,2,2,3,3,3,2,5,3,5,1,1,1,3,2,1,3,3,2,2,2,3,3,5,5,5,3,5,4,3,2,5,3,6,3,3,5,3,7,3,3,3,3,2,4,2,3,3,2,4,4,6,4,1,5,3,3,5,1,8,5,2,4,2,1,2,1,2,6,5,8,3,3,4,6,2,3,2,3,1,3,18,5,2,4,2,5,5,7,5,3,2,4,8,8,2,5,2,3,3,7,2,2,2,6,1,4,4,2,4,2,2,3,4,4,2,1,4,3,2,5,5,1,7,5
2,5,4,3,2,2,3,3,3,2,5,3,5,1,1,1,3,2,1,3,3,2,2,2,3,3,5,5,5,3,5,4,3,2,5,3,6,3,3,5,3,7,3,3,3,3,2,4,2,3,3,2,4,4,6,4,1,5,3,3,5,1,8,5,2,4,2,1,2,1,2,6,5,8,3,2,6,5,2,3,3,1,2,2,25,7,3,2,4,2,2,5,3,1,6,3,0,5,7,2,3,6,5,2,2,11,4,1,2,6,3,2,2,4,4,2,2,3,3,1,1,1,3,8,3,7,0,0
4,4,7,2,2,3,5,3,3,5,4,6,4,3,2,1,4,3,3,7,3,4,1,6,1,5,2,0,3,6,2,4,2,2,3,7,6,8,1,2,2,2,2,3,4,2,5,2,2,2,3,6,4,6,3,5,4,6,4,2,3,0,3,1,6,3,3,3,5,2,4,2,5,2,4,2,6,5,2,3,3,1,2,2,25,7,3,2,4,2,2,5,3,1,6,3,0,5,7,2,3,6,5,2,2,11,4,1,2,6,3,2,2,4,4,2,2,3,3,1,1,1,3,8,3,7,0,0
4,4,7,2,2,3,5,3,3,5,4,6,4,3,2,1,4,3,3,7,3,4,1,6,1,5,2,0,3,6,2,4,2,2,3,7,6,8,1,2,2,2,2,3,4,2,5,2,2,2,3,6,4,6,3,5,4,6,4,2,3,0,3,1,6,3,3,3,5,2,4,2,5,2,4,9,3,3,0,3,10,2,21,5,3,0,2,2,5,3,6,6,2,3,3,3,8,5,3,5,3,5,3,4,1,2,1,5,3,6,1,2,3,2,0,4,6,7,4,3,2,3,3,5,4,5,3,1
3,2,5,3,2,5,1,5,2,3,2,2,5,3,3,1,3,5,2,3,5,3,5,5,2,7,5,4,5,3,3,4,1,3,5,3,4,4,2,3,2,4,5,2,4,3,3,8,4,4,4,5,1,2,6,3,4,4,2,5,5,2,2,8,3,4,7,5,2,1,4,2,1,3,2,9,3,3,0,3,10,2,21,5,3,0,2,2,5,3,6,6,2,3,3,3,8,5,3,5,3,5,3,4,1,2,1,5,3,6,1,2,3,2,0,4,6,7,4,3,2,3,3,5,4,5,3,1
3,2,5,3,2,5,1,5,2,3,2,2,5,3,3,1,3,5,2,3,5,3,5,5,2,7,5,4,5,3,3,4,1,3,5,3,4,4,2,3,2,4,5,2,4,3,3,8,4,4,4,5,1,2,6,3,4,4,2,5,5,2,2,8,3,4,7,5,2,1,4,2,1,3,2,6,5,6,5,5,3,1,5,3,4,3,2,2,8,32,6,1,3,2,2,1,1,2,2,4,5,5,1,3,3,0,5,2,2,3,4,4,1,2,2,7,4,4,4,4,2,0,5,6,5,2,0,3
2,3,1,6,2,3,1,3,4,1,2,6,3,4,3,2,6,4,5,5,5,3,2,8,2,6,6,3,2,1,1,2,5,2,2,6,3,1,3,4,1,6,5,1,6,7,1,4,4,3,2,4,3,3,2,3,5,1,6,4,3,5,4,2,3,6,3,3,4,3,4,3,2,3,5,6,5,6,5,5,3,1,5,3,4,3,2,2,8,32,6,1,3,2,2,1,1,2,2,4,5,5,1,3,3,0,5,2,2,3,4,4,1,2,2,7,4,4,4,4,2,0,5,6,5,2,0,3
2,3,1,6,2,3,1,3,4,1,2,6,3,4,3,2,6,4,5,5,5,3,2,8,2,6,6,3,2,1,1,2,5,2,2,6,3,1,3,4,1,6,5,1,6,7,1,4,4,3,2,4,3,3,2,3,5,1,6,4,3,5,4,2,3,6,3,3,4,3,4,3,2,3,5,3,5,3,3,2,4,2,6,2,2,3,4,4,4,4,2,4,24,6,4,4,3,4,4,4,3,4,2,3,1,5,2,7,5,3,4,2,0,7,2,3,4,4,5,5,3,1,2,4,2,1,4,2
0,4,2,5,2,1,3,3,5,3,2,7,6,6,1,2,3,5,3,4,3,10,1,3,6,3,4,7,1,1,3,1,3,6,2,2,3,8,2,2,4,1,1,3,5,7,3,6,1,5,4,2,2,1,5,4,6,4,4,4,1,2,4,1,5,2,4,2,6,4,4,4,7,2,4,3,5,3,3,2,4,2,6,2,2,3,4,4,4,4,2,4,24,6,4,4,3,4,4,4,3,4,2,3,1,5,2,7,5,3,4,2,0,7,2,3,4,4,5,5,3,1,2,4,2,1,4,2
0,4,2,5,2,1,3,3,5,3,2,7,6,6,1,2,3,5,3,4,3,10,1,3,6,3,4,7,1,1,3,1,3,6,2,2,3,8,2,2,4,1,1,3,5,7,3,6,1,5,4,2,2,1,5,4,6,4,4,4,1,2,4,1,5,2,4,2,6,4,4,4,7,2,4,2,3,3,7,2,5,3,3,5,3,1,7,2,2,3,5,1,3,2,6,2,4,2,4,2,5,4,1,5,3,8,3,1,4,3,2,5,6,2,0,4,2,5,2,1,1,2,4,1,2,3,3,1
6,2,4,3,5,2,0,4,5,3,1,6,2,2,8,5,3,2,1,5,5,3,2,5,3,2,2,4,2,6,1,3,4,3,5,3,3,5,4,3,2,1,3,2,4,9,2,4,2,4,4,3,6,3,4,5,3,1,9,6,2,4,3,2,6,3,3,2,2,1,2,4,7,4,3,2,3,3,7,2,5,3,3,5,3,1,7,2,2,3,5,1,3,2,6,2,4,2,4,2,5,4,1,5,3,8,3,1,4,3,2,5,6,2,0,4,2,5,2,1,1,2,4,1,2,3,3,1
6,2,4,3,5,2,0,4,5,3,1,6,2,2,8,5,3,2,1,5,5,3,2,5,3,2,2,4,2,6,1,3,4,3,5,3,3,5,4,3,2,1,3,2,4,9,2,4,2,4,4,3,6,3,4,5,3,1,9,6,2,4,3,2,6,3,3,2,2,1,2,4,7,4,3,6,10,4,1,2,7,3,3,6,5,0,3,4,3,5,4,28,0,0,4,2,4,5,6,6,4,2,2,4,2,5,9,1,3,1,3,3,3,5,2,2,2,5,8,3,4,3,1,3,2,2,3,3
6,6,3,2,3,3,4,2,3,0,5,3,3,3,8,4,4,8,3,4,8,2,2,1,4,3,3,4,4,1,4,6,2,4,3,3,5,3,5,4,3,5,2,4,2,4,2,4,5,3,4,6,3,4,1,4,1,5,2,6,2,2,3,1,3,5,7,1,1,2,3,3,3,3,4,6,10,4,1,2,7,3,3,6,5,0,3,4,3,5,4,28,0,0,4,2,4,5,6,6,4,2,2,4,2,5,9,1,3,1,3,3,3,5,2,2,2,5,8,3,4,3,1,3,2,2,3,3
6,6,3,2,3,3,4,2,3,0,5,3,3,3,8,4,4,8,3,4,8,2,2,1,4,3,3,4,4,1,4,6,2,4,3,3,5,3,5,4,3,5,2,4,2,4,2,4,5,3,4,6,3,4,1,4,1,5,2,6,2,2,3,1,3,5,7,1,1,2,3,3,3,3,4,7,6,2,3,4,4,4,4,5,3,5,3,4,3,4,2,1,4,15,2,4,2,3,2,1,6,1,4,5,4,7,5,2,6,2,4,6,1,4,4,2,3,2,5,1,4,5,1,2,4,3,6,8
5,3,3,5,3,2,2,3,5,5,1,3,2,3,3,1,1,22,4,5,1,2,2,8,4,6,1,5,2,3,3,4,5,3,2,2,4,3,2,1,5,3,7,3,4,4,8,4,2,2,4,4,3,1,4,11,1,3,3,4,1,5,5,1,3,3,5,7,6,8,4,2,5,6,2,7,6,2,3,4,4,4,4,5,3,5,3,4,3,4,2,1,4,15,2,4,2,3,2,1,6,1,4,5,4,7,5,2,6,2,4,6,1,4,4,2,3,2,5,1,4,5,1,2,4,3,6,8
5,3,3,5,3,2,2,3,5,5,1,3,2,3,3,1,1,22,4,5,1,2,2,8,4,6,1,5,2,3,3,4,5,3,2,2,4,3,2,1,5,3,7,3,4,4,8,4,2,2,4,4,3,1,4,11,1,3,3,4,1,5,5,1,3,3,5,7,6,8,4,2,5,6,2,1,2,5,3,3,3,3,3,3,5,3,23,0,3,3,3,2,3,3,2,3,6,3,3,6,3,4,7,4,3,2,5,2,2,4,1,6,6,5,2,4,2,4,1,4,3,1,3,5,3,5,3,3
3,7,1,3,2,3,2,2,2,4,4,4,3,6,3,5,2,2,1,3,4,5,3,2,2,3,3,6,7,4,1,2,5,4,3,6,2,3,2,4,6,3,3,5,4,4,6,6,1,5,5,4,2,3,3,4,2,4,3,4,5,1,3,5,3,6,3,5,6,3,3,4,3,3,5,1,2,5,3,3,3,3,3,3,5,3,23,0,3,3,3,2,3,3,2,3,6,3,3,6,3,4,7,4,3,2,5,2,2,4,1,6,6,5,2,4,2,4,1,4,3,1,3,5,3,5,3,3
3,7,1,3,2,3,2,2,2,4,4,4,3,6,3,5,2,2,1,3,4,5,3,2,2,3,3,6,7,4,1,2,5,4,3,6,2,3,2,4,6,3,3,5,4,4,6,6,1,5,5,4,2,3,3,4,2,4,3,4,5,1,3,5,3,6,3,5,6,3,3,4,3,3,5,4,2,4,4,1,3,5,2,3,6,4,4,2,1,4,2,1,2,2,3,2,4,3,6,3,3,4,4,2,1,11,5,3,2,3,2,2,4,3,2,2,4,3,6,5,3,4,8,4,5,2,0,5
4,2,8,0,3,1,3,3,3,3,3,4,2,2,4,6,2,7,3,4,2,2,4,3,3,4,4,4,1,3,4,4,4,1,4,2,7,2,2,2,9,1,3,7,3,4,2,1,3,8,0,6,2,3,3,5,3,2,2,4,8,2,4,3,4,2,2,3,5,5,1,4,2,4,4,4,2,4,4,1,3,5,2,3,6,4,4,2,1,4,2,1,2,2,3,2,4,3,6,3,3,4,4,2,1,11,5,3,2,3,2,2,4,3,2,2,4,3,6,5,3,4,8,4,5,2,0,5
4,2,8,0,3,1,3,3,3,3,3,4,2,2,4,6,2,7,3,4,2,2,4,3,3,4,4,4,1,3,4,4,4,1,4,2,7,2,2,2,9,1,3,7,3,4,2,1,3,8,0,6,2,3,3,5,3,2,2,4,8,2,4,3,4,2,2,3,5,5,1,4,2,4,4,4,7,1,3,3,3,3,4,3,3,3,4,3,2,32,0,0,1,3,4,3,3,1,4,3,5,4,5,2,2,2,3,2,2,2,1,4,3,1,2,3,2,8,3,2,5,3,2,5,2,2,6,3
6,7,4,5,2,3,2,2,3,2,4,2,4,6,1,6,3,4,3,2,4,8,3,5,5,1,3,7,3,2,3,4,5,4,7,4,2,0,5,2,1,5,3,3,2,1,7,4,4,1,4,1,4,2,3,5,2,3,5,1,4,4,4,5,2,3,4,4,1,1,3,2,4,4,3,4,7,1,3,3,3,3,4,3,3,3,4,3,2,32,0,0,1,3,4,3,3,1,4,3,5,4,5,2,2,2,3,2,2,2,1,4,3,1,2,3,2,8,3,2,5,3,2,5,2,2,6,3
6,7,4,5,2,3,2,2,3,2,4,2,4,6,1,6,3,4,3,2,4,8,3,5,5,1,3,7,3,2,3,4,5,4,7,4,2,0,5,2,1,5,3,3,2,1,7,4,4,1,4,1,4,2,3,5,2,3,5,1,4,4,4,5,2,3,4,4,1,1,3,2,4,4,3,4,1,5,1,1,3,5,3,2,3,2,3,5,2,6,5,9,5,1,4,3,5,4,4,4,5,2,2,3,4,3,2,4,2,2,3,4,3,8,3,2,3,4,2,1,1,5,3,6,4,3,2,3
4,4,2,3,3,2,2,3,4,3,4,5,4,3,4,4,2,4,2,4,2,2,3,4,3,2,4,1,6,3,2,4,2,3,2,4,2,2,2,3,1,3,2,5,4,4,5,4,3,7,2,1,1,7,3,4,2,3,3,2,2,3,4,3,4,2,1,4,3,9,2,2,3,4,7,4,1,5,1,1,3,5,3,2,3,2,3,5,2,6,5,9,5,1,4,3,5,4,4,4,5,2,2,3,4,3,2,4,2,2,3,4,3,8,3,2,3,4,2,1,1,5,3,6,4,3,2,3
3,4,2,3,3,2,2,3,4,3,4,5,4,3,4,4,2,4,2,4,2,2,3,4,3,2,4,1,6,3,2,4,2,3,2,4,2,2,2,3,1,3,2,5,4,4,5,4,3,7,2,1,1,7,3,4,2,3,3,2,2,3,4,3,4,2,1,4,3,9,2,2,3,4,7,3,3,5,7,3,5,2,13,2,3,2,4,0,2,9,2,2,7,2,9,4,1,3,4,4,6,5,1,1,4,6,5,2,3,3,2,2,3,4,3,1,2,4,4,3,5,5,4,1,1,5,6,3
4,6,1,4,1,4,2,3,4,7,3,2,5,1,2,5,1,2,2,6,2,4,2,4,3,5,2,4,4,3,4,2,2,3,1,8,1,1,1,3,3,2,3,3,2,2,6,2,2,3,3,1,5,2,2,4,1,4,1,4,2,3,3,4,3,4,2,2,2,1,1,1,2,4,3,3,3,5,7,3,5,2,13,2,3,2,4,0,2,9,2,2,7,2,9,4,1,3,4,4,6,5,1,1,4,6,5,2,3,3,2,2,3,4,3,1,2,4,4,3,5,5,4,1,1,5,6,3
4,6,1,4,1,4,2,3,4,7,3,2,5,1,2,5,1,2,2,6,2,4,2,4,3,5,2,4,4,3,4,2,2,3,1,8,1,1,1,3,3,2,3,3,2,2,6,2,2,3,3,1,5,2,2,4,1,4,1,4,2,3,3,4,3,4,2,2,2,1,1,1,2,4,3,0,2,3,4,5,5,3,19,6,0,4,4,2,5,4,4,2,1,7,3,5,3,5,3,5,4,1,1,0,3,4,3,4,5,2,8,1,3,2,4,4,4,6,3,2,1,4,7,4,6,4,5,6
1,5,2,3,2,5,1,2,3,5,4,3,5,9,2,10,6,2,4,2,2,4,4,6,4,3,2,3,4,2,7,2,4,5,2,1,1,7,4,0,1,3,3,6,3,1,3,3,1,4,4,1,4,5,3,5,2,3,4,5,1,3,4,2,5,7,2,2,6,3,2,3,9,0,3,0,2,3,4,5,5,3,19,6,0,4,4,2,5,4,4,2,1,7,3,5,3,5,3,5,4,1,1,0,3,4,3,4,5,2,8,1,3,2,4,4,4,6,3,2,1,4,7,4,6,4,5,6
1,5,2,3,2,5,1,2,3,5,4,3,5,9,2,10,6,2,4,2,2,4,4,6,4,3,2,3,4,2,7,2,4,5,2,1,1,7,4,0,1,3,3,6,3,1,3,3,1,4,4,1,4,5,3,5,2,3,4,5,1,3,4,2,5,7,2,2,6,3,2,3,9,0,3,5,2,5,2,16,1,5,0,3,3,0,9,1,3,5,2,4,1,7,2,1,2,6,3,2,3,3,4,3,7,1,4,3,5,6,3,2,1,1,2,2,6,1,3,2,3,2,3,7,7,3,3,2
5,1,4,5,7,5,1,2,1,0,2,5,2,5,1,5,1,6,2,1,1,3,6,3,2,6,3,5,3,7,2,3,1,3,5,3,5,3,8,2,3,3,2,13,5,8,2,4,4,2,2,2,5,2,4,2,8,2,2,5,2,2,3,4,1,1,4,2,3,6,2,4,2,3,1,5,2,5,2,16,1,5,0,3,3,0,9,1,3,5,2,4,1,7,2,1,2,6,3,2,3,3,4,3,7,1,4,3,5,6,3,2,1,1,2,2,6,1,3,2,3,2,3,7,7,3,3,2
5,1,4,5,7,5,1,2,1,0,2,5,2,5,1,5,1,6,2,1,1,3,6,3,2,6,3,5,3,7,2,3,1,3,5,3,5,3,8,2,3,3,2,13,5,8,2,4,4,2,2,2,5,2,4,2,8,2,2,5,2,2,3,4,1,1,4,2,3,6,2,4,2,3,1,8,2,3,3,9,15,3,1,6,3,2,1,4,1,3,2,7,2,3,5,4,3,2,3,4,2,4,5,3,10,3,3,5,2,1,2,2,2,2,1,3,1,3,2,1,3,4,2,8,5,2,8,3
2,5,3,5,4,3,2,2,5,2,2,2,3,2,5,2,2,6,2,2,4,5,4,4,0,4,3,3,3,3,4,5,4,2,1,4,4,7,1,2,1,0,3,2,2,6,1,3,7,6,3,6,4,1,3,3,3,38,15,1,4,0,1,3,0,1,29,18,2,3,1,2,3,3,3,8,2,3,3,9,15,3,1,6,3,2,1,4,1,3,2,7,2,3,5,4,3,2,3,4,2,4,5,3,10,3,3,5,2,1,2,2,2,2,1,3,1,3,2,1,3,4,2,8,5,2,8,3
2,5,3,5,4,3,2,2,5,2,2,2,3,2,5,2,2,6,2,2,4,5,4,4,0,4,3,3,3,3,4,5,4,2,1,4,4,7,1,2,1,0,3,2,2,6,1,3,7,6,3,6,4,1,3,3,3,38,15,1,4,0,1,3,0,1,29,18,2,3,1,2,3,3,5,2,4,6,6,5,5,6,1,4,1,4,5,7,4,3,9,37,0,0,2,2,0,7,1,1,4,2,1,2,1,3,1,3,5,4,5,2,3,5,4,1,3,5,3,2,3,0,3,1,24,13,2,4
2,3,2,1,6,5,6,2,2,2,2,3,3,4,4,1,3,4,4,3,5,4,1,3,1,6,4,3,4,2,7,10,0,8,4,1,2,2,1,2,4,2,5,3,2,3,3,3,2,2,6,2,2,4,5,4,3,2,3,3,2,1,6,4,4,2,6,2,5,3,8,1,3,4,5,2,4,6,6,5,5,6,1,4,1,4,5,7,4,3,9,37,0,0,2,2,0,7,1,1,4,2,1,2,1,3,1,3,5,4,5,2,3,5,4,1,3,5,3,2,3,0,3,1,24,13,2,4
2,3,2,1,6,5,6,2,2,2,2,3,3,4,4,1,3,4,4,3,5,4,1,3,1,6,4,3,4,2,7,10,0,8,4,1,2,2,1,2,4,2,5,3,2,3,3,3,2,2,6,2,2,4,5,4,3,2,3,3,2,1,6,4,4,2,6,2,5,3,8,1,3,4,1,3,3,3,10,3,5,9,4,2,2,2,2,6,4,27,6,1,2,2,2,4,2,1,1,4,9,6,2,10,1,3,2,1,3,2,6,4,3,3,4,5,4,3,2,1,4,3,4,2,4,5,5,1
5,3,2,3,2,5,7,2,4,4,2,4,4,3,9,1,2,6,3,2,3,3,4,4,4,6,2,4,4,3,4,4,5,4,4,3,7,3,1,1,5,2,3,6,5,2,4,3,1,2,1,7,4,6,4,3,2,4,2,4,2,3,3,2,3,2,5,5,2,4,2,3,3,3,4,3,3,3,10,3,5,9,4,2,2,2,2,6,4,27,6,1,2,2,2,4,2,1,1,4,9,6,2,10,1,3,2,1,3,2,6,4,3,3,4,5,4,3,2,1,4,3,4,2,4,5,5,1
5,3,2,3,2,5,7,2,4,4,2,4,4,3,9,1,2,6,3,2,3,3,4,4,4,6,2,4,4,3,4,4,5,4,4,3,7,3,1,1,5,2,3,6,5,2,4,3,1,2,1,7,4,6,4,3,2,4,2,4,2,3,3,2,3,2,5,5,2,4,2,3,3,3,4,1,6,8,3,4,6,5,5,4,6,3,7,2,2,9,1,4,5,4,29,0,3,0,1,2,2,3,3,4,4,4,5,1,5,5,4,2,3,5,5,4,2,3,3,5,2,9,3,3,4,3,2,2
2,2,2,1,1,6,6,5,5,6,4,1,2,4,1,0,3,6,4,4,1,4,3,3,3,5,4,5,4,3,6,5,7,3,3,1,1,1,5,6,5,2,1,2,1,6,6,3,3,7,2,4,4,4,2,7,5,3,4,2,2,3,3,2,1,6,2,3,3,3,3,112,84,0,0,1,6,8,3,4,6,5,5,4,6,3,7,2,2,9,1,4,5,4,29,0,3,0,1,2,2,3,3,4,4,4,5,1,5,5,4,2,3,5,5,4,2,3,3,5,2,9,3,3,4,3,2,2
2,2,2,1,1,6,6,5,5,6,4,1,2,4,1,0,3,6,4,4,1,4,3,3,3,5,4,5,4,3,6,5,7,3,3,1,1,1,5,6,5,2,1,2,1,6,6,3,3,7,2,4,4,4,2,7,5,3,4,2,2,3,3,2,1,6,2,3,3,3,3,112,84,0,0,0,0,0,0,11,3,3,2,2,4,3,7,4,6,5,0,4,5,4,1,4,1,6,3,3,4,1,2,2,4,3,2,4,3,2,2,3,5,4,6,2,4,2,3,3,2,3,1,2,6,2,3,3
2,1,2,1,1,2,2,3,3,5,3,2,2,5,2,4,3,1,10,2,3,2,2,11,4,3,0,4,2,3,5,2,1,3,3,2,8,3,6,4,2,4,5,4,4,4,2,3,4,3,2,1,3,4,7,5,5,3,3,5,1,4,4,5,5,5,3,3,1,1,1,2,1,4,2,0,0,0,0,11,3,3,2,2,4,3,7,4,6,5,0,4,5,4,1,4,1,6,3,3,4,1,2,2,4,3,2,4,3,2,2,3,5,4,6,2,4,2,3,3,2,3,1,2,6,2,3,3
2,1,2,1,1,2,2,3,3,5,3,2,2,5,2,4,3,1,10,2,3,2,2,11,4,3,0,4,2,3,5,2,1,3,3,2,8,3,6,4,2,4,5,4,4,4,2,3,4,3,2,1,3,4,7,5,5,3,3,5,1,4,4,5,5,5,3,3,1,1,1,2,1,4,3,1,5,4,3,10,3,6,2,2,7,4,4,2,0,4,3,7,2,5,2,7,2,1,8,6,3,6,4,4,7,1,2,3,5,6,1,2,5,2,5,2,1,6,3,7,4,2,2,5,8,5,2,6
4,2,1,6,2,4,2,5,2,5,5,5,1,7,6,5,2,3,7,4,3,6,4,18,2,0,2,2,1,3,1,1,3,2,7,4,3,3,4,5,2,4,5,5,1,2,8,5,2,3,4,4,3,9,2,4,3,2,5,6,1,5,6,6,3,6,2,5,6,6,3,1,5,2,4,1,5,4,3,10,3,6,2,2,7,4,4,2,0,4,3,7,2,5,2,7,2,1,8,6,3,6,4,4,7,1,2,3,5,6,1,2,5,2,5,2,1,6,3,7,4,2,2,5,8,5,2,6
4,2,1,6,2,4,2,5,2,5,5,5,1,7,6,5,2,3,7,4,3,6,4,18,2,0,2,2,1,3,1,1,3,2,7,4,3,3,4,5,2,4,5,5,1,2,8,5,2,3,4,4,3,9,2,4,3,2,5,6,1,5,6,6,3,6,2,5,6,6,3,1,5,2,4,3,2,6,1,4,7,2,1,4,11,5,5,3,6,2,1,2,4,2,6,5,3,3,2,3,4,4,3,5,1,3,6,3,1,2,6,1,2,8,2,4,1,7,4,1,3,2,3,2,1,4,2,1
4,3,5,4,3,3,3,3,9,2,2,3,4,2,5,2,2,2,3,0,5,3,5,2,2,3,5,2,1,4,4,4,4,2,2,3,6,1,2,2,3,4,2,2,3,4,2,1,5,7,3,1,3,3,4,2,4,1,6,8,1,4,3,4,3,2,2,2,1,4,0,4,1,8,2,3,2,6,1,4,7,2,1,4,11,5,5,3,6,2,1,2,4,2,6,5,3,3,2,3,4,4,3,5,1,3,6,3,1,2,6,1,2,8,2,4,1,7,4,1,3,2,3,2,1,4,2,1
4,3,5,4,3,3,3,3,9,2,2,3,4,2,5,2,2,2,3,0,5,3,5,2,2,3,5,2,1,4,4,4,4,2,2,3,6,1,2,2,3,4,2,2,3,4,2,1,5,7,3,1,3,3,4,2,4,1,6,8,1,4,3,4,3,2,2,2,1,4,0,4,1,8,2,2,3,3,4,2,2,19,3,2,3,5,1,3,4,6,3,1,4,2,4,1,2,2,7,3,5,8,3,6,3,1,3,3,2,7,4,1,2,4,6,5,2,2,7,3,3,4,2,2,3,5,5,6
6,3,3,6,5,4,2,4,1,3,7,3,2,4,4,5,2,5,8,0,2,3,5,4,2,4,3,3,5,4,2,3,2,3,3,5,5,3,3,1,4,2,6,7,4,5,3,5,5,4,2,6,3,3,11,6,5,5,1,6,4,6,2,1,2,5,2,4,7,3,3,3,2,3,2,2,3,3,4,2,2,19,3,2,3,5,1,3,4,6,3,1,4,2,4,1,2,2,7,3,5,8,3,6,3,1,3,3,2,7,4,1,2,4,6,5,2,2,7,3,3,4,2,2,3,5,5,6
6,3,3,6,5,4,2,4,1,3,7,3,2,4,4,5,2,5,8,0,2,3,5,4,2,4,3,3,5,4,2,3,2,3,3,5,5,3,3,1,4,2,6,7,4,5,3,5,5,4,2,6,3,3,11,6,5,5,1,6,4,6,2,1,2,5,2,4,7,3,3,3,2,3,2,2,3,5,2,9,19,0,4,0,1,1,3,2,3,5,2,3,2,4,2,3,4,1,4,2,1,2,7,6,3,7,1,4,5,6,3,3,6,4,3,3,1,3,4,4,2,4,4,1,2,3,4,2
2,3,1,2,4,5,1,1,2,2,8,2,5,4,4,5,3,5,8,4,4,3,2,5,8,0,1,3,2,6,3,4,3,1,3,5,3,3,1,3,2,4,5,4,3,3,5,2,4,8,3,7,4,1,6,2,2,1,3,2,5,3,5,5,9,1,3,3,4,7,2,5,5,3,2,2,3,5,2,9,19,0,4,0,1,1,3,2,3,5,2,3,2,4,2,3,4,1,4,2,1,2,7,6,3,7,1,4,5,6,3,3,6,4,3,3,1,3,4,4,2,4,4,1,2,3,4,2
2,3,1,2,4,5,1,1,2,2,8,2,5,4,4,5,3,5,8,4,4,3,2,5,8,0,1,3,2,6,3,4,3,1,3,5,3,3,1,3,2,4,5,4,3,3,5,2,4,8,3,7,4,1,6,2,2,1,3,2,5,3,5,5,9,1,3,3,4,7,2,5,5,3,2,4,4,3,2,1,4,12,2,5,2,3,2,3,3,6,3,2,2,2,4,2,6,3,6,1,3,10,5,1,2,3,7,4,4,2,6,3,4,1,4,2,2,2,5,7,4,2,4,3,5,2,1,1
5,2,4,3,2,4,6,5,1,4,0,1,5,1,1,6,1,5,3,2,3,2,2,4,1,8,2,4,4,10,2,2,1,5,2,1,3,2,1,6,4,4,3,9,3,3,4,3,4,11,4,5,0,6,4,1,2,3,0,3,4,2,4,3,2,3,5,2,4,4,1,1,4,6,2,4,4,3,2,1,4,12,2,5,2,3,2,3,3,6,3,2,2,2,4,2,6,3,6,1,3,10,5,1,2,3,7,4,4,2,6,3,4,1,4,2,2,2,5,7,4,2,4,3,5,2,1,1
5,2,4,3,2,4,6,5,1,4,0,1,5,1,1,6,1,5,3,2,3,2,2,4,1,8,2,4,4,10,2,2,1,5,2,1,3,2,1,6,4,4,3,9,3,3,4,3,4,11,4,5,0,6,4,1,2,3,0,3,4,2,4,3,2,3,5,2,4,4,1,1,4,6,2,2,1,3,3,2,5,6,4,4,3,3,7,4,3,3,4,2,2,30,11,1,4,2,3,2,2,1,1,2,3,6,3,2,4,2,3,3,5,3,5,3,4,4,4,1,5,4,3,3,5,5,3,7
2,2,2,2,3,5,2,2,2,3,3,3,5,8,4,1,4,1,4,5,3,7,3,6,5,1,1,8,3,3,2,2,3,2,3,1,2,2,5,1,3,4,8,0,4,2,4,4,5,5,3,1,2,3,4,3,4,5,3,3,3,4,3,1,1,3,2,2,3,6,2,1,4,5,1,2,1,3,3,2,5,6,4,4,3,3,7,4,3,3,4,2,2,30,11,1,4,2,3,2,2,1,1,2,3,6,3,2,4,2,3,3,5,3,5,3,4,4,4,1,5,4,3,3,5,5,3,7
2,2,2,2,3,5,2,2,2,3,3,3,5,8,4,1,4,1,4,5,3,7,3,6,5,1,1,8,3,3,2,2,3,2,3,1,2,2,5,1,3,4,8,0,4,2,4,4,5,5,3,1,2,3,4,3,4,5,3,3,3,4,3,1,1,3,2,2,3,6,2,1,4,5,1,4,4,3,3,1,3,7,1,3,1,4,4,2,8,9,5,17,1,4,0,1,3,2,3,3,5,1,2,4,5,3,2,0,1,3,6,5,2,3,2,6,5,1,3,5,1,4,4,3,5,8,6,4
1,2,3,6,5,1,3,2,4,3,3,4,4,3,5,1,4,1,1,3,5,4,7,4,8,4,3,5,3,6,1,4,3,6,5,2,3,3,6,2,4,3,6,2,5,2,4,0,8,2,2,2,3,2,2,3,6,2,3,1,11,4,3,3,1,3,4,5,1,2,4,4,3,2,8,4,4,3,3,1,3,7,1,3,1,4,4,2,8,9,5,17,1,4,0,1,3,2,3,3,5,1,2,4,5,3,2,0,1,3,6,5,2,3,2,6,5,1,3,5,1,4,4,3,5,8,6,4
1,2,3,6,5,1,3,2,4,3,3,4,4,3,5,1,4,1,1,3,5,4,7,4,8,4,3,5,3,6,1,4,3,6,5,2,3,3,6,2,4,3,6,2,5,2,4,0,8,2,2,2,3,2,2,3,6,2,3,1,11,4,3,3,1,3,4,5,1,2,4,4,3,2,8,4,1,3,1,3,3,13,1,5,1,3,2,7,3,1,5,0,3,9,3,2,3,3,4,1,4,4,5,5,3,0,3,2,6,1,1,3,3,5,1,3,2,3,2,4,1,2,5,6,4,3,1,0
1,7,1,5,18,1,5,8,6,2,2,1,12,5,5,5,1,3,2,5,2,7,3,2,3,2,2,2,7,1,2,6,3,3,6,6,2,2,1,1,2,3,2,5,2,6,5,5,2,2,2,1,2,3,2,2,2,2,1,6,6,2,2,3,5,3,3,3,3,2,6,2,8,5,7,4,1,3,1,3,3,13,1,5,1,3,2,7,3,1,5,0,3,9,3,2,3,3,4,1,4,4,5,5,3,0,3,2,6,1,1,3,3,5,1,3,2,3,2,4,1,2,5,6,4,3,1,0
1,7,1,5,18,1,5,8,6,2,2,1,12,5,5,5,1,3,2,5,2,7,3,2,3,2,2,2,7,1,2,6,3,3,6,6,2,2,1,1,2,3,2,5,2,6,5,5,2,2,2,1,2,3,2,2,2,2,1,6,6,2,2,3,5,3,3,3,3,2,6,2,8,5,7,4,7,3,4,4,0,5,2,2,16,7,3,4,3,1,4,3,4,2,3,8,4,3,2,2,0,3,3,3,3,3,2,7,1,4,3,4,2,3,5,6,3,4,5,4,4,4,2,4,5,2,3,4
8,2,2,2,2,1,3,5,3,3,3,7,5,3,4,4,4,6,3,4,4,3,5,8,1,1,2,6,5,4,11,0,5,2,6,5,1,5,5,5,1,9,3,4,8,3,7,3,1,6,1,1,3,4,2,8,1,8,6,3,3,5,3,4,2,3,2,3,5,1,1,0,2,3,3,1,4,3,5,14,3,3,3,5,3,3,5,5,1,4,2,3,7,4,1,4,3,5,4,3,3,6,2,3,5,5,4,3,3,4,3,2,2,2,2,3,2,4,1,3,2,3,5,2,4,4,4,3
8,2,2,2,2,1,3,5,3,3,3,7,5,3,4,4,4,6,3,4,4,3,5,8,1,1,2,6,5,4,11,0,5,2,6,5,1,5,5,5,1,9,3,4,8,3,7,3,1,6,1,1,3,4,2,8,1,8,6,3,3,5,3,4,2,3,2,3,5,1,1,0,2,3,3,4,0,3,3,16,5,3,4,5,1,0,6,3,0,3,4,6,1,6,4,2,1,6,3,3,2,1,5,4,9,0,6,0,2,0,2,4,8,4,3,3,2,4,2,1,3,3,2,2,3,3,6,2
3,4,2,1,7,4,5,4,2,7,4,1,5,6,3,1,2,1,2,6,3,3,8,1,5,1,8,4,2,2,4,5,2,7,3,3,6,3,6,3,4,1,1,4,3,2,3,4,2,1,2,4,3,3,4,4,3,1,7,1,6,6,3,6,2,5,4,2,4,4,3,3,2,6,4,4,0,3,3,16,5,3,4,5,1,0,6,3,0,3,4,6,1,6,4,2,1,6,3,3,2,1,5,4,9,0,6,0,2,0,2,4,8,4,3,3,2,4,2,1,3,3,2,2,3,3,6,2
3,4,2,1,7,4,5,4,2,7,4,1,5,6,3,1,2,1,2,6,3,3,8,1,5,1,8,4,2,2,4,5,2,7,3,3,6,3,6,3,4,1,1,4,3,2,3,4,2,1,2,4,3,3,4,4,3,1,7,1,6,6,3,6,2,5,4,2,4,4,3,3,2,6,4,5,4,3,3,6,1,6,6,4,9,1,5,7,2,1,7,7,1,4,3,2,4,1,1,4,2,5,5,3,2,5,3,0,8,6,5,3,2,2,6,3,2,3,6,3,6,1,2,3,2,4,1,5
5,6,2,2,7,4,3,5,7,2,0,1,8,5,3,5,3,9,3,1,5,1,3,4,2,4,2,3,6,5,1,2,1,3,5,5,3,4,2,6,3,3,1,6,3,8,7,2,3,3,4,3,1,4,2,3,1,1,5,6,4,5,4,3,6,7,4,4,2,2,3,1,3,6,10,5,4,3,3,6,1,6,6,4,9,1,5,7,2,1,7,7,1,4,3,2,4,1,1,4,2,5,5,3,2,5,3,0,8,6,5,3,2,2,6,3,2,3,6,3,6,1,2,3,2,4,1,5
5,6,2,2,7,4,3,5,7,2,0,1,8,5,3,5,3,9,3,1,5,1,3,4,2,4,2,3,6,5,1,2,1,3,5,5,3,4,2,6,3,3,1,6,3,8,7,2,3,3,4,3,1,4,2,3,1,1,5,6,4,5,4,3,6,7,4,4,2,2,3,1,3,6,10,2,6,3,6,4,15,2,1,5,1,3,5,1,3,3,5,3,6,3,4,3,3,5,3,1,6,5,4,3,4,7,3,4,2,1,4,7,2,2,5,2,4,3,2,4,2,2,5,2,3,3,1,1
5,2,1,3,6,6,5,3,3,6,4,4,4,3,4,2,2,4,2,3,0,2,8,5,6,0,4,8,3,1,3,4,3,6,4,4,6,2,13,3,5,0,2,7,5,2,3,3,4,2,1,5,4,4,3,3,2,5,2,3,5,2,4,3,8,2,5,7,5,3,4,4,4,2,5,2,6,3,6,4,15,2,1,5,1,3,5,1,3,3,5,3,6,3,4,3,3,5,3,1,6,5,4,3,4,7,3,4,2,1,4,7,2,2,5,2,4,3,2,4,2,2,5,2,3,3,1,1
5,2,1,3,6,6,5,3,3,6,4,4,4,3,4,2,2,4,2,3,0,2,8,5,6,0,4,8,3,1,3,4,3,6,4,4,6,2,13,3,5,0,2,7,5,2,3,3,4,2,1,5,4,4,3,3,2,5,2,3,5,2,4,3,8,2,5,7,5,3,4,4,4,2,5,2,2,5,7,3,5,18,2,3,1,0,7,4,2,3,1,6,3,0,3,3,1,4,2,4,6,5,6,3,4,2,3,5,3,6,5,5,4,1,3,2,5,5,4,3,3,2,3,7,9,3,7,3
3,6,4,5,1,3,6,3,5,6,1,6,3,2,3,8,0,5,6,5,3,6,1,5,3,5,4,3,4,4,6,1,7,1,4,2,4,1,2,3,3,5,3,6,4,3,4,1,2,4,3,2,2,6,1,2,1,5,2,2,1,3,4,4,3,4,4,7,6,4,4,0,1,3,2,2,2,5,7,3,5,18,2,3,1,0,7,4,2,3,1,6,3,0,3,3,1,4,2,4,6,5,6,3,4,2,3,5,3,6,5,5,4,1,3,2,5,5,4,3,3,2,3,7,9,3,7,3
3,6,4,5,1,3,6,3,5,6,1,6,3,2,3,8,0,5,6,5,3,6,1,5,3,5,4,3,4,4,6,1,7,1,4,2,4,1,2,3,3,5,3,6,4,3,4,1,2,4,3,2,2,6,1,2,1,5,2,2,1,3,4,4,3,4,4,7,6,4,4,0,1,3,2,6,4,4,3,1,2,6,1,5,11,1,6,13,2,2,4,4,4,2,8,3,2,0,4,5,6,2,2,5,4,4,3,3,3,6,1,8,2,4,2,5,4,2,4,2,5,3,2,1,2,1,2,5
5,3,4,2,6,3,3,2,6,4,1,2,4,2,3,4,7,6,7,2,3,6,4,4,2,4,7,6,2,1,3,2,4,5,1,6,4,5,1,3,2,2,6,5,3,3,3,4,5,2,2,5,3,3,6,3,2,3,7,1,4,5,19,9,3,6,1,3,7,5,5,1,2,6,1,6,4,4,3,1,2,6,1,5,11,1,6,13,2,2,4,4,4,2,8,3,2,0,4,5,6,2,2,5,4,4,3,3,3,6,1,8,2,4,2,5,4,2,4,2,5,3,2,1,2,1,2,5
5,3,4,2,6,3,3,2,6,4,1,2,4,2,3,4,7,6,7,2,3,6,4,4,2,4,7,6,2,1,3,2,4,5,1,6,4,5,1,3,2,2,6,5,3,3,3,4,5,2,2,5,3,3,6,3,2,3,7,1,4,5,19,9,3,6,1,3,7,5,5,1,2,6,1,4,3,5,3,7,2,2,2,3,3,3,4,1,5,24,0,5,7,3,2,3,3,3,7,2,6,5,1,2,4,4,8,1,3,6,2,3,3,3,1,8,6,3,8,1,5,2,2,1,10,11,3,2
5,4,4,37,0,4,1,3,3,4,5,0,6,1,3,3,5,5,5,3,3,9,2,3,5,3,2,1,5,2,7,5,3,4,1,5,3,2,2,1,3,4,2,2,1,5,5,5,4,3,4,4,3,3,3,1,2,3,3,1,2,2,2,3,3,6,7,21,10,1,1,6,1,3,3,4,3,5,3,7,2,2,2,3,3,3,4,1,5,24,0,5,7,3,2,3,3,3,7,2,6,5,1,2,4,4,8,1,3,6,2,3,3,3,1,8,6,3,8,1,5,2,2,1,10,11,3,2
5,4,4,37,0,4,1,3,3,4,5,0,6,1,3,3,5,5,5,3,3,9,2,3,5,3,2,1,5,2,7,5,3,4,1,5,3,2,2,1,3,4,2,2,1,5,5,5,4,3,4,4,3,3,3,1,2,3,3,1,2,2,2,3,3,6,7,21,10,1,1,6,1,3,3,2,7,3,4,1,7,4,2,3,18,1,2,2,2,4,4,4,2,3,1,3,2,1,8,6,3,1,4,1,4,2,2,2,2,7,8,1,5,5,4,6,1,2,3,7,3,3,4,2,2,0,4,4
0,2,1,3,4,4,1,2,3,4,1,4,8,6,2,5,3,2,6,2,5,7,6,3,7,3,6,3,5,6,3,2,4,2,1,5,0,5,3,2,1,5,4,2,5,5,2,6,1,2,1,2,4,1,3,2,4,2,4,1,5,30,18,3,3,0,4,1,5,5,2,3,3,5,4,2,7,3,4,1,7,4,2,3,18,1,2,2,2,4,4,4,2,3,1,3,2,1,8,6,3,1,4,1,4,2,2,2,2,7,8,1,5,5,4,6,1,2,3,7,3,3,4,2,2,0,4,4
0,2,1,3,4,4,1,2,3,4,1,4,8,6,2,5,3,2,6,2,5,7,6,3,7,3,6,3,5,6,3,2,4,2,1,5,0,5,3,2,1,5,4,2,5,5,2,6,1,2,1,2,4,1,3,2,4,2,4,1,5,30,18,3,3,0,4,1,5,5,2,3,3,5,7,3,4,0,2,4,4,3,8,3,1,3,7,5,4,4,1,30,2,4,2,4,5,3,3,1,4,3,3,5,2,3,3,7,3,1,2,3,2,4,4,3,3,1,1,2,6,1,4,1,4,3,5,6
5,5,10,2,4,0,3,6,2,0,4,3,2,4,5,2,3,4,6,5,3,2,3,5,3,2,4,3,10,3,3,2,5,2,3,4,5,2,3,9,2,1,3,2,2,4,2,3,2,3,7,0,4,6,6,2,5,6,0,6,1,5,1,2,11,2,1,1,2,2,2,3,4,4,2,3,4,0,2,4,4,3,8,3,1,3,7,5,4,4,1,30,2,4,2,4,5,3,3,1,4,3,3,5,2,3,3,7,3,1,2,3,2,4,4,3,3,1,1,2,6,1,4,1,4,3,5,6
5,5,10,2,4,0,3,6,2,0,4,3,2,4,5,2,3,4,6,5,3,2,3,5,3,2,4,3,10,3,3,2,5,2,3,4,5,2,3,9,2,1,3,2,2,4,2,3,2,3,7,0,4,6,6,2,5,6,0,6,1,5,1,2,11,2,1,1,2,2,2,3,4,4,2,3,4,4,2,6,1,4,2,3,23,2,3,1,5,1,4,5,3,3,5,2,3,4,3,8,3,2,1,2,4,3,5,1,1,2,8,2,6,2,1,6,3,5,2,3,3,4,6,4,6,1,5,5
3,1,2,3,3,6,1,5,3,3,2,5,3,5,1,3,3,4,5,3,4,2,0,2,3,3,8,3,4,6,2,5,6,4,1,4,5,2,3,4,3,2,3,4,4,2,3,3,2,6,5,3,3,5,3,7,2,3,3,2,2,3,3,2,3,6,6,6,6,2,1,4,3,4,5,3,4,4,2,6,1,4,2,3,23,2,3,1,5,1,4,5,3,3,5,2,3,4,3,8,3,2,1,2,4,3,5,1,1,2,8,2,6,2,1,6,3,5,2,3,3,4,6,4,6,1,5,5
3,1,2,3,3,6,1,5,3,3,2,5,3,5,1,3,3,4,5,3,4,2,0,2,3,3,8,3,4,6,2,5,6,4,1,4,5,2,3,4,3,2,3,4,4,2,3,3,2,6,5,3,3,5,3,7,2,3,3,2,2,3,3,2,3,6,6,6,6,2,1,4,3,4,5,8,5,5,2,2,8,2,5,7,12,1,2,3,3,1,2,3,2,1,4,3,10,2,6,5,2,3,3,6,1,2,1,3,2,8,3,4,6,4,5,2,4,2,6,6,3,3,4,2,1,5,4,5
2,3,4,2,7,4,2,2,7,3,3,4,4,5,1,4,2,5,1,5,2,2,3,2,11,5,3,4,2,4,1,3,4,5,6,1,1,6,3,6,3,1,9,4,3,4,3,3,3,0,5,3,1,3,3,2,8,11,3,1,5,7,2,3,4,3,9,4,2,2,5,1,3,6,4,8,5,5,2,2,8,2,5,7,12,1,2,3,3,1,2,3,2,1,4,3,10,2,6,5,2,3,3,6,1,2,1,3,2,8,3,4,6,4,5,2,4,2,6,6,3,3,4,2,1,5,4,5
3,3,4,2,7,4,2,2,7,3,3,4,4,5,1,4,2,5,1,5,2,2,3,2,11,5,3,4,2,4,1,3,4,5,6,1,1,6,3,6,3,1,9,4,3,4,3,3,3,0,5,3,1,3,3,2,8,11,3,1,5,7,2,3,4,3,9,4,2,2,5,1,3,6,4,5,2,2,8,2,0,5,1,2,2,2,3,2,2,2,2,25,0,5,4,3,3,4,5,3,6,1,2,2,3,2,2,2,5,3,2,3,6,6,4,5,1,0,4,2,3,1,6,0,2,0,5,0
3,3,6,4,5,6,3,5,2,2,4,4,1,1,2,4,5,5,4,3,4,7,1,3,3,2,1,8,4,1,8,4,4,5,2,2,3,5,4,4,5,10,0,4,6,3,1,3,5,2,2,3,4,4,4,4,1,3,2,2,2,4,2,4,4,6,4,3,3,4,2,2,2,4,4,5,2,2,8,2,0,5,1,2,2,2,3,2,2,2,2,25,0,5,4,3,3,4,5,3,6,1,2,2,3,2,2,2,5,3,2,3,6,6,4,5,1,0,4,2,3,1,6,0,2,0,5,0
2,3,6,4,5,6,3,5,2,2,4,4,1,1,2,4,5,5,4,3,4,7,1,3,3,2,1,8,4,1,8,4,4,5,2,2,3,5,4,4,5,10,0,4,6,3,1,3,5,2,2,3,4,4,4,4,1,3,2,2,2,4,2,4,4,6,4,3,3,4,2,2,2,4,4,6,2,1,5,6,0,1,2,2,4,8,4,2,5,9,2,3,3,3,5,1,8,6,4,5,1,0,4,4,2,3,2,1,2,5,5,2,3,8,3,4,2,2,3,1,6,3,5,5,0,6,3,2
2,2,2,1,6,3,5,3,3,6,2,1,3,4,3,1,1,7,1,1,5,2,5,2,3,3,5,3,3,3,5,2,5,4,5,5,5,6,2,2,3,0,7,3,7,4,2,5,4,4,2,3,3,4,3,6,3,6,2,3,8,2,4,2,2,4,3,2,1,3,3,3,4,3,2,6,2,1,5,6,0,1,2,2,4,8,4,2,5,9,2,3,3,3,5,1,8,6,4,5,1,0,4,4,2,3,2,1,2,5,5,2,3,8,3,4,2,2,3,1,6,3,5,5,0,6,3,2
2,2,2,1,6,3,5,3,3,6,2,1,3,4,3,1,1,7,1,1,5,2,5,2,3,3,5,3,3,3,5,2,5,4,5,5,5,6,2,2,3,0,7,3,7,4,2,5,4,4,2,3,3,4,3,6,3,6,2,3,8,2,4,2,2,4,3,2,1,3,3,3,4,3,2,4,2,2,3,3,3,7,1,3,10,3,0,2,6,7,6,1,28,16,1,3,1,4,1,4,3,2,1,1,3,6,1,1,4,2,5,7,3,6,2,1,2,3,3,4,3,5,2,3,5,2,4,6
4,7,1,4,7,8,6,8,8,2,5,3,6,3,2,5,4,5,7,3,2,7,1,5,1,5,4,3,5,3,2,5,5,3,5,3,4,7,3,1,2,4,3,8,5,1,4,1,1,4,2,5,3,2,1,1,6,3,5,1,2,4,3,5,2,1,4,4,2,1,3,1,3,9,3,4,2,2,3,3,3,7,1,3,10,3,0,2,6,7,6,1,28,16,1,3,1,4,1,4,3,2,1,1,3,6,1,1,4,2,5,7,3,6,2,1,2,3,3,4,3,5,2,3,5,2,4,6
4,7,1,4,7,8,6,8,8,2,5,3,6,3,2,5,4,5,7,3,2,7,1,5,1,5,4,3,5,3,2,5,5,3,5,3,4,7,3,1,2,4,3,8,5,1,4,1,1,4,2,5,3,2,1,1,6,3,5,1,2,4,3,5,2,1,4,4,2,1,3,1,3,9,3,7,2,1,6,5,1,4,11,2,27,1,3,3,0,2,1,1,4,3,8,2,1,3,1,4,8,5,3,8,6,3,6,4,1,2,2,4,4,1,6,2,4,2,5,3,4,9,4,3,2,3,2,5
4,2,3,1,2,3,1,1,7,1,2,5,4,4,4,2,3,3,8,2,5,4,3,1,1,2,9,4,5,3,5,0,3,5,3,4,3,3,3,6,7,3,2,3,4,3,3,2,4,8,3,1,4,7,4,5,4,2,2,1,4,2,4,3,3,6,3,3,2,4,6,4,1,1,3,7,2,1,6,5,1,4,11,2,27,1,3,3,0,2,1,1,4,3,8,2,1,3,1,4,8,5,3,8,6,3,6,4,1,2,2,4,4,1,6,2,4,2,5,3,4,9,4,3,2,3,2,5
4,2,3,1,2,3,1,1,7,1,2,5,4,4,4,2,3,3,8,2,5,4,3,1,1,2,9,4,5,3,5,0,3,5,3,4,3,3,3,6,7,3,2,3,4,3,3,2,4,8,3,1,4,7,4,5,4,2,2,1,4,2,4,3,3,6,3,3,2,4,6,4,1,1,3,3,1,7,3,3,21,13,4,4,1,2,5,2,5,3,2,1,4,2,5,8,3,2,1,6,6,7,3,3,2,2,5,2,3,4,5,4,6,3,1,5,2,0,2,3,2,4,5,3,5,3,5,6
4,1,2,2,6,3,7,2,4,1,5,2,3,6,2,5,8,4,3,2,3,2,3,6,1,5,3,5,3,8,1,2,3,3,7,4,4,4,4,3,3,6,3,2,3,5,5,1,3,7,2,4,1,3,5,3,3,4,3,5,1,1,2,5,3,5,1,1,2,4,3,3,5,3,2,3,1,7,3,3,21,13,4,4,1,2,5,2,5,3,2,1,4,2,5,8,3,2,1,6,6,7,3,3,2,2,5,2,3,4,5,4,6,3,1,5,2,0,2,3,2,4,5,3,5,3,5,6
4,1,2,2,6,3,7,2,4,1,5,2,3,6,2,5,8,4,3,2,3,2,3,6,1,5,3,5,3,8,1,2,3,3,7,4,4,4,4,3,3,6,3,2,3,5,5,1,3,7,2,4,1,3,5,3,3,4,3,5,1,1,2,5,3,5,1,1,2,4,3,3,5,3,2,2,6,4,6,5,17,2,3,3,1,6,6,0,3,7,2,3,2,6,2,4,7,4,5,2,2,3,1,3,4,5,4,3,2,4,9,3,1,7,13,8,5,7,8,1,6,3,3,8,0,2,1,6
2,7,3,2,2,7,4,2,3,2,2,0,4,4,5,1,7,1,5,4,2,2,3,3,5,2,5,5,6,1,3,7,1,0,3,4,4,3,5,4,5,4,2,7,3,5,7,3,4,4,5,5,4,1,3,5,2,2,8,5,4,3,3,1,4,2,3,5,7,6,2,5,1,3,2,2,6,4,6,5,17,2,3,3,1,6,6,0,3,7,2,3,2,6,2,4,7,4,5,2,2,3,1,3,4,5,4,3,2,4,9,3,1,7,13,8,5,7,8,1,6,3,3,8,0,2,1,6
2,7,3,2,2,7,4,2,3,2,2,0,4,4,5,1,7,1,5,4,2,2,3,3,5,2,5,5,6,1,3,7,1,0,3,4,4,3,5,4,5,4,2,7,3,5,7,3,4,4,5,5,4,1,3,5,2,2,8,5,4,3,3,1,4,2,3,5,7,6,2,5,1,3,2,3,2,3,6,4,12,5,3,1,3,7,2,3,2,4,1,5,3,1,6,1,1,9,3,2,2,2,3,2,4,6,4,5,2,86,65,0,0,0,2,3,0,3,4,2,4,4,2,8,2,5,2,3
4,2,1,6,1,5,4,6,5,4,1,4,3,4,4,3,5,1,1,1,4,4,2,4,5,2,5,3,5,6,6,2,1,3,1,4,4,2,1,7,4,2,4,3,5,1,3,1,6,4,4,3,11,3,3,2,9,5,1,2,6,7,2,3,10,2,3,2,25,13,2,3,0,4,2,3,2,3,6,4,12,5,3,1,3,7,2,3,2,4,1,5,3,1,6,1,1,9,3,2,2,2,3,2,4,6,4,5,2,86,65,0,0,0,2,3,0,3,4,2,4,4,2,8,2,5,2,3
4,2,1,6,1,5,4,6,5,4,1,4,3,4,4,3,5,1,1,1,4,4,2,4,5,2,5,3,5,6,6,2,1,3,1,4,4,2,1,7,4,2,4,3,5,1,3,1,6,4,4,3,11,3,3,2,9,5,1,2,6,7,2,3,10,2,3,2,25,13,2,3,0,4,2,4,3,3,1,4,4,23,2,2,4,2,1,5,5,1,4,2,3,5,7,3,1,7,2,4,3,2,4,3,4,2,1,8,3,8,3,4,4,3,3,2,6,1,3,2,2,0,3,3,4,5,5,5
7,2,3,5,0,4,7,5,3,5,3,4,6,3,5,4,4,3,4,2,3,6,5,5,4,1,5,2,4,5,5,6,3,3,5,4,2,2,4,2,3,1,2,2,3,4,3,2,5,2,3,2,3,4,0,3,2,3,2,4,5,6,6,2,2,8,1,2,2,2,4,7,3,2,8,4,3,3,1,4,4,23,2,2,4,2,1,5,5,1,4,2,3,5,7,3,1,7,2,4,3,2,4,3,4,2,1,8,3,8,3,4,4,3,3,2,6,1,3,2,2,0,3,3,4,5,5,5
7,2,3,5,0,4,7,5,3,5,3,4,6,3,5,4,4,3,4,2,3,6,5,5,4,1,5,2,4,5,5,6,3,3,5,4,2,2,4,2,3,1,2,2,3,4,3,2,5,2,3,2,3,4,0,3,2,3,2,4,5,6,6,2,2,8,1,2,2,2,4,7,3,2,8,1,2,3,2,5,3,8,24,3,2,2,3,1,3,5,3,2,2,3,4,4,5,7,6,3,2,6,3,4,1,3,3,2,3,2,2,6,2,8,4,3,4,5,8,3,5,8,4,5,4,5,3,1
6,3,1,5,1,3,4,4,1,3,3,2,5,5,3,4,1,1,6,2,1,3,2,6,2,6,2,3,3,5,3,1,5,4,2,5,1,5,1,2,5,5,3,4,4,2,3,2,3,3,2,1,5,2,3,7,2,7,2,2,3,4,4,1,4,2,6,6,3,2,6,1,3,3,3,1,2,3,2,5,3,8,24,3,2,2,3,1,3,5,3,2,2,3,4,4,5,7,6,3,2,6,3,4,1,3,3,2,3,2,2,6,2,8,4,3,4,5,8,3,5,8,4,5,4,5,3,1
6,3,1,5,1,3,4,4,1,3,3,2,5,5,3,4,1,1,6,2,1,3,2,6,2,6,2,3,3,5,3,1,5,4,2,5,1,5,1,2,5,5,3,4,4,2,3,2,3,3,2,1,5,2,3,7,2,7,2,2,3,4,4,1,4,2,6,6,3,2,6,1,3,3,3,5,5,3,7,3,2,5,30,3,1,0,2,3,3,1,3,3,3,3,4,3,6,2,3,1,6,3,2,5,3,7,8,2,4,4,1,4,5,6,0,1,3,3,2,5,6,7,4,5,3,5,1,2
2,5,3,1,3,4,2,3,2,1,2,3,3,2,3,5,7,4,3,2,1,4,5,1,4,1,5,4,5,2,3,4,4,6,2,4,1,5,2,6,5,2,3,2,3,4,5,4,2,7,5,3,3,6,4,2,4,2,5,3,2,3,5,6,4,4,6,3,2,9,3,3,5,4,4,5,5,3,7,3,2,5,30,3,1,0,2,3,3,1,3,3,3,3,4,3,6,2,3,1,6,3,2,5,3,7,8,2,4,4,1,4,5,6,0,1,3,3,2,5,6,7,4,5,3,5,1,2
0,5,3,1,3,4,2,3,2,1,2,3,3,2,3,5,7,4,3,2,1,4,5,1,4,1,5,4,5,2,3,4,4,6,2,4,1,5,2,6,5,2,3,2,3,4,5,4,2,7,5,3,3,6,4,2,4,2,5,3,2,3,5,6,4,4,6,3,2,9,3,3,5,4,4,3,2,2,1,7,4,3,3,20,4,1,3,2,7,2,3,1,2,0,5,2,3,3,1,3,5,3,2,4,6,6,1,7,4,3,9,5,5,1,0,2,4,3,7,2,6,3,3,4,1,2,5,5
4,3,2,2,2,3,1,2,3,5,9,6,0,4,6,1,2,3,3,2,2,6,3,5,2,5,4,3,4,1,2,4,3,5,2,1,1,6,2,4,2,2,3,3,4,4,2,10,8,3,1,4,5,5,2,4,6,1,3,1,4,5,5,2,9,5,4,2,3,1,11,6,1,3,6,3,2,2,1,7,4,3,3,20,4,1,3,2,7,2,3,1,2,0,5,2,3,3,1,3,5,3,2,4,6,6,1,7,4,3,9,5,5,1,0,2,4,3,7,2,6,3,3,4,1,2,5,5
4,3,2,2,2,3,1,2,3,5,9,6,0,4,6,1,2,3,3,2,2,6,3,5,2,5,4,3,4,1,2,4,3,5,2,1,1,6,2,4,2,2,3,3,4,4,2,10,8,3,1,4,5,5,2,4,6,1,3,1,4,5,5,2,9,5,4,2,3,1,11,6,1,3,6,2,1,1,4,1,4,2,1,4,12,7,8,1,0,2,3,3,7,6,3,3,5,5,3,2,1,1,1,4,4,3,2,3,2,2,7,1,1,2,4,2,4,1,9,4,2,3,2,3,2,2,6,3
4,5,3,1,6,3,3,3,4,2,1,5,1,4,0,4,3,3,5,4,3,2,6,2,5,2,4,4,3,2,3,3,3,4,7,2,2,3,5,2,6,4,4,8,3,4,5,2,5,5,4,1,2,4,2,4,3,1,2,4,2,3,3,5,2,1,5,6,5,1,4,4,4,3,4,2,1,1,4,1,4,2,1,4,12,7,8,1,0,2,3,3,7,6,3,3,5,5,3,2,1,1,1,4,4,3,2,3,2,2,7,1,1,2,4,2,4,1,9,4,2,3,2,3,2,2,6,3
4,5,3,1,6,3,3,3,4,2,1,5,1,4,0,4,3,3,5,4,3,2,6,2,5,2,4,4,3,2,3,3,3,4,7,2,2,3,5,2,6,4,4,8,3,4,5,2,5,5,4,1,2,4,2,4,3,1,2,4,2,3,3,5,2,1,5,6,5,1,4,4,4,3,4,3,3,8,5,7,1,2,4,2,3,4,6,3,3,9,3,2,2,4,2,3,4,5,1,3,3,3,5,2,1,2,3,3,4,4,4,4,2,1,4,2,3,3,2,3,2,2,4,5,3,3,4,5
4,3,3,5,3,3,2,3,3,3,4,2,4,6,8,5,3,3,3,4,1,4,3,4,2,1,2,2,4,1,4,4,1,0,2,3,3,3,2,3,4,2,4,3,4,5,2,2,1,4,4,2,4,2,3,4,2,3,4,7,3,4,2,8,4,1,2,4,4,2,4,1,3,4,5,3,3,8,5,7,1,2,4,2,3,4,6,3,3,9,3,2,2,4,2,3,4,5,1,3,3,3,5,2,1,2,3,3,4,4,4,4,2,1,4,2,3,3,2,3,2,2,4,5,3,3,4,5
4,3,3,5,3,3,2,3,3,3,4,2,4,6,8,5,3,3,3,4,1,4,3,4,2,1,2,2,4,1,4,4,1,0,2,3,3,3,2,3,4,2,4,3,4,5,2,2,1,4,4,2,4,2,3,4,2,3,4,7,3,4,2,8,4,1,2,4,4,2,4,1,3,4,5,4,9,4,2,22,13,3,1,1,3,0,4,3,4,5,3,2,9,1,3,2,3,3,3,0,3,6,4,7,8,0,4,6,1,3,5,1,4,2,5,2,2,3,3,2,5,1,4,2,6,2,2,3
6,3,6,2,2,3,3,2,5,1,4,4,4,4,5,4,3,6,2,4,11,2,3,3,2,1,2,2,2,4,2,2,4,3,1,5,3,2,4,4,5,0,3,5,2,3,4,3,1,4,6,3,4,2,4,2,2,1,3,4,2,7,3,3,3,2,4,1,3,2,2,6,4,1,3,4,9,4,2,22,13,3,1,1,3,0,4,3,4,5,3,2,9,1,3,2,3,3,3,0,3,6,4,7,8,0,4,6,1,3,5,1,4,2,5,2,2,3,3,2,5,1,4,2,6,2,2,3
6,3,6,2,2,3,3,2,5,1,4,4,4,4,5,4,3,6,2,4,11,2,3,3,2,1,2,2,2,4,2,2,4,3,1,5,3,2,4,4,5,0,3,5,2,3,4,3,1,4,6,3,4,2,4,2,2,1,3,4,2,7,3,3,3,2,4,1,3,2,2,6,4,1,3,4,1,2,2,5,4,2,2,1,7,2,3,4,3,5,1,36,1,1,4,4,4,1,4,3,2,3,2,4,3,4,0,4,5,4,1,5,10,4,2,5,2,4,2,9,2,0,4,1,8,4,3,2
2,2,0,6,0,2,2,1,5,7,2,2,7,2,3,9,2,6,4,4,2,1,2,7,4,3,5,2,4,4,9,3,4,4,2,3,1,4,1,4,1,6,2,4,2,3,6,5,0,1,6,3,6,3,3,4,4,5,2,2,5,3,4,5,1,7,3,5,1,3,4,6,4,1,5,4,1,2,2,5,4,2,2,1,7,2,3,4,3,5,1,36,1,1,4,4,4,1,4,3,2,3,2,4,3,4,0,4,5,4,1,5,10,4,2,5,2,4,2,9,2,0,4,1,8,4,3,2
2,2,0,6,0,2,2,1,5,7,2,2,7,2,3,9,2,6,4,4,2,1,2,7,4,3,5,2,4,4,9,3,4,4,2,3,1,4,1,4,1,6,2,4,2,3,6,5,0,1,6,3,6,3,3,4,4,5,2,2,5,3,4,5,1,7,3,5,1,3,4,6,4,1,5,2,2,3,1,7,1,5,2,2,24,3,2,3,4,4,1,6,2,7,4,2,2,4,2,11,3,4,2,3,3,8,1,4,4,5,3,2,1,2,5,6,4,5,2,1,2,2,6,2,6,7,7,6
1,2,4,2,5,5,6,3,4,1,3,3,2,3,4,7,2,3,4,2,6,1,3,2,3,1,2,0,2,7,2,5,2,2,3,2,2,3,1,4,3,6,5,4,8,4,1,3,6,10,2,2,1,1,1,7,6,4,1,4,4,4,2,3,1,4,2,1,3,4,1,1,3,3,3,2,2,3,1,7,1,5,2,2,24,3,2,3,4,4,1,6,2,7,4,2,2,4,2,11,3,4,2,3,3,8,1,4,4,5,3,2,1,2,5,6,4,5,2,1,2,2,6,2,6,7,7,6
1,2,4,2,5,5,6,3,4,1,3,3,2,3,4,7,2,3,4,2,6,1,3,2,3,1,2,0,2,7,2,5,2,2,3,2,2,3,1,4,3,6,5,4,8,4,1,3,6,10,2,2,1,1,1,7,6,4,1,4,4,4,2,3,1,4,2,1,3,4,1,1,3,3,3,2,4,6,3,3,6,3,2,1,5,8,4,3,6,7,3,28,1,1,1,2,1,1,3,7,3,2,4,6,4,1,2,3,2,2,7,4,3,5,6,2,4,5,3,4,1,4,3,5,1,4,5,2
2,3,3,5,3,7,5,4,2,5,3,3,6,1,3,1,4,5,3,6,6,5,7,4,3,2,4,1,5,4,3,6,3,2,4,5,2,4,2,5,2,2,8,5,6,2,2,1,6,3,3,3,2,5,2,3,3,4,6,5,2,2,4,2,7,3,2,5,5,2,5,3,3,3,3,2,4,6,3,3,6,3,2,1,5,8,4,3,6,7,3,28,1,1,1,2,1,1,3,7,3,2,4,6,4,1,2,3,2,2,7,4,3,5,6,2,4,5,3,4,1,4,3,5,1,4,5,2
2,3,3,5,3,7,5,4,2,5,3,3,6,1,3,1,4,5,3,6,6,5,7,4,3,2,4,1,5,4,3,6,3,2,4,5,2,4,2,5,2,2,8,5,6,2,2,1,6,3,3,3,2,5,2,3,3,4,6,5,2,2,4,2,7,3,2,5,5,2,5,3,3,3,3,2,8,1,2,4,3,0,2,1,2,2,5,2,1,2,6,1,11,6,2,5,4,1,6,7,5,4,2,3,6,3,4,5,3,5,4,5,1,3,1,5,2,2,4,3,1,2,3,2,3,2,6,1
1,4,2,1,4,2,2,2,4,3,3,1,4,4,3,4,5,2,2,2,6,5,1,1,6,3,1,5,3,3,4,3,3,2,7,2,3,3,2,1,3,6,1,3,5,3,1,7,3,1,6,3,4,2,4,4,7,6,3,4,5,3,3,0,4,3,1,3,2,4,2,3,5,2,2,2,8,1,2,4,3,0,2,1,2,2,5,2,1,2,6,1,11,6,2,5,4,1,6,7,5,4,2,3,6,3,4,5,3,5,4,5,1,3,1,5,2,2,4,3,1,2,3,2,3,2,6,1
1,4,2,1,4,2,2,2,4,3,3,1,4,4,3,4,5,2,2,2,6,5,1,1,6,3,1,5,3,3,4,3,3,2,7,2,3,3,2,1,3,6,1,3,5,3,1,7,3,1,6,3,4,2,4,4,7,6,3,4,5,3,3,0,4,3,1,3,2,4,2,3,5,2,2,7,1,4,7,3,5,2,3,2,4,0,6,4,0,5,30,0,6,5,5,2,1,6,5,5,4,2,1,4,0,4,5,5,2,2,6,8,3,4,3,4,3,2,5,4,3,2,5,4,4,5,4,3
1,3,4,2,2,2,7,1,89,0,0,1,1,1,1,2,1,3,6,6,4,2,2,2,5,3,6,5,2,2,4,4,4,3,4,1,3,2,11,4,2,2,0,5,3,6,0,2,2,0,9,2,6,0,2,10,1,6,4,1,4,2,5,5,4,2,3,3,2,3,7,7,3,2,2,7,1,4,7,3,5,2,3,2,4,0,6,4,0,5,30,0,6,5,5,2,1,6,5,5,4,2,1,4,0,4,5,5,2,2,6,8,3,4,3,4,3,2,5,4,3,2,5,4,4,5,4,3
4,3,4,2,2,2,7,1,89,0,0,1,1,1,1,2,1,3,6,6,4,2,2,2,5,3,6,5,2,2,4,4,4,3,4,1,3,2,11,4,2,2,0,5,3,6,0,2,2,0,9,2,6,0,2,10,1,6,4,1,4,2,5,5,4,2,3,3,2,3,7,7,3,2,2,3,7,4,5,1,2,2,4,5,4,7,0,3,1,30,0,2,1,3,0,2,1,2,0,3,3,2,2,2,3,3,8,5,2,2,3,4,3,5,3,4,4,4,1,3,2,1,3,2,3,1,5,3
0,2,1,5,6,7,9,2,3,5,2,1,3,1,7,5,1,3,3,6,4,5,2,2,5,4,3,3,3,2,1,1,3,3,2,2,4,4,5,3,6,1,2,6,2,3,3,5,6,2,3,4,2,3,4,2,2,4,2,6,2,4,2,5,2,2,3,12,4,3,8,1,6,5,0,1,5,2,2,5,5,7,3,3,6,8,3,3,2,3,7,1,27,8,3,0,2,2,2,3,3,3,3,5,2,2,4,1,1,4,4,2,3,2,5,2,5,4,2,1,2,4,4,1,9,3,3,1
0,2,1,5,6,7,9,2,3,5,2,1,3,1,7,5,1,3,3,6,4,5,2,2,5,4,3,3,3,2,1,1,3,3,2,2,4,4,5,3,6,1,2,6,2,3,3,5,6,2,3,4,2,3,4,2,2,4,2,6,2,4,2,5,2,2,3,12,4,3,8,1,6,5,4,6,3,5,2,1,3,5,4,4,1,7,4,2,5,25,6,0,0,3,1,11,1,0,2,2,6,2,2,7,0,6,4,3,2,9,2,4,5,2,4,4,5,0,3,0,4,2,2,6,7,18,1,3
3,5,1,1,6,3,2,3,4,7,5,4,1,4,2,2,1,5,2,4,4,5,2,4,4,4,1,1,7,1,5,6,4,5,6,4,2,0,2,2,1,4,3,4,2,4,2,1,2,4,6,2,4,3,8,3,5,3,2,2,1,5,3,2,4,2,5,5,3,1,6,4,5,12,1,6,3,5,2,1,3,5,4,4,1,7,4,2,5,25,6,0,0,3,1,11,1,0,2,2,6,2,2,7,0,6,4,3,2,9,2,4,5,2,4,4,5,0,3,0,4,2,2,6,7,18,1,3
3,5,1,1,6,3,2,3,4,7,5,4,1,4,2,2,1,5,2,4,4,5,2,4,4,4,1,1,7,1,5,6,4,5,6,4,2,0,2,2,1,4,3,4,2,4,2,1,2,4,6,2,4,3,8,3,5,3,2,2,1,5,3,2,4,2,5,5,3,1,6,4,5,12,1,4,3,3,1,2,6,9,3,1,1,4,3,4,3,29,0,4,7,1,1,3,3,1,3,3,2,2,4,2,2,1,3,5,4,4,3,3,3,4,1,4,4,2,3,3,3,4,2,3,3,1,3,7
4,4,4,3,3,2,5,1,8,4,6,2,2,3,4,6,2,5,2,6,2,6,4,2,2,3,1,4,2,3,3,1,3,3,4,4,4,5,3,4,6,3,1,6,4,3,5,3,5,5,5,2,4,6,10,1,1,5,7,2,3,4,5,2,6,3,2,3,4,2,1,7,3,5,2,4,3,3,1,2,6,9,3,1,1,4,3,4,3,29,0,4,7,1,1,3,3,1,3,3,2,2,4,2,2,1,3,5,4,4,3,3,3,4,1,4,4,2,3,3,3,4,2,3,3,1,3,7
4,4,4,3,3,2,5,1,8,4,6,2,2,3,4,6,2,5,2,6,2,6,4,2,2,3,1,4,2,3,3,1,3,3,4,4,4,5,3,4,6,3,1,6,4,3,5,3,5,5,5,2,4,6,10,1,1,5,7,2,3,4,5,2,6,3,2,3,4,2,1,7,3,5,2,1,2,4,3,3,2,9,5,6,6,4,6,1,4,3,2,22,2,5,4,1,1,3,4,2,1,4,1,2,1,4,2,8,6,4,3,5,2,2,2,2,5,6,2,2,4,3,3,2,3,3,5,2
1,1,6,3,4,1,7,0,1,6,2,5,2,8,4,4,4,7,4,8,4,2,1,4,7,3,3,6,4,6,1,2,6,4,3,4,1,7,1,0,2,4,3,3,9,2,3,4,4,1,8,5,8,5,6,2,4,5,6,2,5,2,6,2,3,4,3,7,3,3,7,6,2,3,3,1,2,4,3,3,2,9,5,6,6,4,6,1,4,3,2,22,2,5,4,1,1,3,4,2,1,4,1,2,1,4,2,8,6,4,3,5,2,2,2,2,5,6,2,2,4,3,3,2,3,3,5,2
1,1,6,3,4,1,7,0,1,6,2,5,2,8,4,4,4,7,4,8,4,2,1,4,7,3,3,6,4,6,1,2,6,4,3,4,1,7,1,0,2,4,3,3,9,2,3,4,4,1,8,5,8,5,6,2,4,5,6,2,5,2,6,2,3,4,3,7,3,3,7,6,2,3,3,5,1,3,8,2,3,2,4,2,7,4,3,2,2,3,8,2,2,3,15,4,9,1,2,0,3,1,2,6,4,6,3,6,3,3,1,4,5,1,2,4,3,2,5,7,3,5,1,2,2,2,9,4
5,2,3,3,3,5,2,2,10,3,2,2,2,3,6,6,4,1,3,3,1,4,5,4,4,4,3,2,3,1,3,2,4,5,3,4,4,3,2,3,3,4,7,4,5,5,2,2,3,2,1,3,2,5,1,6,1,2,3,2,3,4,2,3,6,3,5,2,2,9,2,1,2,2,5,5,1,3,8,2,3,2,4,2,7,4,3,2,2,3,8,2,2,3,15,4,9,1,2,0,3,1,2,6,4,6,3,6,3,3,1,4,5,1,2,4,3,2,5,7,3,5,1,2,2,2,9,4
5,2,3,3,3,5,2,2,10,3,2,2,2,3,6,6,4,1,3,3,1,4,5,4,4,4,3,2,3,1,3,2,4,5,3,4,4,3,2,3,3,4,7,4,5,5,2,2,3,2,1,3,2,5,1,6,1,2,3,2,3,4,2,3,6,3,5,2,2,9,2,1,2,2,5,6,3,3,7,4,2,4,5,6,4,5,2,3,2,3,5,22,1,2,4,1,1,1,2,3,3,4,4,2,4,3,4,2,4,2,3,7,0,4,3,4,4,5,3,3,1,2,3,3,3,7,2,3
2,7,6,0,4,4,9,2,4,6,2,1,6,4,3,3,2,5,2,1,4,3,2,5,5,5,3,4,4,3,6,4,5,2,3,3,3,7,3,0,7,1,5,3,1,3,6,4,1,6,0,3,4,3,2,5,3,2,4,5,4,1,3,4,3,1,2,2,3,3,6,3,3,4,5,6,3,3,7,4,2,4,5,6,4,5,2,3,2,3,5,22,1,2,4,1,1,1,2,3,3,4,4,2,4,3,4,2,4,2,3,7,0,4,3,4,4,5,3,3,1,2,3,3,3,7,2,3
2,7,6,0,4,4,9,2,4,6,2,1,6,4,3,3,2,5,2,1,4,3,2,5,5,5,3,4,4,3,6,4,5,2,3,3,3,7,3,0,7,1,5,3,1,3,6,4,1,6,0,3,4,3,2,5,3,2,4,5,4,1,3,4,3,1,2,2,3,3,6,3,3,4,5,4,1,2,7,7,2,4,2,4,1,4,5,2,4,2,5,25,3,1,1,3,5,4,4,4,3,5,1,0,3,1,5,6,3,2,3,4,4,1,7,0,6,2,2,4,4,2,4,2,5,2,4,5
2,3,3,2,2,4,8,4,3,2,3,3,9,6,1,2,8,1,2,2,6,4,10,2,2,4,3,4,3,5,3,2,5,4,1,3,5,4,5,5,5,7,2,6,3,4,2,4,5,3,4,3,1,7,2,1,2,3,3,5,2,1,3,4,4,6,3,3,1,1,5,4,2,4,3,4,1,2,7,7,2,4,2,4,1,4,5,2,4,2,5,25,3,1,1,3,5,4,4,4,3,5,1,0,3,1,5,6,3,2,3,4,4,1,7,0,6,2,2,4,4,2,4,2,5,2,4,5
4,3,3,2,2,4,8,4,3,2,3,3,9,6,1,2,8,1,2,2,6,4,10,2,2,4,3,4,3,5,3,2,5,4,1,3,5,4,5,5,5,7,2,6,3,4,2,4,5,3,4,3,1,7,2,1,2,3,3,5,2,1,3,4,4,6,3,3,1,1,5,4,2,4,3,3,1,7,2,4,6,3,7,12,4,5,0,6,2,5,3,1,33,20,0,9,0,0,3,2,2,3,11,5,8,3,2,2,2,3,4,7,3,5,4,0,4,5,1,5,1,4,3,3,3,5,5,2
4,2,4,4,4,3,5,4,2,2,4,3,3,4,2,3,3,4,2,3,8,5,1,2,6,4,3,2,4,1,4,6,2,4,2,3,6,4,4,7,2,3,4,3,6,1,2,3,2,6,1,3,1,2,2,6,3,5,4,3,4,3,2,4,7,3,4,1,6,1,3,1,2,1,3,3,1,7,2,4,6,3,7,12,4,5,0,6,2,5,3,1,33,20,0,9,0,0,3,2,2,3,11,5,8,3,2,2,2,3,4,7,3,5,4,0,4,5,1,5,1,4,3,3,3,5,5,2
2,2,4,4,4,3,5,4,2,2,4,3,3,4,2,3,3,4,2,3,8,5,1,2,6,4,3,2,4,1,4,6,2,4,2,3,6,4,4,7,2,3,4,3,6,1,2,3,2,6,1,3,1,2,2,6,3,5,4,3,4,3,2,4,7,3,4,1,6,1,3,1,2,1,3,1,7,2,8,6,0,7,6,3,2,1,2,26,7,3,3,3,2,6,5,8,4,7,4,2,4,3,3,4,5,3,3,1,1,3,3,3,4,3,3,4,5,3,2,5,1,2,4,4,4,10,3,2
2,2,3,3,2,2,1,4,5,5,3,5,5,12,5,3,3,5,2,4,2,4,3,7,1,1,3,7,6,4,4,3,3,2,3,3,3,2,3,5,2,5,0,2,5,5,5,5,3,0,4,4,3,2,3,2,5,1,3,3,1,1,4,2,4,2,3,4,5,4,7,3,1,4,1,1,7,2,8,6,0,7,6,3,2,1,2,26,7,3,3,3,2,6,5,8,4,7,4,2,4,3,3,4,5,3,3,1,1,3,3,3,4,3,3,4,5,3,2,5,1,2,4,4,4,10,3,2
3,2,3,3,2,2,1,4,5,5,3,5,5,12,5,3,3,5,2,4,2,4,3,7,1,1,3,7,6,4,4,3,3,2,3,3,3,2,3,5,2,5,0,2,5,5,5,5,3,0,4,4,3,2,3,2,5,1,3,3,1,1,4,2,4,2,3,4,5,4,7,3,1,4,1,4,3,5,2,4,2,3,4,2,1,7,5,4,3,4,3,39,30,1,1,1,4,0,1,3,4,4,2,2,3,1,4,2,2,2,2,5,7,3,5,3,4,4,2,3,7,6,6,3,1,3,1,4
3,3,2,1,3,5,4,7,4,1,1,5,5,4,7,3,3,3,2,4,4,2,1,4,4,2,3,1,2,6,3,4,4,2,3,5,1,2,9,2,4,4,6,3,2,8,0,3,4,6,6,3,3,4,5,3,6,7,6,1,4,2,4,3,7,1,7,2,2,1,2,4,3,7,9,4,3,5,2,4,2,3,4,2,1,7,5,4,3,4,3,39,30,1,1,1,4,0,1,3,4,4,2,2,3,1,4,2,2,2,2,5,7,3,5,3,4,4,2,3,7,6,6,3,1,3,1,4
2,3,2,1,3,5,4,7,4,1,1,5,5,4,7,3,3,3,2,4,4,2,1,4,4,2,3,1,2,6,3,4,4,2,3,5,1,2,9,2,4,4,6,3,2,8,0,3,4,6,6,3,3,4,5,3,6,7,6,1,4,2,4,3,7,1,7,2,2,1,2,4,3,7,9,9,3,4,5,5,3,26,13,2,0,4,2,6,6,0,2,6,2,2,3,4,6,4,6,1,3,1,11,5,2,8,2,3,7,5,3,2,3,2,4,3,0,6,3,6,2,2,5,2,7,2,7,1
5,7,3,4,7,1,4,2,2,2,1,2,5,3,4,6,6,3,6,1,3,1,2,7,2,4,3,1,6,2,3,4,2,3,2,4,3,5,10,2,3,5,1,9,2,3,0,4,5,2,4,1,6,5,3,6,4,3,6,1,6,5,18,3,7,2,4,7,5,2,2,3,2,5,9,9,3,4,5,5,3,26,13,2,0,4,2,6,6,0,2,6,2,2,3,4,6,4,6,1,3,1,11,5,2,8,2,3,7,5,3,2,3,2,4,3,0,6,3,6,2,2,5,2,7,2,7,1
5,7,3,4,7,1,4,2,2,2,1,2,5,3,4,6,6,3,6,1,3,1,2,7,2,4,3,1,6,2,3,4,2,3,2,4,3,5,10,2,3,5,1,9,2,3,0,4,5,2,4,1,6,5,3,6,4,3,6,1,6,5,18,3,7,2,4,7,5,2,2,3,2,5,4,6,0,4,1,6,3,4,2,6,3,0,3,5,30,18,0,1,0,5,3,5,3,0,4,2,9,4,3,3,1,4,2,3,4,2,4,7,4,2,2,7,5,5,3,4,4,5,5,3,2,2,1,1
5,4,6,4,4,2,8,2,3,1,3,2,4,3,2,4,5,4,5,3,3,3,4,2,4,3,3,4,4,2,2,6,3,4,2,1,4,5,2,4,12,2,4,3,5,3,3,2,2,6,4,3,1,5,3,1,2,1,2,2,0,4,7,7,3,6,6,3,3,6,3,4,5,2,4,6,0,4,1,6,3,4,2,6,3,0,3,5,30,18,0,1,0,5,3,5,3,0,4,2,9,4,3,3,1,4,2,3,4,2,4,7,4,2,2,7,5,5,3,4,4,5,5,3,2,2,1,1
5,4,6,4,4,2,8,2,3,1,3,2,4,3,2,4,5,4,5,3,3,3,4,2,4,3,3,4,4,2,2,6,3,4,2,1,4,5,2,4,12,2,4,3,5,3,3,2,2,6,4,3,1,5,3,1,2,1,2,2,0,4,7,7,3,6,6,3,3,6,3,4,5,2,4,7,2,1,5,2,3,4,3,4,3,1,2,2,5,5,3,5,27,0,2,3,6,1,3,3,2,6,9,3,5,1,7,4,3,3,1,5,4,2,3,4,2,1,5,1,6,3,4,5,2,2,2,2
4,6,2,1,1,3,6,4,1,2,4,1,8,3,2,1,3,5,5,4,2,1,0,3,6,4,3,3,3,3,3,4,2,2,2,2,4,2,4,3,7,3,2,1,0,3,6,5,2,3,7,0,5,2,7,7,1,8,4,1,2,2,4,2,1,1,6,5,4,5,2,4,1,5,2,7,2,1,5,2,3,4,3,4,3,1,2,2,5,5,3,5,27,0,2,3,6,1,3,3,2,6,9,3,5,1,7,4,3,3,1,5,4,2,3,4,2,1,5,1,6,3,4,5,2,2,2,2
7,6,2,1,1,3,6,4,1,2,4,1,8,3,2,1,3,5,5,4,2,1,0,3,6,4,3,3,3,3,3,4,2,2,2,2,4,2,4,3,7,3,2,1,0,3,6,5,2,3,7,0,5,2,7,7,1,8,4,1,2,2,4,2,1,1,6,5,4,5,2,4,1,5,2,2,3,2,1,3,3,4,5,7,5,4,3,3,4,6,4,4,3,2,7,25,1,5,3,4,4,2,7,1,3,4,2,7,6,7,6,2,2,1,6,1,5,3,2,1,5,5,2,3,4,5,2,4
7,3,4,12,2,4,2,2,2,7,4,4,5,5,0,7,4,0,4,4,4,1,4,3,1,3,6,6,2,2,3,4,2,3,3,2,4,3,6,7,4,0,5,2,2,8,4,1,3,5,2,2,6,7,5,3,3,5,11,6,2,4,1,8,3,2,5,2,1,2,3,4,3,3,4,2,3,2,1,3,3,4,5,7,5,4,3,3,4,6,4,4,3,2,7,25,1,5,3,4,4,2,7,1,3,4,2,7,6,7,6,2,2,1,6,1,5,3,2,1,5,5,2,3,4,5,2,4
1,3,4,12,2,4,2,2,2,7,4,4,5,5,0,7,4,0,4,4,4,1,4,3,1,3,6,6,2,2,3,4,2,3,3,2,4,3,6,7,4,0,5,2,2,8,4,1,3,5,2,2,6,7,5,3,3,5,11,6,2,4,1,8,3,2,5,2,1,2,3,4,3,3,4,4,3,2,3,2,4,4,2,4,1,2,4,4,3,5,6,6,7,5,25,1,1,4,1,4,2,1,1,5,3,2,3,7,7,2,6,6,4,1,7,3,1,3,3,5,4,7,2,7,7,1,1,8
1,7,2,8,4,3,5,2,8,7,3,3,3,2,5,1,0,3,3,2,0,2,3,0,5,2,6,6,7,4,8,5,0,1,4,4,4,2,1,2,4,2,3,3,2,2,5,2,1,5,4,0,3,3,3,4,1,1,3,2,5,2,5,3,5,4,3,4,1,6,22,3,2,1,2,4,3,2,3,2,4,4,2,4,1,2,4,4,3,5,6,6,7,5,25,1,1,4,1,4,2,1,1,5,3,2,3,7,7,2,6,6,4,1,7,3,1,3,3,5,4,7,2,7,7,1,1,8
1,7,2,8,4,3,5,2,8,7,3,3,3,2,5,1,0,3,3,2,0,2,3,0,5,2,6,6,7,4,8,5,0,1,4,4,4,2,1,2,4,2,3,3,2,2,5,2,1,5,4,0,3,3,3,4,1,1,3,2,5,2,5,3,5,4,3,4,1,6,22,3,2,1,1,3,1,4,3,2,4,6,1,2,4,6,2,1,3,9,6,5,2,9,4,6,2,2,5,6,4,2,3,1,3,6,4,2,3,7,9,5,3,7,9,0,2,3,4,1,1,5,3,3,23,6,2,7
1,4,5,2,6,4,4,1,2,6,3,3,5,4,1,7,7,2,2,8,1,6,3,5,2,2,3,3,2,3,1,5,2,4,4,3,2,4,3,4,8,3,3,1,1,6,3,2,3,2,4,1,0,3,3,4,2,5,4,2,6,2,3,2,3,5,3,9,1,6,3,4,3,1,9,3,1,4,3,2,4,6,1,2,4,6,2,1,3,9,6,5,2,9,4,6,2,2,5,6,4,2,3,1,3,6,4,2,3,7,9,5,3,7,9,0,2,3,4,1,1,5,3,3,23,6,2,7
1,4,5,2,6,4,4,1,2,6,3,3,5,4,1,7,7,2,2,8,1,6,3,5,2,2,3,3,2,3,1,5,2,4,4,3,2,4,3,4,8,3,3,1,1,6,3,2,3,2,4,1,0,3,3,4,2,5,4,2,6,2,3,2,3,5,3,9,1,6,3,4,3,1,9,6,1,1,5,4,3,3,2,6,3,17,4,6,1,7,2,3,4,2,6,2,5,2,5,2,3,1,4,2,3,3,1,6,5,6,3,6,6,2,2,2,8,0,5,3,2,5,3,2,7,5,6,1
5,2,1,1,3,2,2,4,2,1,3,2,3,9,6,0,4,5,8,2,3,3,3,2,2,0,4,3,2,2,3,2,2,7,3,5,2,0,3,5,3,3,4,1,4,3,3,2,4,5,1,4,0,2,2,5,2,7,2,6,4,3,4,3,3,5,25,1,0,6,2,2,2,6,3,6,1,1,5,4,3,3,2,6,3,17,4,6,1,7,2,3,4,2,6,2,5,2,5,2,3,1,4,2,3,3,1,6,5,6,3,6,6,2,2,2,8,0,5,3,2,5,3,2,7,5,6,1
5,2,1,1,3,2,2,4,2,1,3,2,3,9,6,0,4,5,8,2,3,3,3,2,2,0,4,3,2,2,3,2,2,7,3,5,2,0,3,5,3,3,4,1,4,3,3,2,4,5,1,4,0,2,2,5,2,7,2,6,4,3,4,3,3,5,25,1,0,6,2,2,2,6,3,3,4,3,2,6,9,25,5,1,6,3,2,1,3,4,4,3,3,2,1,2,3,2,5,4,4,5,3,4,4,2,7,5,3,1,5,4,4,1,4,5,2,3,3,1,4,4,2,3,2,2,3,6
5,4,1,4,3,2,6,2,1,2,4,1,3,10,2,2,3,3,5,3,2,7,4,5,4,8,2,2,4,3,5,2,4,0,3,4,3,4,6,3,2,4,4,3,9,3,2,4,1,6,4,5,3,4,2,4,6,5,3,2,2,3,3,3,2,1,2,4,4,3,1,9,2,3,2,3,4,3,2,6,9,25,5,1,6,3,2,1,3,4,4,3,3,2,1,2,3,2,5,4,4,5,3,4,4,2,7,5,3,1,5,4,4,1,4,5,2,3,3,1,4,4,2,3,2,2,3,6
5,4,1,4,3,2,6,2,1,2,4,1,3,10,2,2,3,3,5,3,2,7,4,5,4,8,2,2,4,3,5,2,4,0,3,4,3,4,6,3,2,4,4,3,9,3,2,4,1,6,4,5,3,4,2,4,6,5,3,2,2,3,3,3,2,1,2,4,4,3,1,9,2,3,2,2,5,2,2,6,18,3,2,2,1,1,3,8,2,2,5,4,1,1,7,4,0,7,3,3,4,2,2,4,3,1,3,4,5,1,4,6,2,8,3,2,1,5,9,5,1,1,3,4,3,5,3,3
5,6,6,1,5,3,4,1,2,6,1,5,1,4,3,2,1,2,5,3,4,5,2,5,2,3,2,4,5,7,3,1,8,6,2,8,2,3,2,4,2,5,3,2,6,5,2,2,2,4,5,4,5,2,5,6,5,1,5,4,2,4,8,6,4,2,2,4,4,4,2,3,4,3,4,7,5,2,2,6,18,3,2,2,1,1,3,8,2,2,5,4,1,1,7,4,0,7,3,3,4,2,2,4,3,1,3,4,5,1,4,6,2,8,3,2,1,5,9,5,1,1,3,4,3,5,3,3
3,6,6,1,5,3,4,1,2,6,1,5,1,4,3,2,1,2,5,3,4,5,2,5,2,3,2,4,5,7,3,1,8,6,2,8,2,3,2,4,2,5,3,2,6,5,2,2,2,4,5,4,5,2,5,6,5,1,5,4,2,4,8,6,4,2,2,4,4,4,2,3,4,3,4,7,3,2,6,1,4,3,5,3,1,1,4,2,6,5,4,4,5,5,2,18,5,1,0,2,4,2,1,2,1,4,3,5,1,5,2,3,2,3,4,4,3,2,4,5,4,1,4,1,5,3,2,1
0,4,3,3,6,0,2,6,5,2,2,5,3,3,3,6,3,3,2,1,5,5,10,2,1,8,1,3,6,3,3,4,4,7,5,6,1,4,3,2,4,1,8,1,2,2,7,4,3,5,8,3,3,0,3,6,1,4,5,2,4,4,5,6,1,4,1,4,6,7,5,4,2,1,7,7,3,2,6,1,4,3,5,3,1,1,4,2,6,5,4,4,5,5,2,18,5,1,0,2,4,2,1,2,1,4,3,5,1,5,2,3,2,3,4,4,3,2,4,5,4,1,4,1,5,3,2,1
0,4,3,3,6,0,2,6,5,2,2,5,3,3,3,6,3,3,2,1,5,5,10,2,1,8,1,3,6,3,3,4,4,7,5,6,1,4,3,2,4,1,8,1,2,2,7,4,3,5,8,3,3,0,3,6,1,4,5,2,4,4,5,6,1,4,1,4,6,7,5,4,2,1,7,6,2,3,3,4,3,3,3,3,2,2,6,4,0,3,4,3,31,2,0,3,0,1,8,5,5,2,5,2,4,4,5,5,3,5,4,6,1,3,2,3,1,2,7,3,7,6,4,2,4,4,6,5
3,6,3,6,3,7,1,4,3,3,2,2,4,7,3,4,1,3,2,6,6,3,3,7,4,2,2,3,2,6,3,1,4,3,4,4,0,3,5,4,3,9,2,7,3,0,1,9,2,5,3,8,3,4,3,4,1,2,2,2,3,4,3,3,3,2,3,8,3,1,2,6,2,7,7,6,2,3,3,4,3,3,3,3,2,2,6,4,0,3,4,3,31,2,0,3,0,1,8,5,5,2,5,2,4,4,5,5,3,5,4,6,1,3,2,3,1,2,7,3,7,6,4,2,4,4,6,5
3,6,3,6,3,7,1,4,3,3,2,2,4,7,3,4,1,3,2,6,6,3,3,7,4,2,2,3,2,6,3,1,4,3,4,4,0,3,5,4,3,9,2,7,3,0,1,9,2,5,3,8,3,4,3,4,1,2,2,2,3,4,3,3,3,2,3,8,3,1,2,6,2,7,2,2,4,2,2,4,15,3,5,2,1,3,5,1,6,8,4,1,9,4,2,2,3,3,3,3,6,6,0,3,7,3,6,6,2,3,2,1,6,2,3,5,2,2,7,1,6,4,1,0,2,3,0,2
5,4,3,7,2,4,3,3,3,6,3,4,6,3,9,11,6,2,5,3,2,5,4,2,2,4,3,7,6,2,4,4,2,1,2,1,1,3,2,2,3,5,3,3,4,3,3,8,4,2,4,0,2,1,4,4,2,0,4,4,2,1,2,3,2,7,2,1,28,3,6,6,1,0,3,1,4,2,2,4,15,3,5,2,1,3,5,1,6,8,4,1,9,4,2,2,3,3,3,3,6,6,0,3,7,3,6,6,2,3,2,1,6,2,3,5,2,2,7,1,6,4,1,0,2,3,0,2
5,4,3,7,2,4,3,3,3,6,3,4,6,3,9,11,6,2,5,3,2,5,4,2,2,4,3,7,6,2,4,4,2,1,2,1,1,3,2,2,3,5,3,3,4,3,3,8,4,2,4,0,2,1,4,4,2,0,4,4,2,1,2,3,2,7,2,1,28,3,6,6,1,0,3,0,3,3,3,2,1,3,3,2,5,2,5,2,3,1,5,2,32,4,2,3,1,2,4,5,3,4,4,5,2,6,3,2,2,1,4,5,3,2,7,2,4,4,5,4,1,3,3,6,5,1,5,2
4,2,1,3,3,4,1,5,1,3,3,1,3,3,6,5,0,2,5,3,2,6,2,4,6,4,2,5,2,2,4,7,3,6,1,1,5,4,1,2,4,1,2,4,1,4,6,1,3,5,7,3,1,6,2,5,4,2,2,3,2,4,2,4,4,2,7,5,5,6,1,7,1,3,11,0,3,3,3,2,1,3,3,2,5,2,5,2,3,1,5,2,32,4,2,3,1,2,4,5,3,4,4,5,2,6,3,2,2,1,4,5,3,2,7,2,4,4,5,4,1,3,3,6,5,1,5,2
4,2,1,3,3,4,1,5,1,3,3,1,3,3,6,5,0,2,5,3,2,6,2,4,6,4,2,5,2,2,4,7,3,6,1,1,5,4,1,2,4,1,2,4,1,4,6,1,3,5,7,3,1,6,2,5,4,2,2,3,2,4,2,4,4,2,7,5,5,6,1,7,1,3,11,3,6,2,5,5,4,19,10,0,2,0,3,3,5,1,3,2,2,7,1,4,2,2,2,2,9,7,1,6,3,2,3,4,7,4,5,2,4,2,3,4,3,4,2,4,2,5,2,1,7,4,4,4
8,2,3,2,2,2,7,1,2,3,7,1,6,2,3,2,3,2,4,3,0,5,3,2,1,3,3,5,2,3,2,6,3,7,2,1,2,5,1,3,6,3,2,4,4,4,9,3,0,3,3,3,3,4,1,3,2,2,4,2,3,2,5,4,1,6,7,3,3,2,1,2,2,2,5,3,6,2,5,5,4,19,10,0,2,0,3,3,5,1,3,2,2,7,1,4,2,2,2,2,9,7,1,6,3,2,3,4,7,4,5,2,4,2,3,4,3,4,2,4,2,5,2,1,7,4,4,4
8,2,3,2,2,2,7,1,2,3,7,1,6,2,3,2,3,2,4,3,0,5,3,2,1,3,3,5,2,3,2,6,3,7,2,1,2,5,1,3,6,3,2,4,4,4,9,3,0,3,3,3,3,4,1,3,2,2,4,2,3,2,5,4,1,6,7,3,3,2,1,2,2,2,5,4,1,2,2,2,2,5,5,23,19,0,4,2,6,1,4,1,3,5,2,7,4,1,3,4,2,4,4,1,2,3,3,1,3,5,2,3,3,2,8,5,12,6,3,4,3,3,6,0,2,3,1,5
4,2,2,6,1,5,1,3,2,1,2,1,4,5,6,7,2,1,3,5,0,7,4,1,5,2,3,5,4,2,3,1,4,5,3,1,2,1,7,2,4,2,3,0,5,6,1,1,2,6,2,2,3,3,7,1,3,3,5,2,2,3,7,3,2,7,2,3,1,4,5,6,2,2,1,4,1,2,2,2,2,5,5,23,19,0,4,2,6,1,4,1,3,5,2,7,4,1,3,4,2,4,4,1,2,3,3,1,3,5,2,3,3,2,8,5,12,6,3,4,3,3,6,0,2,3,1,5
4,2,2,6,1,5,1,3,2,1,2,1,4,5,6,7,2,1,3,5,0,7,4,1,5,2,3,5,4,2,3,1,4,5,3,1,2,1,7,2,4,2,3,0,5,6,1,1,2,6,2,2,3,3,7,1,3,3,5,2,2,3,7,3,2,7,2,3,1,4,5,6,2,2,1,5,5,5,4,7,4,5,3,5,6,7,5,4,8,1,5,1,4,5,1,4,25,5,2,2,2,6,3,0,7,1,2,2,10,3,5,5,2,4,3,2,1,3,5,1,3,6,4,5,4,3,0,1
4,4,3,2,2,2,4,2,3,3,5,1,3,5,1,3,5,3,2,4,5,5,3,3,1,3,3,3,2,4,6,5,3,2,4,1,4,5,6,4,4,2,4,2,2,3,5,6,2,1,4,3,2,2,5,4,4,2,3,3,2,4,6,1,3,6,3,5,2,3,5,2,2,4,4,5,5,5,4,7,4,5,3,5,6,7,5,4,8,1,5,1,4,5,1,4,25,5,2,2,2,6,3,0,7,1,2,2,10,3,5,5,2,4,3,2,1,3,5,1,3,6,4,5,4,3,0,1
4,4,3,2,2,2,4,2,3,3,5,1,3,5,1,3,5,3,2,4,5,5,3,3,1,3,3,3,2,4,6,5,3,2,4,1,4,5,6,4,4,2,4,2,2,3,5,6,2,1,4,3,2,2,5,4,4,2,3,3,2,4,6,1,3,6,3,5,2,3,5,2,2,4,4,2,4,4,22,1,5,2,2,4,3,5,4,2,1,3,6,7,2,1,5,3,1,5,4,0,0,1,0,3,4,5,7,6,5,3,3,0,1,2,2,3,4,7,4,2,1,6,5,4,3,4,3,3
4,4,3,4,0,7,3,3,16,2,2,4,6,3,1,4,6,1,4,3,1,3,4,2,2,2,2,1,2,1,6,3,5,3,3,4,3,1,8,6,6,2,1,3,1,4,6,3,3,3,4,3,4,2,3,1,3,3,6,2,3,3,4,2,5,5,3,8,6,7,2,2,7,4,0,2,4,4,22,1,5,2,2,4,3,5,4,2,1,3,6,7,2,1,5,3,1,5,4,0,0,1,0,3,4,5,7,6,5,3,3,0,1,2,2,3,4,7,4,2,1,6,5,4,3,4,3,3
4,4,3,4,0,7,3,3,16,2,2,4,6,3,1,4,6,1,4,3,1,3,4,2,2,2,2,1,2,1,6,3,5,3,3,4,3,1,8,6,6,2,1,3,1,4,6,3,3,3,4,3,4,2,3,1,3,3,6,2,3,3,4,2,5,5,3,8,6,7,2,2,7,4,0,2,1,6,2,3,1,3,2,3,13,2,7,3,8,2,4,2,1,2,4,4,1,2,2,2,3,8,3,2,2,2,4,5,2,6,2,3,1,2,2,3,3,3,4,2,2,1,3,6,7,1,5,2
1,4,2,4,3,4,3,2,3,2,4,3,5,4,6,6,2,4,7,2,8,4,2,1,7,2,5,2,2,1,4,1,8,1,3,3,5,2,6,3,4,5,2,3,6,4,1,4,2,2,3,3,6,2,3,2,6,3,5,3,3,3,5,4,2,2,4,5,3,2,1,3,11,1,4,2,1,6,2,3,1,3,2,3,13,2,7,3,8,2,4,2,1,2,4,4,1,2,2,2,3,8,3,2,2,2,4,5,2,6,2,3,1,2,2,3,3,3,4,2,2,1,3,6,7,1,5,2
1,4,2,4,3,4,3,2,3,2,4,3,5,4,6,6,2,4,7,2,8,4,2,1,7,2,5,2,2,1,4,1,8,1,3,3,5,2,6,3,4,5,2,3,6,4,1,4,2,2,3,3,6,2,3,2,6,3,5,3,3,3,5,4,2,2,4,5,3,2,1,3,11,1,4,3,1,3,2,3,6,8,10,3,6,1,2,5,3,5,2,6,3,1,3,5,3,4,10,1,2,4,3,2,2,5,2,5,3,3,6,4,2,6,1,4,2,3,5,4,2,7,8,2,9,3,4,3
3,4,3,5,2,4,1,2,8,4,3,3,4,5,2,2,5,5,4,2,2,3,1,5,3,3,6,4,4,4,8,2,1,6,6,2,3,1,4,5,2,7,8,3,2,5,2,7,7,3,3,1,2,7,3,1,3,3,4,3,4,1,8,10,4,2,4,5,6,3,3,3,3,3,2,3,1,3,2,3,6,8,10,3,6,1,2,5,3,5,2,6,3,1,3,5,3,4,10,1,2,4,3,2,2,5,2,5,3,3,6,4,2,6,1,4,2,3,5,4,2,7,8,2,9,3,4,3
3,4,3,5,2,4,1,2,8,4,3,3,4,5,2,2,5,5,4,2,2,3,1,5,3,3,6,4,4,4,8,2,1,6,6,2,3,1,4,5,2,7,8,3,2,5,2,7,7,3,3,1,2,7,3,1,3,3,4,3,4,1,8,10,4,2,4,5,6,3,3,3,3,3,2,3,3,4,2,2,1,4,1,2,5,16,5,0,2,4,7,6,4,0,2,2,4,4,5,2,4,3,6,2,3,11,5,5,3,6,5,1,5,1,2,4,2,3,2,3,5,5,2,2,2,6,6,4
3,0,5,9,2,4,1,4,5,3,3,5,2,6,2,3,2,2,3,6,4,2,4,2,4,3,4,3,4,4,4,3,3,3,2,2,3,2,5,1,2,2,8,3,6,1,4,5,2,5,2,4,4,1,1,1,7,3,4,3,1,6,5,4,7,5,5,2,3,6,1,6,2,1,2,3,3,4,2,2,1,4,1,2,5,16,5,0,2,4,7,6,4,0,2,2,4,4,5,2,4,3,6,2,3,11,5,5,3,6,5,1,5,1,2,4,2,3,2,3,5,5,2,2,2,6,6,4
3,0,5,9,2,4,1,4,5,3,3,5,2,6,2,3,2,2,3,6,4,2,4,2,4,3,4,3,4,4,4,3,3,3,2,2,3,2,5,1,2,2,8,3,6,1,4,5,2,5,2,4,4,1,1,1,7,3,4,3,1,6,5,4,7,5,5,2,3,6,1,6,2,1,3,3,3,2,4,5,2,4,21,1,3,7,3,0,2,2,2,5,4,8,2,1,2,8,2,5,1,6,5,3,6,3,5,3,2,4,2,4,5,2,5,4,4,2,5,0,2,3,3,6,3,2,1,1
5,4,4,2,1,7,1,5,5,1,2,2,3,3,7,3,7,7,3,3,5,1,2,3,8,5,4,3,2,5,3,6,5,3,5,6,2,4,5,2,2,1,2,4,2,1,3,1,4,4,1,3,2,7,3,5,4,2,3,1,5,4,4,2,2,8,5,6,3,2,3,2,3,3,1,4,5,3,9,3,5,2,4,11,5,2,4,2,1,2,4,3,2,8,2,3,6,3,2,2,2,5,4,2,4,3,3,5,7,2,2,5,2,2,2,4,4,4,2,2,1,6,6,3,9,3,4,7
5,4,4,2,1,7,1,5,5,1,2,2,3,3,7,3,7,7,3,3,5,1,2,3,8,5,4,3,2,5,3,6,5,3,5,6,2,4,5,2,2,1,2,4,2,1,3,1,4,4,1,3,2,7,3,5,4,2,3,1,5,4,4,2,2,8,5,6,3,2,3,2,3,3,1,4,3,3,2,5,2,7,5,3,4,8,14,1,3,1,0,2,3,1,3,1,1,6,7,1,2,3,3,5,6,0,1,3,3,3,7,2,6,2,5,2,3,2,1,3,5,3,2,5,4,4,5,1
5,4,4,3,5,4,4,4,2,4,1,3,1,7,0,1,1,5,3,5,2,3,4,1,1,2,5,2,6,5,2,4,4,3,2,3,4,3,5,6,1,3,3,2,2,3,2,4,4,2,3,2,4,1,7,3,3,3,1,4,2,5,7,3,7,4,6,4,2,6,7,2,1,2,3,4,3,3,2,5,2,7,5,3,4,8,14,1,3,1,0,2,3,1,3,1,1,6,7,1,2,3,3,5,6,0,1,3,3,3,7,2,6,2,5,2,3,2,1,3,5,3,2,5,4,4,5,1
5,4,4,3,5,4,4,4,2,4,1,3,1,7,0,1,1,5,3,5,2,3,4,1,1,2,5,2,6,5,2,4,4,3,2,3,4,3,5,6,1,3,3,2,2,3,2,4,4,2,3,2,4,1,7,3,3,3,1,4,2,5,7,3,7,4,6,4,2,6,7,2,1,2,3,6,1,4,2,5,1,4,3,4,34,24,1,1,1,2,3,2,3,1,1,3,7,5,3,3,5,3,1,4,2,4,3,5,6,2,3,2,4,2,4,4,5,2,2,5,5,3,7,1,2,3,3,5
4,2,7,4,5,4,5,3,5,4,7,0,5,4,6,2,1,6,4,3,4,2,4,4,1,2,1,1,4,2,1,2,3,1,1,3,4,7,3,1,3,4,3,2,4,4,3,1,2,5,2,4,5,1,1,4,5,2,5,6,2,1,2,3,1,6,2,3,1,7,3,2,5,7,4,6,1,4,2,5,1,4,3,4,34,24,1,1,1,2,3,2,3,1,1,3,7,5,3,3,5,3,1,4,2,4,3,5,6,2,3,2,4,2,4,4,5,2,2,5,5,3,7,1,2,3,3,5
4,2,7,4,5,4,5,3,5,4,7,0,5,4,6,2,1,6,4,3,4,2,4,4,1,2,1,1,4,2,1,2,3,1,1,3,4,7,3,1,3,4,3,2,4,4,3,1,2,5,2,4,5,1,1,4,5,2,5,6,2,1,2,3,1,6,2,3,1,7,3,2,5,7,4,3,3,5,3,6,2,2,3,18,3,1,3,2,2,4,6,3,2,1,4,2,4,3,2,2,3,1,1,1,3,8,1,4,1,3,3,2,4,7,5,2,1,3,4,3,0,4,2,6,1,2,6,9
5,2,10,4,1,12,5,2,3,4,7,2,3,3,3,3,4,5,1,5,1,3,6,6,4,5,1,3,4,2,8,5,4,2,4,4,3,5,2,5,2,1,2,3,5,1,4,1,3,5,5,1,1,3,6,3,5,2,3,2,2,2,5,6,2,3,1,3,3,1,4,2,4,0,3,3,3,5,3,6,2,2,3,18,3,1,3,2,2,4,6,3,2,1,4,2,4,3,2,2,3,1,1,1,3,8,1,4,1,3,3,2,4,7,5,2,1,3,4,3,0,4,2,6,1,2,6,9
5,2,10,4,1,12,5,2,3,4,7,2,3,3,3,3,4,5,1,5,1,3,6,6,4,5,1,3,4,2,8,5,4,2,4,4,3,5,2,5,2,1,2,3,5,1,4,1,3,5,5,1,1,3,6,3,5,2,3,2,2,2,5,6,2,3,1,3,3,1,4,2,4,0,3,5,4,2,4,4,2,3,3,11,1,3,22,2,5,1,1,4,4,6,2,2,2,4,4,5,2,2,5,3,5,3,9,2,4,1,3,4,2,2,4,2,3,4,6,2,5,1,6,4,6,2,5,3
2,3,3,3,4,5,5,5,2,3,4,5,4,2,7,1,1,4,2,3,3,2,4,3,2,1,8,2,3,3,5,6,7,3,4,3,6,2,5,3,1,8,3,2,2,4,2,3,1,2,3,6,5,7,7,3,1,2,3,5,2,4,4,2,7,5,0,0,1,5,4,3,1,4,3,5,4,2,4,4,2,3,3,11,1,3,22,2,5,1,1,4,4,6,2,2,2,4,4,5,2,2,5,3,5,3,9,2,4,1,3,4,2,2,4,2,3,4,6,2,5,1,6,4,6,2,5,3
2,3,3,3,4,5,5,5,2,3,4,5,4,2,7,1,1,4,2,3,3,2,4,3,2,1,8,2,3,3,5,6,7,3,4,3,6,2,5,3,1,8,3,2,2,4,2,3,1,2,3,6,5,7,7,3,1,2,3,5,2,4,4,2,7,5,0,0,1,5,4,3,1,4,5,1,1,2,3,1,4,2,4,3,21,1,4,3,5,1,2,2,10,3,2,4,2,3,5,3,8,9,4,2,4,1,0,7,4,1,3,2,4,4,3,3,5,4,4,1,4,2,3,4,3,3,3,1
3,5,6,4,2,7,1,4,2,4,4,3,1,1,2,4,1,2,1,5,8,2,2,2,7,5,4,4,4,3,6,4,1,1,1,2,3,6,2,5,2,1,7,2,2,8,3,1,2,2,6,3,3,3,4,6,2,3,9,6,5,3,4,3,4,3,3,2,7,5,7,4,2,4,5,1,1,2,3,1,4,2,4,3,21,1,4,3,5,1,2,2,10,3,2,4,2,3,5,3,8,9,4,2,4,1,0,7,4,1,3,2,4,4,3,3,5,4,4,1,4,2,3,4,3,3,3,1
3,5,6,4,2,7,1,4,2,4,4,3,1,1,2,4,1,2,1,5,8,2,2,2,7,5,4,4,4,3,6,4,1,1,1,2,3,6,2,5,2,1,7,2,2,8,3,1,2,2,6,3,3,3,4,6,2,3,9,6,5,3,4,3,4,3,3,2,7,5,7,4,2,4,3,1,5,7,1,4,1,5,3,2,2,17,1,2,1,3,7,4,2,3,3,3,2,3,4,2,2,5,7,4,3,1,3,2,4,3,4,2,6,6,2,4,1,1,3,2,2,5,1,2,4,9,6,4
3,4,5,2,4,4,1,4,4,1,3,3,3,4,7,3,3,5,2,2,6,2,2,1,9,3,5,4,2,3,0,5,3,4,1,10,4,1,9,5,3,4,1,3,4,4,2,1,3,4,4,1,5,5,3,2,5,5,1,5,5,5,5,6,3,6,2,6,2,6,3,1,2,2,2,1,5,7,1,4,1,5,3,2,2,17,1,2,1,3,7,4,2,3,3,3,2,3,4,2,2,5,7,4,3,1,3,2,4,3,4,2,6,6,2,4,1,1,3,2,2,5,1,2,4,9,6,4
3,4,5,2,4,4,1,4,4,1,3,3,3,4,7,3,3,5,2,2,6,2,2,1,9,3,5,4,2,3,0,5,3,4,1,10,4,1,9,5,3,4,1,3,4,4,2,1,3,4,4,1,5,5,3,2,5,5,1,5,5,5,5,6,3,6,2,6,2,6,3,1,2,2,1,2,6,3,3,3,1,12,5,6,3,2,3,5,3,3,4,0,5,2,2,1,7,6,5,4,5,2,0,3,3,3,2,2,2,3,2,4,3,2,5,4,8,2,4,2,7,2,2,2,8,5,1,8
3,1,3,5,2,4,2,4,5,6,5,1,4,2,2,4,2,2,1,3,2,7,8,4,2,2,3,3,3,6,3,3,4,4,3,2,4,1,1,6,5,4,4,6,3,3,3,3,3,2,1,3,3,6,2,2,2,2,5,4,3,6,1,1,4,2,8,3,3,2,3,3,4,9,2,2,6,3,3,3,1,12,5,6,3,2,3,5,3,3,4,0,5,2,2,1,7,6,5,4,5,2,0,3,3,3,2,2,2,3,2,4,3,2,5,4,8,2,4,2,7,2,2,2,8,5,1,8
3,1,3,5,2,4,2,4,5,6,5,1,4,2,2,4,2,2,1,3,2,7,8,4,2,2,3,3,3,6,3,3,4,4,3,2,4,1,1,6,5,4,4,6,3,3,3,3,3,2,1,3,3,6,2,2,2,2,5,4,3,6,1,1,4,2,8,3,3,2,3,3,4,9,2,3,5,1,2,3,4,1,2,17,2,3,2,4,2,2,3,2,5,0,2,6,4,4,2,4,6,5,1,1,5,5,3,2,3,3,2,3,2,6,1,2,4,7,1,4,2,6,3,7,3,3,3,3
3,6,3,4,5,5,4,1,3,2,4,3,1,3,4,3,2,10,1,3,3,2,4,4,9,2,3,3,3,2,6,3,4,4,3,4,4,7,2,2,2,4,4,4,3,5,4,2,5,2,1,2,2,3,2,5,5,4,1,9,0,5,3,4,3,6,3,5,6,1,4,1,3,5,3,3,5,1,2,3,4,1,2,17,2,3,2,4,2,2,3,2,5,0,2,6,4,4,2,4,6,5,1,1,5,5,3,2,3,3,2,3,2,6,1,2,4,7,1,4,2,6,3,7,3,3,3,3
3,6,3,4,5,5,4,1,3,2,4,3,1,3,4,3,2,10,1,3,3,2,4,4,9,2,3,3,3,2,6,3,4,4,3,4,4,7,2,2,2,4,4,4,3,5,4,2,5,2,1,2,2,3,2,5,5,4,1,9,0,5,3,4,3,6,3,5,6,1,4,1,3,5,3,5,3,1,3,5,2,4,2,2,2,22,0,2,10,5,0,4,3,2,2,3,2,6,7,2,2,1,3,4,2,0,1,3,4,2,9,6,1,3,3,3,5,4,3,5,4,2,3,2,5,7,2,3
6,1,1,6,4,3,4,5,1,3,3,1,4,4,3,2,5,1,3,2,4,3,4,3,2,5,4,3,2,8,4,2,0,8,5,4,3,5,3,5,5,6,3,4,4,3,6,5,4,4,8,4,0,2,4,2,6,2,5,3,6,3,2,3,4,3,3,2,0,4,2,2,1,3,2,5,3,1,3,5,2,4,2,2,2,22,0,2,10,5,0,4,3,2,2,3,2,6,7,2,2,1,3,4,2,0,1,3,4,2,9,6,1,3,3,3,5,4,3,5,4,2,3,2,5,7,2,3
6,1,1,6,4,3,4,5,1,3,3,1,4,4,3,2,5,1,3,2,4,3,4,3,2,5,4,3,2,8,4,2,0,8,5,4,3,5,3,5,5,6,3,4,4,3,6,5,4,4,8,4,0,2,4,2,6,2,5,3,6,3,2,3,4,3,3,2,0,4,2,2,1,3,2,2,2,1,5,4,18,5,3,1,1,6,2,2,4,2,6,6,1,5,2,4,1,3,2,3,4,11,5,3,1,3,2,3,4,2,2,9,4,1,4,3,6,4,3,2,3,4,4,0,2,4,3,5
8,7,2,4,2,5,1,1,2,7,5,4,4,2,2,2,4,4,5,1,2,4,3,6,5,2,2,8,3,4,3,1,2,0,6,3,3,2,3,7,3,4,5,4,2,4,3,1,9,5,2,2,2,3,4,4,6,5,2,2,4,2,8,5,3,3,8,6,2,2,3,2,3,6,4,2,2,1,5,4,18,5,3,1,1,6,2,2,4,2,6,6,1,5,2,4,1,3,2,3,4,11,5,3,1,3,2,3,4,2,2,9,4,1,4,3,6,4,3,2,3,4,4,0,2,4,3,5
8,7,2,4,2,5,1,1,2,7,5,4,4,2,2,2,4,4,5,1,2,4,3,6,5,2,2,8,3,4,3,1,2,0,6,3,3,2,3,7,3,4,5,4,2,4,3,1,9,5,2,2,2,3,4,4,6,5,2,2,4,2,8,5,3,3,8,6,2,2,3,2,3,6,4,3,5,3,1,3,2,2,5,3,5,3,1,3,27,15,3,0,8,6,2,3,2,5,5,1,2,6,3,8,2,6,5,8,2,4,5,4,8,3,4,0,5,6,3,7,2,4,2,3,1,3,1,10
1,3,1,4,3,2,2,2,3,2,1,2,4,2,13,1,3,2,1,1,8,6,5,7,1,4,2,1,3,3,2,6,7,2,5,4,4,4,5,4,7,2,3,4,8,4,0,6,2,6,5,1,1,3,3,3,1,4,2,7,1,3,4,2,3,4,12,4,1,4,2,7,5,6,5,3,5,3,1,3,2,2,5,3,5,3,1,3,27,15,3,0,8,6,2,3,2,5,5,1,2,6,3,8,2,6,5,8,2,4,5,4,8,3,4,0,5,6,3,7,2,4,2,3,1,3,1,10
1,3,1,4,3,2,2,2,3,2,1,2,4,2,13,1,3,2,1,1,8,6,5,7,1,4,2,1,3,3,2,6,7,2,5,4,4,4,5,4,7,2,3,4,8,4,0,6,2,6,5,1,1,3,3,3,1,4,2,7,1,3,4,2,3,4,12,4,1,4,2,7,5,6,5,2,1,2,4,4,2,3,5,1,4,6,4,8,3,2,2,35,13,2,1,2,2,8,3,1,4,1,1,3,3,5,2,3,3,1,4,2,3,2,4,8,1,3,5,2,4,2,4,5,1,2,6,1
2,5,5,4,5,4,4,3,3,3,9,3,5,5,3,7,3,5,2,3,2,2,4,3,3,2,2,5,1,3,5,9,3,2,10,2,2,2,2,3,2,4,5,4,3,2,6,3,9,3,7,4,5,1,3,2,4,1,5,3,2,5,4,3,8,8,1,1,6,5,4,3,6,2,2,2,1,2,4,4,2,3,5,1,4,6,4,8,3,2,2,35,13,2,1,2,2,8,3,1,4,1,1,3,3,5,2,3,3,1,4,2,3,2,4,8,1,3,5,2,4,2,4,5,1,2,6,1
2,5,5,4,5,4,4,3,3,3,9,3,5,5,3,7,3,5,2,3,2,2,4,3,3,2,2,5,1,3,5,9,3,2,10,2,2,2,2,3,2,4,5,4,3,2,6,3,9,3,7,4,5,1,3,2,4,1,5,3,2,5,4,3,8,8,1,1,6,5,4,3,6,2,2,4,9,4,5,3,3,2,1,5,4,4,2,6,2,26,0,1,3,0,2,4,5,3,1,2,4,4,5,3,7,6,5,7,0,3,4,6,3,3,7,2,0,5,2,3,7,4,3,3,2,3,1,3
2,2,5,7,3,3,1,1,3,2,5,3,4,1,3,4,4,3,2,2,5,4,1,4,7,2,2,9,3,3,4,4,2,2,0,4,1,6,2,5,5,2,2,3,2,4,4,3,7,2,4,3,1,4,2,2,2,5,3,6,4,2,2,4,3,3,2,2,4,2,2,6,2,2,2,4,9,4,5,3,3,2,1,5,4,4,2,6,2,26,0,1,3,0,2,4,5,3,1,2,4,4,5,3,7,6,5,7,0,3,4,6,3,3,7,2,0,5,2,3,7,4,3,3,2,3,1,3
2,2,5,7,3,3,1,1,3,2,5,3,4,1,3,4,4,3,2,2,5,4,1,4,7,2,2,9,3,3,4,4,2,2,0,4,1,6,2,5,5,2,2,3,2,4,4,3,7,2,4,3,1,4,2,2,2,5,3,6,4,2,2,4,3,3,2,2,4,2,2,6,2,2,2,4,6,5,5,4,1,3,7,3,3,8,31,18,2,2,1,0,5,4,1,6,5,4,3,3,5,4,3,2,3,4,7,3,4,3,2,2,6,2,3,7,3,0,2,4,1,4,4,8,3,5,0,2
7,4,4,2,6,2,8,6,3,3,4,6,2,2,3,6,3,2,2,3,5,1,2,4,2,6,4,3,5,5,5,5,2,3,5,3,0,3,1,3,2,3,4,2,6,3,5,4,2,3,6,1,5,1,4,4,3,4,2,3,3,7,5,2,3,2,3,4,2,4,4,5,7,5,2,4,6,5,5,4,1,3,7,3,3,8,31,18,2,2,1,0,5,4,1,6,5,4,3,3,5,4,3,2,3,4,7,3,4,3,2,2,6,2,3,7,3,0,2,4,1,4,4,8,3,5,0,2
7,4,4,2,6,2,8,6,3,3,4,6,2,2,3,6,3,2,2,3,5,1,2,4,2,6,4,3,5,5,5,5,2,3,5,3,0,3,1,3,2,3,4,2,6,3,5,4,2,3,6,1,5,1,4,4,3,4,2,3,3,7,5,2,3,2,3,4,2,4,4,5,7,5,2,2,2,8,2,4,2,4,6,2,4,6,6,1,28,2,0,4,1,2,5,2,0,2,1,7,2,3,3,4,1,1,1,2,2,3,5,4,3,5,4,3,7,2,4,1,1,1,3,2,3,2,5,7
0,5,2,4,2,2,3,5,4,2,3,4,3,6,3,2,3,4,1,5,3,5,2,5,5,2,4,5,2,3,0,4,0,2,6,6,5,1,2,2,5,4,5,1,3,2,2,4,5,4,3,1,2,3,5,1,3,6,4,5,1,8,4,7,5,4,1,1,1,4,2,3,4,1,2,2,2,8,2,4,2,4,6,2,4,6,6,1,28,2,0,4,1,2,5,2,0,2,1,7,2,3,3,4,1,1,1,2,2,3,5,4,3,5,4,3,7,2,4,1,1,1,3,2,3,2,5,7
0,5,2,4,2,2,3,5,4,2,3,4,3,6,3,2,3,4,1,5,3,5,2,5,5,2,4,5,2,3,0,4,0,2,6,6,5,1,2,2,5,4,5,1,3,2,2,4,5,4,3,1,2,3,5,1,3,6,4,5,1,8,4,7,5,4,1,1,1,4,2,3,4,1,2,6,3,2,2,4,3,4,2,5,2,1,2,4,3,4,29,15,3,4,4,0,3,4,1,1,1,6,1,6,3,5,5,3,5,2,1,5,3,7,3,1,5,4,3,2,3,3,3,5,3,2,2,3
6,6,3,5,4,2,5,6,2,4,2,5,2,5,4,2,0,5,1,0,7,2,2,3,1,5,2,2,7,4,3,6,3,2,4,3,4,4,2,3,3,6,0,4,2,1,5,5,4,4,3,2,0,3,3,2,2,4,3,4,5,3,2,5,5,2,6,6,2,3,2,6,3,3,4,6,3,2,2,4,3,4,2,5,2,1,2,4,3,4,29,15,3,4,4,0,3,4,1,1,1,6,1,6,3,5,5,3,5,2,1,5,3,7,3,1,5,4,3,2,3,3,3,5,3,2,2,3
6,6,3,5,4,2,5,6,2,4,2,5,2,5,4,2,0,5,1,0,7,2,2,3,1,5,2,2,7,4,3,6,3,2,4,3,4,4,2,3,3,6,0,4,2,1,5,5,4,4,3,2,0,3,3,2,2,4,3,4,5,3,2,5,5,2,6,6,2,3,2,6,3,3,4,4,3,3,2,1,3,1,6,2,6,24,5,3,0,3,1,3,2,2,6,4,6,6,3,0,5,8,3,1,7,9,8,1,4,4,5,5,6,4,4,3,3,4,2,3,3,4,3,5,1,3,2,1
2,3,1,2,2,2,2,2,6,1,6,2,2,2,4,3,4,4,3,4,9,3,2,3,2,5,5,5,4,6,9,6,5,1,2,3,6,2,5,5,5,3,8,2,3,0,2,3,2,4,3,7,2,1,2,6,3,4,2,3,3,4,3,2,6,5,3,6,3,1,4,4,5,3,4,4,3,3,2,1,3,1,6,2,6,24,5,3,0,3,1,3,2,2,6,4,6,6,3,0,5,8,3,1,7,9,8,1,4,4,5,5,6,4,4,3,3,4,2,3,3,4,3,5,1,3,2,1
2,3,1,2,2,2,2,2,6,1,6,2,2,2,4,3,4,4,3,4,9,3,2,3,2,5,5,5,4,6,9,6,5,1,2,3,6,2,5,5,5,3,8,2,3,0,2,3,2,4,3,7,2,1,2,6,3,4,2,3,3,4,3,2,6,5,3,6,3,1,4,4,5,3,4,3,3,3,3,3,3,1,6,4,2,3,5,2,2,8,20,2,1,4,2,3,7,2,1,5,4,8,4,1,5,2,3,2,1,1,5,2,2,3,10,3,3,1,3,2,4,5,3,2,4,2,3,4
2,1,2,3,2,4,2,3,3,4,4,1,5,3,2,2,3,3,2,4,2,2,6,4,3,8,3,2,6,2,6,6,2,3,2,3,6,4,6,5,3,2,2,4,2,2,2,2,3,6,2,2,6,2,4,5,3,2,2,4,5,3,9,3,2,2,3,4,2,5,3,7,3,2,1,3,3,3,3,3,3,1,6,4,2,3,5,2,2,8,20,2,1,4,2,3,7,2,1,5,4,8,4,1,5,2,3,2,1,1,5,2,2,3,10,3,3,1,3,2,4,5,3,2,4,2,3,4
2,1,2,3,2,4,2,3,3,4,4,1,5,3,2,2,3,3,2,4,2,2,6,4,3,8,3,2,6,2,6,6,2,3,2,3,6,4,6,5,3,2,2,4,2,2,2,2,3,6,2,2,6,2,4,5,3,2,2,4,5,3,9,3,2,2,3,4,2,5,3,7,3,2,1,2,5,2,10,4,1,7,2,4,4,5,0,1,3,2,7,4,35,3,1,3,3,2,0,4,1,5,4,3,6,2,3,7,2,2,3,3,3,2,3,4,2,3,3,3,1,4,4,1,3,6,2,2
7,3,4,3,3,5,1,3,4,2,1,4,2,6,2,3,2,1,6,4,1,3,3,4,4,1,1,7,5,5,2,5,4,2,3,3,4,5,2,3,2,5,2,2,4,1,5,5,10,3,5,5,1,2,4,4,6,2,2,3,3,5,3,2,4,3,5,1,5,2,6,7,3,2,1,2,5,2,10,4,1,7,2,4,4,5,0,1,3,2,7,4,35,3,1,3,3,2,0,4,1,5,4,3,6,2,3,7,2,2,3,3,3,2,3,4,2,3,3,3,1,4,4,1,3,6,2,2
7,3,4,3,3,5,1,3,4,2,1,4,2,6,2,3,2,1,6,4,1,3,3,4,4,1,1,7,5,5,2,5,4,2,3,3,4,5,2,3,2,5,2,2,4,1,5,5,10,3,5,5,1,2,4,4,6,2,2,3,3,5,3,2,4,3,5,1,5,2,6,7,3,2,1,4,6,2,4,3,8,1,2,3,4,5,2,9,7,2,3,2,5,2,33,3,2,2,5,2,6,0,4,5,3,4,8,2,1,4,3,4,5,3,1,2,2,2,3,1,3,4,5,2,2,5,2,2
3,3,2,5,3,1,2,1,2,4,2,3,1,5,4,4,1,4,5,2,4,4,2,2,4,3,3,3,4,4,3,3,9,3,6,2,5,3,6,2,3,5,2,4,4,3,3,6,2,1,9,5,7,5,4,1,5,3,5,3,6,3,6,1,1,1,4,1,5,5,4,2,6,1,3,4,6,2,4,3,8,1,2,3,4,5,2,9,7,2,3,2,5,2,33,3,2,2,5,2,6,0,4,5,3,4,8,2,1,4,3,4,5,3,1,2,2,2,3,1,3,4,5,2,2,5,2,2
3,3,2,5,3,1,2,1,2,4,2,3,1,5,4,4,1,4,5,2,4,4,2,2,4,3,3,3,4,4,3,3,9,3,6,2,5,3,6,2,3,5,2,4,4,3,3,6,2,1,9,5,7,5,4,1,5,3,5,3,6,3,6,1,1,1,4,1,5,5,4,2,6,1,3,6,3,5,2,3,3,3,6,1,4,2,3,1,1,2,3,7,3,4,4,16,7,2,0,5,1,2,0,8,3,3,1,2,4,1,9,5,4,2,2,3,5,4,1,1,4,2,2,1,2,1,6,4
9,5,1,5,5,4,2,6,5,4,3,2,6,0,1,4,7,1,3,3,8,3,5,3,3,1,1,1,4,1,1,4,3,5,3,3,1,6,5,1,2,6,2,2,2,4,4,0,5,5,3,3,6,4,1,5,0,8,3,2,2,4,3,4,2,4,6,2,5,2,4,3,2,6,3,6,3,5,2,3,3,3,6,1,4,2,3,1,1,2,3,7,3,4,4,16,7,2,0,5,1,2,0,8,3,3,1,2,4,1,9,5,4,2,2,3,5,4,1,1,4,2,2,1,2,1,6,4
9,5,1,5,5,4,2,6,5,4,3,2,6,0,1,4,7,1,3,3,8,3,5,3,3,1,1,1,4,1,1,4,3,5,3,3,1,6,5,1,2,6,2,2,2,4,4,0,5,5,3,3,6,4,1,5,0,8,3,2,2,4,3,4,2,4,6,2,5,2,4,3,2,6,3,3,2,5,2,2,1,5,1,1,1,6,5,2,3,6,5,8,21,23,0,1,3,0,10,5,5,7,3,4,3,3,1,4,1,2,2,4,3,5,4,1,2,3,5,4,4,2,5,4,1,5,5,1
1,5,2,7,5,3,6,3,3,4,4,3,3,3,5,7,4,4,3,2,5,2,5,5,5,2,2,4,1,7,10,3,2,2,9,3,4,5,3,3,5,2,1,2,1,7,3,0,4,3,2,4,2,4,2,5,2,4,2,2,4,3,1,2,4,4,1,4,7,5,1,4,4,3,6,3,2,5,2,2,1,5,1,1,1,6,5,2,3,6,5,8,21,23,0,1,3,0,10,5,5,7,3,4,3,3,1,4,1,2,2,4,3,5,4,1,2,3,5,4,4,2,5,4,1,5,5,1
1,5,2,7,5,3,6,3,3,4,4,3,3,3,5,7,4,4,3,2,5,2,5,5,5,2,2,4,1,7,10,3,2,2,9,3,4,5,3,3,5,2,1,2,1,7,3,0,4,3,2,4,2,4,2,5,2,4,2,2,4,3,1,2,4,4,1,4,7,5,1,4,4,3,6,5,4,8,4,4,5,3,1,5,2,2,1,3,7,5,3,4,1,1,10,6,2,1,3,4,5,3,2,7,0,2,1,1,3,3,3,3,3,3,3,2,1,0,4,5,3,5,4,6,2,3,3,2
4,2,4,2,4,4,2,6,9,2,3,5,0,4,5,6,3,3,3,2,5,2,2,2,2,6,6,2,4,1,5,2,3,4,3,5,2,3,1,6,1,5,4,4,4,6,2,5,1,1,2,3,2,3,5,4,2,2,2,4,5,2,3,2,3,4,3,2,4,5,4,6,2,3,6,5,4,8,4,4,5,3,1,5,2,2,1,3,7,5,3,4,1,1,10,6,2,1,3,4,5,3,2,7,0,2,1,1,3,3,3,3,3,3,3,2,1,0,4,5,3,5,4,6,2,3,3,2
4,2,4,2,4,4,2,6,9,2,3,5,0,4,5,6,3,3,3,2,5,2,2,2,2,6,6,2,4,1,5,2,3,4,3,5,2,3,1,6,1,5,4,4,4,6,2,5,1,1,2,3,2,3,5,4,2,2,2,4,5,2,3,2,3,4,3,2,4,5,4,6,2,3,5,3,2,2,0,6,6,3,5,3,3,3,1,6,4,5,1,2,6,4,20,3,8,4,2,2,5,2,5,8,2,4,3,3,4,1,10,2,2,2,1,6,2,4,6,4,2,2,2,1,2,5,8,7
4,6,3,5,5,3,2,5,2,3,2,3,3,2,2,5,3,3,3,2,4,3,1,5,1,6,4,4,4,1,3,3,4,6,1,2,1,1,6,6,4,1,2,5,4,3,4,5,3,4,3,3,5,4,4,3,1,4,1,5,4,4,2,5,5,5,3,5,5,3,6,3,4,3,3,3,2,2,0,6,6,3,5,3,3,3,1,6,4,5,1,2,6,4,20,3,8,4,2,2,5,2,5,8,2,4,3,3,4,1,10,2,2,2,1,6,2,4,6,4,2,2,2,1,2,5,8,7
4,6,3,5,5,3,2,5,2,3,2,3,3,2,2,5,3,3,3,2,4,3,1,5,1,6,4,4,4,1,3,3,4,6,1,2,1,1,6,6,4,1,2,5,4,3,4,5,3,4,3,3,5,4,4,3,1,4,1,5,4,4,2,5,5,5,3,5,5,3,6,3,4,3,3,4,4,5,5,3,4,9,1,3,2,3,2,3,2,3,27,1,4,3,4,2,2,2,6,5,3,4,3,3,5,0,2,1,4,5,3,5,3,2,3,3,2,1,3,3,4,7,5,5,6,3,1,6
4,6,6,1,3,3,2,5,1,4,2,6,2,1,3,1,1,4,2,5,3,3,2,4,5,5,2,3,3,2,6,1,6,6,1,6,2,6,2,4,2,2,4,4,9,4,3,2,3,5,6,4,6,3,1,3,4,2,2,2,4,4,9,5,4,5,2,3,4,3,2,2,4,7,3,4,4,5,5,3,4,9,1,3,2,3,2,3,2,3,27,1,4,3,4,2,2,2,6,5,3,4,3,3,5,0,2,1,4,5,3,5,3,2,3,3,2,1,3,3,4,7,5,5,6,3,1,6
4,6,6,1,3,3,2,5,1,4,2,6,2,1,3,1,1,4,2,5,3,3,2,4,5,5,2,3,3,2,6,1,6,6,1,6,2,6,2,4,2,2,4,4,9,4,3,2,3,5,6,4,6,3,1,3,4,2,2,2,4,4,9,5,4,5,2,3,4,3,2,2,4,7,3,1,6,7,8,8,5,1,3,2,2,2,25,1,0,5,6,6,5,3,0,3,2,4,3,4,3,1,4,4,1,3,6,2,3,2,3,2,6,2,1,3,3,3,8,3,9,1,2,2,2,5,2,2
2,2,1,5,2,6,6,6,0,4,2,2,6,2,3,1,3,3,3,4,5,1,5,3,2,4,2,2,7,1,1,3,3,4,4,4,6,3,0,10,4,1,5,1,10,1,2,4,3,5,2,1,3,6,12,7,1,1,2,5,6,2,2,1,2,1,2,1,6,2,1,3,5,6,3,1,6,7,8,8,5,1,3,2,2,2,25,1,0,5,6,6,5,3,0,3,2,4,3,4,3,1,4,4,1,3,6,2,3,2,3,2,6,2,1,3,3,3,8,3,9,1,2,2,2,5,2,2
2,2,1,5,2,6,6,6,0,4,2,2,6,2,3,1,3,3,3,4,5,1,5,3,2,4,2,2,7,1,1,3,3,4,4,4,6,3,0,10,4,1,5,1,10,1,2,4,3,5,2,1,3,6,12,7,1,1,2,5,6,2,2,1,2,1,2,1,6,2,1,3,5,6,3,1,6,3,4,2,2,6,1,6,3,2,5,1,2,5,35,7,0,1,2,3,2,4,1,9,2,1,4,1,1,4,1,3,2,4,4,6,5,4,6,2,1,4,3,4,1,1,2,2,5,0,1,3
2,4,1,3,1,1,5,2,3,2,5,3,8,3,2,4,1,3,6,1,6,3,2,3,2,3,5,5,2,3,3,2,6,4,1,1,7,1,3,3,2,5,7,10,3,3,2,4,4,5,6,1,5,4,3,2,1,4,4,4,4,2,6,3,4,4,3,6,0,3,2,1,4,1,7,1,6,3,4,2,2,6,1,6,3,2,5,1,2,5,35,7,0,1,2,3,2,4,1,9,2,1,4,1,1,4,1,3,2,4,4,6,5,4,6,2,1,4,3,4,1,1,2,2,5,0,1,3
2,4,1,3,1,1,5,2,3,2,5,3,8,3,2,4,1,3,6,1,6,3,2,3,2,3,5,5,2,3,3,2,6,4,1,1,7,1,3,3,2,5,7,10,3,3,2,4,4,5,6,1,5,4,3,2,1,4,4,4,4,2,6,3,4,4,3,6,0,3,2,1,4,1,7,4,2,1,6,2,1,2,3,0,3,3,7,4,6,2,2,3,1,2,28,3,0,2,3,3,1,6,5,1,3,4,2,3,3,2,4,3,2,6,3,4,2,4,1,4,3,4,2,8,4,6,4,1
5,3,1,1,5,6,2,5,1,1,3,3,4,2,7,3,5,3,3,6,5,1,5,5,1,4,1,3,2,2,1,3,3,4,2,3,2,2,2,4,2,2,4,4,2,1,3,3,6,5,7,5,2,2,2,3,1,10,1,4,4,1,2,2,3,8,2,3,1,3,4,4,4,2,6,4,2,1,6,2,1,2,3,0,3,3,7,4,6,2,2,3,1,2,28,3,0,2,3,3,1,6,5,1,3,4,2,3,3,2,4,3,2,6,3,4,2,4,1,4,3,4,2,8,4,6,4,1
5,3,1,1,5,6,2,5,1,1,3,3,4,2,7,3,5,3,3,6,5,1,5,5,1,4,1,3,2,2,1,3,3,4,2,3,2,2,2,4,2,2,4,4,2,1,3,3,6,5,7,5,2,2,2,3,1,10,1,4,4,1,2,2,3,8,2,3,1,3,4,4,4,2,6,2,5,4,1,4,3,4,5,4,3,2,2,3,6,3,29,3,0,7,1,6,4,2,0,0,4,1,3,4,5,1,2,3,9,4,6,2,4,2,1,3,3,6,3,2,7,7,1,1,1,3,2,5
1,5,2,6,3,1,3,5,5,1,3,2,2,2,5,2,3,5,3,5,2,4,3,2,2,2,2,4,5,1,2,4,5,5,6,6,3,6,1,2,2,3,3,4,3,3,2,1,9,0,0,4,4,7,3,1,2,2,2,3,3,4,4,2,1,3,3,2,4,5,4,3,4,4,6,2,5,4,1,4,3,4,5,4,3,2,2,3,6,3,29,3,0,7,1,6,4,2,0,0,4,1,3,4,5,1,2,3,9,4,6,2,4,2,1,3,3,6,3,2,7,7,1,1,1,3,2,5
1,5,2,6,3,1,3,5,5,1,3,2,2,2,5,2,3,5,3,5,2,4,3,2,2,2,2,4,5,1,2,4,5,5,6,6,3,6,1,2,2,3,3,4,3,3,2,1,9,0,0,4,4,7,3,1,2,2,2,3,3,4,4,2,1,3,3,2,4,5,4,3,4,4,2,2,2,5,2,1,1,3,2,1,6,7,5,3,7,0,3,1,2,3,4,3,16,7,9,3,3,2,4,3,4,4,3,3,1,3,2,3,3,6,3,4,1,5,4,2,4,10,1,2,2,2,1,3
2,3,4,5,3,5,3,2,6,2,1,3,2,3,2,2,7,4,9,2,2,3,6,2,8,4,4,2,3,4,2,6,2,2,7,1,6,8,3,2,4,7,3,3,2,2,2,1,3,4,3,1,2,2,4,5,4,7,4,2,1,2,2,6,4,3,4,6,3,2,2,2,6,1,4,3,6,1,6,2,3,7,3,5,1,1,1,2,29,0,2,5,3,1,2,3,3,3,4,5,1,5,2,1,3,2,4,2,2,2,7,5,3,2,2,4,4,1,5,2,4,7,2,5,8,5,2,4
2,3,4,5,3,5,3,2,6,2,1,3,2,3,2,2,7,4,9,2,2,3,6,2,8,4,4,2,3,4,2,6,2,2,7,1,6,8,3,2,4,7,3,3,2,2,2,1,3,4,3,1,2,2,4,5,4,7,4,2,1,2,2,6,4,3,4,6,3,2,2,2,6,1,0,4,1,2,5,3,2,4,1,3,3,2,1,3,9,1,2,3,2,17,4,2,0,3,2,2,2,4,6,4,1,3,2,5,3,3,5,7,5,3,2,8,3,3,3,5,3,5,2,3,5,8,1,3
9,2,2,2,5,6,1,3,3,5,2,7,3,4,2,6,3,3,7,1,4,1,3,1,3,1,6,3,0,3,4,3,3,5,3,2,2,3,3,6,3,3,6,3,4,2,2,4,2,4,2,1,3,2,2,5,3,0,4,2,4,3,2,3,1,5,7,5,5,2,4,2,3,8,3,4,1,2,5,3,2,4,1,3,3,2,1,3,9,1,2,3,2,17,4,2,0,3,2,2,2,4,6,4,1,3,2,5,3,3,5,7,5,3,2,8,3,3,3,5,3,5,2,3,5,8,1,3
9,2,2,2,5,6,1,3,3,5,2,7,3,4,2,6,3,3,7,1,4,1,3,1,3,1,6,3,0,3,4,3,3,5,3,2,2,3,3,6,3,3,6,3,4,2,2,4,2,4,2,1,3,2,2,5,3,0,4,2,4,3,2,3,1,5,7,5,5,2,4,2,3,8,3,4,3,3,5,4,0,6,2,2,4,3,1,2,4,4,2,1,4,8,12,4,2,2,3,6,1,4,3,2,6,2,2,2,2,8,1,5,4,9,2,3,1,3,2,5,4,3,3,3,3,1,2,3
2,2,4,3,2,7,5,6,2,5,2,3,1,1,2,5,3,2,5,4,5,2,1,5,4,2,4,5,1,3,2,3,3,2,4,2,3,5,4,4,2,3,6,5,3,4,5,5,5,2,5,6,3,5,3,1,3,3,2,1,7,3,3,5,5,5,6,2,7,3,1,7,6,4,2,4,3,3,5,4,0,6,2,2,4,3,1,2,4,4,2,1,4,8,12,4,2,2,3,6,1,4,3,2,6,2,2,2,2,8,1,5,4,9,2,3,1,3,2,5,4,3,3,3,3,1,2,3
3,2,4,3,2,7,5,6,2,5,2,3,1,1,2,5,3,2,5,4,5,2,1,5,4,2,4,5,1,3,2,3,3,2,4,2,3,5,4,4,2,3,6,5,3,4,5,5,5,2,5,6,3,5,3,1,3,3,2,1,7,3,3,5,5,5,6,2,7,3,1,7,6,4,2,1,4,4,1,1,3,4,5,8,1,1,3,1,5,3,2,6,4,2,4,7,6,6,1,7,4,5,5,2,4,6,4,3,5,6,1,8,3,4,4,0,4,2,6,2,1,3,4,4,7,3,3,5
3,1,4,2,2,5,5,3,5,2,5,5,2,1,3,3,6,1,3,3,2,8,0,4,3,2,3,3,3,3,2,5,2,2,1,3,2,8,5,1,9,5,0,3,8,2,2,3,3,3,3,4,5,3,4,3,3,4,1,3,3,3,2,1,2,4,2,5,2,1,4,1,3,3,6,1,4,4,1,1,3,4,5,8,1,1,3,1,5,3,2,6,4,2,4,7,6,6,1,7,4,5,5,2,4,6,4,3,5,6,1,8,3,4,4,0,4,2,6,2,1,3,4,4,7,3,3,5
3,1,4,2,2,5,5,3,5,2,5,5,2,1,3,3,6,1,3,3,2,8,0,4,3,2,3,3,3,3,2,5,2,2,1,3,2,8,5,1,9,5,0,3,8,2,2,3,3,3,3,4,5,3,4,3,3,4,1,3,3,3,2,1,2,4,2,5,2,1,4,1,3,3,6,1,5,5,6,5,2,3,4,5,2,4,5,0,2,4,6,9,3,3,28,3,4,3,0,1,3,6,2,4,4,3,2,2,1,5,2,1,1,2,6,2,0,5,3,6,7,2,2,1,6,10,1,2
3,1,1,5,3,3,2,4,4,1,2,3,2,6,4,1,6,4,2,3,3,5,2,5,6,2,8,5,1,1,2,2,4,2,3,4,2,3,2,3,4,6,5,7,3,4,2,7,4,4,5,2,5,2,5,3,4,2,1,3,2,6,3,2,3,6,3,2,4,5,3,7,3,2,3,1,5,5,6,5,2,3,4,5,2,4,5,0,2,4,6,9,3,3,28,3,4,3,0,1,3,6,2,4,4,3,2,2,1,5,2,1,1,2,6,2,0,5,3,6,7,2,2,1,6,10,1,2
3,1,1,5,3,3,2,4,4,1,2,3,2,6,4,1,6,4,2,3,3,5,2,5,6,2,8,5,1,1,2,2,4,2,3,4,2,3,2,3,4,6,5,7,3,4,2,7,4,4,5,2,5,2,5,3,4,2,1,3,2,6,3,2,3,6,3,2,4,5,3,7,3,2,3,2,0,4,6,4,3,4,1,3,5,5,3,3,2,5,4,30,19,0,3,3,4,2,2,5,3,4,5,3,3,2,5,4,2,9,4,5,3,1,2,4,8,5,1,7,2,4,7,1,1,11,4,3
4,0,2,6,1,4,4,0,1,3,4,2,2,2,3,4,1,4,2,1,5,2,3,4,1,3,2,7,3,3,9,1,1,4,4,5,4,7,8,2,3,4,1,4,3,2,4,4,8,1,2,5,6,2,2,3,4,3,4,5,3,4,7,6,4,1,2,2,5,3,2,2,98,27,13,2,0,4,6,4,3,4,1,3,5,5,3,3,2,5,4,30,19,0,3,3,4,2,2,5,3,4,5,3,3,2,5,4,2,9,4,5,3,1,2,4,8,5,1,7,2,4,7,1,1,11,4,3
4,0,2,6,1,4,4,0,1,3,4,2,2,2,3,4,1,4,2,1,5,2,3,4,1,3,2,7,3,3,9,1,1,4,4,5,4,7,8,2,3,4,1,4,3,2,4,4,8,1,2,5,6,2,2,3,4,3,4,5,3,4,7,6,4,1,2,2,5,3,2,2,98,27,13,0,0,0,1,0,0,0,2,1,2,2,2,2,4,2,25,1,0,1,3,1,5,2,4,3,4,2,3,3,3,2,4,4,7,3,6,5,5,2,5,1,7,4,3,3,4,3,3,2,4,6,5,2
4,1,1,2,3,3,4,3,1,2,7,2,1,3,4,5,3,3,2,2,2,5,3,3,3,3,1,4,3,3,3,2,1,7,6,4,6,4,3,2,1,2,1,7,5,3,2,4,2,5,1,4,3,2,2,1,7,6,5,3,4,6,3,3,4,4,10,6,5,1,1,2,3,1,8,0,0,0,1,0,0,0,2,1,2,2,2,2,4,2,25,1,0,1,3,1,5,2,4,3,4,2,3,3,3,2,4,4,7,3,6,5,5,2,5,1,7,4,3,3,4,3,3,2,4,6,5,2
4,1,1,2,3,3,4,3,1,2,7,2,1,3,4,5,3,3,2,2,2,5,3,3,3,3,1,4,3,3,3,2,1,7,6,4,6,4,3,2,1,2,1,7,5,3,2,4,2,5,1,4,3,2,2,1,7,6,5,3,4,6,3,3,4,4,10,6,5,1,1,2,3,1,8,4,3,2,1,3,6,1,2,4,6,2,2,28,1,2,6,5,1,2,4,3,3,7,2,3,3,3,4,4,5,2,6,2,3,1,4,1,4,10,3,6,2,5,4,5,2,3,6,1,0,2,2,3
2,3,3,2,2,1,8,3,3,3,2,5,6,6,3,4,2,3,4,8,2,3,2,6,2,3,0,1,1,1,4,4,5,8,2,4,2,1,4,2,3,3,7,4,3,2,3,4,7,4,4,1,3,5,7,2,2,4,6,5,5,5,2,4,1,4,6,3,2,4,2,3,8,4,3,4,3,2,1,3,6,1,2,4,6,2,2,28,1,2,6,5,1,2,4,3,3,7,2,3,3,3,4,4,5,2,6,2,3,1,4,1,4,10,3,6,2,5,4,5,2,3,6,1,0,2,2,3
2,3,3,2,2,1,8,3,3,3,2,5,6,6,3,4,2,3,4,8,2,3,2,6,2,3,0,1,1,1,4,4,5,8,2,4,2,1,4,2,3,3,7,4,3,2,3,4,7,4,4,1,3,5,7,2,2,4,6,5,5,5,2,4,1,4,6,3,2,4,2,3,8,4,3,2,1,3,2,5,4,4,2,3,5,1,4,5,3,3,28,3,1,2,1,5,1,1,2,0,2,6,7,6,3,4,6,6,7,1,2,1,2,3,3,7,3,1,1,4,3,2,2,4,4,2,3,5
1,2,5,1,1,2,2,2,3,7,2,4,2,2,3,2,4,3,2,3,5,3,3,6,3,1,2,5,2,6,4,9,3,1,2,1,3,5,7,3,2,3,1,3,2,1,5,6,3,3,4,3,3,3,3,3,4,6,1,2,8,2,9,2,2,8,6,3,4,1,2,4,5,4,5,2,1,3,2,5,4,4,2,3,5,1,4,5,3,3,28,3,1,2,1,5,1,1,2,0,2,6,7,6,3,4,6,6,7,1,2,1,2,3,3,7,3,1,1,4,3,2,2,4,4,2,3,5
1,2,5,1,1,2,2,2,3,7,2,4,2,2,3,2,4,3,2,3,5,3,3,6,3,1,2,5,2,6,4,9,3,1,2,1,3,5,7,3,2,3,1,3,2,1,5,6,3,3,4,3,3,3,3,3,4,6,1,2,8,2,9,2,2,8,6,3,4,1,2,4,5,4,5,5,3,4,3,2,3,4,2,2,3,2,5,3,35,2,0,2,1,2,1,2,1,1,4,5,2,2,4,5,4,3,2,4,5,2,2,3,2,5,2,2,5,3,6,4,4,2,1,3,6,2,4,4
4,0,4,4,4,2,4,5,5,5,1,5,5,3,1,6,4,5,6,2,4,2,4,6,1,4,3,2,1,2,4,2,0,1,2,5,2,2,4,4,2,4,4,6,5,2,1,3,3,4,5,2,3,2,4,2,2,3,4,2,5,4,4,1,1,3,4,2,8,3,2,3,5,3,4,5,3,4,3,2,3,4,2,2,3,2,5,3,35,2,0,2,1,2,1,2,1,1,4,5,2,2,4,5,4,3,2,4,5,2,2,3,2,5,2,2,5,3,6,4,4,2,1,3,6,2,4,4
4,0,4,4,4,2,4,5,5,5,1,5,5,3,1,6,4,5,6,2,4,2,4,6,1,4,3,2,1,2,4,2,0,1,2,5,2,2,4,4,2,4,4,6,5,2,1,3,3,4,5,2,3,2,4,2,2,3,4,2,5,4,4,1,1,3,4,2,8,3,2,3,5,3,4,8,2,4,6,4,1,2,1,5,3,2,6,3,5,5,3,7,8,8,13,2,9,1,4,5,2,1,2,3,3,1,3,5,0,7,4,3,1,5,3,7,1,4,2,5,6,2,1,4,3,4,5,5
3,7,3,3,3,4,4,4,5,3,6,3,4,2,1,3,3,4,2,3,3,3,5,3,4,3,1,4,4,8,5,3,3,2,7,1,4,1,4,3,4,1,1,4,2,3,3,5,5,5,2,4,3,4,5,2,2,3,4,3,6,3,0,7,8,1,4,5,4,1,7,6,3,2,1,8,2,4,6,4,1,2,1,5,3,2,6,3,5,5,3,7,8,8,13,2,9,1,4,5,2,1,2,3,3,1,3,5,0,7,4,3,1,5,3,7,1,4,2,5,6,2,1,4,3,4,5,5
3,7,3,3,3,4,4,4,5,3,6,3,4,2,1,3,3,4,2,3,3,3,5,3,4,3,1,4,4,8,5,3,3,2,7,1,4,1,4,3,4,1,1,4,2,3,3,5,5,5,2,4,3,4,5,2,2,3,4,3,6,3,0,7,8,1,4,5,4,1,7,6,3,2,1,2,3,4,1,3,3,1,3,2,4,5,4,3,4,0,7,4,19,2,1,4,3,3,5,2,4,4,2,2,3,1,4,1,5,2,3,2,4,5,4,5,3,6,3,3,2,4,3,2,1,5,7,6
6,3,4,1,3,2,1,4,2,5,2,5,2,3,2,1,3,3,2,4,3,3,1,2,4,4,3,3,2,1,3,3,3,4,5,4,2,5,1,3,2,5,4,3,2,4,5,4,5,2,6,3,4,2,4,0,3,4,5,2,6,3,3,4,2,2,6,3,1,4,2,3,3,7,2,2,3,4,1,3,3,1,3,2,4,5,4,3,4,0,7,4,19,2,1,4,3,3,5,2,4,4,2,2,3,1,4,1,5,2,3,2,4,5,4,5,3,6,3,3,2,4,3,2,1,5,7,6
6,3,4,1,3,2,1,4,2,5,2,5,2,3,2,1,3,3,2,4,3,3,1,2,4,4,3,3,2,1,3,3,3,4,5,4,2,5,1,3,2,5,4,3,2,4,5,4,5,2,6,3,4,2,4,0,3,4,5,2,6,3,3,4,2,2,6,3,1,4,2,3,3,7,2,4,6,7,1,3,3,2,3,5,7,0,2,2,2,4,34,1,0,0,4,1,1,4,6,5,3,5,3,5,0,2,3,3,2,6,3,4,6,2,3,3,6,2,2,3,2,3,4,4,4,1,2,7
2,3,7,3,2,5,5,5,5,6,3,4,1,3,1,6,1,3,4,2,1,4,5,3,1,5,6,4,0,4,3,3,4,3,4,5,1,4,8,3,4,1,3,3,4,3,4,3,2,3,2,6,3,4,5,2,4,4,3,1,3,6,2,2,5,4,3,9,3,5,4,2,4,2,6,4,6,7,1,3,3,2,3,5,7,0,2,2,2,4,34,1,0,0,4,1,1,4,6,5,3,5,3,5,0,2,3,3,2,6,3,4,6,2,3,3,6,2,2,3,2,3,4,4,4,1,2,7
2,3,7,3,2,5,5,5,5,6,3,4,1,3,1,6,1,3,4,2,1,4,5,3,1,5,6,4,0,4,3,3,4,3,4,5,1,4,8,3,4,1,3,3,4,3,4,3,2,3,2,6,3,4,5,2,4,4,3,1,3,6,2,2,5,4,3,9,3,5,4,2,4,2,6,4,1,3,4,4,4,3,1,3,7,0,1,7,4,1,3,5,1,3,3,0,6,3,3,5,2,3,3,1,3,1,3,1,4,7,3,3,4,3,0,3,6,7,5,1,4,5,3,3,5,3,1,3
2,2,1,4,5,3,6,2,4,2,3,3,7,2,3,4,4,2,3,4,2,5,3,2,4,2,3,3,2,5,0,5,3,2,5,5,1,3,3,1,2,5,8,4,2,9,3,7,7,4,4,2,4,3,4,1,3,5,3,6,3,2,1,3,3,2,1,3,4,1,4,2,3,1,3,4,1,3,4,4,4,3,1,3,7,0,1,7,4,1,3,5,1,3,3,0,6,3,3,5,2,3,3,1,3,1,3,1,4,7,3,3,4,3,0,3,6,7,5,1,4,5,3,3,5,3,1,3
2,2,1,4,5,3,6,2,4,2,3,3,7,2,3,4,4,2,3,4,2,5,3,2,4,2,3,3,2,5,0,5,3,2,5,5,1,3,3,1,2,5,8,4,2,9,3,7,7,4,4,2,4,3,4,1,3,5,3,6,3,2,1,3,3,2,1,3,4,1,4,2,3,1,3,1,0,5,6,4,5,6,3,2,3,2,4,0,2,3,6,5,6,1,3,4,2,2,2,3,6,3,2,4,3,6,1,2,4,9,6,7,3,3,3,5,0,2,5,2,2,4,3,4,4,2,2,1
7,2,3,0,2,4,2,2,2,5,3,2,7,4,2,3,4,5,4,5,6,1,6,4,3,3,2,2,8,2,2,3,3,3,6,3,3,3,4,2,7,3,1,5,3,1,4,4,3,7,7,4,2,2,3,2,3,6,4,3,4,4,3,5,3,4,4,4,6,10,2,4,2,3,2,1,0,5,6,4,5,6,3,2,3,2,4,0,2,3,6,5,6,1,3,4,2,2,2,3,6,3,2,4,3,6,1,2,4,9,6,7,3,3,3,5,0,2,5,2,2,4,3,4,4,2,2,1
7,2,3,0,2,4,2,2,2,5,3,2,7,4,2,3,4,5,4,5,6,1,6,4,3,3,2,2,8,2,2,3,3,3,6,3,3,3,4,2,7,3,1,5,3,1,4,4,3,7,7,4,2,2,3,2,3,6,4,3,4,4,3,5,3,4,4,4,6,10,2,4,2,3,2,8,3,1,5,4,5,4,5,1,6,3,1,2,5,3,1,6,1,25,1,1,3,4,3,2,4,6,2,4,3,4,3,4,1,3,2,4,2,4,5,2,2,3,2,2,3,7,7,2,4,3,5,6
7,2,0,10,0,6,2,4,6,4,4,4,3,3,1,2,2,8,1,6,4,2,1,3,0,3,6,5,2,4,3,7,7,2,5,4,2,1,4,6,2,2,5,3,2,2,3,4,1,3,6,2,4,3,4,3,1,1,6,4,4,6,2,4,4,0,3,2,1,4,8,3,1,7,7,8,3,1,5,4,5,4,5,1,6,3,1,2,5,3,1,6,1,25,1,1,3,4,3,2,4,6,2,4,3,4,3,4,1,3,2,4,2,4,5,2,2,3,2,2,3,7,7,2,4,3,5,6
7,2,0,10,0,6,2,4,6,4,4,4,3,3,1,2,2,8,1,6,4,2,1,3,0,3,6,5,2,4,3,7,7,2,5,4,2,1,4,6,2,2,5,3,2,2,3,4,1,3,6,2,4,3,4,3,1,1,6,4,4,6,2,4,4,0,3,2,1,4,8,3,1,7,7,0,3,4,4,1,3,4,1,6,1,3,6,1,1,3,6,22,5,2,1,3,3,3,3,8,2,5,4,3,4,2,5,1,2,6,5,1,1,3,4,2,4,2,4,4,3,3,2,6,3,3,4,2
2,3,6,9,7,0,4,5,5,4,1,4,7,1,6,0,2,3,3,5,11,5,5,2,2,3,2,4,2,5,3,5,4,1,4,2,4,3,2,3,5,5,2,6,2,2,4,3,5,3,6,3,6,2,4,4,2,6,2,0,2,3,6,4,4,1,3,5,6,2,4,4,4,2,3,0,3,4,4,1,3,4,1,6,1,3,6,1,1,3,6,22,5,2,1,3,3,3,3,8,2,5,4,3,4,2,5,1,2,6,5,1,1,3,4,2,4,2,4,4,3,3,2,6,3,3,4,2
2,3,6,9,7,0,4,5,5,4,1,4,7,1,6,0,2,3,3,5,11,5,5,2,2,3,2,4,2,5,3,5,4,1,4,2,4,3,2,3,5,5,2,6,2,2,4,3,5,3,6,3,6,2,4,4,2,6,2,0,2,3,6,4,4,1,3,5,6,2,4,4,4,2,3,1,2,11,3,2,2,2,3,0,1,3,6,2,4,3,2,2,3,20,2,3,3,1,1,8,4,1,4,2,2,2,1,6,3,5,1,1,3,2,3,3,3,2,5,3,8,3,1,2,5,2,3,2
3,1,2,2,4,11,1,3,2,6,3,2,4,2,3,0,5,4,4,6,3,6,4,5,6,2,3,1,1,3,3,4,3,2,3,6,2,3,1,3,3,3,3,5,3,6,9,8,1,2,4,4,2,4,2,2,2,4,2,4,1,4,4,2,5,3,8,4,3,1,2,4,2,3,5,1,2,11,3,2,2,2,3,0,1,3,6,2,4,3,2,2,3,20,2,3,3,1,1,8,4,1,4,2,2,2,1,6,3,5,1,1,3,2,3,3,3,2,5,3,8,3,1,2,5,2,3,2
3,1,2,2,4,11,1,3,2,6,3,2,4,2,3,0,5,4,4,6,3,6,4,5,6,2,3,1,1,3,3,4,3,2,3,6,2,3,1,3,3,3,3,5,3,6,9,8,1,2,4,4,2,4,2,2,2,4,2,4,1,4,4,2,5,3,8,4,3,1,2,4,2,3,5,5,2,2,1,4,3,6,10,1,4,3,5,1,4,1,11,0,6,1,4,8,1,17,1,1,1,4,5,0,5,6,2,2,3,4,4,4,4,6,6,2,6,1,6,5,3,1,1,3,8,2,2,3
3,10,3,6,3,3,2,1,6,1,3,5,4,3,1,3,4,1,4,4,3,1,3,2,1,3,4,4,3,3,3,4,2,5,1,4,1,3,1,6,6,3,2,7,1,5,3,2,4,3,2,4,7,2,2,6,2,4,8,0,4,3,3,2,2,3,3,3,2,4,1,7,4,4,2,5,2,2,1,4,3,6,10,1,4,3,5,1,4,1,11,0,6,1,4,8,1,17,1,1,1,4,5,0,5,6,2,2,3,4,4,4,4,6,6,2,6,1,6,5,3,1,1,3,8,2,2,3
3,10,3,6,3,3,2,1,6,1,3,5,4,3,1,3,4,1,4,4,3,1,3,2,1,3,4,4,3,3,3,4,2,5,1,4,1,3,1,6,6,3,2,7,1,5,3,2,4,3,2,4,7,2,2,6,2,4,8,0,4,3,3,2,2,3,3,3,2,4,1,7,4,4,2,2,3,4,5,9,1,1,7,4,3,2,3,2,3,42,4,0,4,0,2,5,3,2,2,3,2,4,7,3,3,4,4,4,1,5,3,2,2,4,1,4,5,5,3,1,2,3,3,3,2,3,4,5
3,4,2,4,4,6,1,1,1,2,3,3,6,5,3,8,2,4,5,4,1,6,3,2,6,2,4,5,3,4,3,1,2,2,3,5,2,7,3,2,4,4,1,3,1,4,4,4,3,6,4,3,2,5,2,1,5,5,3,2,2,1,2,4,2,1,1,4,3,7,2,2,5,2,3,2,3,4,5,9,1,1,7,4,3,2,3,2,3,42,4,0,4,0,2,5,3,2,2,3,2,4,7,3,3,4,4,4,1,5,3,2,2,4,1,4,5,5,3,1,2,3,3,3,2,3,4,5
3,4,2,4,4,6,1,1,1,2,3,3,6,5,3,8,2,4,5,4,1,6,3,2,6,2,4,5,3,4,3,1,2,2,3,5,2,7,3,2,4,4,1,3,1,4,4,4,3,6,4,3,2,5,2,1,5,5,3,2,2,1,2,4,2,1,1,4,3,7,2,2,5,2,3,2,5,6,7,2,3,6,3,1,2,3,3,1,41,0,0,1,5,1,3,1,3,7,1,0,3,1,2,4,2,2,7,3,1,2,2,3,6,5,2,3,3,2,2,5,1,2,7,7,2,2,2,1
5,3,5,4,2,3,5,6,4,4,0,2,6,5,3,1,2,3,4,2,5,3,5,4,8,1,3,6,3,1,3,5,2,4,7,1,3,6,1,4,2,3,5,3,2,4,3,6,2,5,3,3,3,4,5,2,2,7,1,6,8,2,5,3,5,1,2,7,4,3,2,3,4,5,1,2,5,6,7,2,3,6,3,1,2,3,3,1,41,0,0,1,5,1,3,1,3,7,1,0,3,1,2,4,2,2,7,3,1,2,2,3,6,5,2,3,3,2,2,5,1,2,7,7,2,2,2,1
5,3,5,4,2,3,5,6,4,4,0,2,6,5,3,1,2,3,4,2,5,3,5,4,8,1,3,6,3,1,3,5,2,4,7,1,3,6,1,4,2,3,5,3,2,4,3,6,2,5,3,3,3,4,5,2,2,7,1,6,8,2,5,3,5,1,2,7,4,3,2,3,4,5,1,1,2,6,3,2,3,6,5,5,2,3,2,3,2,3,4,23,14,5,7,1,9,5,5,3,2,0,3,2,2,3,2,9,5,3,1,2,3,8,2,6,2,5,5,2,2,2,4,1,3,3,5,2
4,1,2,2,2,3,3,2,4,3,1,3,5,1,4,10,6,2,2,2,5,4,2,5,1,5,4,8,4,3,3,1,5,2,5,3,2,3,4,6,4,1,6,5,2,3,1,9,4,3,4,7,4,2,2,2,2,2,4,4,3,2,6,3,7,1,1,7,6,4,3,2,1,4,2,1,2,6,3,2,3,6,5,5,2,3,2,3,2,3,4,23,14,5,7,1,9,5,5,3,2,0,3,2,2,3,2,9,5,3,1,2,3,8,2,6,2,5,5,2,2,2,4,1,3,3,5,2
4,1,2,2,2,3,3,2,4,3,1,3,5,1,4,10,6,2,2,2,5,4,2,5,1,5,4,8,4,3,3,1,5,2,5,3,2,3,4,6,4,1,6,5,2,3,1,9,4,3,4,7,4,2,2,2,2,2,4,4,3,2,6,3,7,1,1,7,6,4,3,2,1,4,2,4,4,5,2,3,3,1,3,7,4,3,2,4,2,6,3,3,2,4,2,1,5,2,8,6,3,3,2,3,4,2,4,1,4,3,2,7,6,0,5,1,7,2,4,1,5,2,3,4,1,2,3,3
1,3,6,6,5,8,5,2,5,1,7,4,0,2,3,1,5,8,2,1,8,4,2,5,6,4,4,1,6,2,6,3,4,2,3,6,3,5,1,5,4,5,2,2,4,7,3,4,1,2,2,3,2,2,2,4,4,2,3,3,2,3,5,3,2,1,4,5,6,2,3,1,3,10,2,4,4,5,2,3,3,1,3,7,4,3,2,4,2,6,3,3,2,4,2,1,5,2,8,6,3,3,2,3,4,2,4,1,4,3,2,7,6,0,5,1,7,2,4,1,5,2,3,4,1,2,3,3
0,3,6,6,5,8,5,2,5,1,7,4,0,2,3,1,5,8,2,1,8,4,2,5,6,4,4,1,6,2,6,3,4,2,3,6,3,5,1,5,4,5,2,2,4,7,3,4,1,2,2,3,2,2,2,4,4,2,3,3,2,3,5,3,2,1,4,5,6,2,3,1,3,10,2,3,4,4,6,1,6,4,2,1,2,31,0,2,5,2,1,5,3,2,4,3,7,0,1,1,7,3,7,5,3,4,3,2,6,1,1,2,5,3,1,2,1,6,3,6,3,3,3,3,2,3,2,5
8,2,1,2,3,3,1,4,3,1,4,3,2,1,6,4,6,8,3,5,4,4,1,2,5,2,3,8,5,2,4,3,7,4,3,5,5,3,3,2,4,2,3,5,2,4,3,1,9,2,5,2,5,5,2,6,5,4,1,3,5,2,10,1,5,8,1,1,2,3,0,2,2,3,3,3,4,4,6,1,6,4,2,1,2,31,0,2,5,2,1,5,3,2,4,3,7,0,1,1,7,3,7,5,3,4,3,2,6,1,1,2,5,3,1,2,1,6,3,6,3,3,3,3,2,3,2,5
8,2,1,2,3,3,1,4,3,1,4,3,2,1,6,4,6,8,3,5,4,4,1,2,5,2,3,8,5,2,4,3,7,4,3,5,5,3,3,2,4,2,3,5,2,4,3,1,9,2,5,2,5,5,2,6,5,4,1,3,5,2,10,1,5,8,1,1,2,3,0,2,2,3,3,3,5,3,5,7,5,5,4,1,3,5,2,3,2,4,4,2,2,3,4,20,1,7,2,6,5,3,1,3,2,1,2,3,4,2,5,4,1,3,4,5,3,3,6,4,4,5,9,6,6,3,1,3
4,4,3,2,2,2,6,5,6,4,3,6,3,3,4,3,1,2,3,3,2,2,3,7,6,4,6,2,2,5,2,3,3,2,2,1,7,3,10,3,3,2,5,5,1,7,4,2,4,5,3,3,2,4,4,3,6,4,1,8,3,3,4,2,4,5,3,1,5,2,2,5,1,3,4,3,5,3,5,7,5,5,4,1,3,5,2,3,2,4,4,2,2,3,4,20,1,7,2,6,5,3,1,3,2,1,2,3,4,2,5,4,1,3,4,5,3,3,6,4,4,5,9,6,6,3,1,3
4,4,3,2,2,2,6,5,6,4,3,6,3,3,4,3,1,2,3,3,2,2,3,7,6,4,6,2,2,5,2,3,3,2,2,1,7,3,10,3,3,2,5,5,1,7,4,2,4,5,3,3,2,4,4,3,6,4,1,8,3,3,4,2,4,5,3,1,5,2,2,5,1,3,4,3,4,6,1,2,9,2,3,5,3,1,5,3,5,1,4,11,4,3,1,16,0,3,3,2,5,2,1,3,3,1,3,6,4,1,2,2,3,6,5,3,3,2,4,2,2,8,3,3,2,1,4,3
6,1,4,3,2,3,7,1,6,3,2,5,3,3,1,5,3,4,1,5,2,5,4,3,1,2,0,5,3,6,2,3,3,3,6,6,4,6,3,5,4,3,4,2,2,5,0,8,4,3,4,2,3,1,4,2,4,7,4,5,1,5,3,3,2,5,4,2,2,4,2,3,1,3,3,3,4,6,1,2,9,2,3,5,3,1,5,3,5,1,4,11,4,3,1,16,0,3,3,2,5,2,1,3,3,1,3,6,4,1,2,2,3,6,5,3,3,2,4,2,2,8,3,3,2,1,4,3
6,1,4,3,2,3,7,1,6,3,2,5,3,3,1,5,3,4,1,5,2,5,4,3,1,2,0,5,3,6,2,3,3,3,6,6,4,6,3,5,4,3,4,2,2,5,0,8,4,3,4,2,3,1,4,2,4,7,4,5,1,5,3,3,2,5,4,2,2,4,2,3,1,3,3,4,6,2,6,1,2,0,6,5,2,2,3,3,3,5,4,2,31,0,0,4,0,4,1,4,4,6,1,6,3,3,3,6,1,4,1,8,3,4,2,2,1,5,3,3,4,6,6,3,0,1,1,10
4,2,4,4,1,3,2,4,6,1,1,2,5,3,2,3,5,0,3,1,9,5,1,5,10,3,2,2,3,6,6,1,2,1,3,10,3,2,2,5,5,1,6,1,3,4,5,1,2,7,8,3,9,1,2,5,2,4,4,2,4,2,2,3,5,3,8,6,3,1,9,1,2,1,3,4,6,2,6,1,2,0,6,5,2,2,3,3,3,5,4,2,31,0,0,4,0,4,1,4,4,6,1,6,3,3,3,6,1,4,1,8,3,4,2,2,1,5,3,3,4,6,6,3,0,1,1,10
4,2,4,4,1,3,2,4,6,1,1,2,5,3,2,3,5,0,3,1,9,5,1,5,10,3,2,2,3,6,6,1,2,1,3,10,3,2,2,5,5,1,6,1,3,4,5,1,2,7,8,3,9,1,2,5,2,4,4,2,4,2,2,3,5,3,8,6,3,1,9,1,2,1,3,6,3,2,2,8,8,2,3,3,3,2,6,1,5,2,7,4,3,3,23,2,2,5,1,1,2,6,4,3,1,3,3,3,3,4,2,5,3,4,4,5,3,3,4,1,2,2,3,3,1,4,5,1
3,2,5,6,4,0,5,3,0,7,3,2,1,2,5,6,3,1,4,1,3,2,1,3,6,2,10,3,4,4,1,3,0,1,2,2,3,3,9,3,4,4,7,3,2,6,2,3,3,2,3,5,5,2,2,1,7,3,2,6,2,3,4,4,3,2,2,1,2,3,3,3,4,3,2,6,3,2,2,8,8,2,3,3,3,2,6,1,5,2,7,4,3,3,23,2,2,5,1,1,2,6,4,3,1,3,3,3,3,4,2,5,3,4,4,5,3,3,4,1,2,2,3,3,1,4,5,1
2,2,5,6,4,0,5,3,0,7,3,2,1,2,5,6,3,1,4,1,3,2,1,3,6,2,10,3,4,4,1,3,0,1,2,2,3,3,9,3,4,4,7,3,2,6,2,3,3,2,3,5,5,2,2,1,7,3,2,6,2,3,4,4,3,2,2,1,2,3,3,3,4,3,2,2,4,4,5,4,3,4,4,4,2,3,4,2,4,5,3,4,1,5,1,3,3,2,4,5,4,4,2,6,3,5,2,5,2,5,4,1,3,5,1,1,6,1,3,5,1,3,2,5,2,3,4,4
3,2,6,2,1,3,1,8,2,3,7,4,6,2,2,3,9,1,6,3,4,4,6,2,4,2,4,5,1,2,7,1,3,2,4,4,5,6,2,5,2,2,6,3,3,4,4,2,1,2,3,3,2,4,4,2,1,3,1,3,3,5,2,6,2,6,5,4,1,5,3,5,4,4,1,2,4,4,5,4,3,4,4,4,2,3,4,2,4,5,3,4,1,5,1,3,3,2,4,5,4,4,2,6,3,5,2,5,2,5,4,1,3,5,1,1,6,1,3,5,1,3,2,5,2,3,4,4
3,2,6,2,1,3,1,8,2,3,7,4,6,2,2,3,9,1,6,3,4,4,6,2,4,2,4,5,1,2,7,1,3,2,4,4,5,6,2,5,2,2,6,3,3,4,4,2,1,2,3,3,2,4,4,2,1,3,1,3,3,5,2,6,2,6,5,4,1,5,3,5,4,4,1,4,5,1,3,4,3,2,2,7,1,3,5,2,2,2,5,2,5,29,2,0,3,2,1,6,3,7,3,2,7,2,3,1,2,0,2,4,4,4,3,1,4,1,1,4,2,1,5,2,5,2,2,6
1,2,2,4,2,1,4,4,4,6,2,3,4,2,5,3,7,11,4,2,5,6,3,2,4,2,7,3,4,2,6,4,3,5,1,3,6,1,2,5,3,1,5,3,0,1,2,2,7,4,7,5,3,3,3,2,3,3,4,3,2,3,5,3,4,5,4,1,4,5,3,6,3,4,2,4,5,1,3,4,3,2,2,7,1,3,5,2,2,2,5,2,5,29,2,0,3,2,1,6,3,7,3,2,7,2,3,1,2,0,2,4,4,4,3,1,4,1,1,4,2,1,5,2,5,2,2,6
1,2,2,4,2,1,4,4,4,6,2,3,4,2,5,3,7,11,4,2,5,6,3,2,4,2,7,3,4,2,6,4,3,5,1,3,6,1,2,5,3,1,5,3,0,1,2,2,7,4,7,5,3,3,3,2,3,3,4,3,2,3,5,3,4,5,4,1,4,5,3,6,3,4,2,2,1,4,10,2,2,6,5,3,2,2,2,41,18,1,2,0,1,3,4,1,1,6,5,2,6,4,5,3,2,1,5,2,6,7,1,5,2,4,5,2,4,2,8,6,4,2,3,1,4,2,2,5
3,5,4,3,0,4,2,1,3,3,4,3,2,5,3,7,4,3,4,5,4,8,5,1,3,2,6,9,3,5,2,5,1,4,6,2,2,4,6,6,4,5,5,0,3,4,1,1,5,1,3,3,6,2,2,8,7,2,4,7,0,3,5,4,3,5,2,4,3,4,2,6,6,2,2,3,3,3,1,3,0,5,3,2,3,4,2,28,3,4,1,1,2,1,2,1,3,4,3,4,6,8,3,1,1,3,3,3,4,1,0,5,9,5,3,2,9,4,5,5,2,1,1,2,2,5,3,5
3,5,4,3,0,4,2,1,3,3,4,3,2,5,3,7,4,3,4,5,4,8,5,1,3,2,6,9,3,5,2,5,1,4,6,2,2,4,6,6,4,5,5,0,3,4,1,1,5,1,3,3,6,2,2,8,7,2,4,7,0,3,5,4,3,5,2,4,3,4,2,6,6,2,6,2,3,1,4,5,1,6,2,3,5,5,3,22,7,0,0,1,3,1,3,1,3,4,3,7,4,4,6,2,5,3,3,4,3,3,4,3,4,1,4,0,2,3,4,5,6,4,1,4,5,4,3,2
3,1,3,0,2,4,6,2,4,3,5,2,1,3,2,7,0,4,2,0,3,3,1,4,3,7,0,1,6,2,2,2,3,3,5,5,1,4,0,3,2,5,1,2,7,1,4,2,3,1,5,2,4,4,4,5,1,2,2,8,4,6,5,2,3,2,1,5,3,7,3,2,2,5,4,2,3,1,4,5,1,6,2,3,5,5,3,22,7,0,0,1,3,1,3,1,3,4,3,7,4,4,6,2,5,3,3,4,3,3,4,3,4,1,4,0,2,3,4,5,6,4,1,4,5,4,3,2
3,1,3,0,2,4,6,2,4,3,5,2,1,3,2,7,0,4,2,0,3,3,1,4,3,7,0,1,6,2,2,2,3,3,5,5,1,4,0,3,2,5,1,2,7,1,4,2,3,1,5,2,4,4,4,5,1,2,2,8,4,6,5,2,3,2,1,5,3,7,3,2,2,5,4,2,3,5,1,2,3,10,4,2,2,5,7,3,2,4,1,4,3,21,4,2,4,3,5,4,0,4,3,2,7,4,4,3,0,5,3,5,3,1,8,5,5,3,5,0,2,3,2,5,1,7,3,5
5,1,2,2,4,5,2,8,4,0,3,2,4,3,2,2,2,6,4,3,4,3,2,4,5,5,3,4,0,3,3,5,3,4,5,7,2,3,4,1,3,7,2,3,4,1,3,1,2,3,3,5,6,2,5,1,3,3,2,2,4,3,5,2,2,2,4,4,3,0,5,3,5,5,2,2,3,5,1,2,3,10,4,2,2,5,7,3,2,4,1,4,3,21,4,2,4,3,5,4,0,4,3,2,7,4,4,3,0,5,3,5,3,1,8,5,5,3,5,0,2,3,2,5,1,7,3,5
5,1,2,2,4,5,2,8,4,0,3,2,4,3,2,2,2,6,4,3,4,3,2,4,5,5,3,4,0,3,3,5,3,4,5,7,2,3,4,1,3,7,2,3,4,1,3,1,2,3,3,5,6,2,5,1,3,3,2,2,4,3,5,2,2,2,4,4,3,0,5,3,5,5,2,2,0,2,7,4,3,1,4,3,5,3,5,1,1,1,4,5,1,7,29,0,3,3,2,2,4,10,1,3,2,5,5,4,3,4,6,2,2,4,3,12,3,1,7,1,4,2,3,5,5,3,8,1
3,3,3,4,3,4,1,3,7,1,3,3,2,2,4,3,6,5,0,1,3,5,4,3,5,5,2,4,1,2,4,4,0,3,3,2,5,4,4,2,6,4,4,3,8,3,4,2,4,3,5,1,2,3,3,3,4,2,4,7,6,4,4,2,2,2,3,1,2,1,4,3,3,3,4,2,0,2,7,4,3,1,4,3,5,3,5,1,1,1,4,5,1,7,29,0,3,3,2,2,4,10,1,3,2,5,5,4,3,4,6,2,2,4,3,12,3,1,7,1,4,2,3,5,5,3,8,1
3,3,3,4,3,4,1,3,7,1,3,3,2,2,4,3,6,5,0,1,3,5,4,3,5,5,2,4,1,2,4,4,0,3,3,2,5,4,4,2,6,4,4,3,8,3,4,2,4,3,5,1,2,3,3,3,4,2,4,7,6,4,4,2,2,2,3,1,2,1,4,3,3,3,4,3,6,5,8,4,3,1,2,1,5,5,5,3,2,3,4,2,3,6,3,3,19,1,2,5,1,1,3,1,2,3,4,2,3,3,5,3,4,3,0,3,3,3,7,4,5,5,2,6,2,2,3,4
3,2,4,4,2,7,2,2,3,4,4,2,5,3,3,6,5,4,6,2,2,3,5,3,2,4,5,9,4,2,5,1,6,2,6,2,2,2,2,1,4,3,3,2,5,3,4,1,10,3,4,3,3,0,5,2,3,3,3,7,2,2,2,2,2,2,5,9,6,0,0,6,1,5,1,3,6,5,8,4,3,1,2,1,5,5,5,3,2,3,4,2,3,6,3,3,19,1,2,5,1,1,3,1,2,3,4,2,3,3,5,3,4,3,0,3,3,3,7,4,5,5,2,6,2,2,3,4
3,2,4,4,2,7,2,2,3,4,4,2,5,3,3,6,5,4,6,2,2,3,5,3,2,4,5,9,4,2,5,1,6,2,6,2,2,2,2,1,4,3,3,2,5,3,4,1,10,3,4,3,3,0,5,2,3,3,3,7,2,2,2,2,2,2,5,9,6,0,0,6,1,5,1,1,3,1,2,5,2,3,3,2,29,5,1,4,1,7,3,0,5,2,1,2,0,1,4,3,8,0,4,2,5,2,1,2,3,3,4,5,4,3,4,2,3,3,1,6,2,1,5,3,1,5,7,2
4,1,3,2,5,4,1,6,4,5,7,2,1,3,3,6,1,4,2,6,2,1,3,4,4,4,4,4,1,4,3,1,3,2,2,9,4,3,5,2,4,3,4,6,6,1,2,3,2,2,2,3,5,4,3,4,3,3,5,2,3,2,4,3,6,4,4,1,5,3,3,4,3,6,0,1,3,1,2,5,2,3,3,2,29,5,1,4,1,7,3,0,5,2,1,2,0,1,4,3,8,0,4,2,5,2,1,2,3,3,4,5,4,3,4,2,3,3,1,6,2,1,5,3,1,5,7,2
4,1,3,2,5,4,1,6,4,5,7,2,1,3,3,6,1,4,2,6,2,1,3,4,4,4,4,4,1,4,3,1,3,2,2,9,4,3,5,2,4,3,4,6,6,1,2,3,2,2,2,3,5,4,3,4,3,3,5,2,3,2,4,3,6,4,4,1,5,3,3,4,3,6,0,3,2,5,2,4,5,2,5,3,6,6,3,4,3,3,3,1,32,0,1,5,2,2,3,4,0,2,5,4,3,3,3,2,3,2,2,3,1,6,5,4,1,3,3,6,3,1,2,5,6,8,5,5
5,3,1,2,4,6,1,3,4,3,4,3,7,2,7,2,1,1,2,2,4,1,10,3,3,2,9,3,2,5,1,3,2,4,1,2,4,7,3,2,2,3,1,5,5,6,3,5,4,1,5,7,2,5,2,1,2,5,9,2,2,2,3,3,3,4,3,4,2,3,1,3,1,2,2,3,2,5,2,4,5,2,5,3,6,6,3,4,3,3,3,1,32,0,1,5,2,2,3,4,0,2,5,4,3,3,3,2,3,2,2,3,1,6,5,4,1,3,3,6,3,1,2,5,6,8,5,5
5,3,1,2,4,6,1,3,4,3,4,3,7,2,7,2,1,1,2,2,4,1,10,3,3,2,9,3,2,5,1,3,2,4,1,2,4,7,3,2,2,3,1,5,5,6,3,5,4,1,5,7,2,5,2,1,2,5,9,2,2,2,3,3,3,4,3,4,2,3,1,3,1,2,2,7,1,2,2,4,4,5,5,4,4,3,3,1,24,13,2,2,1,3,2,4,4,1,0,5,8,4,3,2,4,3,4,3,7,6,2,2,2,3,6,5,3,1,7,2,5,3,2,6,4,2,5,2
4,4,12,2,2,5,6,2,4,3,2,4,2,4,5,1,1,3,5,5,2,2,5,3,4,3,3,4,4,4,2,5,3,4,2,1,2,2,2,4,2,2,4,8,4,6,5,3,6,1,5,3,3,4,2,2,3,4,3,4,3,3,3,3,2,2,2,3,4,4,4,3,2,2,1,7,1,2,2,4,4,5,5,4,4,3,3,1,24,13,2,2,1,3,2,4,4,1,0,5,8,4,3,2,4,3,4,3,7,6,2,2,2,3,6,5,3,1,7,2,5,3,2,6,4,2,5,2
4,4,12,2,2,5,6,2,4,3,2,4,2,4,5,1,1,3,5,5,2,2,5,3,4,3,3,4,4,4,2,5,3,4,2,1,2,2,2,4,2,2,4,8,4,6,5,3,6,1,5,3,3,4,2,2,3,4,3,4,3,3,3,3,2,2,2,3,4,4,4,3,2,2,1,4,3,3,6,4,3,3,4,1,2,2,5,1,29,2,1,5,4,2,1,3,3,6,6,2,3,2,0,3,4,4,2,6,5,2,3,3,2,5,7,3,2,3,1,3,5,7,2,2,3,2,4,4
4,8,3,3,5,5,2,7,8,1,0,2,7,1,4,3,3,1,2,8,4,4,3,4,6,1,4,3,4,2,6,6,1,3,3,5,2,2,3,1,2,2,4,1,2,3,3,4,5,4,3,2,3,3,5,3,3,5,3,3,5,3,3,6,2,4,2,4,2,4,2,6,7,5,4,4,3,3,6,4,3,3,4,1,2,2,5,1,29,2,1,5,4,2,1,3,3,6,6,2,3,2,0,3,4,4,2,6,5,2,3,3,2,5,7,3,2,3,1,3,5,7,2,2,3,2,4,4
4,8,3,3,5,5,2,7,8,1,0,2,7,1,4,3,3,1,2,8,4,4,3,4,6,1,4,3,4,2,6,6,1,3,3,5,2,2,3,1,2,2,4,1,2,3,3,4,5,4,3,2,3,3,5,3,3,5,3,3,5,3,3,6,2,4,2,4,2,4,2,6,7,5,4,4,2,3,4,4,0,3,4,1,3,27,1,0,2,1,4,2,2,4,2,2,2,3,2,3,3,4,2,0,3,4,3,4,3,5,5,2,2,3,7,4,1,5,2,3,5,3,7,3,3,3,6,3
3,4,2,5,4,6,2,1,0,3,5,2,4,7,3,3,4,3,5,2,3,1,4,2,5,2,2,1,4,2,2,6,2,0,4,2,5,2,2,1,3,6,1,2,3,6,3,3,8,1,1,5,2,1,7,2,3,3,3,2,1,5,4,2,7,4,2,3,1,3,2,4,3,3,2,4,2,3,4,4,0,3,4,1,3,27,1,0,2,1,4,2,2,4,2,2,2,3,2,3,3,4,2,0,3,4,3,4,3,5,5,2,2,3,7,4,1,5,2,3,5,3,7,3,3,3,6,3
3,4,2,5,4,6,2,1,0,3,5,2,4,7,3,3,4,3,5,2,3,1,4,2,5,2,2,1,4,2,2,6,2,0,4,2,5,2,2,1,3,6,1,2,3,6,3,3,8,1,1,5,2,1,7,2,3,3,3,2,1,5,4,2,7,4,2,3,1,3,2,4,3,3,2,6,4,3,1,3,3,3,3,2,5,4,3,4,2,3,3,3,21,11,1,4,0,2,4,2,1,2,6,2,3,3,1,1,5,2,4,3,3,3,3,2,2,1,1,8,4,4,3,2,4,2,1,2
2,7,7,14,3,5,4,36,15,0,3,1,1,7,1,44,4,23,1,1,0,5,0,3,2,1,3,2,1,2,1,1,1,4,4,8,6,3,1,3,3,1,3,4,3,1,2,2,3,2,3,3,4,2,4,3,3,4,6,5,4,3,3,7,7,8,5,7,1,3,7,2,5,1,5,6,4,3,1,3,3,3,3,2,5,4,3,4,2,3,3,3,21,11,1,4,0,2,4,2,1,2,6,2,3,3,1,1,5,2,4,3,3,3,3,2,2,1,1,8,4,4,3,2,4,2,1,2
2,7,7,14,3,5,4,36,15,0,3,1,1,7,1,44,4,23,1,1,0,5,0,3,2,1,3,2,1,2,1,1,1,4,4,8,6,3,1,3,3,1,3,4,3,1,2,2,3,2,3,3,4,2,4,3,3,4,6,5,4,3,3,7,7,8,5,7,1,3,7,2,5,1,5,2,3,1,1,4,3,3,5,3,4,4,2,4,2,3,4,4,3,6,3,1,5,1,2,5,1,2,1,0,3,5,5,8,3,8,4,1,5,2,3,0,4,4,5,3,5,2,3,3,2,2,6,1
4,1,2,4,5,6,2,1,4,4,0,4,5,1,1,6,2,3,7,7,4,2,3,5,2,4,8,3,1,2,7,7,3,7,4,2,2,2,5,2,6,3,1,1,2,2,7,3,3,3,5,2,3,2,6,2,3,11,3,6,3,1,3,3,3,1,4,4,7,5,2,2,2,6,1,2,3,1,1,4,3,3,5,3,4,4,2,4,2,3,4,4,3,6,3,1,5,1,2,5,1,2,1,0,3,5,5,8,3,8,4,1,5,2,3,0,4,4,5,3,5,2,3,3,2,2,6,1
4,1,2,4,5,6,2,1,4,4,0,4,5,1,1,6,2,3,7,7,4,2,3,5,2,4,8,3,1,2,7,7,3,7,4,2,2,2,5,2,6,3,1,1,2,2,7,3,3,3,5,2,3,2,6,2,3,11,3,6,3,1,3,3,3,1,4,4,7,5,2,2,2,6,1,3,4,4,3,4,5,8,5,2,4,2,2,4,3,0,5,3,5,20,6,4,6,4,2,3,5,3,1,3,5,2,1,1,5,10,4,3,2,10,0,3,6,4,1,4,5,5,3,2,3,4,5,4
4,2,4,2,2,6,3,1,1,4,3,2,1,4,3,4,2,1,4,3,3,2,1,3,1,2,2,3,3,6,2,2,2,4,10,4,5,3,1,8,4,1,5,1,2,3,9,2,2,2,2,4,3,6,2,3,5,2,5,2,3,4,8,1,5,7,1,5,5,5,1,0,4,2,2,3,4,4,3,4,5,8,5,2,4,2,2,4,3,0,5,3,5,20,6,4,6,4,2,3,5,3,1,3,5,2,1,1,5,10,4,3,2,10,0,3,6,4,1,4,5,5,3,2,3,4,5,4
4,2,4,2,2,6,3,1,1,4,3,2,1,4,3,4,2,1,4,3,3,2,1,3,1,2,2,3,3,6,2,2,2,4,10,4,5,3,1,8,4,1,5,1,2,3,9,2,2,2,2,4,3,6,2,3,5,2,5,2,3,4,8,1,5,7,1,5,5,5,1,0,4,2,2,4,4,5,2,1,3,4,7,5,2,0,2,4,2,5,3,3,5,30,1,1,2,2,6,2,2,1,3,3,5,2,2,5,6,3,3,7,1,2,3,3,3,1,5,1,3,1,1,4,3,5,2,3
1,3,1,5,3,4,2,3,1,3,5,4,2,4,7,2,4,2,2,0,4,2,4,2,2,2,4,2,3,4,3,5,1,3,2,5,4,3,6,3,3,4,4,3,1,6,5,2,5,1,4,5,6,5,3,4,2,6,2,4,2,9,3,7,3,3,4,6,2,5,5,3,2,2,5,4,4,5,2,1,3,4,7,5,2,0,2,4,2,5,3,3,5,30,1,1,2,2,6,2,2,1,3,3,5,2,2,5,6,3,3,7,1,2,3,3,3,1,5,1,3,1,1,4,3,5,2,3
1,3,1,5,3,4,2,3,1,3,5,4,2,4,7,2,4,2,2,0,4,2,4,2,2,2,4,2,3,4,3,5,1,3,2,5,4,3,6,3,3,4,4,3,1,6,5,2,5,1,4,5,6,5,3,4,2,6,2,4,2,9,3,7,3,3,4,6,2,5,5,3,2,2,5,1,4,2,4,3,2,0,3,5,3,2,2,2,26,10,4,1,3,1,8,3,3,1,3,3,4,3,3,2,3,4,1,1,1,3,3,2,3,2,2,2,4,1,1,6,5,8,3,4,2,3,3,4
6,2,4,3,4,1,2,3,3,5,40,5,0,2,0,2,3,1,4,4,3,2,5,2,3,1,2,3,1,3,2,5,2,3,5,1,10,3,6,2,3,7,4,2,2,1,4,5,2,1,7,4,1,2,3,6,5,5,2,2,4,6,4,4,4,7,4,3,4,4,6,1,0,2,2,1,4,2,4,3,2,0,3,5,3,2,2,2,26,10,4,1,3,1,8,3,3,1,3,3,4,3,3,2,3,4,1,1,1,3,3,2,3,2,2,2,4,1,1,6,5,8,3,4,2,3,3,4
6,2,4,3,4,1,2,3,3,5,40,5,0,2,0,2,3,1,4,4,3,2,5,2,3,1,2,3,1,3,2,5,2,3,5,1,10,3,6,2,3,7,4,2,2,1,4,5,2,1,7,4,1,2,3,6,5,5,2,2,4,6,4,4,4,7,4,3,4,4,6,1,0,2,6,1,3,4,2,2,8,3,2,2,6,1,7,40,27,2,1,3,4,0,5,1,1,3,1,2,4,7,4,3,2,3,5,3,4,5,5,6,7,2,6,4,1,6,5,6,3,2,5,2,6,2,0,3
3,5,4,7,0,3,3,4,4,5,3,40,6,4,1,2,0,3,5,6,3,5,2,4,1,3,2,3,2,2,3,3,7,3,7,1,1,4,3,2,2,3,5,2,4,4,4,3,7,3,4,3,2,4,3,6,2,1,1,6,0,7,2,3,3,4,2,6,2,2,1,1,2,7,6,1,3,4,2,2,8,3,2,2,6,1,7,40,27,2,1,3,4,0,5,1,1,3,1,2,4,7,4,3,2,3,5,3,4,5,5,6,7,2,6,4,1,6,5,6,3,2,5,2,6,2,0,3
3,5,4,7,0,3,3,4,4,5,3,40,6,4,1,2,0,3,5,6,3,5,2,4,1,3,2,3,2,2,3,3,7,3,7,1,1,4,3,2,2,3,5,2,4,4,4,3,7,3,4,3,2,4,3,6,2,1,1,6,0,7,2,3,3,4,2,6,2,2,1,1,2,7,1,5,2,5,2,1,6,4,7,3,2,6,4,26,1,2,6,1,5,1,4,2,3,1,2,3,5,1,4,4,3,6,4,5,5,2,3,4,5,5,9,0,4,1,3,2,3,4,3,0,3,6,3,2
3,3,5,3,3,3,32,4,0,1,2,7,2,1,2,2,5,7,4,3,3,6,1,0,4,3,3,4,4,5,4,2,3,5,4,5,2,5,1,6,2,4,4,11,0,5,4,1,2,3,4,9,2,3,2,3,2,7,3,3,5,2,1,2,2,8,2,1,4,3,3,4,2,4,2,5,2,5,2,1,6,4,7,3,2,6,4,26,1,2,6,1,5,1,4,2,3,1,2,3,5,1,4,4,3,6,4,5,5,2,3,4,5,5,9,0,4,1,3,2,3,4,3,0,3,6,3,2
3,3,5,3,3,3,32,4,0,1,2,7,2,1,2,2,5,7,4,3,3,6,1,0,4,3,3,4,4,5,4,2,3,5,4,5,2,5,1,6,2,4,4,11,0,5,4,1,2,3,4,9,2,3,2,3,2,7,3,3,5,2,1,2,2,8,2,1,4,3,3,4,2,4,2,5,3,1,5,1,2,3,2,4,2,2,3,4,5,4,4,5,2,4,1,23,3,1,3,5,5,0,4,2,1,2,2,6,2,2,3,4,2,1,6,2,1,3,3,2,1,5,2,4,7,3,2,2
3,3,2,4,2,2,10,1,3,2,2,16,12,5,2,0,4,2,3,3,5,4,8,3,3,2,3,2,6,4,3,4,2,2,3,6,2,4,4,2,5,4,5,4,2,1,5,4,3,1,5,2,5,2,5,1,2,4,1,4,4,3,4,2,5,4,6,2,3,4,3,6,1,3,9,5,3,1,5,1,2,3,2,4,2,2,3,4,5,4,4,5,2,4,1,23,3,1,3,5,5,0,4,2,1,2,2,6,2,2,3,4,2,1,6,2,1,3,3,2,1,5,2,4,7,3,2,2
3,3,2,4,2,2,10,1,3,2,2,16,12,5,2,0,4,2,3,3,5,4,8,3,3,2,3,2,6,4,3,4,2,2,3,6,2,4,4,2,5,4,5,4,2,1,5,4,3,1,5,2,5,2,5,1,2,4,1,4,4,3,4,2,5,4,6,2,3,4,3,6,1,3,9,16,2,1,5,1,3,1,3,2,4,2,4,3,22,2,1,5,3,5,1,2,3,2,6,3,3,1,0,1,1,5,3,1,5,7,1,1,4,3,3,5,4,5,1,2,3,3,4,1,3,3,6,3
2,4,3,4,2,2,3,3,6,2,3,2,2,2,3,1,4,2,5,2,2,2,2,4,6,4,3,3,4,4,2,6,2,3,4,4,5,3,4,4,4,1,3,5,3,3,7,3,1,2,2,7,3,2,4,8,2,0,3,5,5,8,3,3,3,7,1,3,0,3,2,1,2,2,3,16,2,1,5,1,3,1,3,2,4,2,4,3,22,2,1,5,3,5,1,2,3,2,6,3,3,1,0,1,1,5,3,1,5,7,1,1,4,3,3,5,4,5,1,2,3,3,4,1,3,3,6,3
2,4,3,4,2,2,3,3,6,2,3,2,2,2,3,1,4,2,5,2,2,2,2,4,6,4,3,3,4,4,2,6,2,3,4,4,5,3,4,4,4,1,3,5,3,3,7,3,1,2,2,7,3,2,4,8,2,0,3,5,5,8,3,3,3,7,1,3,0,3,2,1,2,2,3,6,5,3,5,3,3,4,2,5,1,4,6,3,2,3,3,4,9,25,6,2,3,4,3,3,2,4,6,1,2,3,7,3,1,3,2,6,2,3,2,4,4,3,7,3,4,6,5,2,4,4,5,2
2,2,2,3,7,5,4,3,8,4,4,3,2,2,6,4,3,6,2,4,1,1,3,1,9,4,3,3,5,2,8,7,2,1,1,5,1,4,2,2,6,6,2,4,5,2,2,1,5,8,3,2,9,3,3,2,3,1,2,1,4,1,2,0,4,8,8,5,1,4,5,4,2,2,21,6,5,3,5,3,3,4,2,5,1,4,6,3,2,3,3,4,9,25,6,2,3,4,3,3,2,4,6,1,2,3,7,3,1,3,2,6,2,3,2,4,4,3,7,3,4,6,5,2,4,4,5,2
1,2,2,3,7,5,4,3,8,4,4,3,2,2,6,4,3,6,2,4,1,1,3,1,9,4,3,3,5,2,8,7,2,1,1,5,1,4,2,2,6,6,2,4,5,2,2,1,5,8,3,2,9,3,3,2,3,1,2,1,4,1,2,0,4,8,8,5,1,4,5,4,2,2,21,5,2,2,3,7,5,3,1,2,1,1,20,1,18,2,2,4,3,1,2,1,5,6,5,3,1,2,5,6,3,5,3,1,4,4,3,1,4,4,5,2,2,8,3,7,3,3,4,7,4,3,5,1
2,7,4,2,4,2,2,1,4,3,30,3,0,27,7,3,2,0,1,3,7,1,1,6,3,2,2,5,5,1,5,4,4,3,3,5,6,1,6,4,5,2,3,2,3,3,2,2,3,3,4,2,3,2,3,2,2,5,5,3,2,5,3,3,2,2,5,2,3,4,4,3,4,3,1,5,2,2,3,7,5,3,1,2,1,1,20,1,18,2,2,4,3,1,2,1,5,6,5,3,1,2,5,6,3,5,3,1,4,4,3,1,4,4,5,2,2,8,3,7,3,3,4,7,4,3,5,1
2,7,4,2,4,2,2,1,4,3,30,3,0,27,7,3,2,0,1,3,7,1,1,6,3,2,2,5,5,1,5,4,4,3,3,5,6,1,6,4,5,2,3,2,3,3,2,2,3,3,4,2,3,2,3,2,2,5,5,3,2,5,3,3,2,2,5,2,3,4,4,3,4,3,1,6,3,5,3,1,4,12,4,2,3,1,2,2,2,3,3,5,24,0,1,4,1,2,1,4,2,2,2,4,3,2,3,2,5,4,3,2,4,1,3,4,6,3,1,3,2,2,1,4,5,4,8,3
7,4,4,2,0,8,1,5,3,4,2,4,2,3,2,5,2,2,2,3,2,3,5,2,2,2,3,5,6,3,1,1,3,2,3,4,4,5,3,3,3,2,2,6,4,1,6,3,4,2,3,2,4,2,2,2,2,3,3,5,4,3,1,2,3,3,6,5,1,4,3,2,6,2,4,6,3,5,3,1,4,12,4,2,3,1,2,2,2,3,3,5,24,0,1,4,1,2,1,4,2,2,2,4,3,2,3,2,5,4,3,2,4,1,3,4,6,3,1,3,2,2,1,4,5,4,8,3
7,4,4,2,0,8,1,5,3,4,2,4,2,3,2,5,2,2,2,3,2,3,5,2,2,2,3,5,6,3,1,1,3,2,3,4,4,5,3,3,3,2,2,6,4,1,6,3,4,2,3,2,4,2,2,2,2,3,3,5,4,3,1,2,3,3,6,5,1,4,3,2,6,2,4,2,4,1,3,3,1,4,2,4,5,4,2,3,3,6,3,4,2,5,2,27,3,8,2,2,4,1,1,3,3,8,6,2,3,1,3,7,3,1,2,3,2,6,1,2,3,1,3,3,3,2,3,6
2,4,2,4,1,3,2,8,11,3,4,2,3,4,1,3,2,2,3,3,5,2,5,3,1,3,4,5,3,5,6,3,1,3,3,1,2,4,3,4,3,3,1,2,5,6,2,4,4,2,6,5,3,4,5,6,1,2,4,4,3,1,4,3,3,2,2,4,6,2,4,3,3,3,0,2,4,1,3,3,1,4,2,4,5,4,2,3,3,6,3,4,2,5,2,27,3,8,2,2,4,1,1,3,3,8,6,2,3,1,3,7,3,1,2,3,2,6,1,2,3,1,3,3,3,2,3,6
2,4,2,4,1,3,2,8,11,3,4,2,3,4,1,3,2,2,3,3,5,2,5,3,1,3,4,5,3,5,6,3,1,3,3,1,2,4,3,4,3,3,1,2,5,6,2,4,4,2,6,5,3,4,5,6,1,2,4,4,3,1,4,3,3,2,2,4,6,2,4,3,3,3,0,4,2,6,5,3,6,45,0,2,1,1,0,4,3,0,1,1,2,2,5,1,3,1,4,3,3,3,8,2,1,5,3,3,2,2,5,5,3,4,3,1,3,3,4,1,6,8,8,3,4,6,3,2
3,8,4,3,4,4,3,5,1,3,4,3,2,4,4,3,1,1,1,3,3,1,6,2,5,5,1,1,3,7,4,3,1,1,2,3,2,2,4,3,3,6,1,1,5,1,2,7,5,3,6,2,4,1,3,0,2,1,2,2,3,6,4,2,2,3,4,1,5,4,6,4,4,4,5,4,2,6,5,3,6,45,0,2,1,1,0,4,3,0,1,1,2,2,5,1,3,1,4,3,3,3,8,2,1,5,3,3,2,2,5,5,3,4,3,1,3,3,4,1,6,8,8,3,4,6,3,2
3,8,4,3,4,4,3,5,1,3,4,3,2,4,4,3,1,1,1,3,3,1,6,2,5,5,1,1,3,7,4,3,1,1,2,3,2,2,4,3,3,6,1,1,5,1,2,7,5,3,6,2,4,1,3,0,2,1,2,2,3,6,4,2,2,3,4,1,5,4,6,4,4,4,5,4,4,3,2,4,3,3,1,3,4,4,3,21,26,1,3,3,1,0,5,6,3,3,2,1,1,1,2,4,1,4,2,4,3,2,2,5,2,4,4,3,5,2,2,1,8,3,2,2,2,3,2,2
7,4,3,1,6,1,2,1,1,6,2,2,3,0,1,2,7,3,1,2,5,3,2,3,6,2,3,2,2,3,6,2,5,8,1,2,1,5,1,1,9,3,3,7,2,3,3,2,2,1,11,3,0,3,3,2,3,1,2,1,6,2,1,5,2,4,6,6,5,0,3,3,5,5,4,4,4,3,2,4,3,3,1,3,4,4,3,21,26,1,3,3,1,0,5,6,3,3,2,1,1,1,2,4,1,4,2,4,3,2,2,5,2,4,4,3,5,2,2,1,8,3,2,2,2,3,2,2
7,4,3,1,6,1,2,1,1,6,2,2,3,0,1,2,7,3,1,2,5,3,2,3,6,2,3,2,2,3,6,2,5,8,1,2,1,5,1,1,9,3,3,7,2,3,3,2,2,1,11,3,0,3,3,2,3,1,2,1,6,2,1,5,2,4,6,6,5,0,3,3,5,5,4,2,9,0,2,1,2,3,2,4,2,4,4,4,3,3,5,17,2,2,1,3,2,2,4,1,2,4,6,3,3,2,3,5,7,1,3,3,7,2,4,7,2,4,0,4,4,3,2,2,2,4,1,6
3,3,6,3,3,2,2,3,6,9,6,7,4,3,3,3,2,2,3,3,4,1,2,4,2,3,5,2,1,4,5,2,4,9,2,2,2,3,8,0,8,2,5,2,3,4,3,3,2,0,7,1,2,4,4,4,2,4,3,3,5,2,1,2,6,6,3,3,1,2,4,6,3,5,3,2,9,0,2,1,2,3,2,4,2,4,4,4,3,3,5,17,2,2,1,3,2,2,4,1,2,4,6,3,3,2,3,5,7,1,3,3,7,2,4,7,2,4,0,4,4,3,2,2,2,4,1,6
3,3,6,3,3,2,2,3,6,9,6,7,4,3,3,3,2,2,3,3,4,1,2,4,2,3,5,2,1,4,5,2,4,9,2,2,2,3,8,0,8,2,5,2,3,4,3,3,2,0,7,1,2,4,4,4,2,4,3,3,5,2,1,2,6,6,3,3,1,2,4,6,3,5,3,6,2,3,3,6,4,3,6,4,4,3,0,5,3,2,2,3,5,5,1,2,27,0,0,2,0,6,1,9,3,3,4,4,2,5,2,2,3,2,5,3,4,1,2,2,8,4,2,3,3,3,5,3
2,4,3,2,5,3,2,5,1,2,5,3,4,1,5,3,2,8,2,8,1,3,4,5,2,7,1,2,2,5,6,4,6,3,3,4,7,4,1,3,5,2,1,7,1,3,5,3,3,4,3,3,4,1,2,3,4,4,3,2,5,5,4,3,3,5,3,4,3,3,3,2,4,2,2,6,2,3,3,6,4,3,6,4,4,3,0,5,3,2,2,3,5,5,1,2,27,0,0,2,0,6,1,9,3,3,4,4,2,5,2,2,3,2,5,3,4,1,2,2,8,4,2,3,3,3,5,3
2,4,3,2,5,3,2,5,1,2,5,3,4,1,5,3,2,8,2,8,1,3,4,5,2,7,1,2,2,5,6,4,6,3,3,4,7,4,1,3,5,2,1,7,1,3,5,3,3,4,3,3,4,1,2,3,4,4,3,2,5,5,4,3,3,5,3,4,3,3,3,2,4,2,2,3,1,2,2,2,5,2,3,2,4,4,5,4,5,3,1,4,2,6,1,10,4,4,4,5,1,3,6,1,3,4,2,5,4,2,2,2,6,3,5,2,7,3,1,4,2,1,3,4,3,4,7,5
4,5,3,5,0,3,2,2,6,2,2,5,1,7,2,1,1,7,1,1,3,3,3,2,3,5,1,3,0,4,8,2,3,4,1,1,8,4,3,4,4,3,5,2,3,1,7,2,2,6,1,3,2,4,4,2,6,2,3,3,6,4,6,3,4,2,4,1,3,3,3,5,1,3,5,3,1,2,2,2,5,2,3,2,4,4,5,4,5,3,1,4,2,6,1,10,4,4,4,5,1,3,6,1,3,4,2,5,4,2,2,2,6,3,5,2,7,3,1,4,2,1,3,4,3,4,7,5
4,5,3,5,0,3,2,2,6,2,2,5,1,7,2,1,1,7,1,1,3,3,3,2,3,5,1,3,0,4,8,2,3,4,1,1,8,4,3,4,4,3,5,2,3,1,7,2,2,6,1,3,2,4,4,2,6,2,3,3,6,4,6,3,4,2,4,1,3,3,3,5,1,3,5,6,1,2,4,8,2,3,3,3,3,2,6,3,3,5,4,1,8,2,5,2,12,1,4,3,3,1,3,3,7,5,2,5,1,3,4,2,4,0,4,4,4,1,2,6,5,4,5,7,2,3,1,4
6,4,2,3,3,3,3,7,4,4,6,4,3,4,7,1,3,8,3,1,4,3,2,4,4,3,4,2,3,4,2,4,2,3,5,6,1,2,2,3,3,6,5,6,2,1,3,3,4,3,3,6,2,4,0,4,3,2,2,4,7,4,4,4,3,3,3,3,6,2,1,4,3,3,3,6,1,2,4,8,2,3,3,3,3,2,6,3,3,5,4,1,8,2,5,2,12,1,4,3,3,1,3,3,7,5,2,5,1,3,4,2,4,0,4,4,4,1,2,6,5,4,5,7,2,3,1,4
6,4,2,3,3,3,3,7,4,4,6,4,3,4,7,1,3,8,3,1,4,3,2,4,4,3,4,2,3,4,2,4,2,3,5,6,1,2,2,3,3,6,5,6,2,1,3,3,4,3,3,6,2,4,0,4,3,2,2,4,7,4,4,4,3,3,3,3,6,2,1,4,3,3,3,1,6,2,4,1,2,3,7,3,6,1,5,1,3,2,1,3,4,2,21,15,2,0,4,5,2,1,2,3,2,1,1,5,6,2,3,5,5,1,6,4,3,3,6,0,2,3,2,5,5,5,6,2
5,4,4,3,1,6,3,3,2,4,1,11,2,4,6,6,4,8,2,6,2,2,7,2,4,10,3,0,3,2,2,2,6,2,5,1,6,4,5,10,7,1,4,6,6,2,4,4,5,5,6,4,4,2,4,8,1,1,9,0,2,5,4,2,1,2,1,1,8,1,3,3,3,5,3,1,6,2,4,1,2,3,7,3,6,1,5,1,3,2,1,3,4,2,21,15,2,0,4,5,2,1,2,3,2,1,1,5,6,2,3,5,5,1,6,4,3,3,6,0,2,3,2,5,5,5,6,2
5,4,4,3,1,6,3,3,2,4,1,11,2,4,6,6,4,8,2,6,2,2,7,2,4,10,3,0,3,2,2,2,6,2,5,1,6,4,5,10,7,1,4,6,6,2,4,4,5,5,6,4,4,2,4,8,1,1,9,0,2,5,4,2,1,2,1,1,8,1,3,3,3,5,3,3,3,4,5,4,4,5,6,2,5,2,1,4,6,3,2,33,0,2,4,1,3,3,2,5,1,5,2,1,4,6,3,3,6,6,4,6,2,3,3,5,2,3,1,4,4,2,3,6,5,1,4,1
3,1,2,2,4,3,11,4,3,0,3,3,3,1,7,4,6,2,1,1,6,1,2,4,2,4,2,3,1,3,2,2,4,1,2,2,7,2,2,1,6,3,5,1,4,2,5,2,4,4,2,3,3,3,3,4,6,4,3,5,4,2,7,0,1,4,4,2,3,1,4,2,1,3,4,2,1,5,4,3,8,3,3,5,3,6,5,3,4,2,1,0,2,3,7,4,8,1,4,2,4,3,2,2,7,2,7,10,1,8,2,6,3,4,4,3,2,2,8,6,2,4,3,9,1,0,1,6
3,1,2,2,4,3,11,4,3,0,3,3,3,1,7,4,6,2,1,1,6,1,2,4,2,4,2,3,1,3,2,2,4,1,2,2,7,2,2,1,6,3,5,1,4,2,5,2,4,4,2,3,3,3,3,4,6,4,3,5,4,2,7,0,1,4,4,2,3,1,4,2,1,3,4,3,7,3,0,2,3,12,5,1,5,3,3,21,4,3,2,2,4,3,1,4,5,2,3,3,3,3,6,5,7,2,4,6,2,3,3,6,2,3,6,2,2,4,2,3,4,6,1,1,5,3,2,3
4,0,3,2,1,3,4,6,5,3,2,5,2,7,5,2,5,5,7,4,2,3,5,3,2,2,2,2,4,6,1,3,10,1,1,0,6,1,3,2,3,1,6,1,2,2,3,4,3,3,5,2,2,1,5,3,2,1,1,4,4,0,5,7,3,4,4,4,4,3,5,2,3,2,4,3,7,3,0,2,3,12,5,1,5,3,3,21,4,3,2,2,4,3,1,4,5,2,3,3,3,3,6,5,7,2,4,6,2,3,3,6,2,3,6,2,2,4,2,3,4,6,1,1,5,3,2,3
4,0,3,2,1,3,4,6,5,3,2,5,2,7,5,2,5,5,7,4,2,3,5,3,2,2,2,2,4,6,1,3,10,1,1,0,6,1,3,2,3,1,6,1,2,2,3,4,3,3,5,2,2,1,5,3,2,1,1,4,4,0,5,7,3,4,4,4,4,3,5,2,3,2,4,2,1,5,4,3,1,5,6,3,3,4,7,3,7,3,4,5,35,1,7,2,4,2,5,5,3,2,2,4,2,8,3,9,1,1,2,2,3,4,7,4,3,6,1,3,3,1,3,4,3,2,5,2
1,2,8,1,1,3,2,3,5,3,1,3,3,3,2,7,1,6,6,2,3,2,2,5,5,2,3,2,7,9,4,6,1,3,5,2,3,6,3,5,1,8,4,5,2,2,2,2,4,3,3,6,1,5,6,3,8,7,2,7,4,6,2,1,4,4,7,2,5,3,2,3,3,1,8,2,1,5,4,3,1,5,6,3,3,4,7,3,7,3,4,5,35,1,7,2,4,2,5,5,3,2,2,4,2,8,3,9,1,1,2,2,3,4,7,4,3,6,1,3,3,1,3,4,3,2,5,2
1,2,8,1,1,3,2,3,5,3,1,3,3,3,2,7,1,6,6,2,3,2,2,5,5,2,3,2,7,9,4,6,1,3,5,2,3,6,3,5,1,8,4,5,2,2,2,2,4,3,3,6,1,5,6,3,8,7,2,7,4,6,2,1,4,4,7,2,5,3,2,3,3,1,8,2,3,6,2,7,3,4,3,4,4,3,0,7,7,17,1,3,2,4,2,4,3,2,1,1,3,4,4,4,5,4,2,3,1,4,2,7,1,2,4,2,1,2,7,3,3,5,3,6,5,3,4,1
0,3,3,3,3,3,5,2,2,1,2,3,3,0,3,2,5,8,5,4,5,2,3,2,5,3,6,2,0,6,4,2,3,5,3,5,5,4,4,2,4,3,7,4,5,2,2,2,5,2,5,5,4,3,1,3,3,4,6,2,5,4,3,4,3,2,8,4,6,1,3,4,2,1,2,2,3,6,2,7,3,4,3,4,4,3,0,7,7,17,1,3,2,4,2,4,3,2,1,1,3,4,4,4,5,4,2,3,1,4,2,7,1,2,4,2,1,2,7,3,3,5,3,6,5,3,4,1
0,3,3,3,3,3,5,2,2,1,2,3,3,0,3,2,5,8,5,4,5,2,3,2,5,3,6,2,0,6,4,2,3,5,3,5,5,4,4,2,4,3,7,4,5,2,2,2,5,2,5,5,4,3,1,3,3,4,6,2,5,4,3,4,3,2,8,4,6,1,3,4,2,1,2,1,3,4,1,8,1,3,9,1,6,9,4,3,6,5,3,20,1,1,2,5,8,2,2,3,2,1,5,8,2,1,5,2,3,6,2,5,5,4,3,3,3,1,6,1,1,5,4,3,12,5,5,3
4,1,1,6,3,3,4,2,5,3,3,1,2,5,3,3,4,7,3,5,4,5,2,3,2,1,1,2,3,2,1,3,6,2,2,1,4,3,4,2,6,2,3,4,8,4,2,6,2,2,2,5,3,5,3,4,1,2,8,4,3,3,6,5,8,2,2,4,3,3,8,5,3,3,1,1,3,4,1,8,1,3,9,1,6,9,4,3,6,5,3,20,1,1,2,5,8,2,2,3,2,1,5,8,2,1,5,2,3,6,2,5,5,4,3,3,3,1,6,1,1,5,4,3,12,5,5,3
4,1,1,6,3,3,4,2,5,3,3,1,2,5,3,3,4,7,3,5,4,5,2,3,2,1,1,2,3,2,1,3,6,2,2,1,4,3,4,2,6,2,3,4,8,4,2,6,2,2,2,5,3,5,3,4,1,2,8,4,3,3,6,5,8,2,2,4,3,3,8,5,3,3,1,5,2,5,3,1,3,3,1,27,1,2,2,2,6,2,6,1,4,5,4,7,2,7,2,3,1,1,0,7,5,1,2,5,5,1,6,5,7,3,3,3,0,6,3,4,3,4,4,5,5,3,4,4
4,3,2,7,6,1,2,2,1,2,1,2,2,6,1,2,2,3,4,5,8,2,4,4,5,3,1,4,3,4,5,3,0,3,3,7,1,1,3,1,2,3,2,6,3,3,2,3,3,5,2,8,1,2,1,5,5,5,2,2,8,4,0,2,2,1,2,1,2,5,2,5,3,3,7,5,2,5,3,1,3,3,1,27,1,2,2,2,6,2,6,1,4,5,4,7,2,7,2,3,1,1,0,7,5,1,2,5,5,1,6,5,7,3,3,3,0,6,3,4,3,4,4,5,5,3,4,4
4,3,2,7,6,1,2,2,1,2,1,2,2,6,1,2,2,3,4,5,8,2,4,4,5,3,1,4,3,4,5,3,0,3,3,7,1,1,3,1,2,3,2,6,3,3,2,3,3,5,2,8,1,2,1,5,5,5,2,2,8,4,0,2,2,1,2,1,2,5,2,5,3,3,7,2,2,3,8,2,7,2,4,3,2,4,5,5,5,5,0,3,2,1,20,2,3,3,2,5,2,4,5,0,2,3,5,5,2,3,2,3,5,3,4,2,5,5,4,1,2,3,3,3,3,0,4,3
2,5,1,2,3,4,3,5,2,5,2,7,5,3,2,5,0,3,9,3,3,2,2,2,5,6,0,3,3,3,6,2,8,5,2,2,0,2,4,2,2,2,6,4,5,1,4,3,2,0,2,4,2,10,3,1,2,3,2,1,7,4,2,1,0,3,4,2,4,3,1,4,2,4,1,2,2,3,8,2,7,2,4,3,2,4,5,5,5,5,0,3,2,1,20,2,3,3,2,5,2,4,5,0,2,3,5,5,2,3,2,3,5,3,4,2,5,5,4,1,2,3,3,3,3,0,4,3
2,5,1,2,3,4,3,5,2,5,2,7,5,3,2,5,0,3,9,3,3,2,2,2,5,6,0,3,3,3,6,2,8,5,2,2,0,2,4,2,2,2,6,4,5,1,4,3,2,0,2,4,2,10,3,1,2,3,2,1,7,4,2,1,0,3,4,2,4,3,1,4,2,4,1,3,6,3,1,4,5,4,2,2,3,3,2,2,4,36,1,3,7,0,4,2,1,3,3,1,4,1,2,1,2,3,3,3,3,3,5,3,1,4,2,6,1,2,6,7,5,6,3,7,5,2,5,5
3,1,3,2,9,5,3,6,5,3,1,3,2,5,2,2,2,5,4,2,1,3,5,2,3,7,1,7,3,9,2,1,1,5,3,4,2,4,4,7,3,4,3,3,2,1,2,3,3,4,6,3,2,4,2,1,1,1,4,2,2,2,3,4,3,3,8,4,4,6,5,4,2,4,4,3,6,3,1,4,5,4,2,2,3,3,2,2,4,36,1,3,7,0,4,2,1,3,3,1,4,1,2,1,2,3,3,3,3,3,5,3,1,4,2,6,1,2,6,7,5,6,3,7,5,2,5,5
3,1,3,2,9,5,3,6,5,3,1,3,2,5,2,2,2,5,4,2,1,3,5,2,3,7,1,7,3,9,2,1,1,5,3,4,2,4,4,7,3,4,3,3,2,1,2,3,3,4,6,3,2,4,2,1,1,1,4,2,2,2,3,4,3,3,8,4,4,6,5,4,2,4,4,2,5,3,6,0,2,6,5,1,4,2,2,2,39,27,4,2,1,3,2,1,0,3,1,5,2,3,4,8,4,7,2,2,4,4,2,7,1,5,2,6,0,4,7,2,7,1,3,5,2,0,1,2
3,0,3,3,2,2,4,8,4,4,3,6,5,2,9,7,4,3,2,6,3,4,3,2,5,1,5,2,2,6,6,2,2,3,7,6,2,5,4,4,5,2,7,1,5,2,2,3,4,4,2,6,5,3,4,2,6,3,3,5,4,1,7,4,2,3,5,4,3,2,3,8,2,2,4,2,5,3,6,0,2,6,5,1,4,2,2,2,39,27,4,2,1,3,2,1,0,3,1,5,2,3,4,8,4,7,2,2,4,4,2,7,1,5,2,6,0,4,7,2,7,1,3,5,2,0,1,2
6,0,3,3,2,2,4,8,4,4,3,6,5,2,9,7,4,3,2,6,3,4,3,2,5,1,5,2,2,6,6,2,2,3,7,6,2,5,4,4,5,2,7,1,5,2,2,3,4,4,2,6,5,3,4,2,6,3,3,5,4,1,7,4,2,3,5,4,3,2,3,8,2,2,4,1,4,9,3,8,3,2,2,8,10,6,5,1,2,4,4,4,3,24,7,6,1,0,1,2,2,2,1,1,2,6,5,2,3,3,5,4,2,4,3,2,6,2,4,2,9,3,5,4,7,1,2,4
6,3,7,6,2,3,1,2,4,2,1,8,3,3,5,2,2,1,2,3,7,5,1,4,3,4,5,3,5,5,2,1,4,6,6,5,1,4,2,2,4,3,5,3,5,2,4,1,2,5,4,2,1,4,6,3,3,9,4,0,4,3,6,3,3,2,1,3,4,2,6,4,2,3,2,1,4,9,3,8,3,2,2,8,10,6,5,1,2,4,4,4,3,24,7,6,1,0,1,2,2,2,1,1,2,6,5,2,3,3,5,4,2,4,3,2,6,2,4,2,9,3,5,4,7,1,2,4
3,3,7,6,2,3,1,2,4,2,1,8,3,3,5,2,2,1,2,3,7,5,1,4,3,4,5,3,5,5,2,1,4,6,6,5,1,4,2,2,4,3,5,3,5,2,4,1,2,5,4,2,1,4,6,3,3,9,4,0,4,3,6,3,3,2,1,3,4,2,6,4,2,3,2,1,1,3,8,4,5,6,3,2,3,7,18,2,3,2,3,4,4,4,2,3,5,3,3,6,3,5,3,8,3,4,2,7,2,1,4,3,2,2,5,9,7,4,3,4,1,3,5,3,2,5,5,4
2,1,4,3,2,2,4,2,5,2,5,2,13,1,9,1,2,1,5,3,3,2,10,3,3,3,8,4,2,2,2,6,2,2,1,1,2,3,2,1,5,9,3,3,1,3,4,6,5,4,2,0,4,2,2,6,1,1,2,3,3,1,3,3,5,1,3,2,3,6,5,4,10,3,6,1,1,3,8,4,5,6,3,2,3,7,18,2,3,2,3,4,4,4,2,3,5,3,3,6,3,5,3,8,3,4,2,7,2,1,4,3,2,2,5,9,7,4,3,4,1,3,5,3,2,5,5,4
2,1,4,3,2,2,4,2,5,2,5,2,13,1,9,1,2,1,5,3,3,2,10,3,3,3,8,4,2,2,2,6,2,2,1,1,2,3,2,1,5,9,3,3,1,3,4,6,5,4,2,0,4,2,2,6,1,1,2,3,3,1,3,3,5,1,3,2,3,6,5,4,10,3,6,2,4,4,4,1,1,6,5,3,2,6,2,1,3,26,3,6,2,6,1,1,4,2,3,1,5,10,7,2,2,1,5,2,5,2,4,4,3,3,4,3,5,4,2,2,2,5,4,2,1,3,2,3
3,5,2,1,5,1,7,6,2,2,6,2,5,7,3,3,1,5,0,7,2,3,4,1,3,4,3,1,6,1,5,3,5,4,3,4,4,3,2,5,4,3,3,4,2,3,2,2,1,4,2,5,2,1,7,7,1,2,3,1,3,3,6,4,2,4,2,6,1,5,7,3,2,1,0,2,4,4,4,1,1,6,5,3,2,6,2,1,3,26,3,6,2,6,1,1,4,2,3,1,5,10,7,2,2,1,5,2,5,2,4,4,3,3,4,3,5,4,2,2,2,5,4,2,1,3,2,3
3,5,2,1,5,1,7,6,2,2,6,2,5,7,3,3,1,5,0,7,2,3,4,1,3,4,3,1,6,1,5,3,5,4,3,4,4,3,2,5,4,3,3,4,2,3,2,2,1,4,2,5,2,1,7,7,1,2,3,1,3,3,6,4,2,4,2,6,1,5,7,3,2,1,2,2,4,3,6,5,3,3,2,4,3,5,6,3,5,6,4,2,26,1,3,1,2,3,3,8,3,2,2,3,3,2,3,3,5,3,3,3,3,7,5,5,1,4,6,1,6,1,0,5,1,5,4,1
1,5,4,4,6,4,4,2,2,1,3,2,1,1,3,1,12,2,4,3,3,3,3,3,5,3,3,7,2,3,5,7,4,7,1,4,7,4,2,3,2,1,2,3,3,1,4,5,7,3,2,5,7,4,4,4,5,1,2,2,2,3,2,2,4,2,7,2,2,2,3,3,2,3,6,2,4,3,6,5,3,3,2,4,3,5,6,3,5,6,4,2,26,1,3,1,2,3,3,8,3,2,2,3,3,2,3,3,5,3,3,3,3,7,5,5,1,4,6,1,6,1,0,5,1,5,4,1
2,5,4,4,6,4,4,2,2,1,3,2,1,1,3,1,12,2,4,3,3,3,3,3,5,3,3,7,2,3,5,7,4,7,1,4,7,4,2,3,2,1,2,3,3,1,4,5,7,3,2,5,7,4,4,4,5,1,2,2,2,3,2,2,4,2,7,2,2,2,3,3,2,3,6,1,3,22,3,3,2,2,2,4,7,1,5,4,5,2,5,4,7,19,3,2,2,2,1,2,0,2,2,3,5,5,3,5,5,3,1,5,1,3,2,5,4,3,2,4,3,7,8,6,9,2,5,1
4,1,6,2,4,7,2,3,3,6,3,10,2,1,2,3,12,5,2,5,6,1,1,3,1,3,3,2,3,5,2,2,8,5,4,1,1,5,6,1,3,4,1,3,5,3,4,4,6,0,3,2,2,6,1,1,5,2,8,1,2,7,4,3,4,6,4,2,7,2,0,4,4,2,4,1,3,22,3,3,2,2,2,4,7,1,5,4,5,2,5,4,7,19,3,2,2,2,1,2,0,2,2,3,5,5,3,5,5,3,1,5,1,3,2,5,4,3,2,4,3,7,8,6,9,2,5,1
4,1,6,2,4,7,2,3,3,6,3,10,2,1,2,3,12,5,2,5,6,1,1,3,1,3,3,2,3,5,2,2,8,5,4,1,1,5,6,1,3,4,1,3,5,3,4,4,6,0,3,2,2,6,1,1,5,2,8,1,2,7,4,3,4,6,4,2,7,2,0,4,4,2,4,4,3,5,4,2,4,1,3,4,2,3,4,3,7,1,3,3,2,23,5,2,2,3,7,4,3,1,4,1,7,3,6,2,3,5,3,1,3,5,1,4,2,5,5,1,8,4,5,5,6,2,3,2
4,2,7,4,7,3,0,5,4,3,3,3,3,2,4,4,2,3,4,4,2,2,2,2,3,6,6,6,8,2,3,3,2,7,2,5,2,1,3,4,2,3,5,7,2,4,4,3,4,5,5,5,8,2,1,2,2,8,2,2,7,5,1,6,1,3,7,2,4,3,3,8,3,2,5,4,3,5,4,2,4,1,3,4,2,3,4,3,7,1,3,3,2,23,5,2,2,3,7,4,3,1,4,1,7,3,6,2,3,5,3,1,3,5,1,4,2,5,5,1,8,4,5,5,6,2,3,2
4,2,7,4,7,3,0,5,4,3,3,3,3,2,4,4,2,3,4,4,2,2,2,2,3,6,6,6,8,2,3,3,2,7,2,5,2,1,3,4,2,3,5,7,2,4,4,3,4,5,5,5,8,2,1,2,2,8,2,2,7,5,1,6,1,3,7,2,4,3,3,8,3,2,5,6,5,6,1,1,2,1,6,3,2,4,5,5,6,4,5,3,3,2,3,25,7,2,0,2,9,5,2,2,5,3,3,6,3,3,9,5,0,1,6,4,5,4,0,1,5,2,3,0,4,5,5,4
0,2,1,3,2,5,6,3,2,2,7,3,1,5,5,3,4,3,3,6,3,4,3,3,3,2,2,3,6,2,1,2,4,3,3,2,2,3,2,3,2,5,6,7,2,1,4,2,3,5,3,2,3,6,2,2,3,3,2,4,6,4,9,1,5,5,4,6,4,1,1,1,5,1,1,6,5,6,1,1,2,1,6,3,2,4,5,5,6,4,5,3,3,2,3,25,7,2,0,2,9,5,2,2,5,3,3,6,3,3,9,5,0,1,6,4,5,4,0,1,5,2,3,0,4,5,5,4
0,2,1,3,2,5,6,3,2,2,7,3,1,5,5,3,4,3,3,6,3,4,3,3,3,2,2,3,6,2,1,2,4,3,3,2,2,3,2,3,2,5,6,7,2,1,4,2,3,5,3,2,3,6,2,2,3,3,2,4,6,4,9,1,5,5,4,6,4,1,1,1,5,1,1,3,6,5,4,2,2,3,4,2,3,4,5,3,1,5,38,1,1,5,0,3,3,0,3,1,2,3,5,1,4,2,6,7,6,1,8,1,5,4,4,4,5,5,6,1,2,2,7,3,7,4,3,2
2,3,6,8,4,3,2,10,3,4,3,2,4,4,1,2,3,2,4,4,3,7,2,5,1,4,5,4,1,5,3,3,2,3,3,1,3,6,2,1,0,4,3,2,3,4,5,5,6,3,5,5,4,6,2,4,1,5,2,1,4,2,2,5,6,3,3,4,2,4,3,4,8,2,2,3,6,5,4,2,2,3,4,2,3,4,5,3,1,5,38,1,1,5,0,3,3,0,3,1,2,3,5,1,4,2,6,7,6,1,8,1,5,4,4,4,5,5,6,1,2,2,7,3,7,4,3,2
2,3,6,8,4,3,2,10,3,4,3,2,4,4,1,2,3,2,4,4,3,7,2,5,1,4,5,4,1,5,3,3,2,3,3,1,3,6,2,1,0,4,3,2,3,4,5,5,6,3,5,5,4,6,2,4,1,5,2,1,4,2,2,5,6,3,3,4,2,4,3,4,8,2,2,5,4,3,3,3,8,1,6,6,1,3,5,4,4,4,1,3,5,3,4,2,3,3,2,4,4,2,10,4,2,4,2,1,3,5,2,1,3,4,2,2,4,3,3,1,4,3,9,3,7,2,3,1
2,2,8,2,4,3,5,3,5,5,9,3,2,7,2,2,5,1,1,5,5,5,2,4,3,2,5,2,2,9,3,3,2,3,7,2,4,0,3,6,5,4,3,2,5,5,3,4,3,4,2,4,3,9,2,6,4,1,2,5,7,3,5,1,4,3,4,4,3,4,3,6,5,7,3,5,4,3,3,3,8,1,6,6,1,3,5,4,4,4,1,3,5,3,4,2,3,3,2,4,4,2,10,4,2,4,2,1,3,5,2,1,3,4,2,2,4,3,3,1,4,3,9,3,7,2,3,1
2,2,8,2,4,3,5,3,5,5,9,3,2,7,2,2,5,1,1,5,5,5,2,4,3,2,5,2,2,9,3,3,2,3,7,2,4,0,3,6,5,4,3,2,5,5,3,4,3,4,2,4,3,9,2,6,4,1,2,5,7,3,5,1,4,3,4,4,3,4,3,6,5,7,3,3,5,5,4,3,2,4,8,4,3,2,4,2,4,3,4,7,4,6,0,5,4,1,2,6,2,2,1,7,3,4,2,5,5,3,2,1,3,4,4,4,3,3,2,3,4,6,4,4,1,4,2,3
6,3,2,2,3,5,2,5,5,2,2,4,3,1,4,3,4,1,4,3,3,1,2,5,1,8,1,3,0,5,6,6,3,2,8,2,2,1,2,2,3,5,2,3,3,2,4,6,3,3,2,3,3,5,6,3,2,3,3,3,6,0,2,4,1,2,4,1,5,3,1,4,3,1,0,3,5,5,4,3,2,4,8,4,3,2,4,2,4,3,4,7,4,6,0,5,4,1,2,6,2,2,1,7,3,4,2,5,5,3,2,1,3,4,4,4,3,3,2,3,4,6,4,4,1,4,2,3
6,3,2,2,3,5,2,5,5,2,2,4,3,1,4,3,4,1,4,3,3,1,2,5,1,8,1,3,0,5,6,6,3,2,8,2,2,1,2,2,3,5,2,3,3,2,4,6,3,3,2,3,3,5,6,3,2,3,3,3,6,0,2,4,1,2,4,1,5,3,1,4,3,1,0,5,3,8,3,2,3,1,3,23,9,1,0,4,7,2,3,5,1,6,6,7,3,2,2,2,6,2,3,3,5,2,3,6,2,1,4,6,2,5,7,5,8,2,3,2,3,2,2,7,5,2,3,2
2,3,2,2,3,0,2,4,5,5,7,3,2,4,6,1,4,5,1,9,1,6,4,1,4,1,4,3,4,2,3,3,3,8,1,3,5,1,4,3,1,1,7,4,4,4,6,3,3,1,2,3,2,4,2,1,5,1,4,5,4,2,1,6,1,4,6,6,2,4,4,6,4,3,3,5,3,8,3,2,3,1,3,23,9,1,0,4,7,2,3,5,1,6,6,7,3,2,2,2,6,2,3,3,5,2,3,6,2,1,4,6,2,5,7,5,8,2,3,2,3,2,2,7,5,2,3,2
2,3,2,2,3,0,2,4,5,5,7,3,2,4,6,1,4,5,1,9,1,6,4,1,4,1,4,3,4,2,3,3,3,8,1,3,5,1,4,3,1,1,7,4,4,4,6,3,3,1,2,3,2,4,2,1,5,1,4,5,4,2,1,6,1,4,6,6,2,4,4,6,4,3,3,1,4,2,1,1,4,2,3,3,2,4,1,2,4,1,8,2,2,5,6,3,7,0,2,6,7,3,3,4,1,6,4,1,4,3,3,6,3,3,3,2,2,1,3,2,1,3,4,4,6,3,2,5
1,2,2,5,5,2,5,3,2,3,2,3,3,3,5,2,5,4,4,7,6,4,2,4,2,4,2,3,2,2,2,2,2,2,2,3,1,2,3,6,1,3,1,2,1,3,4,2,4,5,2,3,1,5,2,2,3,3,5,1,1,3,6,1,4,2,2,4,4,5,2,2,4,7,4,1,4,2,1,1,4,2,3,3,2,4,1,2,4,1,8,2,2,5,6,3,7,0,2,6,7,3,3,4,1,6,4,1,4,3,3,6,3,3,3,2,2,1,3,2,1,3,4,4,6,3,2,5
1,2,2,5,5,2,5,3,2,3,2,3,3,3,5,2,5,4,4,7,6,4,2,4,2,4,2,3,2,2,2,2,2,2,2,3,1,2,3,6,1,3,1,2,1,3,4,2,4,5,2,3,1,5,2,2,3,3,5,1,1,3,6,1,4,2,2,4,4,5,2,2,4,7,4,4,4,4,2,3,3,5,3,4,2,5,2,4,9,2,7,1,3,24,1,4,3,1,3,5,1,6,3,4,4,6,2,2,6,2,4,3,3,1,2,2,5,5,4,5,7,4,3,1,7,2,2,5
1,4,5,4,1,5,7,6,1,2,4,4,3,6,6,6,5,1,3,2,3,2,3,4,6,6,9,3,1,3,2,3,1,1,4,5,3,1,2,6,4,2,5,1,2,5,2,5,2,8,3,3,1,7,6,3,4,5,5,4,6,2,0,1,6,8,3,3,1,2,5,3,5,3,3,4,4,4,2,3,3,5,3,4,2,5,2,4,9,2,7,1,3,24,1,4,3,1,3,5,1,6,3,4,4,6,2,2,6,2,4,3,3,1,2,2,5,5,4,5,7,4,3,1,7,2,2,5
1,4,5,4,1,5,7,6,1,2,4,4,3,6,6,6,5,1,3,2,3,2,3,4,6,6,9,3,1,3,2,3,1,1,4,5,3,1,2,6,4,2,5,1,2,5,2,5,2,8,3,3,1,7,6,3,4,5,5,4,6,2,0,1,6,8,3,3,1,2,5,3,5,3,3,0,3,1,2,8,2,2,3,3,4,3,5,2,2,4,27,7,4,1,1,1,3,3,4,3,3,3,8,1,2,3,1,4,2,2,2,0,4,4,1,2,4,3,1,3,2,1,7,2,4,1,1,2
1,2,4,4,5,4,3,3,3,2,7,3,3,4,4,2,6,3,4,6,3,2,5,1,1,2,7,4,5,4,2,5,3,3,1,2,4,2,1,2,5,2,7,6,2,2,4,5,5,2,3,5,5,1,1,2,2,4,2,3,4,10,1,2,4,3,4,1,1,4,5,1,4,1,2,0,3,1,2,8,2,2,3,3,4,3,5,2,2,4,27,7,4,1,1,1,3,3,4,3,3,3,8,1,2,3,1,4,2,2,2,0,4,4,1,2,4,3,1,3,2,1,7,2,4,1,1,2
1,2,4,4,5,4,3,3,3,2,7,3,3,4,4,2,6,3,4,6,3,2,5,1,1,2,7,4,5,4,2,5,3,3,1,2,4,2,1,2,5,2,7,6,2,2,4,5,5,2,3,5,5,1,1,2,2,4,2,3,4,10,1,2,4,3,4,1,1,4,5,1,4,1,2,4,4,4,1,3,4,2,2,3,4,3,4,4,34,3,3,3,2,0,1,2,5,5,2,3,5,6,4,2,3,2,3,5,8,2,4,4,2,2,3,1,3,3,3,4,4,3,1,2,1,4,6,4
2,1,3,2,3,3,4,2,9,0,4,4,3,3,3,6,3,3,3,3,5,3,3,2,3,3,5,5,4,8,1,2,1,2,2,2,3,1,1,4,2,1,4,8,2,2,8,2,2,4,1,1,7,5,6,3,2,6,2,1,1,3,1,4,4,9,1,2,3,5,2,6,2,4,1,4,4,4,1,3,4,2,2,3,4,3,4,4,34,3,3,3,2,0,1,2,5,5,2,3,5,6,4,2,3,2,3,5,8,2,4,4,2,2,3,1,3,3,3,4,4,3,1,2,1,4,6,4
2,1,3,2,3,3,4,2,9,0,4,4,3,3,3,6,3,3,3,3,5,3,3,2,3,3,5,5,4,8,1,2,1,2,2,2,3,1,1,4,2,1,4,8,2,2,8,2,2,4,1,1,7,5,6,3,2,6,2,1,1,3,1,4,4,9,1,2,3,5,2,6,2,4,1,2,5,4,5,2,2,7,3,6,4,2,1,22,14,1,5,3,5,2,4,6,2,2,6,4,10,4,5,5,1,3,2,7,2,2,1,4,1,3,4,3,1,3,1,5,2,2,6,7,5,2,2,2
4,3,3,2,8,4,3,3,9,3,2,2,3,6,3,3,4,2,2,3,3,4,1,3,1,7,2,5,5,6,1,5,4,4,4,6,4,6,4,2,2,1,2,2,3,5,2,3,4,2,2,5,1,2,2,1,4,4,4,6,3,3,3,1,6,4,3,1,8,4,4,9,4,4,1,2,5,4,5,2,2,7,3,6,4,2,1,22,14,1,5,3,5,2,4,6,2,2,6,4,10,4,5,5,1,3,2,7,2,2,1,4,1,3,4,3,1,3,1,5,2,2,6,7,5,2,2,2
4,3,3,2,8,4,3,3,9,3,2,2,3,6,3,3,4,2,2,3,3,4,1,3,1,7,2,5,5,6,1,5,4,4,4,6,4,6,4,2,2,1,2,2,3,5,2,3,4,2,2,5,1,2,2,1,4,4,4,6,3,3,3,1,6,4,3,1,8,4,4,9,4,4,2,2,3,1,2,3,3,2,1,3,2,5,4,6,2,4,3,2,26,5,1,2,3,1,2,6,4,4,3,3,3,5,2,6,6,1,4,4,1,1,2,3,4,0,4,3,3,1,3,5,2,3,2,2
3,2,2,2,2,7,4,7,5,2,4,1,1,3,2,4,5,3,0,2,1,4,3,5,4,1,8,3,2,6,6,2,4,3,4,5,2,1,2,4,7,3,2,5,5,4,2,5,3,3,3,1,7,3,4,5,1,1,5,5,2,3,3,4,6,3,3,4,1,5,3,4,3,4,3,2,3,1,2,3,3,2,1,3,2,5,4,6,2,4,3,2,26,5,1,2,3,1,2,6,4,4,3,3,3,5,2,6,6,1,4,4,1,1,2,3,4,0,4,3,3,1,3,5,2,3,2,2
3,2,2,2,2,7,4,7,5,2,4,1,1,3,2,4,5,3,0,2,1,4,3,5,4,1,8,3,2,6,6,2,4,3,4,5,2,1,2,4,7,3,2,5,5,4,2,5,3,3,3,1,7,3,4,5,1,1,5,5,2,3,3,4,6,3,3,4,1,5,3,4,3,4,3,5,4,4,3,7,3,2,3,2,1,5,3,5,5,3,6,2,3,17,3,5,1,1,5,5,2,7,1,5,3,2,7,4,2,7,5,3,6,6,6,1,2,2,6,3,3,5,1,2,4,8,2,4
4,5,5,1,5,2,4,0,1,3,4,5,3,4,3,2,7,4,1,4,3,4,1,7,2,2,2,0,1,2,1,3,1,3,6,1,6,6,4,3,2,9,4,0,2,5,4,3,1,3,1,3,1,2,2,4,4,3,5,2,1,4,8,1,3,6,4,6,2,4,4,4,1,4,2,5,4,4,3,7,3,2,3,2,1,5,3,5,5,3,6,2,3,17,3,5,1,1,5,5,2,7,1,5,3,2,7,4,2,7,5,3,6,6,6,1,2,2,6,3,3,5,1,2,4,8,2,4
4,5,5,1,5,2,4,0,1,3,4,5,3,4,3,2,7,4,1,4,3,4,1,7,2,2,2,0,1,2,1,3,1,3,6,1,6,6,4,3,2,9,4,0,2,5,4,3,1,3,1,3,1,2,2,4,4,3,5,2,1,4,8,1,3,6,4,6,2,4,4,4,1,4,2,4,4,9,1,4,5,2,4,4,7,6,3,2,5,4,2,2,2,3,5,5,2,12,3,2,2,2,1,4,5,3,3,5,4,5,3,1,3,3,9,4,1,4,6,5,4,3,7,4,2,3,4,3
4,2,5,2,2,2,4,3,4,4,3,4,0,4,3,4,3,2,4,5,4,4,4,1,2,3,2,5,1,5,2,2,5,2,5,1,4,3,6,5,3,4,2,5,2,1,4,4,4,2,1,4,1,5,9,6,5,2,1,3,4,3,2,3,2,3,3,1,3,6,7,2,3,1,2,4,4,9,1,4,5,2,4,4,7,6,3,2,5,4,2,2,2,3,5,5,2,12,3,2,2,2,1,4,5,3,3,5,4,5,3,1,3,3,9,4,1,4,6,5,4,3,7,4,2,3,4,3
4,2,5,2,2,2,4,3,4,4,3,4,0,4,3,4,3,2,4,5,4,4,4,1,2,3,2,5,1,5,2,2,5,2,5,1,4,3,6,5,3,4,2,5,2,1,4,4,4,2,1,4,1,5,9,6,5,2,1,3,4,3,2,3,2,3,3,1,3,6,7,2,3,1,2,5,4,5,1,4,5,1,27,3,3,2,0,3,1,7,5,3,3,2,3,1,5,7,1,3,2,7,4,7,2,1,4,3,5,1,6,2,4,4,2,4,2,2,1,3,3,3,2,3,2,2,3,4
4,6,1,3,5,2,1,5,1,2,4,1,1,2,1,3,6,6,2,4,2,1,0,3,3,5,2,3,4,2,2,3,5,5,4,3,1,1,2,2,1,3,3,3,2,5,1,5,6,4,2,4,4,1,7,3,3,5,2,4,2,3,1,1,3,4,7,8,4,3,4,1,4,1,4,5,4,5,1,4,5,1,27,3,3,2,0,3,1,7,5,3,3,2,3,1,5,7,1,3,2,7,4,7,2,1,4,3,5,1,6,2,4,4,2,4,2,2,1,3,3,3,2,3,2,2,3,4
2,6,1,3,5,2,1,5,1,2,4,1,1,2,1,3,6,6,2,4,2,1,0,3,3,5,2,3,4,2,2,3,5,5,4,3,1,1,2,2,1,3,3,3,2,5,1,5,6,4,2,4,4,1,7,3,3,5,2,4,2,3,1,1,3,4,7,8,4,3,4,1,4,1,4,4,1,3,4,3,2,2,2,5,3,4,2,3,3,2,6,2,3,5,3,4,3,13,1,3,9,4,6,0,6,4,3,3,1,4,4,1,2,2,5,4,1,2,5,3,2,5,2,3,4,5,6,3
6,3,3,2,8,1,3,5,4,2,1,3,3,6,9,6,2,10,1,5,5,3,2,4,6,2,5,2,4,4,2,1,2,3,7,6,1,7,4,2,5,1,6,4,6,3,6,1,7,5,1,2,3,1,5,8,4,4,4,6,3,5,1,1,3,1,1,3,2,4,3,4,2,3,4,4,1,3,4,3,2,2,2,5,3,4,2,3,3,2,6,2,3,5,3,4,3,13,1,3,9,4,6,0,6,4,3,3,1,4,4,1,2,2,5,4,1,2,5,3,2,5,2,3,4,5,6,3
6,3,3,2,8,1,3,5,4,2,1,3,3,6,9,6,2,10,1,5,5,3,2,4,6,2,5,2,4,4,2,1,2,3,7,6,1,7,4,2,5,1,6,4,6,3,6,1,7,5,1,2,3,1,5,8,4,4,4,6,3,5,1,1,3,1,1,3,2,4,3,4,2,3,4,4,4,2,4,2,2,5,7,12,1,6,8,1,1,5,2,3,3,39,2,0,1,1,1,2,3,4,3,1,2,5,3,4,2,2,5,4,2,12,1,2,3,3,7,5,0,3,3,1,4,5,4,2
6,3,4,4,5,2,2,4,2,1,9,2,7,5,8,3,7,6,3,3,3,1,3,6,1,3,3,6,4,3,5,7,2,3,3,3,3,7,2,7,4,6,3,7,3,2,5,7,5,2,7,0,2,1,4,3,1,8,3,3,3,3,5,4,2,4,6,5,1,4,3,4,0,10,3,2,3,2,2,2,9,16,1,3,3,4,2,1,2,3,2,5,2,5,5,8,7,2,3,3,6,3,3,3,5,5,1,1,4,3,1,3,4,5,3,6,5,3,2,6,8,2,7,1,5,1,3,2
6,3,4,4,5,2,2,4,2,1,9,2,7,5,8,3,7,6,3,3,3,1,3,6,1,3,3,6,4,3,5,7,2,3,3,3,3,7,2,7,4,6,3,7,3,2,5,7,5,2,7,0,2,1,4,3,1,8,3,3,3,3,5,4,2,4,6,5,1,4,3,4,0,10,3,2,2,2,9,3,5,3,4,6,5,3,2,16,1,1,2,1,4,3,6,30,2,2,2,0,7,2,3,1,4,3,4,3,4,7,9,3,4,3,0,5,3,3,1,4,3,3,3,4,8,3,0,3
4,4,3,1,3,6,3,3,3,2,2,6,3,10,5,4,6,2,3,2,2,5,1,4,1,7,7,4,2,2,2,2,2,9,2,7,6,2,3,3,2,3,4,1,5,2,3,3,1,3,5,3,1,2,5,1,4,3,4,4,1,4,5,3,4,4,4,1,2,3,4,4,1,2,6,2,2,2,9,3,5,3,4,6,5,3,2,16,1,1,2,1,4,3,6,30,2,2,2,0,7,2,3,1,4,3,4,3,4,7,9,3,4,3,0,5,3,3,1,4,3,3,3,4,8,3,0,3
4,4,3,1,3,6,3,3,3,2,2,6,3,10,5,4,6,2,3,2,2,5,1,4,1,7,7,4,2,2,2,2,2,9,2,7,6,2,3,3,2,3,4,1,5,2,3,3,1,3,5,3,1,2,5,1,4,3,4,4,1,4,5,3,4,4,4,1,2,3,4,4,1,2,6,4,7,5,2,4,3,2,2,1,4,3,11,27,2,2,0,1,2,2,4,3,3,5,4,1,2,7,2,5,1,3,9,3,1,3,3,0,1,7,3,6,4,2,3,2,3,3,7,2,3,2,4,3
4,2,1,2,7,1,2,3,4,5,6,7,2,4,1,4,3,5,1,5,3,6,9,4,2,6,1,3,4,3,4,6,6,3,4,5,1,2,3,2,7,2,3,3,7,2,2,2,5,2,2,2,4,9,3,3,2,6,4,3,3,5,2,1,1,5,3,3,7,3,8,9,4,2,4,4,7,5,2,4,3,2,2,1,4,3,11,27,2,2,0,1,2,2,4,3,3,5,4,1,2,7,2,5,1,3,9,3,1,3,3,0,1,7,3,6,4,2,3,2,3,3,7,2,3,2,4,3
4,2,1,2,7,1,2,3,4,5,6,7,2,4,1,4,3,5,1,5,3,6,9,4,2,6,1,3,4,3,4,6,6,3,4,5,1,2,3,2,7,2,3,3,7,2,2,2,5,2,2,2,4,9,3,3,2,6,4,3,3,5,2,1,1,5,3,3,7,3,8,9,4,2,4,2,2,5,7,3,4,5,2,3,3,3,3,1,1,22,2,5,2,3,0,4,7,5,3,4,2,3,3,4,3,1,4,2,1,6,4,1,4,2,2,2,4,1,2,2,2,3,6,9,5,2,3,2
2,7,3,2,4,5,3,7,5,2,3,4,2,3,1,2,3,14,3,6,0,5,4,1,3,9,8,1,1,4,1,4,1,1,3,2,10,2,2,3,4,2,3,3,2,4,4,3,4,2,3,7,5,4,4,3,3,3,3,0,3,6,3,2,4,1,7,5,5,2,3,3,3,10,5,2,2,5,7,3,4,5,2,3,3,3,3,1,1,22,2,5,2,3,0,4,7,5,3,4,2,3,3,4,3,1,4,2,1,6,4,1,4,2,2,2,4,1,2,2,2,3,6,9,5,2,3,2
2,7,3,2,4,5,3,7,5,2,3,4,2,3,1,2,3,14,3,6,0,5,4,1,3,9,8,1,1,4,1,4,1,1,3,2,10,2,2,3,4,2,3,3,2,4,4,3,4,2,3,7,5,4,4,3,3,3,3,0,3,6,3,2,4,1,7,5,5,2,3,3,3,10,5,3,2,1,1,4,3,1,2,4,3,3,1,4,29,3,1,0,1,3,5,6,4,0,4,1,2,3,0,1,3,4,3,3,4,5,1,1,3,3,5,3,3,6,3,3,2,2,1,3,5,5,5,3
3,7,2,0,1,5,5,5,2,4,11,1,5,4,1,1,4,4,2,5,15,2,4,2,1,4,7,6,5,2,1,5,2,5,2,6,2,4,2,4,2,4,1,7,1,6,1,6,5,4,2,5,2,7,2,4,4,4,2,3,3,1,6,3,2,3,2,2,2,2,4,4,4,5,1,3,2,1,1,4,3,1,2,4,3,3,1,4,29,3,1,0,1,3,5,6,4,0,4,1,2,3,0,1,3,4,3,3,4,5,1,1,3,3,5,3,3,6,3,3,2,2,1,3,5,5,5,3
3,7,2,0,1,5,5,5,2,4,11,1,5,4,1,1,4,4,2,5,15,2,4,2,1,4,7,6,5,2,1,5,2,5,2,6,2,4,2,4,2,4,1,7,1,6,1,6,5,4,2,5,2,7,2,4,4,4,2,3,3,1,6,3,2,3,2,2,2,2,4,4,4,5,1,8,2,5,7,5,3,1,3,1,2,2,4,6,0,6,4,3,4,5,1,7,3,8,8,3,5,4,2,6,3,3,4,3,6,4,2,3,2,2,2,3,1,3,6,5,2,3,4,2,3,2,7,2
3,5,6,5,3,1,4,2,2,5,4,6,2,4,6,5,3,5,4,2,4,25,4,5,1,2,2,6,1,2,2,3,6,4,3,3,4,3,4,3,1,1,3,5,3,1,4,5,3,6,3,3,8,3,3,1,2,2,4,2,3,3,2,3,2,5,3,4,4,5,3,4,1,2,4,8,2,5,7,5,3,1,3,1,2,2,4,6,0,6,4,3,4,5,1,7,3,8,8,3,5,4,2,6,3,3,4,3,6,4,2,3,2,2,2,3,1,3,6,5,2,3,4,2,3,2,7,2
3,5,6,5,3,1,4,2,2,5,4,6,2,4,6,5,3,5,4,2,4,25,4,5,1,2,2,6,1,2,2,3,6,4,3,3,4,3,4,3,1,1,3,5,3,1,4,5,3,6,3,3,8,3,3,1,2,2,4,2,3,3,2,3,2,5,3,4,4,5,3,4,1,2,4,3,5,11,3,3,5,5,5,4,4,4,3,10,2,5,1,5,7,24,14,1,5,6,7,1,4,4,3,4,6,3,2,3,1,6,5,2,3,1,1,1,5,2,8,2,3,2,5,3,4,8,6,3
3,5,5,5,3,2,5,1,6,6,3,5,3,3,3,4,5,8,8,4,5,0,4,2,1,4,3,8,5,9,3,1,4,1,2,3,3,5,2,4,2,4,2,1,4,5,2,3,5,4,4,2,2,6,4,5,3,2,3,9,8,2,2,4,3,5,2,3,3,1,5,2,3,4,4,3,5,11,3,3,5,5,5,4,4,4,3,10,2,5,1,5,7,24,14,1,5,6,7,1,4,4,3,4,6,3,2,3,1,6,5,2,3,1,1,1,5,2,8,2,3,2,5,3,4,8,6,3
2,5,5,5,3,2,5,1,6,6,3,5,3,3,3,4,5,8,8,4,5,0,4,2,1,4,3,8,5,9,3,1,4,1,2,3,3,5,2,4,2,4,2,1,4,5,2,3,5,4,4,2,2,6,4,5,3,2,3,9,8,2,2,4,3,5,2,3,3,1,5,2,3,4,4,6,7,2,7,4,2,6,1,2,4,2,7,5,7,1,7,2,2,1,27,8,1,0,1,1,3,4,0,2,6,2,7,1,3,3,3,7,1,2,2,2,1,2,3,4,2,3,5,3,2,2,5,1
4,4,1,2,2,4,12,5,5,3,6,2,4,2,2,2,2,5,3,2,4,2,5,5,12,6,5,1,2,3,2,8,3,4,2,5,2,5,5,10,3,2,7,2,5,4,4,2,2,4,5,1,6,5,6,2,4,6,2,1,4,3,3,5,6,4,4,1,1,6,5,1,2,6,1,6,7,2,7,4,2,6,1,2,4,2,7,5,7,1,7,2,2,1,27,8,1,0,1,1,3,4,0,2,6,2,7,1,3,3,3,7,1,2,2,2,1,2,3,4,2,3,5,3,2,2,5,1
4,4,1,2,2,4,12,5,5,3,6,2,4,2,2,2,2,5,3,2,4,2,5,5,12,6,5,1,2,3,2,8,3,4,2,5,2,5,5,10,3,2,7,2,5,4,4,2,2,4,5,1,6,5,6,2,4,6,2,1,4,3,3,5,6,4,4,1,1,6,5,1,2,6,1,4,4,2,6,1,9,3,6,1,6,1,3,3,1,29,2,4,3,0,2,3,4,3,4,4,6,1,1,3,8,2,2,1,4,4,3,2,4,5,2,4,4,2,8,2,3,3,4,1,2,3,2,5
2,2,2,1,4,7,1,4,1,5,9,2,5,2,7,1,5,5,5,1,5,6,4,4,2,1,4,2,3,8,1,2,4,4,4,2,4,4,2,4,3,3,8,3,3,3,3,8,3,1,5,3,2,3,4,3,4,2,4,2,2,3,1,6,6,3,3,4,3,4,2,5,3,3,5,4,4,2,6,1,9,3,6,1,6,1,3,3,1,29,2,4,3,0,2,3,4,3,4,4,6,1,1,3,8,2,2,1,4,4,3,2,4,5,2,4,4,2,8,2,3,3,4,1,2,3,2,5
2,2,2,1,4,7,1,4,1,5,9,2,5,2,7,1,5,5,5,1,5,6,4,4,2,1,4,2,3,8,1,2,4,4,4,2,4,4,2,4,3,3,8,3,3,3,3,8,3,1,5,3,2,3,4,3,4,2,4,2,2,3,1,6,6,3,3,4,3,4,2,5,3,3,5,4,5,4,3,3,2,8,9,1,3,8,4,3,4,3,5,2,18,1,9,7,2,2,2,3,3,0,1,6,3,6,7,4,5,3,4,1,1,9,0,4,1,1,3,2,1,8,2,3,3,2,0,3
4,3,1,4,1,5,3,4,3,6,8,4,4,4,5,2,3,5,1,3,4,4,2,4,3,1,1,4,2,1,3,3,5,4,4,5,3,3,4,3,3,6,3,4,3,7,2,2,1,4,2,7,2,4,3,1,0,3,3,3,6,3,1,2,4,1,4,2,3,3,5,6,3,2,4,4,5,4,3,3,2,8,9,1,3,8,4,3,4,3,5,2,18,1,9,7,2,2,2,3,3,0,1,6,3,6,7,4,5,3,4,1,1,9,0,4,1,1,3,2,1,8,2,3,3,2,0,3
4,3,1,4,1,5,3,4,3,6,8,4,4,4,5,2,3,5,1,3,4,4,2,4,3,1,1,4,2,1,3,3,5,4,4,5,3,3,4,3,3,6,3,4,3,7,2,2,1,4,2,7,2,4,3,1,0,3,3,3,6,3,1,2,4,1,4,2,3,3,5,6,3,2,4,4,2,5,1,4,2,3,5,3,4,2,4,2,1,9,5,2,3,5,32,12,0,2,2,3,4,2,7,3,4,4,2,8,5,4,4,0,2,4,4,2,8,7,1,2,3,5,5,4,2,8,8,3
5,3,6,2,3,3,2,5,1,2,5,10,2,3,4,4,2,3,4,1,4,5,6,6,2,5,2,8,1,6,2,3,2,1,2,4,6,2,5,5,1,6,2,3,6,4,2,2,4,4,3,1,5,7,2,6,8,4,2,2,3,3,2,4,3,3,2,6,2,6,2,3,2,4,4,4,2,5,1,4,2,3,5,3,4,2,4,2,1,9,5,2,3,5,32,12,0,2,2,3,4,2,7,3,4,4,2,8,5,4,4,0,2,4,4,2,8,7,1,2,3,5,5,4,2,8,8,3
5,3,6,2,3,3,2,5,1,2,5,10,2,3,4,4,2,3,4,1,4,5,6,6,2,5,2,8,1,6,2,3,2,1,2,4,6,2,5,5,1,6,2,3,6,4,2,2,4,4,3,1,5,7,2,6,8,4,2,2,3,3,2,4,3,3,2,6,2,6,2,3,2,4,4,1,3,14,3,8,4,0,1,5,4,6,4,4,2,4,2,1,3,5,22,5,6,2,2,2,3,2,5,4,4,4,4,6,1,5,2,2,3,4,4,1,0,7,3,3,1,3,6,3,3,4,6,2
2,1,2,4,6,3,7,4,7,1,7,7,5,3,5,3,2,14,3,4,2,8,4,3,8,2,7,7,0,3,2,5,2,5,2,4,3,2,2,1,4,3,3,4,3,2,1,3,4,9,0,2,2,4,2,3,3,3,5,3,5,4,3,1,4,2,2,5,2,4,3,0,2,3,4,1,3,14,3,8,4,0,1,5,4,6,4,4,2,4,2,1,3,5,22,5,6,2,2,2,3,2,5,4,4,4,4,6,1,5,2,2,3,4,4,1,0,7,3,3,1,3,6,3,3,4,6,2
2,1,2,4,6,3,7,4,7,1,7,7,5,3,5,3,2,14,3,4,2,8,4,3,8,2,7,7,0,3,2,5,2,5,2,4,3,2,2,1,4,3,3,4,3,2,1,3,4,9,0,2,2,4,2,3,3,3,5,3,5,4,3,1,4,2,2,5,2,4,3,0,2,3,4,4,4,4,2,3,6,9,7,7,4,1,2,5,1,3,3,3,4,3,3,1,5,4,2,4,1,5,6,9,5,4,2,3,4,2,1,2,4,2,3,3,4,4,6,2,4,5,3,1,5,3,5,3
3,5,5,1,4,4,5,7,0,3,3,6,8,3,1,5,4,5,4,5,2,2,2,4,5,3,3,4,0,7,3,4,4,1,3,1,5,2,6,1,3,4,1,4,3,2,2,5,3,6,5,3,4,3,5,1,5,6,1,1,2,3,1,2,2,4,2,1,3,2,4,2,4,3,6,4,4,4,2,3,6,9,7,7,4,1,2,5,1,3,3,3,4,3,3,1,5,4,2,4,1,5,6,9,5,4,2,3,4,2,1,2,4,2,3,3,4,4,6,2,4,5,3,1,5,3,5,3
3,5,5,1,4,4,5,7,0,3,3,6,8,3,1,5,4,5,4,5,2,2,2,4,5,3,3,4,0,7,3,4,4,1,3,1,5,2,6,1,3,4,1,4,3,2,2,5,3,6,5,3,4,3,5,1,5,6,1,1,2,3,1,2,2,4,2,1,3,2,4,2,4,3,6,2,2,5,4,3,1,1,3,3,3,3,5,2,5,1,1,4,6,2,24,1,2,2,5,2,2,0,5,5,4,5,5,6,4,3,2,3,1,3,3,4,4,5,5,2,2,6,2,1,7,4,3,1
8,3,5,3,4,2,4,3,2,1,3,5,4,27,2,1,5,5,4,1,2,2,3,1,1,4,1,5,4,0,4,7,6,9,3,4,4,4,1,1,3,3,5,4,2,9,3,2,0,5,3,4,4,5,4,5,4,3,3,1,2,2,3,2,6,3,4,2,4,4,6,5,3,3,7,2,2,5,4,3,1,1,3,3,3,3,5,2,5,1,1,4,6,2,24,1,2,2,5,2,2,0,5,5,4,5,5,6,4,3,2,3,1,3,3,4,4,5,5,2,2,6,2,1,7,4,3,1
8,3,5,3,4,2,4,3,2,1,3,5,4,27,2,1,5,5,4,1,2,2,3,1,1,4,1,5,4,0,4,7,6,9,3,4,4,4,1,1,3,3,5,4,2,9,3,2,0,5,3,4,4,5,4,5,4,3,3,1,2,2,3,2,6,3,4,2,4,4,6,5,3,3,7,6,19,2,4,6,3,1,2,4,1,4,5,3,4,4,32,4,4,0,1,6,2,2,3,1,7,1,5,2,1,4,3,3,3,2,4,4,2,7,5,4,4,6,3,3,3,3,1,7,5,2,5,1
2,3,3,1,1,2,5,8,3,8,1,24,3,2,4,1,3,2,3,4,4,3,3,5,1,3,5,5,5,2,4,4,5,2,3,4,1,3,3,5,3,2,3,3,1,2,4,2,3,3,3,3,1,0,2,2,2,2,3,3,3,1,3,4,4,5,5,4,3,6,1,2,5,3,5,6,19,2,4,6,3,1,2,4,1,4,5,3,4,4,32,4,4,0,1,6,2,2,3,1,7,1,5,2,1,4,3,3,3,2,4,4,2,7,5,4,4,6,3,3,3,3,1,7,5,2,5,1
4,3,3,1,1,2,5,8,3,8,1,24,3,2,4,1,3,2,3,4,4,3,3,5,1,3,5,5,5,2,4,4,5,2,3,4,1,3,3,5,3,2,3,3,1,2,4,2,3,3,3,3,1,0,2,2,2,2,3,3,3,1,3,4,4,5,5,4,3,6,1,2,5,3,5,7,1,5,5,3,0,4,4,8,2,2,1,1,12,35,0,0,1,2,8,4,4,7,4,2,9,3,7,1,3,6,5,8,0,3,1,4,0,3,4,2,5,1,5,2,6,2,3,3,3,4,4,4
4,4,3,4,2,2,4,2,2,2,2,2,3,3,6,4,1,5,2,2,4,3,6,3,3,3,3,3,2,11,3,4,2,3,5,2,4,2,3,3,5,0,3,1,2,4,2,5,3,3,4,4,2,3,1,2,5,3,4,5,4,1,5,2,1,6,4,6,2,11,4,2,5,4,3,7,1,5,5,3,0,4,4,8,2,2,1,1,12,35,0,0,1,2,8,4,4,7,4,2,9,3,7,1,3,6,5,8,0,3,1,4,0,3,4,2,5,1,5,2,6,2,3,3,3,4,4,4
2,4,3,4,2,2,4,2,2,2,2,2,3,3,6,4,1,5,2,2,4,3,6,3,3,3,3,3,2,11,3,4,2,3,5,2,4,2,3,3,5,0,3,1,2,4,2,5,3,3,4,4,2,3,1,2,5,3,4,5,4,1,5,2,1,6,4,6,2,11,4,2,5,4,3,2,3,2,4,4,3,3,3,2,2,7,4,3,25,8,13,1,1,2,5,1,1,3,6,1,3,5,2,3,1,2,4,2,8,5,3,2,4,4,6,2,4,2,2,2,5,3,3,4,4,4,4,1
2,4,4,4,4,10,4,0,4,2,4,1,4,2,3,2,5,5,3,1,4,6,3,4,2,2,3,6,5,4,2,3,3,6,2,3,6,0,2,1,3,4,4,5,4,3,4,1,5,5,2,6,3,4,2,2,5,6,4,5,1,4,2,2,5,4,3,4,3,2,2,4,3,5,3,2,3,2,4,4,3,3,3,2,2,7,4,3,25,8,13,1,1,2,5,1,1,3,6,1,3,5,2,3,1,2,4,2,8,5,3,2,4,4,6,2,4,2,2,2,5,3,3,4,4,4,4,1
2,4,4,4,4,10,4,0,4,2,4,1,4,2,3,2,5,5,3,1,4,6,3,4,2,2,3,6,5,4,2,3,3,6,2,3,6,0,2,1,3,4,4,5,4,3,4,1,5,5,2,6,3,4,2,2,5,6,4,5,1,4,2,2,5,4,3,4,3,2,2,4,3,5,3,4,2,4,2,2,3,3,1,3,2,3,4,4,5,1,3,1,3,3,4,2,4,4,5,4,5,4,3,2,3,3,5,5,6,2,0,5,6,9,1,4,3,8,5,3,3,2,3,2,3,3,2,7
5,3,4,5,4,2,2,6,2,9,1,5,1,5,2,1,4,3,4,1,2,7,2,4,2,5,2,6,4,1,6,1,2,2,2,4,2,5,3,3,2,5,5,6,2,6,4,4,4,4,4,1,3,0,4,5,1,4,5,1,4,2,5,2,5,3,3,3,4,2,3,4,1,5,4,4,2,4,2,2,3,3,1,3,2,3,4,4,5,1,3,1,3,3,4,2,4,4,5,4,5,4,3,2,3,3,5,5,6,2,0,5,6,9,1,4,3,8,5,3,3,2,3,2,3,3,2,7
5,3,4,5,4,2,2,6,2,9,1,5,1,5,2,1,4,3,4,1,2,7,2,4,2,5,2,6,4,1,6,1,2,2,2,4,2,5,3,3,2,5,5,6,2,6,4,4,4,4,4,1,3,0,4,5,1,4,5,1,4,2,5,2,5,3,3,3,4,2,3,4,1,5,4,7,2,3,1,1,15,4,3,6,0,4,5,3,4,5,4,2,3,6,3,3,2,4,7,1,2,4,3,2,3,1,4,5,2,4,3,2,5,5,3,5,0,3,2,4,0,4,5,3,2,10,1,3
2,6,3,4,5,1,2,5,2,2,3,5,3,3,3,2,5,2,9,2,7,2,4,2,3,4,2,2,2,3,3,1,2,5,4,2,6,3,3,4,3,5,6,2,1,3,6,4,5,2,4,3,4,3,8,3,4,3,0,4,5,1,4,0,1,4,1,2,5,2,4,2,4,3,3,7,2,3,1,1,15,4,3,6,0,4,5,3,4,5,4,2,3,6,3,3,2,4,7,1,2,4,3,2,3,1,4,5,2,4,3,2,5,5,3,5,0,3,2,4,0,4,5,3,2,10,1,3
2,6,3,4,5,1,2,5,2,2,3,5,3,3,3,2,5,2,9,2,7,2,4,2,3,4,2,2,2,3,3,1,2,5,4,2,6,3,3,4,3,5,6,2,1,3,6,4,5,2,4,3,4,3,8,3,4,3,0,4,5,1,4,0,1,4,1,2,5,2,4,2,4,3,3,9,3,4,0,4,5,5,1,3,24,12,2,1,3,2,4,4,3,20,1,4,1,3,3,6,2,2,3,3,1,1,3,4,2,5,4,2,3,3,7,3,2,2,5,3,3,2,11,5,2,1,4,3
1,4,3,5,2,3,6,3,2,2,5,3,2,3,2,5,6,1,1,3,2,3,1,3,1,2,3,4,5,2,6,1,2,3,4,5,5,3,2,3,2,2,3,6,3,1,2,4,3,6,3,3,2,3,6,6,2,2,2,4,5,3,2,9,3,2,1,3,4,6,4,2,2,3,3,9,3,4,0,4,5,5,1,3,24,12,2,1,3,2,4,4,3,20,1,4,1,3,3,6,2,2,3,3,1,1,3,4,2,5,4,2,3,3,7,3,2,2,5,3,3,2,11,5,2,1,4,3
1,4,3,5,2,3,6,3,2,2,5,3,2,3,2,5,6,1,1,3,2,3,1,3,1,2,3,4,5,2,6,1,2,3,4,5,5,3,2,3,2,2,3,6,3,1,2,4,3,6,3,3,2,3,6,6,2,2,2,4,5,3,2,9,3,2,1,3,4,6,4,2,2,3,0,2,3,6,7,3,4,2,5,2,4,3,2,2,2,4,32,11,1,4,2,2,5,5,3,2,2,5,4,4,1,4,3,2,1,3,2,1,7,1,4,4,2,6,2,7,4,3,5,3,4,9,3,4
6,4,5,2,3,1,1,2,4,7,1,4,2,2,4,1,3,14,3,3,1,4,9,5,1,2,2,2,4,5,4,1,4,3,3,2,4,3,3,4,2,4,2,5,7,5,4,4,5,4,1,0,3,5,2,5,3,4,2,3,2,4,5,4,2,4,2,5,4,3,3,4,3,4,7,2,3,6,7,3,4,2,5,2,4,3,2,2,2,4,32,11,1,4,2,2,5,5,3,2,2,5,4,4,1,4,3,2,1,3,2,1,7,1,4,4,2,6,2,7,4,3,5,3,4,9,3,4
6,4,5,2,3,1,1,2,4,7,1,4,2,2,4,1,3,14,3,3,1,4,9,5,1,2,2,2,4,5,4,1,4,3,3,2,4,3,3,4,2,4,2,5,7,5,4,4,5,4,1,0,3,5,2,5,3,4,2,3,2,4,5,4,2,4,2,5,4,3,3,4,3,4,7,2,2,4,3,4,3,2,6,12,2,2,3,3,4,4,4,1,4,1,3,3,4,4,1,4,3,4,3,3,4,6,6,3,6,4,2,7,3,1,5,4,4,4,5,4,1,4,4,1,3,1,3,4
0,11,2,4,2,5,4,6,3,7,8,6,0,7,4,6,2,3,2,4,1,2,2,2,5,7,2,3,3,5,2,6,8,5,2,3,6,2,2,3,0,3,3,6,3,6,2,0,1,7,6,5,2,3,2,5,2,3,3,3,10,3,7,2,3,6,2,2,4,4,2,3,2,4,5,2,2,4,3,4,3,2,6,12,2,2,3,3,4,4,4,1,4,1,3,3,4,4,1,4,3,4,3,3,4,6,6,3,6,4,2,7,3,1,5,4,4,4,5,4,1,4,4,1,3,1,3,4
0,11,2,4,2,5,4,6,3,7,8,6,0,7,4,6,2,3,2,4,1,2,2,2,5,7,2,3,3,5,2,6,8,5,2,3,6,2,2,3,0,3,3,6,3,6,2,0,1,7,6,5,2,3,2,5,2,3,3,3,10,3,7,2,3,6,2,2,4,4,2,3,2,4,5,2,2,2,5,5,0,3,7,3,3,4,1,5,5,7,2,2,4,2,3,2,2,3,4,6,3,5,4,4,6,2,2,2,2,2,4,2,2,5,5,4,3,7,1,4,3,8,2,5,4,2,2,2
0,3,1,6,5,2,4,4,3,4,7,1,4,6,1,2,9,9,4,7,4,7,1,3,9,0,1,7,1,2,3,2,5,1,5,4,1,3,1,4,3,2,9,3,1,2,5,3,5,2,5,3,2,5,3,9,0,2,7,4,1,1,3,6,4,3,4,3,3,1,2,3,2,4,5,2,2,2,5,5,0,3,7,3,3,4,1,5,5,7,2,2,4,2,3,2,2,3,4,6,3,5,4,4,6,2,2,2,2,2,4,2,2,5,5,4,3,7,1,4,3,8,2,5,4,2,2,2
3,3,1,6,5,2,4,4,3,4,7,1,4,6,1,2,9,9,4,7,4,7,1,3,9,0,1,7,1,2,3,2,5,1,5,4,1,3,1,4,3,2,9,3,1,2,5,3,5,2,5,3,2,5,3,9,0,2,7,4,1,1,3,6,4,3,4,3,3,1,2,3,2,4,5,4,3,1,2,2,1,3,4,4,3,4,1,2,6,1,7,4,4,2,3,1,1,4,3,6,1,2,5,4,2,3,5,2,3,3,3,2,3,4,3,4,2,6,4,2,2,1,3,3,5,3,2,3
3,4,1,5,3,4,2,4,5,3,1,6,4,3,4,1,6,5,4,1,4,2,5,5,0,4,1,2,4,4,3,2,3,1,3,4,0,3,1,3,6,2,6,2,6,6,2,5,3,5,6,6,1,2,3,2,5,3,5,2,6,1,6,2,5,2,6,5,1,3,1,4,3,1,1,4,3,1,2,2,1,3,4,4,3,4,1,2,6,1,7,4,4,2,3,1,1,4,3,6,1,2,5,4,2,3,5,2,3,3,3,2,3,4,3,4,2,6,4,2,2,1,3,3,5,3,2,3
2,4,1,5,3,4,2,4,5,3,1,6,4,3,4,1,6,5,4,1,4,2,5,5,0,4,1,2,4,4,3,2,3,1,3,4,0,3,1,3,6,2,6,2,6,6,2,5,3,5,6,6,1,2,3,2,5,3,5,2,6,1,6,2,5,2,6,5,1,3,1,4,3,1,1,4,6,1,2,7,2,7,2,5,3,1,8,1,6,5,4,5,2,4,3,4,2,3,1,3,1,2,1,7,3,5,3,5,1,3,3,3,6,1,8,6,1,2,6,3,1,2,2,4,7,4,4,3
4,4,0,3,2,1,1,2,2,7,2,2,3,5,13,3,7,1,1,5,3,4,5,2,3,5,2,3,4,5,10,4,5,0,6,2,3,3,2,2,5,6,3,4,1,3,7,4,2,5,3,4,3,5,4,0,8,1,5,1,2,7,4,5,3,1,4,5,3,3,2,3,5,7,2,4,6,1,2,7,2,7,2,5,3,1,8,1,6,5,4,5,2,4,3,4,2,3,1,3,1,2,1,7,3,5,3,5,1,3,3,3,6,1,8,6,1,2,6,3,1,2,2,4,7,4,4,3
4,4,0,3,2,1,1,2,2,7,2,2,3,5,13,3,7,1,1,5,3,4,5,2,3,5,2,3,4,5,10,4,5,0,6,2,3,3,2,2,5,6,3,4,1,3,7,4,2,5,3,4,3,5,4,0,8,1,5,1,2,7,4,5,3,1,4,5,3,3,2,3,5,7,2,2,2,7,2,1,6,1,2,6,4,4,5,5,2,5,4,4,3,4,2,2,4,3,3,2,4,4,2,2,5,2,6,2,4,1,2,0,1,7,1,5,3,7,4,2,3,3,3,3,4,2,5,5
3,5,2,2,3,3,11,1,10,4,4,1,2,7,5,2,1,3,3,6,4,1,4,1,5,2,2,3,3,0,7,5,4,1,2,5,3,2,6,4,2,3,5,4,2,5,3,3,8,3,3,4,1,1,7,0,4,1,4,4,6,3,3,5,1,4,4,1,6,2,4,4,2,4,1,2,2,7,2,1,6,1,2,6,4,4,5,5,2,5,4,4,3,4,2,2,4,3,3,2,4,4,2,2,5,2,6,2,4,1,2,0,1,7,1,5,3,7,4,2,3,3,3,3,4,2,5,5
3,5,2,2,3,3,11,1,10,4,4,1,2,7,5,2,1,3,3,6,4,1,4,1,5,2,2,3,3,0,7,5,4,1,2,5,3,2,6,4,2,3,5,4,2,5,3,3,8,3,3,4,1,1,7,0,4,1,4,4,6,3,3,5,1,4,4,1,6,2,4,4,2,4,2,2,4,4,2,2,2,2,3,6,3,3,4,2,4,2,2,6,3,0,3,8,22,2,1,0,4,2,6,2,6,3,2,3,3,3,3,3,6,2,1,3,3,1,7,2,4,2,4,5,2,3,4,3
2,2,3,1,5,3,3,1,3,5,5,4,2,1,3,4,2,5,4,4,4,5,4,4,3,2,11,3,1,3,3,0,2,3,5,2,1,4,5,6,2,2,8,1,2,5,4,2,8,3,3,1,6,4,4,7,6,6,5,1,6,5,4,3,3,2,1,4,3,3,4,3,3,9,9,2,4,4,2,2,2,2,3,6,3,3,4,2,4,2,2,6,3,0,3,8,22,2,1,0,4,2,6,2,6,3,2,3,3,3,3,3,6,2,1,3,3,1,7,2,4,2,4,5,2,3,4,3
2,2,3,1,5,3,3,1,3,5,5,4,2,1,3,4,2,5,4,4,4,5,4,4,3,2,11,3,1,3,3,0,2,3,5,2,1,4,5,6,2,2,8,1,2,5,4,2,8,3,3,1,6,4,4,7,6,6,5,1,6,5,4,3,3,2,1,4,3,3,4,3,3,9,9,3,1,3,2,2,2,8,8,8,2,1,2,5,5,2,1,3,17,1,2,2,1,5,6,1,2,2,2,2,4,7,6,7,1,7,3,2,2,1,1,5,1,4,2,3,6,3,2,6,2,4,3,3
5,1,5,7,3,3,4,4,2,2,5,1,7,1,2,1,5,3,8,3,2,9,7,1,2,4,4,5,4,6,3,2,2,4,2,2,2,3,3,2,3,4,5,4,1,0,3,6,2,5,1,6,7,4,0,2,3,4,2,8,4,9,4,5,5,2,4,2,5,2,3,5,0,4,3,3,1,3,2,2,2,8,8,8,2,1,2,5,5,2,1,3,17,1,2,2,1,5,6,1,2,2,2,2,4,7,6,7,1,7,3,2,2,1,1,5,1,4,2,3,6,3,2,6,2,4,3,3
5,1,5,7,3,3,4,4,2,2,5,1,7,1,2,1,5,3,8,3,2,9,7,1,2,4,4,5,4,6,3,2,2,4,2,2,2,3,3,2,3,4,5,4,1,0,3,6,2,5,1,6,7,4,0,2,3,4,2,8,4,9,4,5,5,2,4,2,5,2,3,5,0,4,3,4,3,8,2,1,0,6,4,1,2,2,5,2,4,2,3,8,2,26,0,1,3,0,0,0,4,4,1,2,2,1,4,2,1,2,3,6,2,3,2,6,2,5,7,4,2,2,4,3,4,5,3,3
3,1,3,2,5,5,3,6,4,2,3,5,2,4,1,5,3,4,4,5,2,7,6,2,4,4,3,1,6,4,6,4,3,3,4,5,5,3,5,6,3,6,4,3,3,2,2,5,6,1,6,2,1,5,4,1,3,3,4,5,2,4,3,6,2,1,2,5,3,2,3,3,2,4,3,4,3,8,2,1,0,6,4,1,2,2,5,2,4,2,3,8,2,26,0,1,3,0,0,0,4,4,1,2,2,1,4,2,1,2,3,6,2,3,2,6,2,5,7,4,2,2,4,3,4,5,3,3
3,1,3,2,5,5,3,6,4,2,3,5,2,4,1,5,3,4,4,5,2,7,6,2,4,4,3,1,6,4,6,4,3,3,4,5,5,3,5,6,3,6,4,3,3,2,2,5,6,1,6,2,1,5,4,1,3,3,4,5,2,4,3,6,2,1,2,5,3,2,3,3,2,4,2,3,1,4,2,7,5,8,7,2,21,0,2,2,2,3,2,2,6,5,5,2,1,4,1,4,2,3,7,2,7,8,6,4,1,4,4,2,5,3,2,4,3,6,5,2,2,2,4,2,3,2,4,1
4,3,2,2,9,7,3,1,5,2,3,6,2,3,10,7,10,3,4,5,3,1,4,4,6,5,5,2,5,5,5,1,3,1,3,2,7,1,4,3,1,4,2,3,3,6,8,3,8,1,3,1,2,5,3,4,4,5,1,3,2,0,1,2,4,4,4,7,5,4,1,6,3,1,6,3,1,4,2,7,5,8,7,2,21,0,2,2,2,3,2,2,6,5,5,2,1,4,1,4,2,3,7,2,7,8,6,4,1,4,4,2,5,3,2,4,3,6,5,2,2,2,4,2,3,2,4,1
4,3,2,2,9,7,3,1,5,2,3,6,2,3,10,7,10,3,4,5,3,1,4,4,6,5,5,2,5,5,5,1,3,1,3,2,7,1,4,3,1,4,2,3,3,6,8,3,8,1,3,1,2,5,3,4,4,5,1,3,2,0,1,2,4,4,4,7,5,4,1,6,3,1,6,4,3,3,4,4,10,7,6,4,0,4,3,4,3,1,8,2,4,3,4,4,2,2,3,3,3,5,4,3,7,3,7,1,6,4,4,3,4,4,3,1,2,2,6,4,5,5,6,3,4,3,3,1
